receipt_s,q1_rad,q2_rad,q3_rad,q4_rad,q5_rad,q6_rad,qcmd1_rad,qcmd2_rad,qcmd3_rad,qcmd4_rad,qcmd5_rad,qcmd6_rad,qdot1_rad_s,qdot2_rad_s,qdot3_rad_s,qdot4_rad_s,qdot5_rad_s,qdot6_rad_s,tcp_x_m,tcp_y_m,tcp_z_m
28.006308030000003,-0.19017107529730215,1.6850630329229652,-1.671955610240488,1.5665377234200304,1.5966621063094524,0.557737415767308,-0.19225327220211913,1.6939780721863185,-1.6799621610103597,1.5658508741236838,1.5963979209023165,0.55592707799272,-0.014433872913993106,0.0671951762017817,-0.05895722213236845,-0.0052010811709431014,-0.0007504915783575615,-0.01345648853287628,0.04301913460929922,-0.4518401631911602,0.512819340614452
28.014309462000003,-0.1902757950524218,1.6855517251135237,-1.6724268491385264,1.5665028168349904,1.5966271997244128,0.5576326960121882,-0.19242650287569596,1.6943722414611662,-1.6804965735758803,1.5656427370027741,1.5963185950484848,0.5557824306929722,-0.014940018397071462,0.06583381938522612,-0.060039326268604934,-0.00736528944341607,-0.0015358897417550098,-0.0136659280431156,0.04300463759444118,-0.45166023245518355,0.5128197214698482
28.022314187000003,-0.19041542139258136,1.686057870596602,-1.6728980880365647,1.5664679102499508,1.5966271997244128,0.5575454295495885,-0.19255623067687522,1.6949248109005615,-1.680903720993788,1.5657889871065216,1.5963718617773328,0.5556528475444792,-0.015184364492350668,0.06569419304506656,-0.05907939518000805,-0.006387905062299246,-0.0017278759594743865,-0.013892820845874865,0.042981085525755365,-0.45144746208449993,0.5128000095746313
28.03033067,-0.19053759444022095,1.6865814693722003,-1.6733518736420836,1.5664155503723907,1.5965922931393726,0.5574407097944689,-0.19271036902849675,1.6953055714626923,-1.6814523686776126,1.5656261873565895,1.5962814637399156,0.5555365332153124,-0.015236724369910496,0.06616543194310504,-0.058171823968971005,-0.003892084231947355,-0.0008552113334772215,-0.014067353771074296,0.042955748262712624,-0.4512392799220524,0.512788784333704
28.03836832,-0.19065976748786054,1.687122521440319,-1.6738754724176816,1.566345737202311,1.5965922931393726,0.5573010834543094,-0.1928325196549693,1.6958174661880847,-1.6818428715578972,1.5657772718084448,1.5963399411313384,0.5554085074876162,-0.0158824961931484,0.06457718232379019,-0.059096848472528,-0.006143558967020039,-0.001762782544514273,-0.014451326206513047,0.04292642149330676,-0.4510265645409745,0.5127882151156572
28.046350494000002,-0.19078194053550013,1.687681026800957,-1.67438161790076,1.566310830617271,1.596557386554333,0.5571789104066697,-0.19286867440985989,1.6957599428363788,-1.6821553196766157,1.5657437870059523,1.5963369393814095,0.5553572907208951,-0.015865042900628457,0.06503096792930872,-0.05818927726149095,-0.0037000980142279784,-0.000890117918517108,-0.014608405839192538,0.04291475260859774,-0.45078441599191,0.512762931527581
28.054361136,-0.1909215668756597,1.6881871722840351,-1.674800496921239,1.5662759240322313,1.5965224799692932,0.5570741906515501,-0.19300830028021146,1.6963087963319974,-1.682579150273006,1.5658752709757897,1.596383982516853,0.5552178498938836,-0.016179202165987436,0.06325073209227451,-0.059201568227647654,-0.005480333851262195,-0.001954768762233649,-0.01457349925415265,0.042885722821863016,-0.45056235359924657,0.512757401500117
28.062339567000002,-0.1910437399232993,1.6887282243521535,-1.675289189111797,1.5662061108621514,1.596505026676773,0.5569694708964305,-0.19332664130867652,1.6971123157021049,-1.6833909306912174,1.5656118237115262,1.596201658862655,0.5549753156584594,-0.016179202165987436,0.06382669074543262,-0.058328903601650495,-0.003089232776029963,-0.001064650843716541,-0.014765485471872028,0.04284517400159939,-0.4503726197654215,0.5127682822868332
28.070342837000002,-0.1911659129709389,1.6892169165427118,-1.6757429747173158,1.5661886575696315,1.596505026676773,0.5568298445562709,-0.1935238672216659,1.6975426057352208,-1.6839631278549643,1.5655052439011061,1.5961069013341502,0.5548115171345724,-0.015027284859671178,0.05684537373745531,-0.056478854594536505,-0.003351032163829113,-0.0010471975511965976,-0.01392772743091475,0.042825473289180696,-0.45014423250561486,0.5127580749696395
28.078323745000002,-0.19130553931109845,1.68975796861083,-1.676196760322834,1.5661537509845913,1.596505026676773,0.5567251248011512,-0.1936573144932359,1.698081441744236,-1.6843664709695794,1.5656734667607874,1.596173585479147,0.554668157675158,-0.015097098029750951,0.057700585070932536,-0.0558330827712986,-0.0012042771838760874,-0.00022689280275926284,-0.014172073526193957,0.04280582958696186,-0.44995020659509155,0.5127496152263306
28.086362446000003,-0.19146261894377795,1.6902466608013884,-1.6766505459283527,1.5661013911070316,1.596505026676773,0.5566204050460316,-0.19378579257508688,1.6985952948681444,-1.6847568558617323,1.5658332843548615,1.596237020960097,0.5545304018583603,-0.017435839227423353,0.061871921983198984,-0.06014404602372459,-0.004206243497306334,-0.0023387411976724015,-0.015690509975429024,0.04278100358102,-0.44975642465553073,0.5127590605791859
28.094307561,-0.19158479199141756,1.6907702595769867,-1.677104331533871,1.5660664845219918,1.596470120091733,0.556498231998392,-0.19389493151624457,1.6988498275088662,-1.6851389502738028,1.5658634993939786,1.5962456937563025,0.5544276658119043,-0.01816887751326097,0.061121430404841415,-0.061400683085160515,-0.005270894341022875,-0.003351032163829113,-0.016161748873467493,0.042747799712968326,-0.44954477096031875,0.5127456174740739
28.102351541,-0.19170696503905715,1.6912240451825054,-1.6775581171393898,1.566049031229472,1.596470120091733,0.5564109655357922,-0.19418103300670744,1.6993156126670224,-1.6859168575569912,1.5655416396441912,1.5960358641849042,0.5542221006756346,-0.01802925117310142,0.06164502918043972,-0.06037093882648386,-0.002879793265790644,-0.0022863813201125715,-0.016318828506146982,0.04271680388463836,-0.4493400706948181,0.5127460069944665
28.110300497,-0.19182913808669674,1.6916778307880238,-1.678011902744908,1.566031577936952,1.596470120091733,0.5562887924881527,-0.19432119753224522,1.6998368880246881,-1.6863363777947353,1.5657032668079989,1.596098179243773,0.5540709058614391,-0.01790707812546182,0.06222098783359785,-0.059498274200486694,-0.0006806784082777885,-0.001308996938995747,-0.01647590813882647,0.042697900236893474,-0.44915003739847464,0.5127208723381753
28.118388328,-0.19200367101189617,1.6921665229785823,-1.6784831416429467,1.5660141246444321,1.596435213506693,0.556166619440513,-0.1945014327880102,1.7002755676226935,-1.6867765963434238,1.5657544374848253,1.596088590002562,0.5539202001081092,-0.017348572764823635,0.059201568227647654,-0.05796238445873169,0.0,-0.0009075712110370514,-0.016022122533307946,0.04267954643314768,-0.44896872339295946,0.5126968015931382
28.126352411000003,-0.19214329735205576,1.6926552151691405,-1.6789718338335051,1.565996671351912,1.5964003069216532,0.5560269931003535,-0.19464832346168082,1.7008166726819125,-1.6872356960919668,1.5659168057403299,1.5961510427854197,0.5537581871573369,-0.019128808601857852,0.05899212871740834,-0.06178465552059926,-0.004066617157146788,-0.003438298626428829,-0.016929693744344998,0.04262243862148767,-0.4487569953364317,0.5126758614382976
28.134348957,-0.19230037698473523,1.6931264540671793,-1.6794430727315435,1.5659443114743523,1.5963828536291333,0.5559048200527138,-0.19480235655577777,1.701015721283169,-1.6879797083703485,1.5656640639009451,1.5960435982215493,0.5536238788916505,-0.01895427567665842,0.05965535383316618,-0.060946897479641986,-0.0017453292519943296,-0.002356194490192345,-0.017121679962064373,0.04258413237960227,-0.44854713445277494,0.512647546146756
28.142298623000002,-0.19242255003237482,1.6935802396726976,-1.679914311629582,1.5659617647668722,1.5963654003366134,0.5557826470050743,-0.19495442515420422,1.7014172308518734,-1.6882545849202162,1.5658198739282825,1.596056724453293,0.5534943767144059,-0.01879719604397893,0.060248765778844256,-0.06016149931624454,0.00034906585039886593,-0.001361356816555577,-0.017296212887263806,0.04254710251857326,-0.44833537171707394,0.5126164955210638
28.150334281000003,-0.19257962966505432,1.6940689318632562,-1.6803855505276204,1.5659443114743523,1.5963654003366134,0.5556430206649148,-0.1951018562260344,1.7019299479316032,-1.6886846083578906,1.565984684966371,1.5961143730917404,0.5533328273889916,-0.0192684349420174,0.06010913943868471,-0.059934606513485277,0.0010471975511965976,-0.0013264502315156904,-0.017575465567582896,0.04251971744251944,-0.4481493644363265,0.5125869743473411
28.158325079,-0.19271925600521386,1.6945401707612944,-1.680856789425659,1.5659268581818326,1.5963304937515734,0.5555208476172752,-0.195381223150643,1.702421519609794,-1.6892194371580826,1.565960422767478,1.5959814662515013,0.553129113487366,-0.0192684349420174,0.05672320068981571,-0.06332054526235427,-0.002234021442552742,-0.002530727415391778,-0.017505652397503124,0.04248598152292575,-0.4479496084568145,0.5125668685052837
28.166337618,-0.19287633563789336,1.694993956366813,-1.6813629349087373,1.5659094048893125,1.5963130404590538,0.5553812212771156,-0.19553075770554448,1.7029329410809055,-1.6896509891954565,1.5661334556173039,1.596042450606339,0.5529635490690178,-0.019233528356977513,0.05599016240397809,-0.06051056516664341,-0.00027925268031909274,-0.0021991148575128553,-0.01733111947230369,0.04244712082371014,-0.4477492917590958,0.5125380630999568
28.174325249000002,-0.19303341527057283,1.6954651952648514,-1.6818341738067757,1.5658919515967926,1.596260680581494,0.5552241416444361,-0.19575877152850674,1.703226077054461,-1.6902187380609885,1.5660394339328587,1.5959219142536702,0.5527956472146432,-0.01905899543177808,0.056793013859895485,-0.05984734005088556,0.001780235837034216,-0.0011693705988362008,-0.017575465567582896,0.0424077386197709,-0.4475349939733653,0.5124875610972406
28.182401574,-0.19319049490325238,1.69595388745541,-1.6823228659973344,1.5659268581818326,1.596243227288974,0.5550845153042765,-0.19599438443395512,1.7035488890250525,-1.6907691838237136,1.5659768537978842,1.59581623852459,0.5526191122091286,-0.020629791758572973,0.05721189288037413,-0.06058037833672318,0.001186823891356144,-0.0027401669256310974,-0.0183434104384604,0.042354588520833576,-0.44733420358806714,0.512460204223581
28.190314963000002,-0.19333012124341187,1.6964076730609285,-1.6828290114804123,1.5659268581818326,1.5962083207039341,0.5549448889641171,-0.19613993590290008,1.7040422300034328,-1.6911964179678216,1.5661635517818036,1.5958878128247427,0.5524487549321055,-0.020385445663293766,0.05797983775125163,-0.05986479334340551,0.0032463124087094525,-0.001658062789394613,-0.01853539665617978,0.04231311455284264,-0.4471498792357541,0.5124363025235493
28.198361262000002,-0.19348720087609136,1.6968440053739269,-1.683317703670971,1.5659268581818326,1.5962083207039341,0.5548052626239575,-0.1962882360815674,1.704296870305451,-1.691740918269581,1.5661699722515015,1.595889258234,0.5522948724846369,-0.0210835773640915,0.05597270911145815,-0.060807271139482436,0.0018849555921538759,-0.0028623399732707008,-0.018727382873899155,0.04227566938159573,-0.4469436176963991,0.5123863311685288
28.206315406,-0.1936442805087709,1.6972977909794458,-1.6837889425690096,1.5659268581818326,1.5962083207039341,0.554665636283798,-0.1966038820558148,1.7047386260355484,-1.6922297368132855,1.5662005612404384,1.595734309541592,0.5520687879643942,-0.02192133540504878,0.054349552907103416,-0.06164502918043972,0.0007330382858376184,-0.003979350694547071,-0.019041542139258134,0.04224372743529076,-0.4467531700072381,0.5123394689136624
28.214325148,-0.19380136014145033,1.6977864831700038,-1.6842950880520877,1.5659268581818326,1.596155960826374,0.5545260099436383,-0.19675950631268155,1.7052448488120884,-1.6926806882487486,1.5664000535885694,1.5958100784551394,0.5518842454459969,-0.0216071761396898,0.05529203070318037,-0.060842177724522335,0.0029845130209103033,-0.0027401669256310974,-0.019285888234537342,0.04220818539968836,-0.44655888556711515,0.5123057831838699
28.222326537,-0.19397589306664978,1.6982577220680424,-1.6847837802426464,1.5659268581818326,1.596121054241334,0.5543689303109589,-0.19693738404705025,1.7055232329966568,-1.6934339166395145,1.5663587996737542,1.5957866583978786,0.5516906588366411,-0.02118829711921116,0.05300564938306779,-0.061557762717840005,0.002775073510670984,-0.0023387411976724015,-0.019216075064457567,0.042154679792551664,-0.4463466460652652,0.5122695436774937
28.230317643000003,-0.19411551940680932,1.6987115076735608,-1.6852899257257248,1.5659268581818326,1.5961036009488143,0.5542293039707993,-0.19709594522912152,1.7060078384760362,-1.693869614993372,1.5665508073261074,1.595855430312332,0.5515073583416497,-0.023038346126325153,0.053337261940946706,-0.061714842350519494,0.0027925268031909274,-0.004049163864626845,-0.02014109956801456,0.04210209909310186,-0.4461475063619359,0.5122340152885936
28.238333367000003,-0.19429005233200874,1.6991652932790797,-1.6857611646237631,1.5659443114743523,1.5960861476562942,0.5540896776306398,-0.19741694551091524,1.706399198594518,-1.6941619772961793,1.5666618447683278,1.5957176156626718,0.5513078649641034,-0.02267182698340634,0.0542971930295436,-0.060964350772161925,0.004939281783143952,-0.0027576202181510408,-0.020385445663293766,0.042069690737781176,-0.4459409501104185,0.5121845339476976
28.246393904,-0.19448203854972815,1.699619078884598,-1.6862324035218017,1.5659443114743523,1.5960512410712546,0.5539500512904802,-0.19769335631792956,1.7066781861428353,-1.6947459765733262,1.5666487644923686,1.5955841533258521,0.5511041523215148,-0.02261946710584651,0.05227261109723017,-0.06407103684071183,0.0038222710618675813,-0.0028623399732707008,-0.020682151636132805,0.042019152725714076,-0.4457577151162816,0.512153020822957
28.254340092000003,-0.1946391181824076,1.7000554111975967,-1.6867210957123597,1.5659617647668722,1.5960337877787345,0.5537929716578007,-0.19784865740764726,1.7071578882641867,-1.6951753805401648,1.5668644514512617,1.595666689560816,0.5509141106634841,-0.022252947962927698,0.05314527572322733,-0.06335545184739416,0.0057421332390613445,-0.001658062789394613,-0.020891591146372124,0.041957638936407325,-0.4455673156766891,0.5121183489129445
28.262369032000002,-0.1948136511076071,1.7004742902180754,-1.6872272411954383,1.5659617647668722,1.5960163344862144,0.5536358920251213,-0.19795878844770243,1.7073992619530667,-1.6955737100252195,1.5669574551938148,1.5957028213292013,0.5507905851810988,-0.023858650874762487,0.05281366316534841,-0.06059783162924312,0.006597344572538566,-0.0030368728984701333,-0.021223203704251046,0.04191588507852436,-0.4453725995287396,0.5120685185581625
28.270367556,-0.1949881840328065,1.7008931692385538,-1.6877333866785167,1.5659617647668722,1.5960163344862144,0.5534788123924418,-0.19813412575586548,1.7078715120334167,-1.696017840284052,1.5671629586140334,1.5957679398080882,0.5505905316151644,-0.024975661596038857,0.05108578720587403,-0.061959188445798695,0.005672320068981571,-0.004468042885105484,-0.021659536017249632,0.04187068373817829,-0.4451702533738335,0.5120031570939304
28.278358855,-0.19518017025052586,1.7013120482590325,-1.688256985454115,1.5659792180593923,1.5959639746086547,0.5533217327597623,-0.1985497828912799,1.708235608608629,-1.6966609470041027,1.5671734140420936,1.5955720404735956,0.5503005889734407,-0.024504422698000388,0.052045718294470904,-0.061191243574921186,0.007696902001294993,-0.003089232776029963,-0.021903882112528833,0.04183017598430847,-0.44496932935914213,0.5119375662625755
28.286345314000002,-0.19535470317572529,1.701730927279511,-1.6887631309371933,1.5659792180593923,1.5959639746086547,0.5531471998345628,-0.19887638076758957,1.7084551052285755,-1.697313625020671,1.5671312269869906,1.5954100364252473,0.5500748301817217,-0.02345722514680379,0.04977679026687827,-0.060039326268604934,0.007923794804054257,-0.0024434609527920616,-0.021223203704251046,0.04176406042596557,-0.44476208050047084,0.5118646726926724
28.294319239,-0.19556414268596461,1.7021323530074701,-1.6892692764202717,1.565996671351912,1.595946521316135,0.5529901202018833,-0.19904709456783495,1.7089137078253824,-1.6977715705471084,1.5673488223576524,1.5954905721883896,0.5498643908755896,-0.023090706003884978,0.05073672135547516,-0.05946336761544681,0.009721483933608416,-0.001239183768915974,-0.021485003092050196,0.0417240115356288,-0.44456191882347756,0.5117990304087787
28.302309530000002,-0.19577358219620394,1.7025337787354287,-1.6897405153183098,1.566049031229472,1.595911614731095,0.5528155872766839,-0.19929501214124262,1.7091792108563517,-1.6984143307157396,1.5673889180239227,1.5954613477320427,0.5496315535898368,-0.02584832622203602,0.05044001538263612,-0.06147049625524028,0.00900589894029074,-0.0034033920413889425,-0.02293362637120549,0.04166019578689806,-0.44436795203999063,0.5117285916791083
28.310346963,-0.19598302170644324,1.702935204463387,-1.6902117542163486,1.566049031229472,1.5958941614385753,0.5526410543514846,-0.19963855891185533,1.7094455173297674,-1.6988919162669114,1.567453289588709,1.5953074948890296,0.5494026995525949,-0.027314402793711254,0.04806636759992384,-0.0633729051399141,0.007470009198535731,-0.005131268000863328,-0.023387411976724018,0.04158632996814778,-0.4441982448053441,0.5116773833024691
28.318340780000003,-0.19617500792416262,1.703371536776386,-1.6907004464069073,1.5661013911070316,1.595859254853535,0.552466521426285,-0.19981766248873903,1.7098987371759555,-1.6993574094731942,1.5676820777155303,1.5953898386310283,0.5491805280868407,-0.026738444140553128,0.04913101844364038,-0.0627271333166762,0.009442231253289324,-0.0036651914291880917,-0.02366666465704311,0.04152302827936409,-0.4440124702351329,0.511621902394715
28.327159575000003,-0.19634954084936207,1.7037555092118244,-1.6911716853049454,1.5661537509845913,1.595824348268495,0.5522919885010856,-0.20014649940929366,1.7103198342119876,-1.6997768485982594,1.567920642402555,1.595353027735747,0.5489139394441378,-0.02701769682087222,0.047664941871965134,-0.06443755598363064,0.009023352232810684,-0.003543018381548489,-0.02415535684760152,0.041451665692802585,-0.44381784242929617,0.5115702516020317
28.334346722000003,-0.19654152706708142,1.7041743882323033,-1.691660377495504,1.5661886575696315,1.5958418015610152,0.5520825489908463,-0.2004710310615439,1.7104957245572379,-1.7002342697138557,1.5679361382824202,1.5952095604316874,0.5486977343937497,-0.028605946440187064,0.046181412007769956,-0.06400122367063206,0.008796459430051421,-0.005166174585903216,-0.024556782575560217,0.04139978860355918,-0.4436649439329713,0.5115181150621129
28.342324475,-0.1967684198698407,1.7045583606677421,-1.6921665229785823,1.5662759240322313,1.5957894416834553,0.5518905627731269,-0.20064928608597354,1.7109357803260812,-1.7006897179199294,1.568173466598706,1.5952939949208818,0.5484719085059027,-0.027977627909469102,0.04721115626644662,-0.06359979794267337,0.010611601852125523,-0.003682644721708035,-0.02485348854839925,0.04135427017225326,-0.44348778698976615,0.5114638990892866
28.350315957000003,-0.19699531267259998,1.7049423331031808,-1.6926726684616606,1.566310830617271,1.5957370818058956,0.5516985765554075,-0.20079996887867613,1.711201503843215,-1.701044394321496,1.5683255549915973,1.5953321061841692,0.5483092537681593,-0.028640853025226946,0.047664941871965134,-0.061819562105639145,0.012531464029319286,-0.003420845333908886,-0.02532472744643772,0.04126456399853366,-0.44331639500454584,0.5113911591778717
28.358342895000003,-0.19720475218283928,1.7053437588311393,-1.693178813944739,1.566398097079871,1.5957196285133755,0.5515240436302081,-0.20100272105048927,1.7116366899455826,-1.7015219242984518,1.5685610982613427,1.5954011332421907,0.5480681539480775,-0.030316369107141503,0.045256387504212965,-0.06199409503083859,0.011362093430483087,-0.005166174585903216,-0.025761059759436305,0.04118057740409462,-0.4431285297551385,0.511314324211203
28.366312529,-0.19743164498559856,1.7057102779740585,-1.6936849594278174,1.5664853635424707,1.5956847219283359,0.5513320574124887,-0.20147691648778024,1.711895866281338,-1.7021695408780233,1.568645316636713,1.5951971510080794,0.5477226340312501,-0.029635690698863713,0.04637339822548933,-0.061714842350519494,0.013142329267517301,-0.003682644721708035,-0.026075219024795284,0.04111246836534063,-0.44296209584152313,0.5112494475976608
28.374318353000003,-0.19767599108087777,1.7060767971169772,-1.6941911049108955,1.5665551767125505,1.595632362050776,0.5511226179022495,-0.20167696210336195,1.7123278654131364,-1.702642762400492,1.568891538701635,1.595273910059351,0.5474790215976247,-0.028605946440187064,0.044977134823893865,-0.05996951309852516,0.013578661580515882,-0.002967059728390361,-0.02546435378659727,0.04103050760959676,-0.44279669002180105,0.5111710338801472
28.382402049000003,-0.19786797729859712,1.7064607695524157,-1.6946972503939741,1.5666598964676701,1.595614908758256,0.55093063168453,-0.20206654468485544,1.7125019232409646,-1.7031115876861385,1.5690082748909198,1.595112525123516,0.5472061904434562,-0.028047441079548874,0.04600687908257053,-0.05979498017332573,0.015166911199830723,-0.001658062789394613,-0.02579596634447619,0.040936177694291885,-0.4426204486671038,0.5110891150923293
28.390331985000003,-0.19811232339387636,1.7068272886953344,-1.6952208491695726,1.5667297096377495,1.5955800021732158,0.5507386454668106,-0.20228868068429748,1.7126379078148162,-1.7033886543937837,1.5691271604531631,1.5950551433557831,0.5470557560707194,-0.031171580440618726,0.0446629755585349,-0.06194173515327875,0.01462585913171248,-0.004066617157146788,-0.027506389011430633,0.04087345823760416,-0.442458636892377,0.5110179653360306
28.398355717,-0.19832176290411568,1.7072112611307735,-1.6957269946526505,1.5668518826853894,1.5955450955881763,0.5505117526640514,-0.20250316090969786,1.7130652682510068,-1.703867189507532,1.5693903894308308,1.5951344697694538,0.5467941421964548,-0.030543261909900768,0.04571017310973149,-0.06174974893555937,0.01621410875102732,-0.002670353755551324,-0.027803094984269666,0.0407885716933508,-0.44228324917565554,0.5109310333214607
28.406309376000003,-0.1985835622919148,1.7075777802736922,-1.6962156868432092,1.566956602440509,1.595510189003136,0.5502848598612922,-0.20295827653758122,1.713437866883575,-1.7045259229622411,1.5696206032172835,1.5950242165863093,0.5464085515391435,-0.03220132469929538,0.04352851154473858,-0.06148794954776023,0.016022122533307946,-0.0042935099599060505,-0.028396506929947742,0.04071029984298418,-0.4421292036696507,0.5108629973780553
28.414328595,-0.1988104550946741,1.707944299416611,-1.6967218323262876,1.5670787754881486,1.595510189003136,0.5500928736435728,-0.20316832292161152,1.7138539633179826,-1.704992470854926,1.5698835677154757,1.5951053593689355,0.546149964969876,-0.031817352263856624,0.04084070449666731,-0.058869955669768735,0.01579522973054868,-0.004694935687864747,-0.027436575841350862,0.040614509674880735,-0.4419820665199205,0.5107957722660049
28.422306889,-0.19903734789743335,1.7083457251445695,-1.6972105245168456,1.5672009485357883,1.5954752824180964,0.5498659808408135,-0.20358392077823917,1.7139849815170922,-1.7055213159587663,1.5699984681932881,1.5949225740680295,0.5458728721628737,-0.03118903373313867,0.04207988826558329,-0.05885250237724879,0.01741838593490341,-0.003193952531149623,-0.027820548276789613,0.0405411420215865,-0.4418276621815903,0.5107200734150373
28.430339254000003,-0.1992991472852325,1.7087122442874887,-1.6977166699999242,1.5673231215834278,1.5954403758330566,0.5496390880380543,-0.2039818057010517,1.7141419073248199,-1.7060008348914408,1.570151359797564,1.5947765196832764,0.5455780146603899,-0.033719761148530446,0.04244640740850209,-0.0611563369898813,0.018413223608540176,-0.004310963252425994,-0.029792770331543206,0.040453792633335456,-0.4416790214340994,0.5106655037298936
28.438346517000003,-0.19952604008799177,1.7090787634304074,-1.6982228154830028,1.5674627479235874,1.5954054692480166,0.5494121952352949,-0.20420500342348563,1.714552904214977,-1.706473241117277,1.5704331421795874,1.5948643849949777,0.5453012028993185,-0.03300417615521277,0.043563418129778465,-0.060999257357201825,0.01987930018021541,-0.002844886680750757,-0.03008947630438224,0.04035673309133605,-0.44153034393737967,0.5105912322403127
28.446356191000003,-0.19980529276831085,1.7094452825733262,-1.6987115076735608,1.567567467678707,1.5953880159554967,0.5492027557250556,-0.20451551509844745,1.7148477704517653,-1.7069332436779248,1.5706818066729924,1.5948505371591568,0.5450222743962259,-0.03459242577452761,0.041032690714386685,-0.06131341662256079,0.019320794819577228,-0.0046251225177849735,-0.03038618227722128,0.040271519081753,-0.4413860026332148,0.5105188505155752
28.454304287000003,-0.20004963886359006,1.709759441838685,-1.6991827465715994,1.5677245473113866,1.5953531093704567,0.5489758629222964,-0.20473971615331524,1.7152498278605017,-1.7074019420028854,1.5709623203297691,1.5949375885471813,0.5447433455074896,-0.036110862223762676,0.03881612256435389,-0.0611563369898813,0.01916371518689774,-0.006073745796940267,-0.030962140930379405,0.040170752573860415,-0.4412369011141926,0.510448578747602
28.462804095000003,-0.20031143825138922,1.7101259609816037,-1.699671438762158,1.5678816269440659,1.595335656077937,0.5487140635344973,-0.204979104481368,1.715347297189842,-1.7077418783169698,1.5710613977702608,1.594879016412235,0.5445599827297424,-0.03532546406036523,0.040125119503349634,-0.06105161723476165,0.020699604928652745,-0.0044156830075456534,-0.031346113365818155,0.04006858039944296,-0.4411064170119554,0.5103692008284063
28.470332403,-0.2005906909317083,1.710492480124523,-1.700177584245236,1.5680736131617854,1.595300749492897,0.5484522641466981,-0.2052110640669542,1.7157130077184737,-1.7081958745823342,1.5713311886381773,1.594950160099358,0.5442840447499244,-0.03572688978832393,0.03975860036043082,-0.06075491126192261,0.021642082724729686,-0.004258603374866164,-0.03167772592369708,0.03997601161584334,-0.44098407788418975,0.5103089545819768
28.478324269,-0.20086994361202737,1.7108240926824017,-1.7006662764357947,1.5682655993795047,1.595265842907857,0.5482253713439389,-0.20579435727621959,1.7158610661662104,-1.7088384669612826,1.5715492324984173,1.5947115417959046,0.5438752962027364,-0.03499385150248631,0.04094542425178697,-0.060632738214283007,0.023003439541285264,-0.0027576202181510408,-0.03204424506661589,0.03986814294158882,-0.4408663092702205,0.5102436838138262
28.486326245,-0.2011666495848664,1.7111382519477607,-1.701154968626353,1.5684226790121845,1.5952309363228172,0.5479461186636198,-0.20604722655301433,1.7162541621459693,-1.7093296717774062,1.5718532958189015,1.5947967705868393,0.5435665836589032,-0.034417892849328176,0.03783873818323706,-0.05859070298944965,0.021711895894809458,-0.003351032163829113,-0.030962140930379405,0.0397511803793339,-0.4407472186036542,0.510166824272276
28.494340697000002,-0.20144590226518552,1.7114873177981595,-1.7016611141094313,1.5685972119373837,1.595213483030297,0.5476843192758206,-0.20647060967804734,1.716331024430796,-1.709777615513466,1.572045021838341,1.5946423589103733,0.5432598360522349,-0.03377212102609028,0.03897320219703338,-0.058555796404409756,0.023020892833805207,-0.0019198621771937623,-0.031346113365818155,0.03963339401260699,-0.4406190720981859,0.5100816342902624
28.502308787,-0.20172515494550458,1.7118189303560383,-1.7021498062999898,1.5687891981551032,1.5951436698602173,0.5474399731805414,-0.20682203606864613,1.716571202489162,-1.710245940635937,1.5723224512547156,1.5946127867573334,0.5429396978333779,-0.03769911184307752,0.03707079331235956,-0.060842177724522335,0.02345722514680379,-0.004694935687864747,-0.033335788713091695,0.03952787708330373,-0.4404913140426908,0.510004494720296
28.510328856,-0.20202186091834362,1.7121330896213973,-1.7026559517830682,1.5689811843728225,1.5951262165676976,0.5471607205002224,-0.20724659320953034,1.7166306346474178,-1.710723842852816,1.5725033373283408,1.5944622302418607,0.5426346829985309,-0.03691371367968007,0.038257617203715705,-0.06073745796940267,0.024766222085799535,-0.0031415926535897933,-0.033702307856010506,0.039401455468750644,-0.44037328972818546,0.5099288528902515
28.518346381,-0.20228366030614278,1.7124647021792763,-1.7031097373885868,1.5691731705905418,1.5951087632751777,0.5468814678199032,-0.20749735162866625,1.7170020460652713,-1.7111956614760293,1.572816599339904,1.594558543083251,0.5423194174039339,-0.03844960342143507,0.03551745027808461,-0.06030112565640408,0.024626595745639992,-0.00471238898038469,-0.03412118687648914,0.03928971467971592,-0.4402549975832762,0.5098411854663445
28.526311002000003,-0.2025629129864619,1.7127614081521152,-1.7036158828716652,1.5693477035157413,1.5950913099826576,0.5466196684321041,-0.20783770332677906,1.7172270061862178,-1.7116155470683139,1.5731042593098186,1.5945407004963075,0.5420079411521619,-0.03886848244191372,0.035168384427685745,-0.06012659273120465,0.025603980126756815,-0.0045204027626653135,-0.03466223894460738,0.03918765691543949,-0.44015153047982564,0.5097803784941619
28.534328312000003,-0.20285961895930094,1.7130581141249541,-1.7040871217697033,1.5695571430259807,1.5950564033976178,0.5463578690443048,-0.2082679603774582,1.7172611104360873,-1.7121287877278597,1.5733243692919328,1.59438698162019,0.5416925124372978,-0.04028219913602912,0.03235840433197487,-0.06005677956112487,0.02522000769131806,-0.006021385919380436,-0.03495894491744642,0.03908269270126621,-0.4400265949777594,0.5096825278598047
28.542316744,-0.20315632493213995,1.7133548200977935,-1.7045932672527817,1.56980148912126,1.5950389501050979,0.5460786163639858,-0.208524093129301,1.717613994709414,-1.712592797393792,1.5736449325992299,1.594485196039754,0.541369508387052,-0.039426987802551904,0.03377212102609028,-0.060039326268604934,0.026529004630313806,-0.004276056667386107,-0.03537782393792506,0.03896072461200701,-0.4399276734952213,0.5096036866373904
28.550372212000003,-0.2034879374900189,1.7136340727781123,-1.70509941273586,1.569993475338979,1.594986590227538,0.5458168169761867,-0.20886919836321827,1.7178152956437722,-1.7129619373256872,1.5739603757805418,1.5944638696430573,0.5410509958359527,-0.03975860036043082,0.033423055175691406,-0.059428461030406915,0.027506389011430633,-0.004031710572106902,-0.0357967029584037,0.0388436983949514,-0.43982866711259283,0.5095121850287205
28.558299758,-0.2037846434628579,1.7138958721659117,-1.7055706516338984,1.5702378214342585,1.594951683642498,0.5455026577108277,-0.2092858782151812,1.7178079596129014,-1.7134276304610552,1.5741890968264864,1.5943202575748365,0.5407535708956073,-0.041015237421866746,0.03045599544730105,-0.05967280712568612,0.0273318560862312,-0.005567600313861911,-0.03598868917612307,0.03870104890699326,-0.43970917969780454,0.5094065140973092
28.566328953000003,-0.20411625602073685,1.7141576715537108,-1.7060593438244571,1.570447260944498,1.5948993237649383,0.5452408583230285,-0.20954809377508446,1.7181451112953823,-1.7138899820703932,1.574519963821055,1.594421504535801,0.5404226171536414,-0.04014257279586957,0.03183480555637657,-0.059637900540646244,0.0285012266850674,-0.0038397243543875246,-0.03640756819660171,0.038574675428432716,-0.4396231536469978,0.5093169111483489
28.574315599000002,-0.2044653218711357,1.71443692423403,-1.7065480360150156,1.570656700454737,1.5948644171798985,0.5449266990576696,-0.20988912024583392,1.7183328208906978,-1.7143338820191973,1.5748530342803782,1.5944236947046835,0.5400924569968413,-0.04040437218366873,0.031415926535897934,-0.05838126347921032,0.029618237406343777,-0.0036477381366681488,-0.03677408733952053,0.03842880263297164,-0.43951598302486944,0.5092142001593709
28.582313331,-0.20479693442901462,1.7146638170367892,-1.707054181498094,1.5708661399649764,1.5948295105948584,0.5446474463773504,-0.21015453191728636,1.7186526189226012,-1.714789812295948,1.5751805734002768,1.5945192472700518,0.5397617916347828,-0.04153883619746504,0.028152160834668535,-0.0582939970166106,0.029391344603584505,-0.005148721293383272,-0.036739180754480634,0.038287095132429075,-0.43941296303675964,0.5091194001223013
28.590313887,-0.20507618710933373,1.714925616424588,-1.7075254203961325,1.5710930327677355,1.5948120573023385,0.5443507404045114,-0.21058571003999887,1.718616761133875,-1.7152244736531759,1.5754523345860796,1.5943798602924826,0.5394416053550974,-0.04070107815650777,0.029600784113823827,-0.058311450309130555,0.030508355324860882,-0.003420845333908886,-0.037192966359999156,0.03815044289991515,-0.43930113484941763,0.508994250216755
28.598311351000003,-0.20540779966721262,1.7151525092273476,-1.7080315658792105,1.571319925570495,1.5947771507172985,0.5440540344316724,-0.21084456817694477,1.7189268069729409,-1.7156689011290556,1.5757760533167717,1.5944819486849133,0.5391141147740174,-0.040893064374227135,0.028850292535466268,-0.05796238445873169,0.03146828641345776,-0.0031764992386296795,-0.03750712562535814,0.03804093878935354,-0.4392102497067257,0.5089025365431263
28.606294642,-0.20573941222509157,1.7154143086151468,-1.7085202580697691,1.5715468183732542,1.594742244132259,0.5437573284588334,-0.2111200473823053,1.718914267122204,-1.7159273898800416,1.5759341229979087,1.5944244095845204,0.5389111928111434,-0.040160026088389526,0.030211649352021846,-0.05801474433629151,0.03248057737961447,-0.0016057029118347831,-0.037960911230876665,0.03790270017522362,-0.4391056143625762,0.5087798247498558
28.614356522,-0.20605357149045053,1.7156237481253862,-1.7089565903827677,1.5717911644685334,1.5947247908397388,0.5434606224859944,-0.21171733525146802,1.718840139607078,-1.7164846263192821,1.5763706315277521,1.59422264728004,0.5384712659672539,-0.04145156973486532,0.026720990848033185,-0.05754350543825305,0.03248057737961447,-0.0032463124087094525,-0.03804817769347638,0.03776320922875216,-0.439008479927376,0.5086786693598667
28.622353237000002,-0.20636773075580953,1.7158680942206652,-1.7094103759882862,1.5720529638563325,1.5946724309621791,0.5431813698056752,-0.21198976399699637,1.719135609216142,-1.7169363296860287,1.5767189630207916,1.5943297407795387,0.5381245926450386,-0.04066617157146788,0.02809980095710871,-0.05759586531581287,0.03340560188317147,-0.001658062789394613,-0.038484510006474966,0.03763386128552806,-0.4389400788432179,0.5085852497951254
28.630339858000003,-0.2066818900211685,1.7161124403159442,-1.7098641615938046,1.5722973099516118,1.594654977669659,0.5428672105403163,-0.21234982607355019,1.7192819651175042,-1.7173580063954574,1.577080262839277,1.5943368114954757,0.5377764562612917,-0.039810960237990654,0.02546435378659727,-0.05503023131538121,0.03192207201897628,-0.0020245819323134223,-0.03707079331235956,0.03749210786579414,-0.4388677178757133,0.5084984753075386
28.638329968,-0.20701350257904744,1.7163393331187036,-1.710352853784363,1.5725416560468908,1.594654977669659,0.5425705045674772,-0.21262784577362684,1.7195607023866526,-1.7178037016294168,1.5774296201225377,1.5944371483216282,0.537429150366293,-0.0432143522793796,0.02193878869756872,-0.05637413483941684,0.03399901382884954,-0.0044156830075456534,-0.038728856101754174,0.03736501539204061,-0.438790794243991,0.5084086584053836
28.64631303,-0.20731020855188645,1.716548772628943,-1.7108240926824017,1.57276854884965,1.594637524377139,0.5422912518871582,-0.21304275402264267,1.7194732079959136,-1.7181550145720828,1.5777054426099735,1.594295128214979,0.5371412529344574,-0.04232423436086249,0.023474678439323732,-0.05644394800949662,0.034889131747366645,-0.0026878070480712674,-0.039182641707272696,0.03724001291820182,-0.4387026933859376,0.5082959138183168
28.654279203,-0.2076418211097654,1.7167582121391824,-1.71127787828792,1.5730478015299691,1.594637524377139,0.5419770926217992,-0.21318974453529835,1.7195237866385988,-1.718362441781031,1.5777945956307609,1.5942941051450992,0.5370090805620799,-0.042638393626221474,0.022863813201125717,-0.056077428866577815,0.03583160954344358,-0.0024434609527920616,-0.03956661414271145,0.03712107094167391,-0.4386140345361739,0.5081826322267339
28.662309304,-0.2079385270826044,1.7169676516494217,-1.7117142106009189,1.5733270542102882,1.5946026177920993,0.54169783994148,-0.2134678922399292,1.7197882324345946,-1.7188051730500682,1.578154485118418,1.5944022447522324,0.5366560870180208,-0.041800635585264194,0.024277529895241123,-0.05612978874413764,0.03661700770684103,-0.0008726646259971648,-0.039968039870670144,0.0369924428131891,-0.4385554316445579,0.50808588077038
28.670343287,-0.20828759293300325,1.7171421845746213,-1.7121505429139174,1.5736063068906074,1.5945851644995792,0.5413662273836011,-0.2141062420612147,1.7197910422040354,-1.7194268730315154,1.5787504756861774,1.5942764351561793,0.536128709986218,-0.042952552891580446,0.0209614043164519,-0.05515240436302082,0.036582101121801144,-0.002513274122871834,-0.03975860036043082,0.036858056249270445,-0.4384976467909499,0.5079923309048683
28.678283877000002,-0.20860175219836227,1.7173341707923404,-1.712586875226916,1.5739030128634464,1.594567711207059,0.541069521410762,-0.2145218455109092,1.71971045597813,-1.719823087788866,1.579054989980269,1.594148261413797,0.5358338654053729,-0.0405963584013881,0.01942551457469689,-0.05225515780471023,0.034033920413889425,-0.002408554367752175,-0.03743731245527837,0.03671239901650633,-0.43844510810523785,0.5078877690166476
28.686313714,-0.20896827134128107,1.7175261570100597,-1.7130581141249541,1.5741822655437656,1.5945502579145394,0.5407728154379231,-0.21480026288074147,1.7199659517750894,-1.7202589153720018,1.579426910912982,1.5942620449149438,0.535473613982727,-0.03988077340807043,0.020891591146372124,-0.05251695719250937,0.03494149162492648,-0.0007853981633974483,-0.03799581781591655,0.036578380492790746,-0.4383961241673099,0.5077905871561764
28.694303153000003,-0.20928243060664006,1.7177006899352594,-1.713476993145433,1.5744964248091244,1.5945502579145394,0.5404761094650841,-0.21513397670814086,1.7200659337818678,-1.7206651639516033,1.57979069772858,1.5942609220658146,0.5351479545444896,-0.043563418129778465,0.01911135530933791,-0.054873151682701723,0.03867649622419434,-0.0020943951023931952,-0.04063126498642799,0.03642777303094458,-0.43833162316800767,0.5076767348680663
28.70229089,-0.20961404316451898,1.7178752228604588,-1.7139133254584316,1.5747233176118838,1.5945153513294994,0.540179403492245,-0.2154187897551935,1.72030422654067,-1.721098840985311,1.580161995510092,1.5943688189573273,0.53478631064817,-0.04447098934081551,0.016144295580947546,-0.05438445949214331,0.03858922976159462,-0.003577924966588375,-0.04024729255098924,0.03629887193408084,-0.43829667325341587,0.5075831985418375
28.710360143000003,-0.20989329584483807,1.7180323024931385,-1.7143671110639502,1.575020023584723,1.5945328046220195,0.539882697519406,-0.21585203865624683,1.7201727685400299,-1.7215063034062132,1.5804701926744056,1.5942255332422355,0.5344773967512104,-0.043563418129778465,0.01773254520026239,-0.054436819369703134,0.039339721339952186,-0.0018500490071139892,-0.04073598474154765,0.036157794884633235,-0.4382210981922501,0.5074691433073125
28.718377971000002,-0.21017254852515718,1.7182068354183375,-1.7147685367919088,1.575299276265042,1.5945153513294994,0.5395685382540469,-0.21626817885715754,1.720099930849543,-1.7219046827034847,1.5808061729171505,1.5941164291629522,0.5341768115776685,-0.043423791789618915,0.017121679962064373,-0.05405284693426439,0.03986332011555049,-0.0017976891295541592,-0.04068362486398782,0.03605332734691314,-0.43816868704187967,0.5073518326175102
28.726328597000002,-0.21048670779051615,1.7183464617584971,-1.7152048691049073,1.575595982237881,1.5944804447444596,0.5392543789886879,-0.21654669653355224,1.7203291918644683,-1.7223283046585944,1.5811813523947114,1.5942329279132712,0.533812424884368,-0.04262094033370153,0.01857030324121967,-0.054122660104344154,0.04054399852382828,-0.00020943951023931956,-0.04115486376202629,0.03593543946978843,-0.4381269164215004,0.5072631198424874
28.734295720000002,-0.210835773640915,1.7185035413911764,-1.7156237481253862,1.5759101415032402,1.5944629914519397,0.538922766430809,-0.21690069763346065,1.7203925143929457,-1.7227040832223561,1.5815340707592185,1.5942233482303905,0.5334791771697014,-0.04359832471481835,0.015358897417550098,-0.05375614096142535,0.04028219913602912,-0.0018151424220741027,-0.040893064374227135,0.03579552051298086,-0.4380795031122418,0.507146315378108
28.742297101000002,-0.21116738619879394,1.7186431677313363,-1.7160775337309044,1.576206847476079,1.5944455381594198,0.53862606045797,-0.21728790935815562,1.7202900726171095,-1.7230967383632056,1.5818480894943978,1.5940850971493041,0.5331987819736159,-0.04447098934081551,0.012810716709638379,-0.053337261940946706,0.04036946559862884,-0.00312413936106985,-0.040491638646268445,0.03564301109387332,-0.4380450062693231,0.5070422908065133
28.750315318000002,-0.21151645204919278,1.7187827940714957,-1.7165138660439032,1.5765384600339578,1.5944106315743798,0.5382944479000911,-0.21756765819811713,1.7205106706634765,-1.723518543958584,1.5822304858635925,1.594206448892113,0.5328298848467502,-0.0436157780073383,0.014433872913993106,-0.05345943498858631,0.04106759729942658,-0.0013788101090755204,-0.04106759729942658,0.03550331796082924,-0.4379930053500222,0.5069170059904539
28.758280124000002,-0.2118480646070717,1.7189398737041752,-1.7169501983569015,1.5768700725918368,1.5944280848669,0.5379628353422122,-0.21781366492293766,1.7206215818418689,-1.723844693492218,1.5825081921872215,1.5942489404906934,0.5325542592423534,-0.04365068459237818,0.013962634015954637,-0.05286602304290824,0.04138175656478556,-0.001256637061435917,-0.041172317054546236,0.03534717928331065,-0.43795962029793145,0.5068030234364855
28.766911309,-0.2121971304574706,1.719062046751815,-1.7173690773773804,1.5772016851497157,1.5944106315743798,0.5376312227843333,-0.2181504679365238,1.7208120026023936,-1.7243128455498284,1.5829334925066703,1.594346384955509,0.5321493030278066,-0.044104470197896706,0.011239920382843481,-0.05241223743738972,0.04106759729942658,-0.0029321531433504737,-0.0404741853537485,0.03520503122559704,-0.43792772986981,0.506687670996406
28.774384681,-0.2125287430153495,1.7191842197994545,-1.7177879563978589,1.5775332977075944,1.59439317828186,0.5373170635189742,-0.21863131563827587,1.720654869127754,-1.7247484664921697,1.5833207264505589,1.5941775004659244,0.5318110736803564,-0.043319072034499265,0.012845623294678265,-0.05255186377754926,0.041800635585264194,-0.0012042771838760874,-0.04110250388446646,0.03506263342137531,-0.4379041369800488,0.5065814420850476
28.782297257000003,-0.21291271545078827,1.719288939554574,-1.7182068354183375,1.5778649102654734,1.5943408184043,0.5369679976685754,-0.2190459134201322,1.7205721012606077,-1.7251467791465114,1.5836681996734,1.5940651812120006,0.5314954537648277,-0.04218460802070294,0.012880529879718152,-0.05145230634879283,0.0411199571769864,-0.0006632251157578452,-0.04045673206122856,0.03491620065667473,-0.43787842370889524,0.5064684636410179
28.790295565,-0.21322687471614724,1.7193936593096937,-1.7186082611462963,1.5782139761158724,1.59435827169682,0.5366712916957364,-0.21933526856993413,1.7207708780262303,-1.7255686389351363,1.5840644861723774,1.5941883417869211,0.5311159062976359,-0.04153883619746504,0.014294246573833557,-0.051626839273992274,0.041800635585264194,0.0008726646259971648,-0.041050144006906625,0.034739864197092254,-0.43785330898505936,0.5063494536712797
28.798315769000002,-0.21359339385906603,1.7194983790648135,-1.719009686874255,1.5785455886737516,1.59432336511178,0.5363222258453375,-0.21970225969096313,1.7208103135178274,-1.725961811224912,1.5844487500839632,1.5941830169922568,0.5307626865088418,-0.04366813788489812,0.011013027580084218,-0.05227261109723017,0.04276056667386108,-0.001291543646475804,-0.04145156973486532,0.03460960402931262,-0.43784299463369236,0.5062385391254112
28.806290984,-0.21394245970946488,1.7195856455274132,-1.7194285658947337,1.5788946545241502,1.59432336511178,0.5360080665799785,-0.2201150753270024,1.720687064145232,-1.7263363481218705,1.5847817747290103,1.5940523527482104,0.530457901972045,-0.044558255803415235,0.008796459430051421,-0.052045718294470904,0.04279547325890096,-0.0026878070480712674,-0.04124213022462601,0.034443045654576725,-0.43782431146085843,0.506125563281691
28.814322164000004,-0.2142566189748239,1.719672911990013,-1.7198648982077323,1.5792262670820292,1.59432336511178,0.5356764540220996,-0.22040532507163366,1.7208753059450606,-1.7267546749888352,1.5851847198317324,1.5941785389614882,0.5300760604790945,-0.04377285764001779,0.010402162341886203,-0.052185344634630454,0.04347615166717875,-0.0009250245035569946,-0.041870448755343966,0.03429770408614068,-0.43780673803301456,0.505999266189845
28.822367782,-0.21460568482522274,1.7197601784526126,-1.7202488706431711,1.579557879639908,1.59432336511178,0.5353448414642207,-0.22075520312499142,1.720888708821381,-1.7271325046544448,1.5855806078562036,1.5941786992452134,0.5297434387230023,-0.04387757739513744,0.010053096491487336,-0.051888638661791414,0.04389503068765739,-0.0007853981633974483,-0.04207988826558329,0.034166842496778656,-0.4377764711125987,0.5058642559806618
28.830299075000003,-0.21495475067562164,1.7198648982077323,-1.7206852029561697,1.5799418520753468,1.59430591181926,0.5350306821988617,-0.22116635229837073,1.7207375696221918,-1.7274897695575302,1.5859287248436609,1.5940604217053336,0.5294417197305917,-0.04469788214357478,0.007452555906015787,-0.05138249317871306,0.04363323129985824,-0.0024260076602721182,-0.041661009245104644,0.03401796222640843,-0.43776663083135586,0.5057524040987419
28.838300565,-0.2153038165260205,1.719934711377812,-1.7210866286841284,1.5803083712182657,1.5942884585267403,0.5346816163484629,-0.22145676469597023,1.7209141139358342,-1.7279026536644346,1.5863349951815569,1.594187168770695,0.5290572517773817,-0.04389503068765739,0.00905825881785057,-0.05150466622635267,0.044261549830576195,-0.0006632251157578452,-0.042254421190782716,0.03386344810486895,-0.43775565946848394,0.5056300050956244
28.846300412,-0.21567033566893928,1.7200219778404116,-1.7215055077046069,1.5806923436537044,1.59430591181926,0.5343325504980639,-0.2218020135051282,1.7209145351889028,-1.7282667018911357,1.5867350909135376,1.5941883139154647,0.528718725088371,-0.04379031093253773,0.008552113334772213,-0.05112069379091391,0.04475024202113461,-0.0004886921905584122,-0.04220206131322289,0.03370780812897024,-0.437751834059685,0.5055078169132166
28.85431389,-0.21605430810437803,1.7200917910104916,-1.7219243867250857,1.5810937693816631,1.5942884585267403,0.5339834846476651,-0.22220619863371924,1.7207536228507216,-1.7286250219143056,1.5871104670683471,1.594073482983093,0.5284278382987214,-0.04459316238845512,0.0057421332390613445,-0.05047492196767601,0.04459316238845512,-0.002007128639793479,-0.041713369122664476,0.03355639955777891,-0.4377512051519709,0.5053862555845728
28.862297652000002,-0.21638592066225695,1.7201616041805714,-1.7223083591605242,1.5814602885245819,1.5942884585267403,0.5336867786748261,-0.22248994229077046,1.7209227393136612,-1.7290273488332946,1.5875120627105945,1.594204774645573,0.5280461228656901,-0.043807764225057666,0.00736528944341607,-0.0506320016003555,0.045169121041613254,-0.00027925268031909274,-0.042341687653382434,0.03338624099501107,-0.437755130328283,0.5052609392733017
28.870345875,-0.21673498651265583,1.720231417350651,-1.7227097848884827,1.5817919010824608,1.5942884585267403,0.5333377128244272,-0.2227669847345328,1.7209606780444011,-1.7293356387722156,1.5878286859088167,1.5942416120433267,0.5277486809528334,-0.04370304446993801,0.006841690667817772,-0.050195669287356914,0.04565781323217166,-0.00013962634015954637,-0.042411500823462206,0.03323920908774399,-0.43775699411550817,0.5051431248003541
28.878327785000003,-0.21708405236305472,1.7202837772282107,-1.7231286639089616,1.5821758735178997,1.5942710052342202,0.5329886469740284,-0.2232687814518483,1.72072790023714,-1.7297460936118556,1.5883351679393405,1.5941127764625558,0.527374990563072,-0.044418629463255685,0.004118977034706617,-0.049637163926718735,0.045727626402251434,-0.0016231562043547262,-0.0417657290002243,0.0330920795502061,-0.4377411475303603,0.5050160606844598
28.886325407,-0.21748547809101343,1.7203535903982905,-1.7235126363444004,1.5825598459533385,1.5942535519417003,0.5326570344161493,-0.2235494695080327,1.7208836829386174,-1.7301401536437275,1.5887357696514175,1.5942439788792937,0.5269967956013614,-0.04366813788489812,0.005777039824101231,-0.04982915014443811,0.04626867847036967,6.981317007977319e-05,-0.04242895411598215,0.03293613037511757,-0.4377379344060965,0.5048830567435698
28.89434516,-0.21783454394141227,1.7204059502758506,-1.723914062072359,1.582943818388777,1.5942710052342202,0.5323428751507905,-0.2238016879000639,1.720946601105807,-1.7304412780408438,1.5890532066722085,1.5943029616325197,0.5267186292692237,-0.042551127163621756,0.005934119456780722,-0.04864232625308196,0.045413467136892455,0.000645771823237902,-0.04181808887778413,0.03275362655709874,-0.4377488285484152,0.5047676051117803
28.902302128000002,-0.2182010630843311,1.7204408568608904,-1.724315487800318,1.583292884239176,1.5942535519417003,0.5319763560078716,-0.2240952333818182,1.721076897029073,-1.7308357598155102,1.5894627873464056,1.5944211892894964,0.5263365881403941,-0.04459316238845512,0.002373647782712288,-0.048886672348361165,0.047123889803846894,-0.001117010721276371,-0.04223696789826277,0.03260993715456682,-0.43775309643375465,0.5046405701354356
28.910318418000003,-0.21855012893472994,1.7205106700309702,-1.7247169135282765,1.5836768566746147,1.5942186453566605,0.5316621967425127,-0.22459156922239015,1.7207737774058511,-1.731198347075638,1.5899651165232709,1.5942633491428486,0.525980746037622,-0.04379031093253773,0.004031710572106902,-0.0490612052735606,0.04754276882432554,0.0005585053606381855,-0.04284783313646079,0.03244659566143476,-0.4377432275429312,0.5045020865168036
28.91831996,-0.2188991947851288,1.72054557661601,-1.725100885963715,1.5840608291100535,1.5942535519417003,0.5313131308921137,-0.2249916633529716,1.7205736189769119,-1.7314995148847931,1.5903707628711337,1.594171656536601,0.5256984556388159,-0.04307472593922005,0.005550147021341968,-0.049235738198760044,0.04790928796724435,0.0020769418098732523,-0.043406338497098976,0.03228726369511478,-0.437744401725667,0.504384269696141
28.926314257,-0.21926571392804764,1.7205804832010496,-1.725484858399154,1.5844098949604524,1.5942186453566605,0.5309815183342348,-0.22528367485769377,1.720706988882693,-1.731895248639277,1.5907936595418983,1.5943065711068494,0.5253027005260448,-0.041887902047863905,0.005619960191421741,-0.04794419455228423,0.046949356878647465,0.002495820830351891,-0.042411500823462206,0.03214442069418426,-0.4377573245357015,0.5042554315099186
28.934492763,-0.21961477977844648,1.7205979364935697,-1.725851377542073,1.584793867395891,1.5942186453566605,0.530667359068876,-0.2256158224007387,1.7206694290441351,-1.7321964142672523,1.5911931667369204,1.5943287145243588,0.5249631189691405,-0.04377285764001779,0.0016057029118347831,-0.04773475504204491,0.04843288674284264,0.0004188790204786391,-0.042655846918741414,0.03198313813718655,-0.43775234359195564,0.504131866629627
28.942315685,-0.21998129892136525,1.7206677496636495,-1.7262353499775116,1.5851952931238498,1.5942360986491804,0.530318293218477,-0.22592180122873157,1.7207933173874046,-1.7326038364211016,1.5916355247154195,1.5944625970404955,0.5245562117668336,-0.04452334921837535,-0.001064650843716541,-0.04686209041604775,0.04876449930072156,-0.0008028514559173916,-0.042010075095503516,0.03181935121855175,-0.43777153516642814,0.5039993411273099
28.950322422000003,-0.22029545818672427,1.7206677496636495,-1.72661932241295,1.5855443589742486,1.5942535519417003,0.5300041339531181,-0.22631055736012023,1.72055730778062,-1.7328969360599142,1.5920298972508222,1.5943468540246128,0.5242895860789173,-0.04368559117741807,0.000645771823237902,-0.04707152992628707,0.0490612052735606,0.0008552113334772215,-0.042638393626221474,0.03166621865284009,-0.43778922381825475,0.5038866876030245
28.958360786,-0.22064452403712312,1.7207026562486896,-1.7269858415558692,1.5859457847022072,1.5942710052342202,0.5296725213952391,-0.2265395221480189,1.7204926233243456,-1.7330875781664505,1.5922267648714943,1.5943148316888174,0.5241129465165717,-0.043737951054977894,0.00012217304763960306,-0.04642575810304917,0.049427724416479406,0.0010471975511965976,-0.04286528642898073,0.031536043734899384,-0.4377888336698706,0.5037423040003146
28.966320414000002,-0.22099358988752202,1.7207375628337294,-1.7273872672838277,1.5863472104301661,1.5942535519417003,0.5293234555448403,-0.22680930693469295,1.7206157575921626,-1.7334609613062915,1.5926300399435294,1.5944557395379388,0.5237335780936695,-0.042952552891580446,0.0016929693744344998,-0.046635197613288486,0.04967207051175862,0.0025481807079117207,-0.043406338497098976,0.03138921992159302,-0.43781328222217164,0.5036270046448245
28.974313659000003,-0.22139501561548072,1.7207201095412097,-1.7277712397192664,1.5867660894506448,1.5942535519417003,0.5290092962794812,-0.2270768903493762,1.7207418866970865,-1.7338320575459392,1.5930257337286993,1.594596408238219,0.5233578766076121,-0.043580871422298405,-0.001256637061435917,-0.04579743957233121,0.049794243559398224,0.0009424777960769379,-0.042551127163621756,0.03122639833944155,-0.4378235408447914,0.5034911848212615
28.982322355,-0.22174408146587957,1.7207201095412097,-1.7281552121547052,1.5871500618860832,1.5942535519417003,0.5286776837216023,-0.22724584160648684,1.720873657476984,-1.7340764937662738,1.5932198168472176,1.5946972912800639,0.5231278817645614,-0.04214970143566306,-0.0020420352248333657,-0.04359832471481835,0.047280969436526384,0.00034906585039886593,-0.0404741853537485,0.031051278200999708,-0.4378489792757293,0.5033480764561734
28.990345358000003,-0.2221106006087984,1.7207375628337294,-1.728539184590144,1.587551487614042,1.5942710052342202,0.5283460711637235,-0.2275420340109218,1.7209417007263952,-1.7344494167436848,1.5936460579085667,1.5948090167900058,0.5227473054311388,-0.04143411644234539,-0.0004188790204786391,-0.04394739056521721,0.047647488579445195,0.001954768762233649,-0.041189770347066175,0.030898845606913555,-0.4378601501655491,0.5032074691479684
28.998317532,-0.22245966645919724,1.7207375628337294,-1.7289057037330628,1.587952913342001,1.5942535519417003,0.5280319118983645,-0.2283142703057995,1.7201783461997449,-1.7348639729628246,1.5945448894576963,1.5944690463110016,0.5222829930871384,-0.0407534380340676,0.0010122909661567112,-0.04422664324553631,0.04792674125976429,0.0033859387488689996,-0.04178318229274425,0.030741582916937068,-0.4378799766230827,0.5030739338585708
29.006376459000002,-0.22280873230959614,1.7207201095412097,-1.7293071294610214,1.5883543390699595,1.5942535519417003,0.5277002993404855,-0.22860370611861103,1.7202503155837874,-1.7352297573615425,1.5949705074349194,1.594593699537503,0.5218996627648202,-0.03890338902695361,0.0024434609527920616,-0.04291764630654056,0.04564035993965172,0.004206243497306334,-0.04050909193878839,0.030579532826557548,-0.43790204996349286,0.5029408723323215
29.014318753,-0.22321015803755478,1.7207026562486896,-1.7296561953114205,1.5887208582128785,1.5942710052342202,0.5273861400751265,-0.2290064336276635,1.7199822102772024,-1.735468942078008,1.5954258810765896,1.5945019087527255,0.5216245319584578,-0.03836233695883536,0.0036477381366681488,-0.04323180557189954,0.045989425790050574,0.005445427266222308,-0.04110250388446646,0.03042711505822917,-0.4379131312458381,0.502788353860599
29.022293438000002,-0.2235417705954337,1.7207026562486896,-1.7300052611618193,1.5891397372333569,1.5942710052342202,0.5270719808097676,-0.22935075122284795,1.7199205301977096,-1.735773704863626,1.5958817012357962,1.594540472045618,0.5212794998546606,-0.04399975044277704,-0.006021385919380436,-0.04399975044277704,0.052342424267309944,0.0007155849933176752,-0.042655846918741414,0.030257071049055447,-0.43793531439066696,0.5026545403588137
29.030299424000003,-0.2238559298607927,1.7207375628337294,-1.7303368737196985,1.5895237096687955,1.59430591181926,0.5267578215444086,-0.2296279195999098,1.7199859038490741,-1.7361247723669655,1.5963025239235193,1.5946672751992372,0.5209012564763397,-0.043179445694339715,-0.00434586983746588,-0.044261549830576195,0.05237733085234983,0.002251474735072685,-0.0432143522793796,0.030109507259747908,-0.43797197459486814,0.5025368433367408
29.038307191,-0.22418754241867161,1.7207375628337294,-1.7307033928626172,1.5899076821042346,1.59432336511178,0.5264436622790496,-0.23000718854656357,1.7197204972543574,-1.7363972605137874,1.5967391992100826,1.5945657240171665,0.5206376326771346,-0.04391248398017733,-0.007190756518216637,-0.04291764630654056,0.0528485697503883,0.0009075712110370514,-0.04239404753094226,0.02997925624005071,-0.4380037260312702,0.5024322580921672
29.046336681000003,-0.22453660826907051,1.7207550161262495,-1.7310524587130158,1.5902742012471534,1.5943408184043,0.5261469563062106,-0.2302858475935039,1.719775019574699,-1.736743014964756,1.5971620557958315,1.5946939720819986,0.520257788646473,-0.0438601241026175,-0.007347836150896126,-0.04239404753094226,0.05319763560078716,0.0011693705988362008,-0.04237659423842232,0.02983980081440622,-0.4380215929870614,0.5023009227880141
29.054296046,-0.22485076753442945,1.7207201095412097,-1.7314015245634147,1.5907454401451917,1.5943408184043,0.5257978904558117,-0.23067451573998385,1.7194819856198227,-1.7369708263800736,1.5975870664169278,1.5946002131461678,0.5200039802867243,-0.04298745947662034,-0.005672320068981571,-0.042655846918741414,0.05319763560078716,0.0027052603405912107,-0.04297000618410039,0.02969203790005762,-0.43804272763065044,0.5021806142713282
29.062354182000004,-0.22519983338482832,1.7207026562486896,-1.7317331371212936,1.5911643191656706,1.5943408184043,0.5254837311904528,-0.2310451835132054,1.7192332421350622,-1.7372093349595856,1.5980252727608355,1.594520840513308,0.519747963294876,-0.043423791789618915,-0.008447393579652554,-0.04174827570770436,0.05326744877086694,0.0010995574287564276,-0.04190535534038385,0.029542675555492958,-0.43809981636874323,0.5020519181745123
29.070333156,-0.22556635252774712,1.7206502963711294,-1.7320996562642128,1.5916006514786687,1.59437572498934,0.5251172120475339,-0.23131635333281075,1.7192791451811906,-1.737547608744267,1.5984512691382822,1.5946559966604474,0.5193643998675636,-0.042568580456141696,-0.006771877497737999,-0.042010075095503516,0.05326744877086694,0.0026529004630313807,-0.042551127163621756,0.029384175749897642,-0.4381441358261843,0.5019315196935981
29.078324667,-0.22593287167066597,1.7205804832010496,-1.7324138155295716,1.5920195304991476,1.59437572498934,0.524803052782175,-0.23163776378385595,1.7191877970200242,-1.7378183819912796,1.5988893858838367,1.5946962159332143,0.5190435773207442,-0.04312708581677988,-0.009512044423369096,-0.04077089132658753,0.053249995478346995,0.0013264502315156904,-0.041573742782504926,0.029230807008695715,-0.43818645562629677,0.5017842246098193
29.086401511000002,-0.22629939081358477,1.72054557661601,-1.7327454280874504,1.5924209562271063,1.59439317828186,0.524453986931776,-0.23190228306694752,1.7192305832926689,-1.7381500253430244,1.5993069918597813,1.5948278523482469,0.5186671414493661,-0.04345869837465881,-0.011728612573401895,-0.03963642731279122,0.053337261940946706,0.00010471975511965978,-0.04054399852382828,0.029060431473099103,-0.43823885407851026,0.5016504091688052
29.094285718000002,-0.22664845666398364,1.7204757634459302,-1.7331294005228892,1.592839835247585,1.59439317828186,0.5241049210813772,-0.23211790019778353,1.719125025499302,-1.7383185319655132,1.59953859654826,1.5947757392235002,0.5185215575490587,-0.042568580456141696,-0.010000736613927507,-0.039968039870670144,0.053337261940946706,0.0017453292519943296,-0.04129449010218584,0.028904863470505027,-0.4382768918430194,0.5015228077052588
29.102309877000003,-0.2269975225143825,1.7204408568608904,-1.733461013080768,1.5932587142680639,1.5944106315743798,0.5237558552309783,-0.23266417275127055,1.718625899806691,-1.7385987548910435,1.6002356615577857,1.5946506321636016,0.5181355415592069,-0.042411500823462206,-0.010245082709206713,-0.03937462792499207,0.05351179486614614,0.0019722220547535923,-0.04115486376202629,0.028745835244247214,-0.438303072216915,0.5013554195595231
29.110337226000002,-0.22732913507226143,1.7203710436908106,-1.733792625638647,1.5936775932885423,1.5944106315743798,0.5234242426730994,-0.23292378949975034,1.7186586427546373,-1.7389244330950482,1.6006560955705866,1.594791826287995,0.5177530010151609,-0.041573742782504926,-0.008709192967451705,-0.03967133389783111,0.053529248158666096,0.003420845333908886,-0.041870448755343966,0.0285951443244623,-0.4383482177832545,0.5012301979500232
29.118325253000002,-0.22767820092266028,1.7203012305207308,-1.734106784904006,1.5940790190165008,1.5944280848669,0.5230926301152206,-0.23318280022151502,1.7186953806814365,-1.739248623188322,1.6010695665699723,1.5949326956414298,0.517372955844143,-0.040090212918309755,-0.008883725892651137,-0.037943457938356726,0.051050880620834134,0.002565634000431664,-0.03960152072775134,0.028440864499356264,-0.43839307895254404,0.5010878965709895
29.126359071000003,-0.22802726677305915,1.720231417350651,-1.7344209441693648,1.5945328046220195,1.5944280848669,0.5227435642648216,-0.23335823794755087,1.718775531930027,-1.7394586586455003,1.601268868569634,1.595028468950868,0.5171369045252199,-0.04276056667386108,-0.014102260356114183,-0.037559485502917975,0.054401912784663255,0.0006981317007977319,-0.04028219913602912,0.028284763615194854,-0.4384414218701395,0.5009521506774184
29.134325205000003,-0.22837633262345802,1.7201616041805714,-1.7347176501422037,1.594969136935018,1.5944455381594198,0.5223944984144228,-0.23363123177544873,1.7187701030119427,-1.7397746276252606,1.6017002488024472,1.5951494673759254,0.5167611774322691,-0.041887902047863905,-0.012444197566719568,-0.03792600464583678,0.054332099614583476,0.0022863813201125715,-0.04106759729942658,0.02812294126280843,-0.43850597234931527,0.5008259438235783
29.142363022,-0.2287079451813369,1.7200743377179717,-1.7350667159926028,1.5953880159554967,1.5944804447444596,0.5220628858565438,-0.23421375219034868,1.7180734537266125,-1.739964503866434,1.6024381671718027,1.5949067351015507,0.5164436089419951,-0.041050144006906625,-0.010925761117484502,-0.03820525732615587,0.05419247327442393,0.0037000980142279784,-0.041713369122664476,0.027964880103542693,-0.43857171846553533,0.5007002006674195
29.150302603,-0.2290221044466959,1.7200045245478919,-1.7353634219654417,1.595824348268495,1.5944804447444596,0.521731273298665,-0.23446446025889073,1.7180903117816675,-1.740271513656245,1.602845608493783,1.5950454146479323,0.5160734540537282,-0.03923500158483253,-0.008970992355250854,-0.03701843343479973,0.05134758659367318,0.0044156830075456534,-0.0404741853537485,0.027826942318574816,-0.43861329906493357,0.5005460051664811
29.158351899000003,-0.22931881041953492,1.7198823515002521,-1.735677581230801,1.596243227288974,1.5944978980369797,0.5214171140333059,-0.23462354138237415,1.7181740662875609,-1.740467418181159,1.6030307213296238,1.5951419710876191,0.5158511405535922,-0.03858922976159462,-0.00773180858633488,-0.03738495257771854,0.05143485305627289,0.005654866776461627,-0.041172317054546236,0.027676788708211168,-0.43867732670704745,0.5004197760510412
29.166413368,-0.22968532956245377,1.7197776317451328,-1.73599174049616,1.5966795596019725,1.5945328046220195,0.5210680481829071,-0.23490083171445542,1.718132001990819,-1.7407670487231406,1.6034723107787034,1.595256316385612,0.5154789242141976,-0.041887902047863905,-0.015446163880149815,-0.03600614246864302,0.055309483995700306,0.0020943951023931952,-0.040927970959267035,0.02754259103544575,-0.43872989466953305,0.5002656979082897
29.174312174,-0.2300169421203327,1.7196903652825328,-1.736270993176479,1.5971333452074912,1.5945328046220195,0.5207189823325082,-0.2354846455424421,1.717392466109601,-1.7409238479284936,1.604242362704643,1.595034654939397,0.5151531645143198,-0.041015237421866746,-0.013892820845874865,-0.03633775502652194,0.055117497777980924,0.003543018381548489,-0.041573742782504926,0.027385183616818465,-0.4387930909428611,0.5001226955627439
29.182295410000002,-0.23034855467821164,1.719620552112453,-1.736602605734358,1.5975522242279696,1.5945502579145394,0.5203699164821093,-0.23574332237166867,1.7173608897716093,-1.7412150940117543,1.6046691690526598,1.5951607335883402,0.5147859335280839,-0.03895574890451344,-0.011623892818282234,-0.035098571257605966,0.05194099853935124,0.004241150082346221,-0.040107666210829694,0.027226859197813584,-0.438868771505947,0.500003002952499
29.190342737,-0.23066271394357057,1.7195158323573334,-1.736899311707197,1.5979361966634085,1.5945851644995792,0.5200557572167503,-0.23609055234171647,1.717004090133064,-1.741359802997645,1.6051642775738668,1.5950818091040395,0.5145385550155424,-0.03829252378875559,-0.010367255756846317,-0.03546509040052478,0.05194099853935124,0.005497787143782138,-0.04077089132658753,0.027080839887485827,-0.4389140380156627,0.4998605845368755
29.198322119,-0.23097687320892954,1.7194460191872536,-1.7371785643875162,1.598355075683887,1.594620071084619,0.5197241446588714,-0.2363397585124616,1.716981201285222,-1.741643195702523,1.6055742603196208,1.595213926163704,0.5141767388302948,-0.04174827570770436,-0.018517943363659833,-0.033894294073729875,0.05630432166933707,0.0021467549799530253,-0.04071853144902771,0.026949851877527808,-0.43896157732743984,0.4997204663904513
29.206337511,-0.23132593905932844,1.719306392847094,-1.7374927236528752,1.5988088612894056,1.594637524377139,0.5193925321009925,-0.2365648988624162,1.7168834502288959,-1.7417672969214149,1.6058091302494562,1.59520327108348,0.5139956341962638,-0.04084070449666731,-0.01691224045182505,-0.03427826650916863,0.056007615696498037,0.003577924966588375,-0.041329396687225725,0.026811612668683364,-0.43902865891358833,0.4996013268832229
29.214349785000003,-0.2316226450321675,1.7192365796770142,-1.7377545230406741,1.5991928337248444,1.5946724309621791,0.5190783728356335,-0.23681090523693016,1.716851814246868,-1.7420437037523473,1.6062155064446162,1.5953333516607313,0.5136393725384701,-0.0411199571769864,-0.019704767255015982,-0.032637657012293965,0.056548667764616284,0.0021467549799530253,-0.0402298392584693,0.026655407772687958,-0.43909488461054674,0.49944663588633764
29.222355365000002,-0.23193680429752644,1.7191318599218943,-1.7380512290135133,1.599629166037843,1.5947073375472192,0.5187467602777547,-0.2371180041885093,1.716580533079636,-1.7421672944082953,1.6066008922480697,1.5952770219002963,0.5134247123098594,-0.04024729255098924,-0.018099064343181197,-0.033056536032772595,0.05625196179177724,0.0035953782591083183,-0.0408756110817072,0.026527458138451372,-0.43915490431156545,0.49933327010748363
29.2303627,-0.2322509635628854,1.719027140166775,-1.7383304816938323,1.6000829516433615,1.5947073375472192,0.5184326010123956,-0.2376873787939593,1.715873162457103,-1.742347636172353,1.607471294421304,1.5951568911733236,0.513021966518396,-0.039112828537192924,-0.017627825445142728,-0.03131120678077827,0.053633967913785746,0.00301941960595019,-0.03904301536711315,0.02638867991407561,-0.4392231696030642,0.4991961319091776
29.238352095000003,-0.23258257612076436,1.7188700605340954,-1.7386097343741511,1.60051928395636,1.594742244132259,0.5181184417470366,-0.2379320163477537,1.7158130907092204,-1.742613097683441,1.6078916980107167,1.5952908117236109,0.512661768458945,-0.03832743037379548,-0.01621410875102732,-0.03174753909377685,0.05344198169606637,0.004380776422505768,-0.03968878719035105,0.02623856329815487,-0.4392992277107303,0.4990701914817621
29.246301076,-0.23291418867864327,1.7187304341939358,-1.7388715337619502,1.6009905228543984,1.5947771507172985,0.5177693758966379,-0.23822894279833573,1.7156001162505048,-1.7427985993814052,1.608347573772946,1.5953384449665575,0.5123518044527721,-0.03808308427851627,-0.01741838593490341,-0.030211649352021846,0.05251695719250937,0.0034033920413889425,-0.03834488366631542,0.026092544663371006,-0.4393753099327397,0.4989209494286556
29.25436631,-0.23324580123652222,1.7185908078537766,-1.7391333331497496,1.601444308459917,1.5948295105948584,0.5174377633387588,-0.23848205109632117,1.7155180019639111,-1.7430621508038135,1.6087837653780763,1.595465926893185,0.511989786046893,-0.04134684997974567,-0.024452062820440556,-0.029391344603584505,0.05797983775125163,0.0014835298641951804,-0.039426987802551904,0.025940763738311116,-0.43947155050524855,0.49878853679274227
29.262354526000003,-0.23355996050188116,1.7184511815136168,-1.7393951325375487,1.6018980940654355,1.5948469638873783,0.5171410573659198,-0.23881099785392826,1.7151616062243082,-1.7431930375483868,1.6092650642147377,1.5953954475664758,0.5117628105734956,-0.04038691889114879,-0.022794000031045942,-0.02986258350162298,0.057560958730772986,0.0029845130209103033,-0.04005530633326986,0.025799106010427942,-0.4395607616996779,0.49865677502288475
29.270392957000002,-0.23383921318220027,1.7182941018809372,-1.739622025340308,1.6023169730859141,1.5948644171798985,0.5168268981005608,-0.2390412376647507,1.7151049561120522,-1.7434441439818604,1.6096596529489655,1.5955288538314176,0.5114180696192818,-0.039496800972631675,-0.02129301687433082,-0.03029891581462156,0.05717698629533423,0.004328416544945937,-0.04063126498642799,0.025651503711265015,-0.43964721560571673,0.49852389160398086
29.278370036000002,-0.23418827903259912,1.7181370222482577,-1.739901278020627,1.6027358521063926,1.5948993237649383,0.516495285542682,-0.23914577983290491,1.7151960404589555,-1.743537248037283,1.6097025784038779,1.5955546654921708,0.5113230494487098,-0.03928736146239235,-0.021956241990088665,-0.029513517651224112,0.05715953300281429,0.0044156830075456534,-0.04038691889114879,0.025519490761400844,-0.4397302633883179,0.49839715924651506
29.286335920000003,-0.23451989159047804,1.7179624893230583,-1.7401281708233862,1.6031721844193916,1.5949342303499778,0.516163672984803,-0.23939945889342829,1.7150819661178154,-1.7437829384746342,1.610145467518297,1.5956783570691395,0.5109657135410394,-0.03954916085019151,-0.024294983187761066,-0.028204520712228367,0.05749114556069321,0.003001966313430246,-0.039165188414752757,0.025366296754221373,-0.43980056313533417,0.49824467386572596
29.294303091000003,-0.23483405085583703,1.7177705031053392,-1.7403725169186655,1.60364342331743,1.5949342303499778,0.515849513719444,-0.23995218465829482,1.7142480661482795,-1.7438683887349227,1.6110877663171876,1.595556205357513,0.5105975573075303,-0.03867649622419434,-0.022863813201125717,-0.028640853025226946,0.05708971983273452,0.004363323129985824,-0.03975860036043082,0.02521624683474742,-0.4398954965210488,0.4981124981341052
29.302314934,-0.23513075682867604,1.7175785168876194,-1.740616863013945,1.6040972089229484,1.594986590227538,0.5155179011615652,-0.24015113650826925,1.7141251731830025,-1.7439460076897062,1.6113150577530233,1.5955467407554609,0.5104430858333235,-0.036250488563922226,-0.01960004749989632,-0.026982790235832332,0.05209807817203073,0.004171336912266447,-0.03703588672731967,0.02505888140357717,-0.43999453725346593,0.4979669710869004
29.310338220000002,-0.23544491609403506,1.7174214372549401,-1.7408263025241844,1.6045509945284666,1.5950389501050979,0.5151688353111662,-0.2403744308163206,1.7140384995960696,-1.744178265701091,1.61171415886198,1.5956807537427387,0.5101012782697911,-0.03555235686312449,-0.01848303677861995,-0.027436575841350862,0.05190609195431136,0.005393067388662479,-0.03768165855055757,0.024932384740283645,-0.4400892124914519,0.4978253612758445
29.318340691000003,-0.235759075359394,1.7172119977447007,-1.7410706486194636,1.6050222334265054,1.5950564033976178,0.5148721293383272,-0.2405946430939123,1.713929308466069,-1.744332836448645,1.612036807685748,1.5957541778682482,0.5098363435615718,-0.03892084231947355,-0.026895523773232618,-0.025918139392115794,0.05853834311188981,0.003420845333908886,-0.038641589639154456,0.024789089978450824,-0.4402009822953504,0.49770583477313834
29.326360923000003,-0.236073234624753,1.7170374648195015,-1.7412800881297026,1.6054760190320239,1.5950913099826576,0.5145405167804483,-0.24081222791481688,1.7138436163801534,-1.744556190733149,1.6124239137280003,1.5958813866726422,0.5095066351121984,-0.037629298672997746,-0.02588323280707591,-0.02432988977280095,0.05567600313861911,0.002897246558310587,-0.03675663404700058,0.024637770933047025,-0.44030162223407215,0.4975561895514791
29.334330137000002,-0.23636994059759203,1.716845478601782,-1.7415069809324621,1.6058948980525025,1.5951262165676976,0.5142089042225694,-0.24098043945570974,1.7137457854186093,-1.744632611746367,1.6126403349656686,1.595872445261765,0.5093681132668872,-0.03677408733952053,-0.024504422698000388,-0.02483603525587931,0.05523967082562053,0.004223696789826277,-0.03736749928519859,0.024492841449229318,-0.4404081599880272,0.49743347530081633
29.342356801,-0.23664919327791115,1.7166883989691024,-1.7416989671501815,1.606331230365501,1.5951785764452575,0.5139121982497303,-0.24119576366494375,1.7136580272530064,-1.74484839137547,1.6130200827859493,1.5959984459099803,0.5090439849880355,-0.035866516128483475,-0.02350958502436362,-0.02422517001768129,0.05373868766890541,0.00460766922526503,-0.03686135380212024,0.024358188233256008,-0.44049783000515075,0.49729275513278925
29.350304905,-0.2369284459582302,1.7164789594588632,-1.7419433132454607,1.6067675626784998,1.595213483030297,0.5136154922768913,-0.24140506673117143,1.7134814784796257,-1.7449192103009494,1.613311688462778,1.59598958518987,0.5088759186477579,-0.03511602455012591,-0.022322761133007473,-0.02469640891571976,0.053389621818506545,0.005759586531581288,-0.037419859162758425,0.024234348290614192,-0.4406045971799426,0.49718172708132535
29.358315308,-0.23724260522358923,1.7162869732411439,-1.74211784617066,1.6072038949914982,1.5952309363228172,0.5133187863040523,-0.24164836901200454,1.7133161500980316,-1.7451262033888564,1.613752749272128,1.5961067246871858,0.5085352885606962,-0.033807027611130164,-0.021415189921970425,-0.023195425759004636,0.050858894403114766,0.005009094953223725,-0.03544763710800483,0.024106909816496377,-0.440692199689183,0.4970297119492081
29.366319116000003,-0.23753931119642827,1.7160775337309044,-1.7423098323883794,1.6076925871820569,1.595265842907857,0.5130220803312132,-0.2424012401359432,1.7118780836445513,-1.7451458571942453,1.6151792026653058,1.5959510084987447,0.5080158519924721,-0.03314380249537232,-0.020367992370773826,-0.023649211364523165,0.05059709501531561,0.006108652381980153,-0.03600614246864302,0.023951962304095617,-0.44080741113463645,0.49691411013805653
29.374380502,-0.23781856387674732,1.7158855475131853,-1.7425192718986184,1.6080940129100154,1.5953182027854171,0.5127253743583742,-0.24270074360748511,1.7114451585169501,-1.7451849800034211,1.6156962822574947,1.5959161244467939,0.5078075956690145,-0.03255039054969425,-0.020612338466053034,-0.022200588085367873,0.049270644783799916,0.005340707511102648,-0.034540065896967787,0.023808381969905288,-0.44093441860991406,0.49678759738290423
29.382317928000003,-0.23808036326454649,1.715693561295466,-1.742693804823818,1.6084954386379742,1.5953531093704567,0.5124112150930152,-0.24291337417544107,1.711295691642538,-1.7453797904464863,1.616101856174557,1.5960430586066223,0.5074831351346903,-0.031956978604016174,-0.019634954084936207,-0.02267182698340634,0.049043751981040655,0.006387905062299246,-0.03513347784264585,0.02368979377145645,-0.44102220738299147,0.4966547568609687
29.390426553,-0.23835961594486557,1.7155015750777463,-1.7428857910415376,1.608879411073413,1.5954054692480166,0.5120970558276562,-0.2431545564327854,1.7110167910042071,-1.7454747341693568,1.6165230941458084,1.5960878123093667,0.5072310411061572,-0.037960911230876665,-0.03497639820996636,-0.020821777976292352,0.06150540284028017,0.003961897402027128,-0.038100537571036215,0.023564962677509006,-0.4411234046298372,0.4965324305523404
29.398331212000002,-0.23862141533266473,1.7153270421525473,-1.743042870674217,1.6092808368013714,1.5954578291255763,0.5118003498548173,-0.24338460245500673,1.7108411868518156,-1.745677717456314,1.6169660624420887,1.596220709975514,0.5068851354825246,-0.03792600464583678,-0.03691371367968007,-0.01918116847941768,0.06178465552059926,0.0030368728984701333,-0.03680899392456041,0.023448784608447924,-0.44121008764359937,0.49640876410473017
29.406300440000003,-0.23888321472046387,1.7151525092273476,-1.7432174035994166,1.60964735594429,1.595510189003136,0.511521097174498,-0.24367496502848526,1.710409602469722,-1.7456873464616927,1.6174563333836776,1.5961709403581812,0.5067013605506547,-0.03691371367968007,-0.035185837720205684,-0.019792033717615693,0.060859631017042275,0.0042935099599060505,-0.03729768611511882,0.023332146639233844,-0.44131709450590906,0.4963054086620173
29.414310701,-0.2391275608157431,1.714995429594668,-1.7433919365246155,1.610066234964769,1.5955450955881763,0.5112243912016591,-0.24395520555432162,1.7099934613280805,-1.7456919418164183,1.6179127106788578,1.5961465594175104,0.5064860297837025,-0.03647738136668148,-0.03536037064540511,-0.019128808601857852,0.06040584541152374,0.00445058959258554,-0.036948620264719956,0.023218800150795135,-0.4414065128256974,0.4961902500365569
29.422337362,-0.2394068134960622,1.714751083499389,-1.743601376034855,1.6105374738628073,1.595614908758256,0.51092768522882,-0.24416141963120894,1.709814905871104,-1.7458713943297568,1.6183232752284693,1.5962738076841685,0.5061671857096597,-0.03555235686312449,-0.0338244809036501,-0.019687313962496036,0.05960299395560636,0.005585053606381855,-0.03738495257771854,0.02310314702151234,-0.4415123261015253,0.49608592422824216
29.430344127,-0.2396860661763813,1.7144718308190698,-1.7437410023750146,1.611026166053366,1.5956672686358158,0.5105960726709411,-0.24439414737463536,1.7095126535788734,-1.7459658932647277,1.618757085787135,1.5963364480797952,0.5059027759964632,-0.03563962332572421,-0.03565707661824415,-0.01801179788058148,0.05977752688080578,0.00450294947014537,-0.03605850234620284,0.022982616280104156,-0.441631858343366,0.49593800484454825
29.438328255000002,-0.2399827721492203,1.7141925781387506,-1.7438806287151742,1.6115148582439243,1.5956847219283359,0.510281913405582,-0.2446005420699298,1.7093189998122797,-1.7461352128105028,1.6191705131154175,1.5964565708907932,0.5055920191730359,-0.03562217003320427,-0.03733259270015871,-0.01626646862858715,0.05953318078552658,0.003682644721708035,-0.03511602455012591,0.022845554606409375,-0.44178353263865316,0.4958088018998101
29.446338259,-0.2402620248295394,1.7139133254584316,-1.7440202550553336,1.6119860971419626,1.5957370818058956,0.5099677541402232,-0.24486025743164117,1.7088945549307366,-1.7461119183319151,1.6196337204729399,1.596412363760657,0.5054282888617609,-0.03469714552964727,-0.035866516128483475,-0.01691224045182505,0.05878268920716901,0.0048520153205442364,-0.03560471674068432,0.022690879412120436,-0.44193143374759597,0.4956799374738406
29.454302129000002,-0.24057618409489837,1.7136166194855926,-1.7441773346880132,1.6124747893325213,1.5957719883909354,0.5096885014599041,-0.2451256399886008,1.7084632812564733,-1.7461156175148989,1.6201370551940626,1.5964081403852568,0.505217903246037,-0.034208453339088854,-0.03612831551628262,-0.016371188383706808,0.05838126347921032,0.0050789081233034985,-0.03532546406036523,0.02255568448019941,-0.44207557252969315,0.49554813962360794
29.462309171,-0.2408379834826975,1.7133199135127535,-1.7443344143206925,1.6129634815230796,1.595824348268495,0.5094267020721049,-0.2453186464090148,1.7082672984158924,-1.7462770851172993,1.6205359658710194,1.5965317105164454,0.5049145971899796,-0.03338814859065153,-0.03483677186980682,-0.016964600329384884,0.057718038363452476,0.006108652381980153,-0.03576179637336381,0.022404033302613258,-0.44221665541672417,0.4954055731174956
29.470297291,-0.24109978287049666,1.7130057542473944,-1.7445089472458923,1.6133998138360783,1.595859254853535,0.5091474493917858,-0.2454954577910848,1.7080920610875625,-1.7463689802304443,1.6208605180554418,1.5965986943736719,0.5046831547304295,-0.03328342883553186,-0.03645992807416154,-0.015132004614790836,0.057665678485892644,0.005026548245743668,-0.03431317309420852,0.02227793737013159,-0.4423583790771205,0.4952591758053361
29.478348063000002,-0.24141394213585568,1.7127265015670756,-1.7446311202935318,1.6138885060266366,1.595859254853535,0.5088332901264269,-0.24569541648963997,1.707864814267506,-1.746517708680909,1.6212767828000192,1.5967164760880594,0.5043833739312756,-0.03335324200561164,-0.03827507049623565,-0.0136659280431156,0.058259090431570716,0.0044156830075456534,-0.033510321638291124,0.022147938478050928,-0.44247542384694066,0.4950950705839091
29.486306533,-0.2416757415236548,1.7124472488867564,-1.7447532933411714,1.6143771982171948,1.595929068023615,0.5085365841535878,-0.24599836753957602,1.7072237460502395,-1.7464574557715007,1.6219028088121041,1.596688899042038,0.5041767405238955,-0.0325329372571743,-0.03705334001983962,-0.014329153158873445,0.05759586531581287,0.005480333851262195,-0.03399901382884954,0.02197901542390983,-0.4426286841329409,0.4949749815047582
29.494315245000003,-0.24195499420397387,1.7121679962064371,-1.744875466388811,1.6148658904077535,1.5959639746086547,0.5082398781807488,-0.24622890012339205,1.7067443024352988,-1.7464137693707942,1.6224188976258207,1.596679441891746,0.504011413839285,-0.03155555287605748,-0.03563962332572421,-0.013997540600994523,0.055955255818938204,0.005689773361501514,-0.0334579617607313,0.021855308306949595,-0.4427872146626038,0.49485506287013686
29.502302739,-0.24221679359177303,1.7118712902335982,-1.744980186143931,1.6153371293057919,1.5960163344862144,0.5079780787929496,-0.24641087148061577,1.7065179633854608,-1.7465566669658557,1.6228125116046108,1.59679943626739,0.5037213909185783,-0.03066543495754037,-0.03436553297176835,-0.013700834628155488,0.05445427266222308,0.005881759579220891,-0.032969269570172884,0.021712850577595085,-0.4429425913800232,0.49473505976618354
29.510290345,-0.2424785929795722,1.7115571309682391,-1.74511981248409,1.6158432747888702,1.5960686943637743,0.5076988261126305,-0.24661636452416805,1.7061281361460598,-1.7466209134275608,1.623246203324751,1.5968516267670951,0.5034862277573331,-0.03159045946109736,-0.03893829561199349,-0.012636183784438945,0.057665678485892644,0.005759586531581288,-0.03328342883553186,0.021582795421886836,-0.4431006017160608,0.4946117369018354
29.518312176000002,-0.24274039236737133,1.71124297170288,-1.7452419855317298,1.6163145136869088,1.5960861476562942,0.5074021201397915,-0.2468706179240214,1.7056839725525468,-1.7465403143528972,1.6237980334993762,1.5968526366277274,0.5032918817802081,-0.0313635666583381,-0.04106759729942658,-0.010838494654884786,0.058398716771730266,0.005026548245743668,-0.032026791774095946,0.021453036575991652,-0.4432562462717394,0.49447096418357506
29.526323818,-0.24301964504769044,1.7109113591450014,-1.7453467052868497,1.6167508459999071,1.5961385075338541,0.5071403207519923,-0.247041220294342,1.7054496033904643,-1.7466682678265344,1.6241808411131964,1.5969709062626112,0.5030161508812264,-0.03057816849494065,-0.03979350694547071,-0.011536626355682518,0.05754350543825305,0.00598647933434055,-0.032463124087094536,0.021313488800577103,-0.44340098079275264,0.49433492549526675
29.534345172000002,-0.24329889772800953,1.7106321064646823,-1.7454514250419693,1.617169725020386,1.5961734141188941,0.5068785213641932,-0.24722734847575925,1.70508201611509,-1.7466862890031483,1.6246250066385717,1.5970355603638329,0.5028034504838433,-0.030054569719342356,-0.040491638646268445,-0.011344640137963142,0.05707226654021458,0.006073745796940267,-0.03220132469929538,0.021181260358959935,-0.44354206015279485,0.4941977119457562
29.542292562,-0.2435606971158087,1.7103179471993233,-1.7455561447970886,1.6176409639184244,1.5962257739964538,0.5065992686838741,-0.24740217088463823,1.704827406636203,-1.746805778633315,1.6250241666919583,1.5971516518105107,0.5025260121738594,-0.03029891581462156,-0.04206243497306335,-0.00921533845053006,0.058328903601650495,0.005445427266222308,-0.031415926535897934,0.02103953111123039,-0.44368105524188994,0.49407432269193663
29.550334967,-0.2438050432110879,1.7100037879339642,-1.7456259579671685,1.6181296561089829,1.5962781338740137,0.5063374692960749,-0.24762617096857886,1.7043172667997812,-1.7467098284328941,1.6255681761978276,1.5971378876347462,0.5023687143283673,-0.02949606435870417,-0.040858157789187256,-0.009913470151327791,0.0574038790980935,0.006352998477259359,-0.03178244567881674,0.02091209868190301,-0.4438362942331835,0.4939486024382511
29.558299884,-0.2440493893063671,1.709724535253645,-1.745730677722288,1.6185659884219812,1.5963130404590538,0.5060931232007957,-0.24785522471717983,1.7037908355660636,-1.7466066536264042,1.6260757048012906,1.5971555803771749,0.5022017010145675,-0.028955012290585926,-0.04143411644234539,-0.00916297857297023,0.05731661263549378,0.006492624817418905,-0.03129375348825832,0.020782641245641796,-0.4440148662740539,0.49383594546519144
29.566301313,-0.24431118869416624,1.7094103759882862,-1.745817944184888,1.6190546806125399,1.5963479470440936,0.5058487771055166,-0.24801156532205604,1.7035303399164785,-1.7467143240107232,1.6264511242844506,1.5972705908827196,0.5019412117180874,-0.02822197400474831,-0.04031710572106901,-0.009826203688728075,0.05644394800949662,0.007278022980816354,-0.031625366046137256,0.020657516727543457,-0.44415548525578447,0.49371910215311304
29.574323357,-0.2445729880819654,1.7090787634304074,-1.7458877573549678,1.619508466218058,1.5964003069216532,0.5055869777177173,-0.24818070798163508,1.7031054608088725,-1.74676560761529,1.6268694511599207,1.5973434421488155,0.5017292941777437,-0.028239427297268253,-0.04251622057858187,-0.007819075048934596,0.05759586531581287,0.006440264939859076,-0.030560715202420707,0.02051608841574647,-0.4443263647848433,0.49359877381306205
29.582313342000003,-0.24479988088472465,1.7087122442874887,-1.7459750238175675,1.6199797051160967,1.596470120091733,0.5053426316224382,-0.24833490816964482,1.7028331048147958,-1.7468605771559262,1.627248049104582,1.597453390542646,0.5014774581876066,-0.028274333882308142,-0.044732788728614664,-0.005777039824101231,0.05810201079889124,0.0059690260418206065,-0.029548424236264,0.02038667464534603,-0.4444892902534394,0.4934766328948988
29.590323174,-0.2450616802725238,1.7083631784370896,-1.746062290280167,1.6204160374290952,1.596505026676773,0.5050808322346391,-0.24854788344761064,1.7023439842002566,-1.7466936430064153,1.6278201553400407,1.5974563540257407,0.5013355225717728,-0.027488935718910687,-0.04352851154473858,-0.006544984694978735,0.057107173125254464,0.006789330790257941,-0.029897490086662867,0.020275236024485107,-0.4446532329860702,0.49333371336562565
29.598307595,-0.24528857307528307,1.7080315658792105,-1.7461321034502468,1.620887276327134,1.5965922931393726,0.5048539394318797,-0.24869706580436515,1.7020631115596734,-1.746777623573707,1.6281964453993143,1.5975654992864379,0.5010896176400691,-0.026895523773232618,-0.04447098934081551,-0.00645771823237902,0.056635934227215995,0.0069464104229374326,-0.029513517651224112,0.020143370023174966,-0.4448007535972678,0.49319699998950517
29.606310631000003,-0.24549801258552242,1.7076650467362917,-1.746184463327807,1.6213061553476125,1.5966271997244128,0.5046270466291205,-0.24889647653132727,1.7015329053092056,-1.7466327932432824,1.628741525590221,1.5975823538545306,0.5009506899739175,-0.02617993877991494,-0.043406338497098976,-0.007173303225696694,0.05569345643113906,0.007661995416255106,-0.02981022362406315,0.020036377238836788,-0.44497579811000304,0.49307438672265747
29.614291955000002,-0.24572490538828168,1.707298527593373,-1.7462542764978866,1.6217599409531311,1.5966970128944922,0.5044001538263613,-0.24904072989375634,1.7012362125021894,-1.7467063909289355,1.6291193757791094,1.5976906135473044,0.5007095645132126,-0.026249751949994717,-0.045134214456573354,-0.0044156830075456534,0.05722934617289407,0.006894050545377602,-0.028588493147667114,0.019924074365374883,-0.4451287143064363,0.4929434586479863
29.622348161,-0.24596925148356086,1.7069669150354942,-1.7462891830829266,1.6222137265586494,1.596749372772052,0.504155807731082,-0.24922609134893295,1.700659988915552,-1.7465859455205959,1.6296385822933719,1.5977132452145733,0.5005715099350727,-0.02553416695667704,-0.04408701690537676,-0.005148721293383272,0.05625196179177724,0.007609635538695277,-0.028902652413026093,0.019812227097816458,-0.44529545223716344,0.49280817292612805
29.630334656000002,-0.24616123770128023,1.7066003958925755,-1.7463240896679664,1.622684965456688,1.5968191859421321,0.5039463682208426,-0.2493629703226256,1.700353072750381,-1.746647472119648,1.630013053007224,1.5978182782407473,0.5003406628585163,-0.025499260371637158,-0.04626867847036967,-0.002844886680750757,0.05742133239061344,0.007016223593017205,-0.02775073510670984,0.019686935593391002,-0.4454727933375463,0.492702890882599
29.638320555000004,-0.2463881305040395,1.7062513300421764,-1.746358996253006,1.6231038444771666,1.596854092527172,0.5037020221255635,-0.24952950397363732,1.6998074622133117,-1.7464770184757306,1.6305297420166687,1.5978347572890692,0.5002353694610928,-0.024783675378319478,-0.04520402762665313,-0.0035953782591083183,0.05637413483941684,0.007696902001294993,-0.02806489437206882,0.01959149264787215,-0.4456486431061662,0.4925907089898646
29.646349115000003,-0.2465801167217589,1.7058848108992575,-1.7464113561305659,1.623557630082685,1.5969064524047316,0.5034576760302844,-0.2496670621604083,1.6994785930202132,-1.7465370352467813,1.6309165500595824,1.5979438531432615,0.49999804152132854,-0.024661502330679878,-0.04783947479716458,-0.0017278759594743865,0.05722934617289407,0.00715584993317675,-0.026965336943312393,0.019463982337842068,-0.4458173187011706,0.49246835767826086
29.654326045,-0.24680700952451815,1.7055182917563387,-1.746463716008126,1.623959055810644,1.5969762655748114,0.5032482365200449,-0.2498391731041222,1.6989014945651162,-1.7464056810397128,1.6314277393357293,1.5979730225189652,0.499879218253343,-0.0239459173373622,-0.046739917368408136,-0.002478367537831948,0.05612978874413764,0.00778416846389471,-0.027244589623631483,0.01936110188903746,-0.4459845319677993,0.4923399679767445
29.662322842000002,-0.2469989957422375,1.7051343193209003,-1.7464986225931656,1.6243604815386024,1.5970286254523711,0.5030213437172857,-0.24995968325650852,1.69860065370718,-1.7464602019870519,1.6317763560157565,1.598073779247574,0.4996614856433713,-0.02377138441216277,-0.049096111858600494,-0.00013962634015954637,0.05726425275793395,0.007243116395776467,-0.02600540585471551,0.019255294092426357,-0.44613478100451176,0.49220607459206117
29.670304574000003,-0.24720843525247682,1.7047852534705012,-1.7465335291782058,1.6247793605590812,1.597115891914971,0.5028293574995664,-0.25007809903543676,1.6983664557152274,-1.7463377723867564,1.6320710300263233,1.5980790313832367,0.4995853806983175,-0.023073252711365035,-0.048014007722364,-0.0009424777960769379,0.05614724203665758,0.007836528341454539,-0.026302111827554542,0.019155451922539105,-0.44629124679965804,0.4920731162483068
29.678313841,-0.2474004214701962,1.7043838277425425,-1.7465335291782058,1.62519823957956,1.5971333452074912,0.502619917989327,-0.2503032106596025,1.6974375463592477,-1.7460715754650906,1.6328838415995577,1.598126116906781,0.4994276306146696,-0.022968532956245378,-0.05042256209011617,0.0007853981633974483,0.05698500007761486,0.007400196028455957,-0.02518510110627818,0.01905768323260991,-0.4464585450172075,0.4919555985905041
29.686346771,-0.24760986098043553,1.7039998553071039,-1.7465335291782058,1.6256694784775985,1.5972206116700907,0.5024104784790877,-0.25041400741891967,1.697100361738179,-1.7461097583232446,1.633238310915223,1.5982255392754787,0.4992190023782783,-0.022252947962927698,-0.049340457953879695,-1.7453292519943296e-05,0.05585053606381855,0.0079412480965742,-0.02548180707911721,0.01894125883045346,-0.4466312659310527,0.4918354692682435
29.694353028000002,-0.2478018471981549,1.703668242749225,-1.7465509824707255,1.6261058107905968,1.5972555182551307,0.5022010389688484,-0.25053257151255764,1.696588784434775,-1.74608528702538,1.6336347237100424,1.5982949363098857,0.49905993010224065,-0.021485003092050196,-0.046931903586127525,0.001239183768915974,0.05366887449882564,0.007243116395776467,-0.0239459173373622,0.0188359962316824,-0.44683156660953166,0.49172714296351205
29.702290145000003,-0.24797638012335435,1.7032668170212661,-1.7465335291782058,1.6265770496886354,1.5973078781326904,0.501974146166089,-0.2506422831742957,1.6962397676578524,-1.746109753514009,1.6339961640855598,1.5983908544867216,0.4988590405199591,-0.022165681500327987,-0.05368632779134557,0.0043982297150257105,0.05836381018669038,0.0070685834705770355,-0.02350958502436362,0.01872529909006105,-0.4470064070060208,0.49162826137219223
29.710299899000002,-0.2481683663410737,1.7028828445858273,-1.7465335291782058,1.6270482885866737,1.5973951445952903,0.5017821599483697,-0.2508172900560624,1.6956826167551515,-1.7458126477683094,1.6345894114465667,1.5984066699793953,0.4987696993089766,-0.021415189921970425,-0.05253441048502932,0.0035081117965086025,0.05708971983273452,0.007592182246175334,-0.023806290997202655,0.018620989737887946,-0.44721159847985686,0.49151971212196743
29.718346917,-0.24834289926627315,1.7024988721503889,-1.7465335291782058,1.6275020741921922,1.59744750447285,0.5015901737306504,-0.25097513970837104,1.6951243322611997,-1.745641073180373,1.6351292135907987,1.5984433232945834,0.49866277206400106,-0.020821777976292352,-0.05368632779134557,0.003525565089028546,0.05642649471697668,0.007661995416255106,-0.023404865269243957,0.018525409005601148,-0.4474089374806709,0.49141236111906544
29.726296214,-0.2485174321914726,1.70211489971495,-1.7465335291782058,1.6279034999201512,1.59749986435041,0.501398187512931,-0.25107317163205173,1.6947543334873478,-1.7456567517538952,1.6354897387307301,1.5985392262948028,0.4984664387316271,-0.02012364627549462,-0.05263913024014898,0.002670353755551324,0.05523967082562053,0.008133234314293575,-0.023649211364523165,0.01842443018574455,-0.44759797984204186,0.4913005013719864
29.734352716000004,-0.24869196511667202,1.7016960206944711,-1.7465160758856857,1.6283572855256696,1.5975696775204897,0.5012062012952115,-0.2511755854048523,1.6942320395207469,-1.745624305414624,1.6358989591381832,1.598605645783517,0.4983148879840543,-0.02028072590817411,-0.054122660104344154,0.005881759579220891,0.05693264020005503,0.007539822368615503,-0.022479840765686963,0.01832865169235376,-0.44776857393689595,0.4911834346460213
29.742319396000003,-0.24886649804187147,1.7012771416739927,-1.7464986225931656,1.628845977716228,1.597639490690569,0.5010316683700122,-0.2512711537919833,1.693859258895663,-1.7456294155923036,1.6362578295552952,1.59869707413407,0.49813008793042757,-0.020315632493213994,-0.0558330827712986,0.007470009198535731,0.058171823968971005,0.007260569688296411,-0.021642082724729686,0.01823353878921092,-0.4479661048992163,0.4910672978552446
29.750364251,-0.24905848425959082,1.7008757159460342,-1.7464986225931656,1.6292823100292266,1.5977267571531693,0.5008571354448127,-0.25142893626836876,1.6933034691412472,-1.7453909101626952,1.636851821403403,1.5987288768667476,0.4980386410018974,-0.019547687622336492,-0.05475097863506211,0.006562437987498679,0.05684537373745531,0.007679448708775049,-0.021886428820008894,0.018134844846700478,-0.4481764087073803,0.4909537254380262
29.758614074,-0.24921556389227031,1.7004742902180754,-1.7465160758856857,1.6297360956347449,1.5977791170307292,0.5006476959345735,-0.25152439555958556,1.6928958971390546,-1.745376664632145,1.6372285762545675,1.598818809012616,0.49785656416156887,-0.018936822384138473,-0.0558330827712986,0.006370451769779303,0.05637413483941684,0.007714355293814937,-0.021589722847169857,0.018038248578543033,-0.44836895098731555,0.4908282919204252
29.766331342,-0.24935519023242989,1.700003051320037,-1.746481169300646,1.6302247878253036,1.5978489302008085,0.500473163009374,-0.2516573393538224,1.6922859600687927,-1.7451694390373673,1.6377543134701402,1.5988521004880885,0.4977773001440618,-0.01825614397586069,-0.05485569839018177,0.005550147021341968,0.05515240436302082,0.008115781021773634,-0.021799162357409176,0.017949815682462567,-0.44854804223748984,0.4907046029203383
29.774321625000002,-0.2494948165725894,1.699566719007038,-1.7464462627156059,1.630643666845782,1.5979187433708884,0.5002986300841745,-0.2517919429390399,1.6916621993377976,-1.745013797208436,1.638291416594803,1.5989040963365373,0.49769519372156557,-0.017627825445142728,-0.05398303376418461,0.004799655442984407,0.05405284693426439,0.008464846872172499,-0.022008601867648494,0.01786438014703139,-0.44876577761064673,0.49057676868720934
29.782313306000002,-0.24966934949778882,1.6991303866940395,-1.7464288094230858,1.6311323590363405,1.5980060098334883,0.5001066438664552,-0.2518661799303047,1.6912795830017262,-1.7450069176626588,1.6386235576898156,1.5989875534061344,0.49752704188739405,-0.017819811662862103,-0.05558873667601939,0.0074176493209759005,0.05605997557405787,0.007958701389094143,-0.020891591146372124,0.01778605245201232,-0.44895490590392567,0.4904578357101106
29.790283866000003,-0.24982642913046832,1.698694054381041,-1.746376449545526,1.631586144641859,1.5980409164185283,0.4999495642337757,-0.2519499855040706,1.6909870501806548,-1.744950853101444,1.6389462610028864,1.5990398834771498,0.4973983682122886,-0.01774999849278233,-0.057700585070932536,0.00921533845053006,0.05714207971029435,0.007609635538695277,-0.019931660057775243,0.017691491861083836,-0.4491705212365017,0.4903363350783441
29.798322899000002,-0.24998350876314782,1.6982228154830028,-1.746358996253006,1.6320224769548575,1.598110729588608,0.49975757801605636,-0.2520260063282933,1.6905717756713188,-1.7449211320587743,1.639301161277117,1.5991220733935585,0.49723666818472945,-0.017715091907742442,-0.05970771371072601,0.0102799892942466,0.05818927726149095,0.007470009198535731,-0.01895427567665842,0.0175883867854856,-0.44937544846904365,0.49022679181788426
29.806302194,-0.25010568181078746,1.6978213897550438,-1.7463240896679664,1.632458809267856,1.5981979960512074,0.4995830450908568,-0.25216155418095854,1.6897518273117889,-1.7445974423135735,1.6400166183111309,1.599166562443679,0.4971608525861503,-0.016947147036864937,-0.05876523591464907,0.009389871375729494,0.056740653982335645,0.00778416846389471,-0.019198621771937627,0.01750442981293763,-0.4495624436465659,0.4900887705066159
29.814345848000002,-0.2502453081509469,1.6973850574420453,-1.7462542764978866,1.632877688288335,1.5982329026362474,0.49942596545817736,-0.25223282077107234,1.689331111725756,-1.7445668870726716,1.6403662716118785,1.5992478448881133,0.4970017738591764,-0.01635373509118687,-0.05660102764217611,0.009197885158010117,0.055169857655540756,0.0076270888312152205,-0.018867009214058702,0.0174369024918065,-0.4497619723303255,0.4899845474217491
29.822336240000002,-0.25040238778362645,1.6969138185440067,-1.7462019166203266,1.6333140206013332,1.5983027158063272,0.49926888582549794,-0.25234815002930155,1.6886813623758385,-1.7443628873887926,1.6409231384585052,1.5992913750279008,0.4969347880533229,-0.015690509975429024,-0.055885442648858426,0.008447393579652554,0.053930673886624786,0.007906341511534314,-0.01907644872429802,0.017342602007699454,-0.4499597413648306,0.4898812017988124
29.830332781000003,-0.2505071075387461,1.6964600329384885,-1.7461321034502468,1.6337852594993718,1.598372528976407,0.4991292594853383,-0.25248282312420045,1.6880599306885358,-1.7440845146366788,1.6415308431572326,1.5993488432479863,0.4968402603748292,-0.015865042900628457,-0.06054547175168328,0.011606439525762293,0.05752605214573309,0.007679448708775049,-0.01816887751326097,0.01725060848877007,-0.45017242341763863,0.4897526349244503
29.838307089,-0.2506641871714256,1.6959713407479298,-1.7460273836951274,1.6342564983974104,1.5984248888539667,0.49897217985265885,-0.25254090173745847,1.687624490619932,-1.744039503661423,1.6418669602717468,1.5994243474470449,0.49669480471986754,-0.015201817784870609,-0.05965535383316618,0.0108035880698449,0.05612978874413764,0.007923794804054257,-0.018360863730980347,0.017176488041316114,-0.45039829652706403,0.489646841318742
29.846404145,-0.2507863602190652,1.6955350084349314,-1.7459575705250476,1.634692830710409,1.5984597954390065,0.4988325535124993,-0.2526066283997616,1.687049430224994,-1.7439293121211665,1.6422700856613257,1.599482314921143,0.4965930290856841,-0.01514945790731078,-0.06178465552059926,0.012164944886400474,0.05745623897565333,0.007714355293814937,-0.017453292519943295,0.017070085239019428,-0.45063825680615976,0.48954113273777217
29.854311639000002,-0.25089107997418486,1.6950812228294125,-1.7458877573549678,1.6351117097308876,1.5985296086090863,0.4986754738798198,-0.25266292590481443,1.6866117269688805,-1.7438735955913445,1.6426085010136373,1.5995549984792077,0.49645644737262673,-0.01530653753999027,-0.06314601233715485,0.014294246573833557,0.05911430176504794,0.0076270888312152205,-0.016859880574265223,0.016982718616385954,-0.4508426975576814,0.48943909573339733
29.862357031000002,-0.2510307063143444,1.6945750773463346,-1.7457830375998478,1.6355305887513665,1.5985994217791664,0.49853584753966024,-0.2527765648475596,1.6860064135430743,-1.7435604390877903,1.6432102538864444,1.5995956309735249,0.49640294868647533,-0.014556045961632708,-0.06225589441863774,0.01345648853287628,0.057508598853213154,0.007801621756414652,-0.017016960206944712,0.016916223710106437,-0.45104304754475194,0.4893289565168242
29.870422572000003,-0.25117033265450395,1.6941038384482958,-1.7456783178447284,1.635949467771845,1.5986343283642062,0.4983613146144608,-0.25283084912920745,1.6855387376681585,-1.7434906997119743,1.6435626820859432,1.5996676304127566,0.496267402633863,-0.013980087308474581,-0.0631285590446349,0.013526301702956054,0.05684537373745531,0.007714355293814937,-0.016563174601426187,0.016826175198463317,-0.45126862589508215,0.4892083904548809
29.878353149000002,-0.2512750524096236,1.6936151462577376,-1.7455910513821289,1.6364032533773636,1.598704141534286,0.4982216882743013,-0.2529230250360299,1.684870400983513,-1.7432330463247252,1.6441101183294837,1.599704465376997,0.4962213692276055,-0.013316862192716735,-0.062325707588717506,0.012740903539558606,0.05539675045830002,0.00788888821901437,-0.016702800941585733,0.01672909212866987,-0.4514824459231229,0.4891054064459574
29.886289812,-0.25139722545726323,1.6931264540671793,-1.7454863316270088,1.636874492275402,1.5987739547043656,0.49808206193414173,-0.2530250741664699,1.684220234588069,-1.7429386717657078,1.6446550225999996,1.5997578238393693,0.4961576076036939,-0.013439035240356337,-0.06373942428283291,0.015341444125030157,0.05743878568313338,0.007609635538695277,-0.015760323145508796,0.01665608665955017,-0.4517082390214792,0.48899115392630016
29.894370229000003,-0.25148449191986294,1.6926377618766206,-1.7453641585793693,1.6373457311734405,1.5988437678744454,0.49792498230146226,-0.25306611949650293,1.683750898930725,-1.7428653945549757,1.6449835172640022,1.5998253081203024,0.4960329414463751,-0.012793263417118434,-0.06291911953439558,0.014556045961632708,0.055937802526418265,0.0077492618788548235,-0.015899949485668342,0.016573440706088727,-0.4519483447759211,0.48888702905831033
29.902321476,-0.25160666496750256,1.6921316163935423,-1.7452419855317298,1.637764610193919,1.5988786744594854,0.49780280925382264,-0.25312221781392213,1.6831561978804503,-1.7427408336027461,1.6453605289232638,1.5998840603158906,0.4959329036871497,-0.01267109036947883,-0.06489134158914917,0.016144295580947546,0.05714207971029435,0.007452555906015787,-0.014957471689591403,0.016502002586352645,-0.45219248814190494,0.4887898333176875
29.910390411,-0.2517288380151422,1.6916429242029842,-1.7451372657766102,1.6382183957994376,1.5989484876295652,0.4976806362061831,-0.2531590795978852,1.6827213291737289,-1.742672542117144,1.645665908368546,1.599946739776633,0.49581720305530363,-0.012723450247038663,-0.06649704450098395,0.018203784098300854,0.05827654372409066,0.00736528944341607,-0.014259339988793671,0.01640856556278451,-0.45241579318666986,0.4886795496269557
29.91832836,-0.2518161044777419,1.6911542320124255,-1.7450150927289707,1.6386721814049559,1.599000847507125,0.49754100986602356,-0.25321831056893696,1.6826650257708613,-1.7425516687057983,1.6458425791023827,1.5999473287526131,0.4957890478440654,-0.01202531854624093,-0.06567673975254662,0.01733111947230369,0.05667084081225588,0.007470009198535731,-0.014416419621473161,0.01632863464872753,-0.45264358636341484,0.48857530788196935
29.926324966000003,-0.25193827752538145,1.690665539821867,-1.7449103729738507,1.6391259670104747,1.5990706606772047,0.4974188368183839,-0.2533456326052856,1.6814112391969784,-1.742024410249709,1.6468553376626056,1.600035603906439,0.4957129168206289,-0.011571532940722405,-0.06656685767106373,0.01722639971718403,0.0558330827712986,0.007452555906015787,-0.014206980111233843,0.016251763731530516,-0.4528845894103073,0.4884741410009704
29.934332297,-0.25202554398798116,1.6901593943387887,-1.7447532933411714,1.639579752615993,1.5991230205547646,0.4973141170632642,-0.2533741087983762,1.6809369430954288,-1.7419350439414363,1.6471709300901847,1.6000969685862572,0.4956042530938041,-0.010925761117484502,-0.06583381938522612,0.016406094968746697,0.05436700619962337,0.007539822368615503,-0.0143116998663535,0.016170861987428526,-0.4531152568921844,0.48836947054013924
29.942421147,-0.2521477170356208,1.6896008889781506,-1.7446136670010117,1.6400509915140318,1.5991928337248444,0.4972093973081446,-0.25340325916585954,1.6804657342507048,-1.7418453241646759,1.6474855277197322,1.6001575292520311,0.49549761426708755,-0.010559241974565692,-0.0596204472481263,0.016004669240788003,0.050858894403114766,0.006806784082777885,-0.01329940890019679,0.016091580107256743,-0.45336721033929467,0.4882779376165238
29.950300026,-0.2522349834982205,1.6890947434950723,-1.7444565873683324,1.6405222304120701,1.5992451936024041,0.497087224260505,-0.25344573123467307,1.6800570847312677,-1.741733179311878,1.6477901900166734,1.6001999431352996,0.49543751431805777,-0.011100294042683936,-0.06892305216125606,0.020839231268812295,0.05818927726149095,0.007190756518216637,-0.01291543646475804,0.01600527141113494,-0.4536190194408793,0.4881620782627492
29.958349560000002,-0.25232224996082026,1.6885711447194738,-1.7443169610281726,1.6409585627250687,1.599315006772484,0.49698250450538534,-0.2535678977007554,1.6791404374922334,-1.741261442178787,1.6486353238658498,1.6002571938780439,0.4954190204028661,-0.010419615634406148,-0.06810274741281873,0.01996656664281513,0.05651376117957639,0.007243116395776467,-0.01298524963483781,0.01592517460950931,-0.4538778736337968,0.48807238326704205
29.966342832000002,-0.25242696971593986,1.6880475459438757,-1.7441773346880132,1.6413774417455471,1.5993673666500436,0.4968603314577457,-0.2535883839393648,1.6786382500561947,-1.7411536750327947,1.6489510893788621,1.6003136594061353,0.49532416289010117,-0.009791297103688189,-0.06733480254194124,0.01918116847941768,0.054977871437821374,0.007278022980816354,-0.013055062804917585,0.015856181055826254,-0.454115506887898,0.487964628825616
29.974348365,-0.2524967828860196,1.6875414004607971,-1.7440202550553336,1.641796320766026,1.5994546331126431,0.49673815841010605,-0.25361844324009103,1.677977807746189,-1.7410147092962065,1.6493314688652958,1.6003745239205016,0.49526293302539676,-0.00932005820564972,-0.06541494036474747,0.018395770316020233,0.0529707427980279,0.007086036763096978,-0.012583823906879114,0.015776303302166846,-0.45434828316964393,0.48785496853393917
29.982354359000002,-0.2525840493486194,1.687000348392679,-1.7438806287151742,1.6422326530790246,1.5995069929902033,0.49663343865498644,-0.25363724124883563,1.6774731850614428,-1.7408973380700181,1.6496510210208513,1.6004282898669793,0.49517267630256484,-0.009930923443847734,-0.07021459580773187,0.022375121010567305,0.058171823968971005,0.007086036763096978,-0.011571532940722405,0.015721994804558416,-0.45458553787798556,0.487760941186732
29.990789996,-0.2526713158112191,1.686476749617081,-1.743688642497455,1.6427213452695828,1.5995593528677632,0.49652871889986677,-0.2537216609079608,1.6769063726097122,-1.7405238657804838,1.6502296280107525,1.6004673937518334,0.4951448557912158,-0.009250245035569947,-0.06942919764433443,0.02155481626212997,0.05644394800949662,0.007086036763096978,-0.011623892818282234,0.01565162843645995,-0.4548069902329608,0.48765261399294935
29.998333264000003,-0.25274112898129886,1.6859356975489623,-1.7435315628647756,1.6431576775825814,1.5996117127453229,0.49642399914474716,-0.25373813941048107,1.6763587837705574,-1.7403907269698362,1.6505669005259394,1.6005231599892906,0.4950523255003279,-0.008761552845011535,-0.07070328799829029,0.02118829711921116,0.05565854984609917,0.007138396640656808,-0.011222467090323538,0.015561750300388519,-0.45510105323144373,0.4875693951569124
30.006352089000004,-0.2528109421513786,1.685429552065884,-1.743357029939576,1.6436289164806202,1.5996640726228826,0.4963367326821474,-0.25380902298646923,1.6756830938827367,-1.7401053266529027,1.651073082759151,1.6005802470619104,0.49500677318628955,-0.008133234314293575,-0.07000515629749256,0.020402898955813712,0.05403539364174444,0.007120943348136864,-0.011292280260403314,0.015492165549236233,-0.4553465807364212,0.4874633525113296
30.014328019,-0.2528982086139783,1.684871046705246,-1.7431824970143766,1.644135061963698,1.5997513390854825,0.49624946621954774,-0.25382073029907504,1.6751579868295408,-1.739970283640251,1.65139427798299,1.6006292839262795,0.49492669800638966,-0.008412486994612669,-0.07051130178057091,0.023073252711365035,0.05614724203665758,0.0069464104229374326,-0.01059414855960558,0.015417522854314147,-0.455614221394111,0.48738174453793354
30.022360718,-0.2529854750765781,1.6843299946371275,-1.742990510796657,1.644571394276697,1.5998211522555623,0.49616219975694803,-0.2538907228275947,1.6744966564081007,-1.7396315989352782,1.6519662710174252,1.6006736182270065,0.494899011323511,-0.00778416846389471,-0.06984807666481306,0.022287854547967587,0.05450663253978291,0.006894050545377602,-0.010663961729685353,0.015345238503236366,-0.4558958397271694,0.4872836617956928
30.030328903,-0.2530378349541379,1.6837540359839696,-1.7427985245789377,1.6450251798822153,1.599873512133122,0.4960574800018283,-0.253941401687532,1.6738254796861145,-1.7393767212737796,1.6524824817398684,1.600719066105162,0.49487125018835165,-0.007923794804054257,-0.07129669994396835,0.023631758072003222,0.05546656362837979,0.006928957130417489,-0.010175269539126942,0.015272076134055831,-0.45615590578984444,0.4871920233824454
30.038332210000004,-0.2531076481242177,1.6831780773308114,-1.7426414449462584,1.645478965487734,1.599925872010682,0.49597021353922865,-0.25394073343389834,1.6733064828640256,-1.7392481825748396,1.6527698533024757,1.600762932343688,0.49479957379860523,-0.007278022980816354,-0.07063347482821052,0.02282890661608583,0.05382595413150512,0.0068591439603377154,-0.010192722831646883,0.015206453824228005,-0.4564149858966988,0.4870885229321437
30.046339204000002,-0.25317746129429747,1.6826021186776536,-1.7424669120210587,1.6459327510932524,1.5999956851807617,0.49590040036914884,-0.2539410775668792,1.672799746774981,-1.7391200412344787,1.6530537381351949,1.6008057854786943,0.49472898047941105,-0.0074176493209759005,-0.07166321908688716,0.024661502330679878,0.05543165704333991,0.0067369709126981125,-0.00958185759344887,0.015135399366663782,-0.45666735247064605,0.48696687922417864
30.054281932000002,-0.25322982117185727,1.6820436133170151,-1.7422749258033396,1.646351630113731,1.6000654983508416,0.49581313390654913,-0.25395682514828405,1.6725847998851993,-1.7390237704033882,1.653225946846267,1.6008242125913335,0.4946894221877969,-0.00736528944341607,-0.07290240285580314,0.025411993909037436,0.05646140130201656,0.006632251157578452,-0.008970992355250854,0.015069697647015786,-0.45692829936661883,0.48685390739895157
30.062359522,-0.25329963434193703,1.681467654663857,-1.7420829395856199,1.6468054157192495,1.6001004049358816,0.4957258674439494,-0.2539631958725247,1.672034340375934,-1.7388602533689217,1.6535516781377528,1.6008680309887195,0.4946230069174305,-0.006684611035138282,-0.07227408432508518,0.024591689160600103,0.054646258879942455,0.0065275314024587925,-0.008988445647770796,0.015011683615434054,-0.4571809647511359,0.4867527897895975
30.070365166000002,-0.25338690080453674,1.680891696010699,-1.7418560467828608,1.6472592013247682,1.6001353115209214,0.49565605427386966,-0.2540801370478645,1.6709308971048047,-1.73826612023299,1.654502321444078,1.6009447949321973,0.49460513894743585,-0.006073745796940267,-0.07166321908688716,0.023823744289722597,0.0529707427980279,0.006440264939859076,-0.00900589894029074,0.014929069212357362,-0.4574458566717949,0.4866486202711832
30.078317999000003,-0.25342180738957665,1.6803331906500605,-1.7416989671501815,1.6476606270527268,1.600187671398481,0.4955687878112699,-0.25407784097025715,1.6703982056655113,-1.738106430163695,1.654800552739262,1.6009831931573355,0.49454555429768116,-0.005707226654021458,-0.06729989595690135,0.022706733568446227,0.0499862297771176,0.00603883921190038,-0.008604473212332044,0.014839850939482483,-0.4577169444395564,0.48655961749393395
30.086361893000003,-0.25347416726713645,1.6797397787043826,-1.741489527639942,1.6481318659507653,1.6002400312760408,0.49551642793371004,-0.25413826320379496,1.669689511711524,-1.7377644700793569,1.6553446755760253,1.601035982343809,0.4945283052838209,-0.005166174585903216,-0.06696828339902242,0.022130774915288098,0.048607419668042086,0.0059690260418206065,-0.008604473212332044,0.014789105118585685,-0.4579467265240209,0.4864407552503178
30.094380628000003,-0.2535265271446963,1.6791638200512244,-1.7412800881297026,1.6485856515562836,1.6002749378610805,0.4954291614711104,-0.2541938992434371,1.668970465705414,-1.737480138355996,1.6558521680495044,1.6010795950542602,0.49449989836967423,-0.006126105674500097,-0.07384488065188008,0.02722713633111154,0.05551892350593962,0.006318091892219472,-0.007976154681614086,0.014716806952305395,-0.458231280598912,0.4863363531490679
30.102326398000002,-0.2535614337297362,1.6785878613980663,-1.7410706486194636,1.6490219838692826,1.6003098444461206,0.4953593483010306,-0.2541801163584393,1.6684527675539285,-1.7373289866627224,1.656115523632254,1.6011109451586971,0.49444786001649427,-0.005497787143782138,-0.07319910882864218,0.026476644752753974,0.05375614096142535,0.006178465552059926,-0.007976154681614086,0.014643606810878668,-0.45849481162147326,0.48624122552750354
30.110331145000004,-0.253613793607296,1.6780468093299479,-1.740878662401744,1.649423409597241,1.6003796576162004,0.4952895351309508,-0.2541835226218386,1.6681791374853254,-1.7371946252716193,1.6562955747299328,1.6011201391300995,0.4944155069592122,-0.005689773361501514,-0.07463027881527752,0.028012534494508988,0.05510004448546098,0.006230825429619756,-0.007435102613495844,0.014579097926688924,-0.4587538669419148,0.4861430787393801
30.118347244000002,-0.2536487001923359,1.67748830396931,-1.7407041294765444,1.6498073820326797,1.6004145642012406,0.49520226866835115,-0.25417333221169713,1.667592392240192,-1.7370071767350002,1.656609681384246,1.6011550932324732,0.4943633220724405,-0.0058468529941810045,-0.07597418233931316,0.028728119487826664,0.055920349233898325,0.006143558967020039,-0.007051130178057092,0.014523111945618367,-0.45900280379325586,0.48604345471065075
30.126295793,-0.25370106006989573,1.676929798608672,-1.7405121432588253,1.6501739011755985,1.6004494707862802,0.49513245549827134,-0.2542454253299367,1.6666260072444765,-1.7365194536700914,1.657389359904777,1.6012155320027686,0.49434112092984067,-0.005148721293383272,-0.07525859734599549,0.027890361446869388,0.053965580471664665,0.0059690260418206065,-0.007033676885537148,0.014465755346635217,-0.45922899142965096,0.4859292428508478
30.134315767,-0.2537359666549356,1.6763363866629937,-1.740285250456066,1.650662593366157,1.60050183066384,0.49509754891323143,-0.2542311402659231,1.6660860307219094,-1.7363451042744078,1.6576662617172477,1.6012454882965907,0.4942955806309282,-0.00471238898038469,-0.07157595262428745,0.026930430358272504,0.05113814708343386,0.005532693728822024,-0.006771877497737999,0.014401008927071135,-0.4594588672858223,0.48582214092962
30.142327033,-0.2537708732399755,1.6757604280098355,-1.7400583576533064,1.6511163789716758,1.6005367372488797,0.49501028245063167,-0.2542910184802948,1.6653849492086317,-1.7359867915388703,1.6582241850510244,1.6012921051354916,0.4942753099031764,-0.004101523742186674,-0.07108726043372905,0.026249751949994717,0.049497537586559184,0.005375614096142535,-0.0067369709126981125,0.014333593810435164,-0.45975597927958173,0.48572778696274677
30.150361680000003,-0.2538057798250154,1.6751495627716375,-1.7398314648505473,1.651552711284674,1.6006065504189595,0.4949579225730719,-0.254348916925714,1.6647265642770823,-1.7356560900455238,1.6587198075645686,1.6013331858510291,0.4942403783411554,-0.0046251225177849735,-0.0759916356318331,0.029688050576423545,0.0542971930295436,0.005602506898901799,-0.006352998477259359,0.014265587824267595,-0.4600320929592099,0.4856371316306153
30.158333272,-0.25385813970257526,1.6745386975334395,-1.7395871187552685,1.6520239501827128,1.6006414570039993,0.494923015988032,-0.25432604674360765,1.6641678457960158,-1.735472423569721,1.658988392669316,1.6013596421391527,0.4942008588653273,-0.003996803987067014,-0.07527605063851543,0.028920105705546043,0.052429690729909655,0.005427973973702364,-0.006318091892219472,0.01421061208930126,-0.4603033862157968,0.48553241407925124
30.166362844000002,-0.25391049958013506,1.6739627388802814,-1.739377679245029,1.6523904693256315,1.6007112701740795,0.49487065611047215,-0.2543039524548904,1.6636294116261443,-1.7352926170308172,1.6592497935810488,1.6013842727232759,0.4941637750809874,-0.0042935099599060505,-0.07616616855703254,0.030246555937061735,0.05384340742402506,0.005462880558742251,-0.005951572749300664,0.014131670828590485,-0.46059082422247494,0.48543688992488443
30.174317386000002,-0.25391049958013506,1.6733693269346033,-1.7391682397347896,1.65279189505359,1.6007287234665994,0.49478338964787244,-0.2542971813412945,1.663344223972886,-1.7351436420197937,1.6594429616238062,1.601384124781161,0.49416065907966483,-0.0046251225177849735,-0.07686430025783027,0.031415926535897934,0.05480333851262195,0.005445427266222308,-0.005811946409141117,0.014078126341492343,-0.4608310765559497,0.4853275158522236
30.182408301000002,-0.2539803127502148,1.6727584616964053,-1.73894134693203,1.6532107740740687,1.6007636300516392,0.49474848306283264,-0.25435892142737,1.6630319708586285,-1.7348838742608463,1.659807449074419,1.6013943325794935,0.4941602135613224,-0.003944444109507185,-0.07621852843459237,0.030630528372500482,0.05286602304290824,0.005235987755982988,-0.0057246799465414016,0.014022345428290079,-0.46107973991080226,0.48521449215934526
30.190328782,-0.2539977660427348,1.6721475964582073,-1.7386970008367513,1.6536296530945473,1.600815989929199,0.4946961231852728,-0.254339326881937,1.6624551005903154,-1.7346739450893474,1.6600882108189734,1.601419690357883,0.49412750309048775,-0.003316125578789226,-0.0756251164889143,0.029932396671702756,0.051103240498393966,0.005061454830783556,-0.005654866776461627,0.013943284670495425,-0.4613404683089856,0.48510658141410684
30.198330033,-0.2540326726277746,1.6715367312200096,-1.7384701080339917,1.654100891992586,1.6008683498067589,0.4946437633077129,-0.25438930640542634,1.6610631320437004,-1.7341297177183916,1.6609697907636956,1.6015213359121818,0.4940847418231255,-0.002879793265790644,-0.07194247176720626,0.028780479365386493,0.04845034003536258,0.004590215932745087,-0.0051836278784231585,0.013890150428106101,-0.46161076227030884,0.4850058393624273
30.206296518000002,-0.25406757921281453,1.6709258659818111,-1.7382083086461926,1.6545372243055845,1.6009032563917986,0.49462631001519297,-0.25436531128448,1.6604922657110572,-1.733921897454807,1.6612425769917467,1.6015422808218016,0.49405401338106375,-0.0034033920413889425,-0.06869615935849681,0.029164451800825247,0.04827580711016315,0.004276056667386107,-0.004677482395344803,0.01382579524288463,-0.4618946872800259,0.4849033142240996
30.214522049000003,-0.2541024857978544,1.6703150007436134,-1.7379465092583934,1.654973556618583,1.6009381629768387,0.4945739501376331,-0.25441671030004553,1.65978940985689,-1.7335596933015949,1.6617780196341359,1.6015783525810774,0.49403119459841033,-0.0027925268031909274,-0.068329640215578,0.028623399732707,0.046565384443208714,0.004118977034706617,-0.0046251225177849735,0.013752341318560103,-0.462187448089974,0.4848093338021201
30.222324649,-0.2541199390903744,1.6697041355054154,-1.7376847098705943,1.6553749823465418,1.6009905228543984,0.49453904355259326,-0.2543904234143263,1.6592555410926464,-1.733361342919299,1.6620252667809983,1.6015959936843243,0.49400560681540234,-0.0031764992386296795,-0.07874925584998414,0.0325329372571743,0.05293583621298801,0.0049741883681838385,-0.004694935687864747,0.013683996426271286,-0.4624639923589408,0.48471984223411896
30.23035098,-0.25415484567541424,1.669110723559737,-1.737422910482795,1.6557415014894608,1.6010428827319585,0.49452159026007336,-0.2544140317975803,1.6589865666365322,-1.733170048670092,1.662267149292264,1.6016008525804684,0.4939991409966263,-0.0035081117965086025,-0.08822639368831335,0.036093408931242736,0.0587303293296092,0.0057421332390613445,-0.00476474885794452,0.013630191768215151,-0.4627372130646345,0.4846236842696838
30.238342034000002,-0.25418975226045415,1.668534764906579,-1.7371960176800363,1.6561254739248992,1.6010603360244782,0.4944692303825135,-0.25438861490816633,1.6583960256743064,-1.7329452024300225,1.662544525007876,1.601620072753249,0.49397574552815365,-0.002879793265790644,-0.07785913793146704,0.03269001688985379,0.051871185369271475,0.0046251225177849735,-0.004433136300065597,0.013572351835428478,-0.46299178358133397,0.4845321115773691
30.246358665000002,-0.2542072055529741,1.6679937128384608,-1.7369691248772767,1.6564919930678181,1.6010603360244782,0.49441687050495364,-0.25444801323559246,1.6572780567803054,-1.7324579027474525,1.6633267643201781,1.6016863081949575,0.49396305209831715,-0.0022689280275926286,-0.07721336610822914,0.03204424506661589,0.050038589654677425,0.004433136300065597,-0.00434586983746588,0.01350281299297448,-0.4632388432197472,0.48443307099166366
30.254302207000002,-0.25422465884549406,1.667382847600263,-1.7367073254894776,1.6568934187957771,1.601130149194558,0.49439941721243374,-0.25444808090612486,1.6566352209210622,-1.7321526167181442,1.6636947496509877,1.6017119949731178,0.49395165286319054,-0.002373647782712288,-0.07298966931840287,0.031276300195738384,0.04822344723260333,0.004066617157146788,-0.004014257279586958,0.013437746101952919,-0.46347910104261353,0.48434593453634395
30.262313554000002,-0.254242112138014,1.666719622484505,-1.7363931662241185,1.6573646576938152,1.6011650557795978,0.49436451062739384,-0.2544171127167068,1.6560581160456114,-1.7319333352829545,1.6639475275223965,1.6017273171779596,0.49393151475620417,-0.0017976891295541592,-0.07258824359044416,0.030752701420140086,0.04653047785816882,0.0038746309394274117,-0.003909537524467298,0.013390717906445847,-0.4637516134640476,0.48425193581199355
30.27033398,-0.254242112138014,1.666091303953787,-1.7361139135437993,1.657783536714294,1.6011999623646378,0.4943470573348739,-0.25447544407061584,1.6553844646038893,-1.7315925950030517,1.6644392433517772,1.6017688925952998,0.4939195198361827,-0.002356194490192345,-0.07911577499290295,0.033649947978450674,0.05153957281139255,0.004310963252425994,-0.0037000980142279784,0.013319135722153262,-0.4640717236066218,0.48416452959225975
30.278340187,-0.2542770187230539,1.665480438715589,-1.7358346608634805,1.6582024157347723,1.6012348689496776,0.49432960404235393,-0.25452402218361786,1.6547527448973547,-1.7312153587917256,1.6649482365503543,1.6018017310635138,0.49390956403473285,-0.0028623399732707008,-0.08503244115716374,0.03628539514896211,0.05611233545161769,0.004694935687864747,-0.0035081117965086025,0.013262703588470226,-0.46435539637919504,0.4840713453808113
30.286359338,-0.2542944720155738,1.6648695734773908,-1.7355728614756811,1.6585689348776915,1.6012697755347176,0.49429469745731414,-0.2544858588256803,1.6541652929143178,-1.7309919721446005,1.665190044410525,1.6018130649195772,0.4938940609508602,-0.0014835298641951804,-0.07812093731926618,0.03328342883553186,0.04878195259324151,0.003944444109507185,-0.0034033920413889425,0.013192609686986765,-0.46463641089617114,0.48398449187524883
30.294346036,-0.25431192530809377,1.664276161531713,-1.7353634219654417,1.6589703606056503,1.6013046821197576,0.4942597908722741,-0.25446424533638745,1.653470401798267,-1.7307631942168058,1.6655013630365705,1.6018319959055103,0.4938870494937266,-0.002007128639793479,-0.07864453609486449,0.034051373706409364,0.049864056729478,0.004066617157146788,-0.00322885911618951,0.013136617518506895,-0.46489007582993325,0.4838831831191008
30.302331547,-0.25432937860061366,1.663630389708475,-1.7351016225776428,1.6593368797485688,1.6013221354122773,0.4942248842872343,-0.25442830327934474,1.6528810134742613,-1.7305314463969976,1.6657506363382382,1.6018433000150176,0.49387364561114855,-0.0024609142453120045,-0.07866198938738442,0.03536037064540511,0.05131268000863328,0.004084070449666731,-0.0030368728984701333,0.01308155588743595,-0.46513837077957243,0.48376811843403245
30.310365160000003,-0.25436428518565357,1.662967164592717,-1.7348049166048038,1.6597557587690477,1.6013744952898372,0.49420743099471437,-0.25448437911127425,1.6522595824830733,-1.7300921908751363,1.6663093658310852,1.6018710521265522,0.4938790146660364,-0.001780235837034216,-0.07812093731926618,0.03469714552964727,0.049340457953879695,0.0038222710618675813,-0.002949606435870417,0.013018435051076097,-0.4653932027494996,0.48365253135670977
30.31833937,-0.25436428518565357,1.662321392769479,-1.7345256639244846,1.6601746377895261,1.6013744952898372,0.4941899777021944,-0.25453136411497884,1.6516033038313893,-1.7297412144847397,1.6668126891910695,1.6019082338806019,0.4938648847789191,-0.0013788101090755204,-0.07904596182282318,0.03415609346152903,0.048467793327882536,0.0037000980142279784,-0.0027576202181510408,0.012951138087021344,-0.4656884786311077,0.4835497538636295
30.326332241000003,-0.25436428518565357,1.6616930742387612,-1.7342289579516457,1.6605760635174849,1.601444308459917,0.4941550711171545,-0.254490301515052,1.651029230040077,-1.729512276460213,1.6670363519983897,1.6019152385596822,0.4938544950422251,-0.0007679448708775049,-0.07850490975470495,0.033492868345771185,0.046635197613288486,0.0034732052114687163,-0.002670353755551324,0.012885426195587475,-0.46596028710596593,0.48345048925838513
30.334422468000003,-0.2543991917706935,1.6610473024155235,-1.7339497052713264,1.6609600359529237,1.601444308459917,0.4941376178246346,-0.25447557385002334,1.6503257060840602,-1.7292581858483984,1.6673444609149262,1.6019350306577913,0.4938479922791916,-0.0013439035240356337,-0.07850490975470495,0.035569810155644435,0.048851765763321287,0.0034732052114687163,-0.002356194490192345,0.012838975057439745,-0.46625679780036566,0.48335741895214224
30.342336565000004,-0.25441664506321343,1.6603840772997656,-1.7336529992984875,1.6613789149734022,1.6014966683374767,0.4941376178246346,-0.2545197249422736,1.6496839329629351,-1.7288232083048434,1.6678799807360396,1.601960969176332,0.49385131834944956,-0.0018325957145940458,-0.0787318025574642,0.03635520831904189,0.05026548245743669,0.0035953782591083183,-0.0022863813201125715,0.012759559164500042,-0.46652315175099357,0.4832511923979712
30.350314034,-0.25441664506321343,1.6597383054765276,-1.7333737466181682,1.661727980823801,1.6015141216299968,0.49410271123959465,-0.2544767914487665,1.6491069530159597,-1.728585883211754,1.668100671591877,1.6019668573840966,0.4938438835861918,-0.0011693705988362008,-0.07824311036690579,0.03572688978832393,0.04827580711016315,0.003351032163829113,-0.0022165681500327986,0.012702793249564923,-0.46680701087195736,0.48315065565039145
30.358331298000003,-0.25443409835573333,1.6590576270682498,-1.7330944939378494,1.6621294065517598,1.6015490282150364,0.49408525794707475,-0.2544674951246564,1.6484505008873058,-1.7282741358442897,1.6684399568754216,1.601991670918223,0.4938365374962255,-0.0008377580409572782,-0.07897614865274341,0.03513347784264585,0.047106436511326955,0.0032463124087094525,-0.0020943951023931952,0.012645952894527948,-0.46706743800606115,0.48303590031958643
30.366312547000003,-0.25443409835573333,1.658394401952492,-1.7328326945500503,1.662495925694679,1.6016013880925966,0.4940678046545548,-0.25442580364109896,1.6478662116348697,-1.728032544808058,1.6686663129608874,1.601996706877169,0.4938312324663201,-0.0013439035240356337,-0.07908086840786306,0.03703588672731967,0.04914847173616031,0.0032637657012293962,-0.0018500490071139892,0.012586424692793821,-0.46733912657029386,0.4829158260086308
30.37432086,-0.2544515516482533,1.657783536714294,-1.732553441869731,1.6628798981301174,1.6016362946776364,0.4940328980695149,-0.2544601167898784,1.647178045307084,-1.7276958797786246,1.6691191189135282,1.6020302738086363,0.4938393396317187,-0.0006981317007977319,-0.07853981633974483,0.03637266161156183,0.04715879638888678,0.00301941960595019,-0.001762782544514273,0.012543056672536034,-0.4676005167315197,0.4827905948709454
30.382358364,-0.2544864582332932,1.6571203115985362,-1.7322218293118519,1.663263870565556,1.6016362946776364,0.4940328980695149,-0.2544754494846816,1.6468686485499184,-1.7274256692104308,1.6693377664998006,1.6020271051216086,0.4938425289065864,-0.0005585053606381855,-0.07878416243502404,0.03659955441432109,0.04675737066092808,0.0030368728984701333,-0.0016929693744344998,0.012480772492780177,-0.4678722285925129,0.48269820061006186
30.390296832,-0.2544515516482533,1.6564745397752982,-1.731942576631533,1.663682749586035,1.6016362946776364,0.49401544477699494,-0.2544310248355952,1.6462806672570787,-1.72717228571917,1.6695588852448222,1.6020301026047863,0.49383997985685163,0.0,-0.07827801695194568,0.03598868917612307,0.04494222823885399,0.0028099800957108703,-0.0016057029118347831,0.012396890245076892,-0.46815637611351285,0.48260748169672885
30.398329947,-0.2544515516482533,1.6558462212445801,-1.7316633239512138,1.6640492687289536,1.6016712012626764,0.49398053819195503,-0.2544465683012126,1.6452628201217665,-1.7266742570382707,1.6701708824683736,1.6020831399249482,0.4938323026991387,-0.0003665191429188092,-0.07920304145550268,0.03652974124424131,0.04611159883769018,0.002949606435870417,-0.001361356816555577,0.012344126306390393,-0.46843596259986503,0.48250236932899565
30.406320575000002,-0.25446900494077324,1.6552179027138623,-1.7313666179783749,1.6644506944569122,1.6017061078477162,0.49398053819195503,-0.2544918250981902,1.6446032070506822,-1.7262777423676994,1.6706430853658596,1.602116123794556,0.49382655727988023,-0.0005759586531581287,-0.07524114405347554,0.03630284844148206,0.044418629463255685,0.0026529004630313807,-0.001186823891356144,0.012293472284559683,-0.4686980825452966,0.482401164034085
30.414331398,-0.25446900494077324,1.6546070374756643,-1.7310873652980556,1.6647823070147914,1.6017235611402363,0.4939630848994351,-0.25444235372895235,1.6440267013366865,-1.7260235241085367,1.6708509782706926,1.6021141545058895,0.493827437055678,1.7453292519943296e-05,-0.07476990515543708,0.03569198320328404,0.042568580456141696,0.0023911010752322315,-0.001117010721276371,0.012231323425439363,-0.4689764599318452,0.48231139367134673
30.422360987,-0.2544515516482533,1.6539612656524263,-1.7307906593252167,1.66516627945023,1.601741014432756,0.4939456316069152,-0.25441211134124153,1.6433868905550744,-1.7257053627097871,1.671189936925146,1.6021135114718286,0.49383855197056864,-0.00010471975511965978,-0.0798139066937007,0.03817035074111599,0.04574507969477137,0.0027925268031909274,-0.0010995574287564276,0.012177200672897725,-0.4692281953939033,0.4822106184027789
30.430321901000003,-0.2544515516482533,1.6532805872441485,-1.7304939533523778,1.6655502518856689,1.601775921017796,0.4939456316069152,-0.25436658352031816,1.6428058811902775,-1.7254479798021494,1.6714010683297431,1.60211409844881,0.4938394790170754,-0.0006981317007977319,-0.0801455192515796,0.03935717463247213,0.04721115626644662,0.002949606435870417,-0.001064650843716541,0.012125198350678053,-0.4695009908673115,0.4821095083403406
30.438346612,-0.25446900494077324,1.6526697220059507,-1.7302147006720585,1.6658818644435476,1.6018282808953557,0.4939456316069152,-0.25440009508093847,1.6421192653402168,-1.7251233080761657,1.6718366846749446,1.6021530258242473,0.49383252784024473,-5.235987755982989e-05,-0.07944738755078187,0.038641589639154456,0.04520402762665313,0.0026529004630313807,-0.0009599310885968812,0.012071689442742157,-0.4697777113648885,0.48199325020123085
30.44631575,-0.2544515516482533,1.6520937633527926,-1.7299354479917395,1.6662134770014265,1.6018282808953557,0.4939281783143953,-0.2543528935907372,1.6415441738802847,-1.7248640094142145,1.6720392640430097,1.6021510353394748,0.4938352753475055,0.0002617993877991494,-0.07946484084330183,0.03876376268679406,0.045012041408933764,0.002408554367752175,-0.0007504915783575615,0.012024416642362742,-0.4700233166433431,0.4818962229875379
30.454370792000002,-0.2544515516482533,1.6514479915295546,-1.7296561953114205,1.6665799961443453,1.6018631874803955,0.49391072502187533,-0.2543878168623537,1.6409155078606408,-1.7244298025792135,1.6725055630489427,1.6021712216122646,0.49383443696167295,0.0008203047484373349,-0.07881906902006393,0.0381354441560761,0.04316199240181977,0.0021642082724729686,-0.0006632251157578452,0.01197180266337193,-0.47027164123436144,0.4818090590046158
30.462381449000002,-0.2544515516482533,1.6507847664137967,-1.7293245827535413,1.666946515287264,1.6018806407729156,0.49391072502187533,-0.25434168934799223,1.6403250695396372,-1.7241560332685084,1.6727143104618514,1.6021699150064026,0.493839158139321,0.000296705972839036,-0.07944738755078187,0.03836233695883536,0.044331363000655974,0.0024434609527920616,-0.0006806784082777885,0.011920907442573896,-0.47053529002250905,0.4816982965444537
30.470342892,-0.2544515516482533,1.6501739011755985,-1.7290278767807024,1.6673130344301832,1.6018980940654355,0.4939281783143953,-0.2543889125928031,1.6396575729840088,-1.7237494396858057,1.6731656555330638,1.6022081492760065,0.4938415574584308,0.0008726646259971648,-0.07885397560510381,0.037768925013157296,0.04246386070102204,0.002181661564992912,-0.000593411945678072,0.01185861396806791,-0.4708177411101111,0.4816038268780279
30.47828578,-0.2544515516482533,1.6495281293523605,-1.7287137175153435,1.6676970068656218,1.6019155473579556,0.49391072502187533,-0.2544225625758293,1.6390249491829383,-1.7233781034413367,1.6735955459738698,1.6022317727887463,0.4938335872662004,0.0003316125578789226,-0.07881906902006393,0.03935717463247213,0.04406956361285682,0.0022165681500327986,-0.0005410520681182421,0.011800175151809237,-0.4710839946432433,0.48151630018722336
30.486349773,-0.2544515516482533,1.6489172641141627,-1.7284170115425044,1.6680460727160207,1.6019155473579556,0.49391072502187533,-0.2543712482050471,1.638437969514572,-1.7231010649937812,1.6737856186855375,1.6022255004957526,0.49384066984925507,0.0009075712110370514,-0.07824311036690579,0.03876376268679406,0.04220206131322289,0.0019722220547535923,-0.0004363323129985824,0.011737593662661219,-0.47136554665704505,0.48142266953205326
30.494300001000003,-0.25446900494077324,1.6482714922909247,-1.7280853989846254,1.6683602319813795,1.6019679072355153,0.4939281783143953,-0.254353638750917,1.6377937086462033,-1.7227630598688728,1.6740648110853362,1.6022296955501105,0.49384926129244544,0.00027925268031909274,-0.07869689597242432,0.03986332011555049,0.04347615166717875,0.002234021442552742,-0.0003665191429188092,0.011674349082390142,-0.47162596625069886,0.4813316057006943
30.502329265,-0.25446900494077324,1.6476606270527268,-1.7277886930117865,1.6687092978317783,1.6019853605280354,0.49391072502187533,-0.25430604019116554,1.6372091107899442,-1.722483523810746,1.6742624701031736,1.6022242936354252,0.4938561214742114,-0.00019198621771937622,-0.07883652231258387,0.04057890510886816,0.0446629755585349,0.0023212879051524586,-0.0004363323129985824,0.011622359982692253,-0.4718907664639764,0.4812386157228762
30.510297649,-0.2544515516482533,1.6470323085220087,-1.7274745337464275,1.6690234570971374,1.6019853605280354,0.49391072502187533,-0.2543475026545217,1.6365844728940802,-1.7220991373682701,1.674707592321658,1.6022452966699763,0.493856395886171,0.0004363323129985824,-0.07827801695194568,0.039968039870670144,0.04267330021126135,0.0020245819323134223,-0.00031415926535897925,0.01156549701719132,-0.47215115462210827,0.4811475254010306
30.518399759,-0.2544515516482533,1.646386536698771,-1.7271603744810686,1.6693550696550163,1.6019853605280354,0.49391072502187533,-0.25429822176318395,1.6360255401314983,-1.7218246897800316,1.674880202791448,1.6022372771055078,0.4938649688139793,0.0005585053606381855,-0.078487456462185,0.040212385965949345,0.04202752838802345,0.0019024088846738192,-0.00019198621771937622,0.01151074441468308,-0.4724037681981837,0.4810524000875807
30.526353013,-0.2544515516482533,1.6457756714605731,-1.7268636685082293,1.6697041355054154,1.6020202671130752,0.49391072502187533,-0.2543153973867193,1.6357508762990578,-1.7215798820286345,1.6750303637279824,1.6022337632294648,0.4938826306553767,0.0011344640137963143,-0.07798131097910664,0.03963642731279122,0.0402298392584693,0.0016406094968746698,-8.726646259971648e-05,0.011447617874360019,-0.4726641801492469,0.48095208575483606
30.534291965,-0.25443409835573333,1.645164806222375,-1.7265495092428707,1.6700706546483342,1.602055173698115,0.4939281783143953,-0.2542687494930736,1.6351756757600373,-1.72129465332571,1.6752170841309235,1.602226200493869,0.49388902905448934,0.00047123889803846896,-0.07803367085666647,0.04050909193878839,0.041870448755343966,0.001762782544514273,-6.981317007977319e-05,0.011398652456100156,-0.4729232269805417,0.48086321951202754
30.542323998,-0.2544515516482533,1.6445364876916568,-1.7262004433924716,1.6704022672062129,1.602055173698115,0.49391072502187533,-0.25433558286900104,1.6341416239571158,-1.720712457970346,1.6758878305721636,1.6022699375773541,0.49386712277432426,0.0010471975511965976,-0.07752752537358812,0.039950586578150205,0.040020399748229976,0.001500983156715123,0.0,0.011350202640335972,-0.4732040829417776,0.4807817030570882
30.550309866000003,-0.2544515516482533,1.643908169160939,-1.7259211907121528,1.6707338797640918,1.602072626990635,0.49391072502187533,-0.2542881522029478,1.6335678848967385,-1.7204255943748272,1.6760677285227465,1.6022617230716294,0.49387454721695956,0.0006981317007977319,-0.07330382858376185,0.03906046865963309,0.03806563098599633,0.0013264502315156904,0.00020943951023931956,0.011276821257734772,-0.4734727410136829,0.4807043642586434
30.558329162000003,-0.25443409835573333,1.643297303922741,-1.7255895781542736,1.6710654923219708,1.602072626990635,0.49391072502187533,-0.25433510727668146,1.63291123892,-1.7200281592393885,1.6764813810388368,1.6022812990503805,0.49386854813358205,0.001256637061435917,-0.07298966931840287,0.03860668305411457,0.03640756819660171,0.0010821041362364843,0.00027925268031909274,0.01122266993291023,-0.4737223553139602,0.4805956044211674
30.566312003,-0.25441664506321343,1.642668985392023,-1.7253277787664745,1.6713621982948097,1.6021075335756747,0.49391072502187533,-0.2542853920143056,1.6323574230438227,-1.7197463952219252,1.6766422444785587,1.6022705136566453,0.49387709229277277,0.00027925268031909274,-0.07831292353698557,0.041870448755343966,0.041050144006906625,0.0015184364492350666,0.0,0.0111669797918495,-0.4739852491011749,0.4805155742221051
30.574319535,-0.25441664506321343,1.6420406668613048,-1.7250136195011154,1.6716763575601687,1.602090080283155,0.49391072502187533,-0.25430960756842663,1.6320791961693313,-1.7195068125381796,1.6768174031323013,1.6022628378464046,0.49388584461523927,0.0008726646259971648,-0.07777187146886733,0.04129449010218584,0.03921754829231258,0.001256637061435917,8.726646259971648e-05,0.011130978596840346,-0.4742154589072949,0.48039353211858205
30.582333209,-0.25441664506321343,1.641447254915627,-1.7246994602357566,1.6719905168255278,1.6021075335756747,0.49391072502187533,-0.25434973817384265,1.6314245122347897,-1.7191289319080856,1.6772060390756407,1.6022752790875356,0.49387982191277785,0.00019198621771937622,-0.07812093731926618,0.04209734155810323,0.04050909193878839,0.0013962634015954637,0.0,0.011063005375429423,-0.4744657582550353,0.4802986685974571
30.590308418000003,-0.25441664506321343,1.640853842969949,-1.7243853009703975,1.6722697695058466,1.6021249868681946,0.4938932717293553,-0.2543021351682285,1.6308438598105859,-1.7188294737421792,1.6773742789329085,1.6022651553131928,0.493886987541888,0.0007853981633974483,-0.07759733854366789,0.04153883619746504,0.038659042931674395,0.0011344640137963143,8.726646259971648e-05,0.011007951975886535,-0.47471851793627756,0.4802185175010401
30.598318409,-0.25441664506321343,1.6402429777317509,-1.7240711417050385,1.6725490221861659,1.6021075335756747,0.49391072502187533,-0.25434559106456633,1.6298650799896743,-1.7183048395747507,1.67793006882018,1.6022964915140148,0.49386423933799933,0.00047123889803846896,-0.07328637529124189,0.040299652428549076,0.036878807094640184,0.0009250245035569946,0.00019198621771937622,0.010955065554007907,-0.47495835434835787,0.48013372418345707
30.606308749000004,-0.25441664506321343,1.6396146592010328,-1.7237395291471598,1.672863181451525,1.6021424401607147,0.49391072502187533,-0.2543943034318832,1.6292091341634347,-1.717954224831326,1.6783009518235636,1.6023074228194387,0.49385172816549167,-0.00010471975511965978,-0.07417649320975901,0.041032690714386685,0.03818780403363593,0.0010122909661567112,8.726646259971648e-05,0.010890355395872254,-0.47519724297131866,0.48004100179034026
30.614331889000002,-0.25441664506321343,1.6390561538403947,-1.7234079165892808,1.6731424341318442,1.6021424401607147,0.49391072502187533,-0.2543406855135665,1.6286407575093842,-1.7176698271984736,1.678439868546485,1.6022955591870138,0.4938592030555161,-0.0006283185307179585,-0.07499679795819633,0.04169591583014453,0.03937462792499207,0.0010821041362364843,0.0,0.010841204925316766,-0.47545181417259197,0.4799570287362957
30.622349511000003,-0.25441664506321343,1.6384278353096766,-1.7230763040314019,1.6734740466897229,1.6021598934532344,0.49391072502187533,-0.2542866486270957,1.6280711876764884,-1.7173810337619908,1.6785771014630466,1.602282818391203,0.493866989097102,8.726646259971648e-05,-0.07833037682950551,0.04284783313646079,0.03920009499979264,0.0010297442586766543,-5.235987755982989e-05,0.01077983556967803,-0.4757020969926568,0.4798945252532609
30.630319171000004,-0.25441664506321343,1.6378518766565184,-1.7227272381810028,1.673770752662562,1.6021598934532344,0.49391072502187533,-0.2542588255692539,1.6278387124423097,-1.7171924456694332,1.6785961753935648,1.602261710590263,0.4938757202488274,-0.0005410520681182421,-0.07867944267990437,0.04297000618410039,0.040020399748229976,0.0010821041362364843,-0.00020943951023931956,0.010719700853060636,-0.4759739807739715,0.479808839541492
30.638321256,-0.25441664506321343,1.6372759180033607,-1.7224130789156438,1.6740325520503612,1.6021773467457545,0.4939281783143953,-0.2542186606544251,1.6272389918924761,-1.716873747147793,1.678774366082909,1.602251794475542,0.4938809269675923,0.00012217304763960306,-0.07819075048934597,0.04239404753094226,0.03799581781591655,0.0008377580409572782,-0.00010471975511965978,0.010656221332249975,-0.4762333733142363,0.4797490235056588
30.646392299000002,-0.2543991917706935,1.6366650527651625,-1.722081466357765,1.6743118047306802,1.6021773467457545,0.4939281783143953,-0.2543917083163465,1.6262645517390117,-1.7161792833892502,1.679558018736426,1.6022961666184141,0.4938344733760697,0.0007330382858376184,-0.07770205829878755,0.041852995462824026,0.03616322210132251,0.0006283185307179585,0.0,0.010605550769365205,-0.4764690464243914,0.47966883849884095
30.654317682000002,-0.25441664506321343,1.6360716408194844,-1.721732400507366,1.6746434172885591,1.6021773467457545,0.4939281783143953,-0.25445231707439464,1.6256295240684424,-1.7157719747068747,1.6799393102335483,1.602304614386823,0.4938194690937487,0.0009599310885968812,-0.07304202919596268,0.040125119503349634,0.03300417615521277,0.0003316125578789226,6.981317007977319e-05,0.01055131062833622,-0.4767173558525172,0.47958529148385637
30.662408341000003,-0.25441664506321343,1.6354607755812862,-1.7213833346569674,1.674992483138958,1.6021773467457545,0.49391072502187533,-0.2544019407997964,1.6250537366330482,-1.7154685854602907,1.6800743310585566,1.602291515139565,0.4938258119345896,0.001500983156715123,-0.07279768310068349,0.039723693775390936,0.031485739705977706,0.00013962634015954637,0.00017453292519943296,0.010475610706537186,-0.47699323501050406,0.4795221240847678
30.670292842000002,-0.2543991917706935,1.6348848169281285,-1.7210517220990884,1.6753066424043168,1.6021773467457545,0.49391072502187533,-0.2543813005573298,1.6246196779454565,-1.7152346607737494,1.6801736493293646,1.6022816923311713,0.4938377053242691,-0.0006806784082777885,-0.07752752537358812,0.04422664324553631,0.03785619147575701,0.0006632251157578452,-0.00038397243543875244,0.010407771657649905,-0.4772706710767751,0.47945425941984954
30.678361496,-0.25441664506321343,1.6342739516899303,-1.7207026562486896,1.6756208016696759,1.6021773467457545,0.49391072502187533,-0.2543373905957891,1.6240289347276857,-1.7149211574405596,1.680326888542947,1.6022698367922537,0.4938408219974502,-0.0013962634015954637,-0.07770205829878755,0.0449073216538141,0.03895574890451344,0.0007155849933176752,-0.0005410520681182421,0.010350889395456012,-0.4775300175331698,0.4793886799830073
30.686310733000003,-0.25441664506321343,1.6336630864517323,-1.7203884969833305,1.6759175076425148,1.6021773467457545,0.49391072502187533,-0.25443302619886665,1.6232281832238618,-1.7144054584487993,1.6808573909591986,1.602287851990468,0.49380991433660354,-0.0006806784082777885,-0.07728317927830891,0.04431390970813603,0.036948620264719956,0.0004886921905584122,-0.0004188790204786391,0.010277389725672338,-0.4777966940779303,0.47931394763614515
30.694343342000003,-0.2543991917706935,1.6330522212135343,-1.7200568844254516,1.676179307030314,1.6021773467457545,0.49391072502187533,-0.25449525760070146,1.6226312158038014,-1.7139946037797475,1.681272467770839,1.6022887782499042,0.49379010062174583,-0.0004014257279586958,-0.07508406442079606,0.04290019301402062,0.03469714552964727,0.00034906585039886593,-0.0002443460952792061,0.010217688896787938,-0.4780410881664249,0.4792220191400529
30.702314584000003,-0.2543817384781735,1.6324064493902963,-1.7197427251600925,1.6764585597106332,1.6021773467457545,0.49391072502187533,-0.25444708782978964,1.6220398515599332,-1.7136837641148552,1.681402276968633,1.6022766085200182,0.49379315912766575,0.00022689280275926284,-0.07485717161803679,0.04242895411598215,0.03298672286269282,0.00013962634015954637,-0.00015707963267948963,0.01016729437982917,-0.47827885914438634,0.479132649501145
30.710363428,-0.2543991917706935,1.6317432242745387,-1.7193587527246539,1.6767727189759922,1.6021598934532344,0.49391072502187533,-0.25444181937953175,1.6213795710218553,-1.713379042284307,1.6816033377468376,1.6022757862866266,0.4937862616522939,-0.0008726646259971648,-0.07728317927830891,0.04448844263333546,0.03607595563872279,0.00034906585039886593,-0.0004886921905584122,0.010113667697117334,-0.47852259670149094,0.4790229037123143
30.718340128,-0.25441664506321343,1.6311323590363405,-1.719009686874255,1.677104331533871,1.6021773467457545,0.49391072502187533,-0.25439695974604876,1.6207952170921618,-1.713067091935699,1.6817370749498448,1.6022642010894965,0.49378851059266016,-0.0016057029118347831,-0.0770388331830297,0.04520402762665313,0.037768925013157296,0.00034906585039886593,-0.0006981317007977319,0.010031152901519387,-0.47879833885648265,0.47894357330920323
30.726310925000003,-0.2543817384781735,1.6304865872131027,-1.718660621023856,1.67740103750671,1.6021773467457545,0.49391072502187533,-0.2544719779702703,1.620218733844007,-1.7125788351464102,1.6821715922436942,1.6022657391368436,0.49377432424961737,-0.0008726646259971648,-0.0767595805027106,0.044645522266014946,0.03576179637336381,0.00015707963267948963,-0.000593411945678072,0.009963003886272907,-0.47907613709018837,0.4788697179355981
30.73431628,-0.2543817384781735,1.6298931752674244,-1.7183290084659775,1.6776802901870291,1.6021773467457545,0.49391072502187533,-0.254427487849145,1.619627410892015,-1.7122609509398925,1.682303171232945,1.6022540096979816,0.493776052991009,-0.0007679448708775049,-0.07724827269326903,0.04399975044277704,0.03483677186980682,0.00013962634015954637,-0.0006283185307179585,0.00991542877921523,-0.4793312260423516,0.4787795136158982
30.742320998,-0.2543817384781735,1.6292648567367065,-1.7180148492006184,1.6779420895748283,1.6021773467457545,0.4938932717293553,-0.2544761098767614,1.6189488583070801,-1.7118618831842183,1.6826570336518967,1.6022552079517214,0.49376464223008276,-8.726646259971648e-05,-0.07700392659798981,0.04349360495969869,0.03298672286269282,0.0,-0.0005235987755982988,0.009854610741406986,-0.4795777801180654,0.47869825978042124
30.750327022,-0.25441664506321343,1.628619084913469,-1.7176308767651793,1.6782562488401873,1.6021773467457545,0.4938932717293553,-0.2544254926709684,1.6183618623366547,-1.7115518525098652,1.6827669157183276,1.602243292583367,0.4937666088667138,-0.0010297442586766543,-0.07644542123735164,0.04515166774909331,0.03513347784264585,1.7453292519943296e-05,-0.000645771823237902,0.009796618997586765,-0.47980901775952384,0.4785956147676788
30.758398176000004,-0.25441664506321343,1.628008219675271,-1.7172818109147805,1.6785529548130265,1.6021773467457545,0.49391072502187533,-0.2543759997943877,1.6178186819716105,-1.711252357189676,1.682863502381643,1.60222850414074,0.493771435201241,-0.00034906585039886593,-0.07623598172711232,0.044645522266014946,0.033265975543011916,-0.00012217304763960306,-0.0005585053606381855,0.009710390341238943,-0.48009494422837334,0.47852028196207974
30.76631383,-0.2543991917706935,1.6274148077295927,-1.7169152917718618,1.6788671140783853,1.6021773467457545,0.49391072502187533,-0.25437051931142907,1.6179222130385045,-1.7111451525409922,1.6828236553461422,1.602190008977992,0.49380320004432054,-0.0009424777960769379,-0.07702137989050976,0.04515166774909331,0.03443534614184812,-6.981317007977319e-05,-0.000645771823237902,0.009647340047990127,-0.4803527112044936,0.4784456729806938
30.774315475,-0.25441664506321343,1.6268388490764345,-1.716548772628943,1.6791638200512244,1.6021773467457545,0.4938932717293553,-0.2545336472337854,1.616884715710719,-1.710440556433386,1.6836060831418806,1.6022343932454413,0.49374949835302223,-0.00027925268031909274,-0.0767595805027106,0.04461061568097506,0.03255039054969425,-0.00020943951023931956,-0.0005585053606381855,0.009586414502532739,-0.48062879413098003,0.47838743280733836
30.7823743,-0.25441664506321343,1.6261930772531965,-1.7161822534860243,1.6794430727315435,1.6021773467457545,0.49391072502187533,-0.25449240358708763,1.6162831502965749,-1.7100986394332562,1.6837363811579849,1.602222977575714,0.49375007596642767,0.00031415926535897925,-0.0764803278223915,0.04408701690537676,0.030839967882739797,-0.0003316125578789226,-0.0004886921905584122,0.009512439394583376,-0.4808973084502749,0.47833210123587905
30.790340231000002,-0.25441664506321343,1.6255822120149985,-1.7158157343431053,1.6797223254118627,1.6021773467457545,0.4938758184368354,-0.2545307798383003,1.615287403598458,-1.7095261120929046,1.6842433593532287,1.6022420668094213,0.4937328164475249,0.0004886921905584122,-0.06736970912698112,0.040805797911627424,0.02686061718819273,-0.0008028514559173916,0.0,0.0094481182758405,-0.4811580247555354,0.47824623391445914
30.798306253000003,-0.25441664506321343,1.6249888000693204,-1.7154492152001866,1.6800190313847017,1.6022122533307945,0.4938932717293553,-0.2544889509264239,1.614698145064068,-1.7091967636476295,1.6843637890617247,1.6022312137311008,0.49373201031924013,-0.0015707963267948967,-0.0733736417538416,0.04539601384437251,0.033876840781209935,-0.00017453292519943296,-0.0006632251157578452,0.009385526748242567,-0.4814156445556383,0.47817688610052755
30.806345859,-0.2543991917706935,1.6243604815386024,-1.7150826960572678,1.6802808307725008,1.6021773467457545,0.49391072502187533,-0.25454622531504295,1.6140300299652917,-1.7088266105598742,1.6847598079109618,1.6022460290162899,0.4937151917807238,-0.0008726646259971648,-0.07314674895108235,0.04492477494633404,0.03190461872645634,-0.0003316125578789226,-0.0005759586531581287,0.009331863792643662,-0.4816869272952135,0.47811447453983735
30.814295681,-0.25441664506321343,1.6237670695929245,-1.7147161769143489,1.6805426301603,1.6021773467457545,0.4938932717293553,-0.25460685504491454,1.6134062773532591,-1.7083283378873662,1.6851741256718287,1.602252121421325,0.4937024176677685,-0.001308996938995747,-0.07819075048934597,0.04757767540936542,0.03513347784264585,-5.235987755982989e-05,-0.0007330382858376184,0.009263576705154538,-0.48193744275612055,0.47803360576312415
30.822331929,-0.2543991917706935,1.6232085642322864,-1.7143496577714301,1.680769522963059,1.6021773467457545,0.4938932717293553,-0.2545586007869765,1.6128140331638534,-1.7079960896102497,1.6852686073681198,1.6022400355712083,0.4937026123738166,-0.0006283185307179585,-0.07780677805390722,0.04701917004872724,0.03310889591033243,-0.00019198621771937622,-0.0006632251157578452,0.009194359754060667,-0.482188894398566,0.47796932785476043
30.830336916,-0.25441664506321343,1.6226326055791283,-1.7140005919210313,1.6810138690583383,1.6021773467457545,0.4938932717293553,-0.25451150369695236,1.6122484130822674,-1.707672564088023,1.6853566651538876,1.6022273139847956,0.49370442260207553,-0.0012217304763960308,-0.07831292353698557,0.046809730538487915,0.034540065896967787,0.0,-0.0008028514559173916,0.009142353281569027,-0.4824290511602885,0.4779148019731418
30.838322588,-0.25441664506321343,1.6220217403409303,-1.7136340727781123,1.6812756684461374,1.6021598934532344,0.4938932717293553,-0.2544798438400151,1.6120384490679722,-1.7074655055601349,1.6853586408190848,1.6022060217665501,0.49372773192829317,-0.0018849555921538759,-0.07829547024446562,0.04834562028024293,0.03639011490408177,6.981317007977319e-05,-0.0008726646259971648,0.009074814908117332,-0.482669189072213,0.4778462955130237
30.846303735000003,-0.25443409835573333,1.6214108751027323,-1.7132675536351936,1.6815374678339368,1.6021773467457545,0.4938758184368354,-0.2544428229271046,1.6114398098099985,-1.7071181015398742,1.685484409828115,1.602195312465785,0.4937266744203664,-0.0011519173063162574,-0.07792895110154681,0.04773475504204491,0.03413864016900908,-5.235987755982989e-05,-0.0008028514559173916,0.00900616658197427,-0.4829193002841751,0.4777727097695707
30.854287040000003,-0.25441664506321343,1.620782556572014,-1.7129010344922748,1.6818516270992956,1.6021773467457545,0.4938932717293553,-0.25457056568308334,1.610354285386828,-1.7064353016302893,1.686261881919811,1.6022376821422246,0.493700230165497,-0.0005061454830783556,-0.07757988525114795,0.047176249681406726,0.03209660494417572,-0.00019198621771937622,-0.0007155849933176752,0.008941844727939666,-0.4831784136973603,0.4776978371991555
30.862318215000002,-0.2544515516482533,1.6201716913338162,-1.712499608764316,1.6821483330721347,1.6021773467457545,0.49385836514431547,-0.2545306881984201,1.6097539105440828,-1.7060868775046265,1.6863755147596322,1.6022274197410014,0.4936992017869987,-0.00010471975511965978,-0.072640603468004,0.04515166774909331,0.029129545215785358,-0.0004188790204786391,-0.0003665191429188092,0.008880735146712004,-0.4834531666366752,0.4776232309748425
30.870348274,-0.2544515516482533,1.6195433728030981,-1.7121156363288772,1.6824275857524538,1.6021948000382744,0.4938758184368354,-0.2545869750326032,1.6090949098861944,-1.7056196860919155,1.6867869389316277,1.602240525724793,0.49369634043433513,0.0004363323129985824,-0.07250097712784445,0.04475024202113461,0.027436575841350862,-0.0005410520681182421,-0.0003316125578789226,0.008795535711436413,-0.48373745272926316,0.477567968618441
30.878306175000002,-0.2544515516482533,1.6189325075649,-1.7117142106009189,1.682706838432773,1.6021773467457545,0.4938758184368354,-0.25462867810925305,1.6084305806652925,-1.7052082182944435,1.6871755770189485,1.6022580408144445,0.4936953288051762,-0.0011693705988362008,-0.07853981633974483,0.0486597795456019,0.034260813216648686,1.7453292519943296e-05,-0.0006108652381980154,0.00873569571961017,-0.48400520849627265,0.47749766712130925
30.886329159000002,-0.25446900494077324,1.6182867357416624,-1.71131278487296,1.6829686378205724,1.6021773467457545,0.49385836514431547,-0.254583293284419,1.6078410502897185,-1.704870146070656,1.6872608090228756,1.6022469481312915,0.4936936394686392,-0.0005235987755982988,-0.07819075048934597,0.04810127418496372,0.03220132469929538,-0.00010471975511965978,-0.0005759586531581287,0.008661472831501281,-0.48427630244748665,0.47744104828670625
30.894276538000003,-0.25443409835573333,1.6177107770885042,-1.7109288124375213,1.6831955306233315,1.6021773467457545,0.49385836514431547,-0.2545746604018858,1.6073998184719651,-1.704555372494111,1.6873711775678422,1.6022385434998396,0.49368411755307845,-0.0011344640137963143,-0.078487456462185,0.049026298688520716,0.033894294073729875,3.490658503988659e-05,-0.0005585053606381855,0.008588635559762714,-0.48454408028704904,0.4773678849311055
30.902392653000003,-0.2544515516482533,1.617117365142826,-1.7105273867095627,1.6834573300111306,1.6021773467457545,0.49384091185179557,-0.2545332728055064,1.6067877949939902,-1.7041978565697413,1.6874801664939882,1.602228967369599,0.4936841763106106,-0.0015707963267948967,-0.0790110552377833,0.049340457953879695,0.03553490357060455,0.0002443460952792061,-0.0005061454830783556,0.008542156980068178,-0.4847936806703563,0.4773134938458728
30.910303899000002,-0.25446900494077324,1.616506499904628,-1.710160867566644,1.6836842228138897,1.6021773467457545,0.49384091185179557,-0.2545957143472199,1.6059608605829099,-1.7036200547046345,1.688019542453599,1.6022536682169506,0.49368409378834577,-0.0008726646259971648,-0.07871434926494426,0.04876449930072156,0.03324852225049198,0.00010471975511965978,-0.00047123889803846896,0.008468938161723902,-0.485056859466859,0.47726251123841684
30.918326913,-0.2544515516482533,1.61587818137391,-1.709759441838685,1.683946022201689,1.6021773467457545,0.49384091185179557,-0.25455287604700005,1.605346030340511,-1.7032576155403607,1.6881215761234567,1.6022436122582842,0.49368318794757565,-0.0007330382858376184,-0.07639306135979179,0.04785692808968452,0.031485739705977706,0.0,-0.0005410520681182421,0.008401003439877971,-0.48530231137816066,0.4771825315359767
30.926300536000003,-0.25446900494077324,1.6152324095506723,-1.7093754694032464,1.684225274882008,1.6021773467457545,0.49384091185179557,-0.2545950587152766,1.6047049808065383,-1.7027869364008557,1.688504498683623,1.6022577149073944,0.49368001142188006,-0.00010471975511965978,-0.07621852843459237,0.047368235899126095,0.02949606435870417,-0.00012217304763960306,-0.0004886921905584122,0.008341683801033688,-0.48557187141801444,0.47711427509116167
30.934367745000003,-0.2544515516482533,1.614621544312474,-1.7089740436752878,1.684487074269807,1.6021773467457545,0.49382345855927556,-0.25454950988652836,1.604093378042298,-1.7024238447913904,1.6885912770748222,1.602246211190671,0.49368018074404424,-0.000890117918517108,-0.07894124206770352,0.049864056729478,0.03331833542057175,0.00017453292519943296,-0.0004537856055185257,0.008268975957888761,-0.4858372625638934,0.4770350061835235
30.942341336000002,-0.25446900494077324,1.6139932257817562,-1.7085900712398487,1.6847488736576064,1.6021948000382744,0.4938060052667556,-0.2545783527261597,1.6037774404659686,-1.7021322315866638,1.6887610820065282,1.6022447163924436,0.49368486494138114,-0.0002617993877991494,-0.07866198938738442,0.04930555136883981,0.03120648702565861,3.490658503988659e-05,-0.0004188790204786391,0.008209877369882075,-0.4861082898481691,0.47697405415312055
30.950319558,-0.2544864582332932,1.6133823605435582,-1.7082060988044103,1.6850455796304455,1.6021948000382744,0.49378855197423577,-0.25464240604848226,1.6027222533708754,-1.7014684215104396,1.6893995904421,1.602287617544786,0.4936741000368495,-0.0007504915783575615,-0.07909832170038301,0.05044001538263612,0.03298672286269282,0.00019198621771937622,-0.0004188790204786391,0.008143456503386734,-0.4863706712911596,0.4768997267465627
30.958290790000003,-0.2544515516482533,1.6127540420128403,-1.7078395796614916,1.6852550191406848,1.6021598934532344,0.49378855197423577,-0.254595458045439,1.6021254090662806,-1.7011140331013703,1.689477002935741,1.6022761576661937,0.4936750612188108,-0.00013962634015954637,-0.07885397560510381,0.049898963314517875,0.030909781052819572,5.235987755982989e-05,-0.00038397243543875244,0.008069382310497438,-0.4866397845055444,0.47683501310571136
30.966322122,-0.2544515516482533,1.6121257234821222,-1.7074207006410127,1.6854993652359638,1.6021773467457545,0.49378855197423577,-0.2545688993232596,1.6016640047452395,-1.7007809659045412,1.6895820975507312,1.6022617194450266,0.4936811383059596,-0.0004014257279586958,-0.07447319918259805,0.04824090052512327,0.029513517651224112,0.0,-0.00027925268031909274,0.008014361567024052,-0.486873367288726,0.4767450774099421
30.974308591000003,-0.2544515516482533,1.6115148582439243,-1.7070192749130542,1.685743711331243,1.6021773467457545,0.49378855197423577,-0.2545259991408806,1.6010818315988673,-1.7004301348177093,1.6896615700453044,1.6022513118872268,0.49368222396732636,-0.0012042771838760874,-0.08016297254409956,0.051714105736591985,0.034644785652087444,0.0005235987755982988,-0.00038397243543875244,0.00795503735734731,-0.4871414569483014,0.47668433147096784
30.982364236000002,-0.25446900494077324,1.6108865397132064,-1.7066178491850954,1.6859706041340026,1.6021773467457545,0.49378855197423577,-0.2545598627170119,1.6007106798648418,-1.7001089020808453,1.689892920696416,1.6022586389696591,0.4936759415794901,-0.0005410520681182421,-0.07983135998622062,0.051103240498393966,0.032340951039454925,0.00034906585039886593,-0.00034906585039886593,0.007889514929577457,-0.4874044167862435,0.47662118886565874
30.990303081,-0.2544515516482533,1.6102582211824885,-1.7061989701646165,1.6862498568143214,1.6021773467457545,0.49378855197423577,-0.2545189786571136,1.6000815223935847,-1.699726148624952,1.6900000882865693,1.602250070997541,0.4936782558801036,-0.00020943951023931956,-0.07766715171374766,0.050195669287356914,0.03061307507998054,0.00013962634015954637,-0.0002443460952792061,0.00781940836631112,-0.4876591448275206,0.47655043558488475
30.998336752,-0.2544864582332932,1.6096299026517702,-1.7057800911441379,1.6865116562021205,1.6021773467457545,0.49378855197423577,-0.2545807276859944,1.598885769454107,-1.698958196994206,1.6907135850847557,1.602299291130923,0.4936694405890625,0.00034906585039886593,-0.07744025891098841,0.04967207051175862,0.028605946440187064,0.0,-0.00019198621771937622,0.007756409348947137,-0.4879415855614251,0.4764925466743934
31.006309910000002,-0.2544864582332932,1.6089841308285324,-1.7053786654161793,1.6867385490048799,1.6021773467457545,0.49375364538919586,-0.254537779945875,1.5982593285196693,-1.6985767443414936,1.6908083363100244,1.602290761315584,0.4936722402291213,-0.00012217304763960306,-0.07438593271999831,0.048729592715681676,0.028763026072866547,0.00010471975511965978,-0.0002617993877991494,0.00767310820480025,-0.48821528472535614,0.4764313050297337
31.014319647,-0.25446900494077324,1.6083383590052944,-1.7049772396882206,1.687000348392679,1.6021773467457545,0.4937710986817158,-0.25458458187603145,1.597552741820858,-1.698046577964413,1.6912297473639577,1.6023183099533278,0.4936744023328555,0.0004363323129985824,-0.07428121296487868,0.048328166987722986,0.026825710603152843,-3.490658503988659e-05,-0.00019198621771937622,0.007610423522008184,-0.48847183061542326,0.4763501331988414
31.022300461,-0.25446900494077324,1.6076925871820569,-1.7045583606677421,1.6872446944879582,1.6021773467457545,0.49375364538919586,-0.2546221268792677,1.5968584341543997,-1.6975327663334534,1.6916352194029212,1.6023407394306726,0.49367818527934787,-0.00038397243543875244,-0.08169886228585456,0.05304055596810768,0.033056536032772595,0.0005585053606381855,-0.00027925268031909274,0.007552260004922753,-0.48873939135075173,0.4762736494737224
31.030340159,-0.2544864582332932,1.6070817219438587,-1.7041569349397832,1.6874715872907176,1.6021773467457545,0.4937710986817158,-0.25457444918876615,1.5962293634729323,-1.6971510413387405,1.6917126408013927,1.602331326826008,0.4936810584148817,0.00019198621771937622,-0.08129743655789587,0.052429690729909655,0.030857421175259747,0.00038397243543875244,-0.00022689280275926284,0.007486048739071688,-0.489005383681557,0.47620367396881685
31.038290249000003,-0.2544864582332932,1.606453403413141,-1.7037555092118244,1.6877333866785167,1.6021598934532344,0.49375364538919586,-0.2545700025880617,1.5955318020062124,-1.6966820966315013,1.6919421383778663,1.6023408035366007,0.4936730926990248,-0.0003316125578789226,-0.08189084850357393,0.053651421206305686,0.032812189937493394,0.0006632251157578452,-0.00017453292519943296,0.007414477311042715,-0.48926123642054764,0.47613825162462287
31.046315822,-0.25446900494077324,1.6058599914674627,-1.703371536776386,1.687960279481276,1.6021598934532344,0.49375364538919586,-0.25459738771022156,1.5948098372626132,-1.6961873710805426,1.6923340474089401,1.602363735332486,0.49367763022448424,-0.0008028514559173916,-0.08239699398665229,0.05473352534254217,0.034732052114687155,0.0008726646259971648,-0.00012217304763960306,0.007342742887163889,-0.4895265284411139,0.47606890194942675
31.054378842000002,-0.2544864582332932,1.605196766351705,-1.702952657755907,1.688204625576555,1.6021598934532344,0.49375364538919586,-0.2545473005514472,1.5941838654044191,-1.6958092541025438,1.6923972910125038,1.6023537161374164,0.4936840232943799,-0.00015707963267948963,-0.08203047484373349,0.05403539364174444,0.032340951039454925,0.0006806784082777885,-6.981317007977319e-05,0.007288119646511243,-0.4897772310450317,0.476001577356103
31.062402525000003,-0.2544864582332932,1.604516087943427,-1.7025337787354287,1.688501331549394,1.6021773467457545,0.4937361920966759,-0.25452664404516434,1.5937266491397502,-1.695440042890986,1.6924919798458142,1.6023429733201886,0.4937016022440832,-5.235987755982989e-05,-0.08244935386421214,0.054419366077183194,0.03183480555637657,0.0007155849933176752,-0.00015707963267948963,0.007214159756416621,-0.49004750374146083,0.47592166403124403
31.070331673000002,-0.2544864582332932,1.603870316120189,-1.7020625398373899,1.688798037522233,1.6021948000382744,0.49371873880415595,-0.2544821470135689,1.5930861336273336,-1.6950429922994197,1.6925840261544594,1.6023359011361418,0.49370624426708015,-0.0004363323129985824,-0.08323475202760958,0.05520476424058064,0.03368485456349056,0.0009250245035569946,-8.726646259971648e-05,0.007149866236001554,-0.4903376921485758,0.47584365407817375
31.078317672,-0.25446900494077324,1.6032070910044314,-1.7016436608169114,1.6890772902025522,1.6021773467457545,0.4937361920966759,-0.2545353335233054,1.5922091867464268,-1.6943427720766475,1.6931453039996331,1.6023730873323423,0.49370005425125524,0.00019198621771937622,-0.0828856861772107,0.05445427266222308,0.03129375348825832,0.0007330382858376184,-1.7453292519943296e-05,0.007080257518690929,-0.4906475974207644,0.47580156330728757
31.086339259000002,-0.2544515516482533,1.6025613191811934,-1.701172421918873,1.6893914494679112,1.6021424401607147,0.49371873880415595,-0.2544877722279266,1.5915957416619835,-1.6939597455787578,1.6932095099250384,1.602364040111081,0.4937064294711009,0.00038397243543875244,-0.08037241205433888,0.05368632779134557,0.029548424236264,0.0005410520681182421,0.00017453292519943296,0.007012455701120531,-0.4909255292767664,0.4757284694374757
31.094322125,-0.25446900494077324,1.6018631874803955,-1.7007535428983942,1.6896183422706708,1.6021773467457545,0.49371873880415595,-0.25450862151339876,1.5912498319107984,-1.6935791775978706,1.6934025234447203,1.6023629638554666,0.49371361609477377,0.0009424777960769379,-0.08018042583661951,0.05305800926062761,0.02747148242639075,0.0003665191429188092,0.00022689280275926284,0.006929232618872076,-0.4912409545148517,0.4756852836205943
31.102346237000003,-0.2544864582332932,1.6011825090721177,-1.700317210585396,1.6898975949509896,1.6021773467457545,0.49371873880415595,-0.25455794595298215,1.5901043167021822,-1.692750909273148,1.694056729033958,1.602419633120367,0.4937098779581105,0.00015707963267948963,-0.0830427658098902,0.05646140130201656,0.031799898971336685,0.0008028514559173916,0.00012217304763960306,0.006867795581496207,-0.49151036820684074,0.475587026462971
31.111109552000002,-0.25446900494077324,1.60050183066384,-1.699880878272397,1.6901593943387887,1.6021598934532344,0.49371873880415595,-0.2545029935168672,1.5894244604663088,-1.6923108657883612,1.6941192695681422,1.6024065431292291,0.49371969140198535,0.0007330382858376184,-0.08281587300713093,0.055780722893738775,0.029583330821303884,0.0006108652381980154,0.00017453292519943296,0.006782644024723836,-0.49182438402470097,0.4755032874444413
31.118325983000002,-0.25446900494077324,1.599873512133122,-1.6994445459593985,1.690421193726588,1.6021598934532344,0.49371873880415595,-0.25446974935565503,1.58898733641759,-1.6919599857159189,1.6942025580224287,1.60238501334311,0.4937309278235487,0.00047123889803846896,-0.07853981633974483,0.05462880558742251,0.028675759610266836,0.0005061454830783556,0.0002443460952792061,0.006720869532287669,-0.4920786844571198,0.47543375648661373
31.126330211000003,-0.2544515516482533,1.5992451936024041,-1.6990082136464,1.6906480865293472,1.6021948000382744,0.49371873880415595,-0.25442438675498635,1.5883387957350825,-1.6915394262259906,1.6942693242603786,1.6023796669776311,0.49373926524357664,-0.00020943951023931956,-0.08468337530676487,0.059341194567807204,0.0339815605363296,0.0011519173063162574,0.00017453292519943296,0.006653799317048157,-0.49235612039981275,0.4753804931673222
31.134318456000003,-0.25446900494077324,1.5985819684866465,-1.6985893346259215,1.6908575260395866,1.6021773467457545,0.493701285511636,-0.2544923745123052,1.5873991546992692,-1.6907257048817605,1.6947893093743638,1.6024374411065332,0.4937289853170759,0.0004014257279586958,-0.08438666933392583,0.058555796404409756,0.03145083312093782,0.0009424777960769379,0.0002443460952792061,0.006607123073956657,-0.492629462954241,0.47532010902197985
31.142287765000003,-0.25446900494077324,1.5979361966634085,-1.6981704556054427,1.6911193254273857,1.6021773467457545,0.49371873880415595,-0.2544440247803235,1.5867403696830873,-1.690289282567354,1.694852420194568,1.6024299461669282,0.4937386112227268,0.0007679448708775049,-0.08204792813625342,0.05763077190085276,0.029670597283903602,0.0005585053606381855,0.0003665191429188092,0.006529526124139351,-0.4928839562547507,0.4752350090675716
31.150327234000002,-0.2544864582332932,1.5973078781326904,-1.6977166699999242,1.6913287649376252,1.6021948000382744,0.49371873880415595,-0.25447262322825304,1.5860372767995832,-1.689626904174185,1.695233788572144,1.6024490483407348,0.4937453777065757,0.001308996938995747,-0.08190830179609389,0.05698500007761486,0.027419122548830912,0.0004014257279586958,0.0004537856055185257,0.006461410580598987,-0.493159622730003,0.47516487247868855
31.158344972000002,-0.2544864582332932,1.5966621063094524,-1.6972628843944058,1.6915731110329044,1.6022297066233147,0.493701285511636,-0.2544246865301059,1.5853742692646953,-1.6891859980844768,1.6952852146312958,1.6024433059488348,0.49375460643848934,0.00031415926535897925,-0.08527678725244295,0.06129596333004085,0.031171580440618726,0.001064650843716541,0.00027925268031909274,0.006394408597404533,-0.493430280367049,0.47511270346082934
31.166296611000003,-0.25446900494077324,1.5959988811936947,-1.6967916454963672,1.6918698170057433,1.6022471599158346,0.49368383221911605,-0.25446150322103783,1.5846383907732609,-1.6885676480095784,1.695601898897561,1.6024796891997437,0.4937447083096274,0.0009075712110370514,-0.08496262798708397,0.06047565858160352,0.028763026072866547,0.0008726646259971648,0.0003665191429188092,0.006338388441155208,-0.4937167273129866,0.4750571451331368
31.174295722000004,-0.25446900494077324,1.5953531093704567,-1.6963378598908485,1.6921141631010221,1.6022122533307945,0.49368383221911605,-0.2544102318418659,1.5839956576726608,-1.6881405835043335,1.6956297312929667,1.602471477062161,0.4937563216216696,0.0004363323129985824,-0.08524188066740306,0.06269222673163631,0.03077015471266003,0.0010297442586766543,0.0004014257279586958,0.006276650473788166,-0.494024668631634,0.47500712683730545
31.182387919000004,-0.2544515516482533,1.594689884254699,-1.6958840742853303,1.6923585091963016,1.6022471599158346,0.493701285511636,-0.25443021773083097,1.583724180046053,-1.687720985450168,1.6957519645304837,1.602464232973822,0.4937737887528528,0.0010122909661567112,-0.08499753457212385,0.061871921983198984,0.028326693759867967,0.0008377580409572782,0.0004886921905584122,0.006193423451870741,-0.4943127274958545,0.474947410649707
31.190328094,-0.25446900494077324,1.5940266591389411,-1.695377928802252,1.6926028552915808,1.6022646132083542,0.49371873880415595,-0.25438444435944974,1.5830427623170493,-1.6872506165915173,1.6958063846981017,1.6024603519566047,0.4937825295064441,0.0004188790204786391,-0.0857131195654415,0.06344271830999387,0.029583330821303884,0.0012042771838760874,0.00031415926535897925,0.006144480599526611,-0.4945976950502502,0.4748844813815945
31.198313397000003,-0.2544515516482533,1.5933459807306634,-1.6949066899042136,1.6928297480943402,1.6022995197933945,0.493701285511636,-0.25446843661170176,1.5819252818489355,-1.6862663249833039,1.696442449030541,1.602538808194387,0.4937471835568518,0.0010297442586766543,-0.08553858664024208,0.06258750697651665,0.027139869868511822,0.0009948376736367678,0.0004188790204786391,0.006069425197362864,-0.49490347561596043,0.4748427097939006
31.206332609,-0.2544515516482533,1.5927002089074254,-1.6944179977136549,1.6930566408970995,1.602334426378434,0.49371873880415595,-0.2544163751206231,1.5812671554746307,-1.6858101892216586,1.6964601615621566,1.6025290096843179,0.493760359931275,0.000645771823237902,-0.08042477193189869,0.06152285613280012,0.02611012560983517,0.0008203047484373349,0.0005759586531581287,0.006021323965162426,-0.49519045821074725,0.47477688709294424
31.2143444,-0.2544515516482533,1.592002077206628,-1.6939293055230966,1.6932660804073385,1.6023518796709542,0.493701285511636,-0.254421447372831,1.58098188836326,-1.6853982703412431,1.6965816035445258,1.6025111067371782,0.4937816526070115,0.0012217304763960308,-0.08052949168701835,0.060859631017042275,0.023858650874762487,0.0006283185307179585,0.0006632251157578452,0.005962310731422738,-0.495487291995255,0.47473197387449717
31.222343521000003,-0.2544515516482533,1.5913213987983499,-1.6934231600400182,1.693475519917578,1.602386786255994,0.493701285511636,-0.2543746010341245,1.5802974337385862,-1.684908280216413,1.6966089741657386,1.6025058217534371,0.49379280082389965,3.490658503988659e-05,-0.0863065315111196,0.06698573669154237,0.029443704481144337,0.0015358897417550098,0.00015707963267948963,0.005900209833327314,-0.49577046714696743,0.4746636489596395
31.230286819000003,-0.25443409835573333,1.5906581736825922,-1.6929344678494598,1.6936849594278174,1.6024042395485139,0.49371873880415595,-0.2544670168496516,1.579132691202222,-1.6837629694581728,1.6971881542145293,1.602586813271055,0.493769712270489,0.0006806784082777885,-0.08623671834103981,0.06609561877302525,0.02686061718819273,0.001291543646475804,0.00027925268031909274,0.0058425009965245075,-0.4960640351023868,0.47461059034657843
31.238315689,-0.2544515516482533,1.5900124018593542,-1.6924632289514212,1.6938943989380564,1.6024042395485139,0.493701285511636,-0.25452444925075707,1.578428388199644,-1.6829671167734146,1.6975175114609946,1.602630483353567,0.49375993193830586,0.0005061454830783556,-0.08126252997285598,0.0646993553714298,0.025900686099595848,0.0009599310885968812,0.0005061454830783556,0.005785303467534483,-0.49635365281733185,0.47455595439410725
31.246310696000002,-0.25443409835573333,1.5893666300361162,-1.691974536760863,1.694086385155776,1.6024042395485139,0.493701285511636,-0.254468207513954,1.5784364730008973,-1.6830451353950149,1.6973016667199283,1.6026080279480854,0.49376820113639724,0.0010995574287564276,-0.08145451619057535,0.06401867696315201,0.023474678439323732,0.0007504915783575615,0.0006108652381980154,0.005710854925093549,-0.49662523597091995,0.47450310782196325
31.254320335000003,-0.25443409835573333,1.5886859516278384,-1.6914509379852645,1.6942783713734957,1.6024565994260738,0.49371873880415595,-0.25443409835573333,1.5893666300361162,-1.691974536760863,1.694086385155776,1.6024042395485139,0.493701285511636,-5.235987755982989e-05,-0.08759807515759539,0.07145377957664786,0.028082347664588763,0.0016406094968746698,0.00027925268031909274,0.005651350547420302,-0.49690483351285175,0.47445496068412574
31.262299168000002,-0.2544515516482533,1.5880052732195606,-1.6909098859171463,1.6944878108837347,1.6024565994260738,0.493701285511636,-0.25443409835573333,1.5893666300361162,-1.691974536760863,1.694086385155776,1.6024042395485139,0.493701285511636,-0.0007853981633974483,-0.08758062186507545,0.07417649320975901,0.029513517651224112,0.0020245819323134223,0.00012217304763960306,0.005598135396337992,-0.49720208587605647,0.47440829508206506
31.270356506000002,-0.2544515516482533,1.5873769546888428,-1.6903688338490281,1.6946972503939741,1.6024565994260738,0.493701285511636,-0.25443409835573333,1.5893666300361162,-1.691974536760863,1.694086385155776,1.6024042395485139,0.493701285511636,-5.235987755982989e-05,-0.08768534162019512,0.07314674895108235,0.02659881780039358,0.001710422666954443,0.0002617993877991494,0.005513353100731084,-0.49751280261721537,0.4743721188968955
31.278324563,-0.25441664506321343,1.5868009960356846,-1.6898626883659498,1.6949241431967332,1.6024915060111138,0.49371873880415595,-0.25443409835573333,1.5893666300361162,-1.691974536760863,1.694086385155776,1.6024042395485139,0.493701285511636,0.00034906585039886593,0.05279620987282847,-0.04174827570770436,-0.014782938764391972,-0.000890117918517108,-0.0005585053606381855,0.005440345332119001,-0.4978170926629667,0.47436034373462427
31.28636957,-0.2544515516482533,1.5861726775049665,-1.6893041830053117,1.6950812228294125,1.6025089593036335,0.493701285511636,-0.25443409835573333,1.5893666300361162,-1.691974536760863,1.694086385155776,1.6024042395485139,0.493701285511636,0.0007155849933176752,0.18046704465621366,-0.14618877814704503,-0.05241223743738972,-0.0032812189937493396,-0.001308996938995747,0.0054002754086485815,-0.4981007270824901,0.4743585521140713
31.294315894,-0.25443409835573333,1.585491999096689,-1.6887282243521535,1.695290662339652,1.6025438658886735,0.49371873880415595,-0.25443409835573333,1.5893666300361162,-1.691974536760863,1.694086385155776,1.6024042395485139,0.493701285511636,0.001064650843716541,0.29647908003627677,-0.2410648762854568,-0.08660323748395862,-0.005445427266222308,-0.002007128639793479,0.005313350938506513,-0.498419191678743,0.474346625795526
31.302325256000003,-0.25443409835573333,1.5849160404435307,-1.688204625576555,1.6955175551424115,1.6025438658886735,0.49371873880415595,-0.25443409835573333,1.5893666300361162,-1.691974536760863,1.694086385155776,1.6024042395485139,0.493701285511636,0.0013788101090755204,0.40189696685673426,-0.32728414133397665,-0.1176700981694577,-0.0074176493209759005,-0.0026354471705114374,0.005254756884803351,-0.49874465180021943,0.47432779731678026
31.310316809000003,-0.25446900494077324,1.58509057336873,-1.6881871722840351,1.6956571814825707,1.6025438658886735,0.493701285511636,-0.25443409835573333,1.5893666300361162,-1.691974536760863,1.694086385155776,1.6024042395485139,0.493701285511636,0.0016755160819145565,0.4976806362061831,-0.4056319714560021,-0.145892072174206,-0.00921533845053006,-0.003193952531149623,0.005183134392583168,-0.499031573379866,0.4743382786531735
31.318350468000002,-0.25452136481833304,1.5861901307974866,-1.6890772902025522,1.6954302886798116,1.6025089593036335,0.49364892563407614,-0.25443409835573333,1.5893666300361162,-1.691974536760863,1.694086385155776,1.6024042395485139,0.493701285511636,0.0019373154697137059,0.5847027527106202,-0.47682395164485086,-0.1715309588860027,-0.010838494654884786,-0.003717551306747922,0.005156453621597234,-0.4990611417937958,0.4744476286963397
31.326309713,-0.25452136481833304,1.5880925396821606,-1.6908051661620267,1.6949241431967332,1.6025089593036335,0.4935791124639964,-0.25443409835573333,1.5893666300361162,-1.691974536760863,1.694086385155776,1.6024042395485139,0.493701285511636,0.0021642082724729686,0.6638010744110033,-0.5415058537237607,-0.19484855769264695,-0.012322024519079964,-0.0041887902047863905,0.0052405671276283565,-0.49856696474182044,0.4745107909537454
31.334322912,-0.254538818110853,1.5907803467302317,-1.693178813944739,1.6941038384482958,1.6024740527185937,0.49356165917147643,-0.25443409835573333,1.5893666300361162,-1.691974536760863,1.694086385155776,1.6024042395485139,0.493701285511636,0.0023911010752322315,0.7356562797156099,-0.6002885429309296,-0.21601940151933816,-0.0136659280431156,-0.00460766922526503,0.005467846697937694,-0.4976408856293023,0.47452187242754995
31.342362925000003,-0.254538818110853,1.5942710052342202,-1.6961458736731294,1.6929519211419795,1.6024565994260738,0.4934918460013966,-0.25443409835573333,1.5893666300361162,-1.691974536760863,1.694086385155776,1.6024042395485139,0.493701285511636,0.002583087292951608,0.8009490470327177,-0.6536956180419562,-0.23527038316883564,-0.01488765851951163,-0.005009094953223725,0.00578585137454589,-0.4962922747643072,0.4745568349835473
31.350374137000003,-0.254538818110853,1.5986168750716863,-1.6997761585172775,1.6917476439581036,1.6024042395485139,0.49343948612383676,-0.25443409835573333,1.5893666300361162,-1.691974536760863,1.694086385155776,1.6024042395485139,0.493701285511636,0.0027576202181510408,0.8602902416005248,-0.7022332245399185,-0.25274112898129886,-0.016004669240788003,-0.005358160803622591,0.006314363738468162,-0.4945619551190943,0.47464564455370384
31.358374426,-0.254538818110853,1.6035212502697902,-1.7038602289669442,1.6903688338490281,1.6023169730859141,0.49340457953879696,-0.25443409835573333,1.5893666300361162,-1.691974536760863,1.694086385155776,1.6024042395485139,0.493701285511636,0.0029146998508305304,0.9141860089021099,-0.7463202414452953,-0.26864107846696716,-0.01699950691442477,-0.005672320068981571,0.006788727431740366,-0.4925425006315922,0.4748019873702744
31.366318334000002,-0.254538818110853,1.6094553697265712,-1.7087820574575685,1.6885362381344338,1.6022646132083542,0.49340457953879696,-0.25443409835573333,1.5893666300361162,-1.691974536760863,1.694086385155776,1.6024042395485139,0.493701285511636,0.0030543261909900766,0.9631774010055907,-0.786393001071085,-0.28307495138096034,-0.01792453141798176,-0.0059690260418206065,0.007322526908196322,-0.4902685995024845,0.47496996824281656
31.374294716,-0.254538818110853,1.615651288571151,-1.7138784188733915,1.68670364241984,1.6021948000382744,0.49333476636871715,-0.25443409835573333,1.5893666300361162,-1.691974536760863,1.694086385155776,1.6024042395485139,0.493701285511636,0.003193952531149623,1.007700750223966,-0.8228005692676867,-0.2961823740634377,-0.01876228945893904,-0.006230825429619756,0.008086625074752296,-0.4875069499709283,0.47515066888095275
31.382353479000002,-0.25452136481833304,1.622684965456688,-1.7195507389423732,1.6847314203650865,1.6021249868681946,0.4932649531986374,-0.25443409835573333,1.5893666300361162,-1.691974536760863,1.694086385155776,1.6024042395485139,0.493701285511636,0.003316125578789226,1.0481400289926748,-0.8558745585929792,-0.30810297285455895,-0.019512781037296607,-0.006475171524898962,0.00877258441449742,-0.4846358435379894,0.47535931198614534
31.390372706,-0.25452136481833304,1.629823362097345,-1.725240512303875,1.682724291725293,1.6020202671130752,0.49323004661359754,-0.25443409835573333,1.5893666300361162,-1.691974536760863,1.694086385155776,1.6024042395485139,0.493701285511636,0.003420845333908886,1.0848966630396752,-0.8859465816048416,-0.3189414675094438,-0.020193459445574394,-0.006702064327658226,0.009628213282834188,-0.48148929047993294,0.4756395272750727
31.398301701,-0.25452136481833304,1.6375900772687197,-1.7315760574886143,1.6805775367453402,1.6019155473579556,0.49317768673603773,-0.25443409835573333,1.5893666300361162,-1.691974536760863,1.694086385155776,1.6024042395485139,0.493701285511636,0.003525565089028546,1.1182848116303268,-0.9132609843985529,-0.3287851244906918,-0.020821777976292352,-0.006894050545377602,0.010360538713488186,-0.4783304853805471,0.4759257689713057
31.406296361000003,-0.25446900494077324,1.6457407648755331,-1.7381734020611528,1.6783609685953071,1.6017933743103157,0.4931253268584779,-0.25443409835573333,1.5893666300361162,-1.691974536760863,1.694086385155776,1.6024042395485139,0.493701285511636,0.0036128315516282617,1.148636087322508,-0.9380795663619121,-0.3377212102609028,-0.02139773662945048,-0.0070685834705770355,0.011182385450098444,-0.4748410460345289,0.4761543396780149
31.414316382000003,-0.25441664506321343,1.6545023177205447,-1.74515471906913,1.6760396806901547,1.6016712012626764,0.49309042027343797,-0.25443409835573333,1.5893666300361162,-1.691974536760863,1.694086385155776,1.6024042395485139,0.493701285511636,0.0037000980142279784,1.1762122895040186,-0.9606292202976789,-0.3458544445751963,-0.021903882112528833,-0.007243116395776467,0.012145197810678889,-0.47121761867607187,0.4763972514770141
31.422309166,-0.2543817384781735,1.6631940573954762,-1.7521185827845873,1.6738056592476018,1.6015490282150364,0.4930380603958781,-0.25443409835573333,1.5893666300361162,-1.691974536760863,1.694086385155776,1.6024042395485139,0.493701285511636,0.0037699111843077517,1.2012577642701372,-0.9811193857160924,-0.35323718731113235,-0.022375121010567305,-0.007382742735936014,0.013063584464715217,-0.46738209595856384,0.47668420131428496
31.430314092000003,-0.25431192530809377,1.6722872227983667,-1.759553685398083,1.6714494647574096,1.601444308459917,0.4929682472257984,-0.25443409835573333,1.5893666300361162,-1.691974536760863,1.694086385155776,1.6024042395485139,0.493701285511636,0.0038397243543875246,1.2240168577161432,-0.9997420488348718,-0.3599392516387906,-0.022794000031045942,-0.00752236907609556,0.014053780322645789,-0.46358182678556237,0.4769209144491828
31.438370712,-0.25432937860061366,1.6813803882012575,-1.7670935077666987,1.6689710972195775,1.6012523222421975,0.4929333406407585,-0.25443409835573333,1.5893666300361162,-1.691974536760863,1.694086385155776,1.6024042395485139,0.493701285511636,0.003909537524467298,1.244716462644796,-1.016654289286697,-0.3660304507282508,-0.023195425759004636,-0.007644542123735163,0.01502608146167693,-0.45952060912270426,0.4770598106486423
31.446364989000003,-0.2542944720155738,1.6906480865293472,-1.7747031433053944,1.6662134770014265,1.6010952426095182,0.49288098076319864,-0.25443409835573333,1.5893666300361162,-1.691974536760863,1.694086385155776,1.6024042395485139,0.493701285511636,0.003961897402027128,1.263513658688775,-1.032030639996767,-0.37158059774959273,-0.023544491609403508,-0.007766715171374767,0.015923729389735134,-0.4554234149344265,0.4771017908981516
31.454402231000003,-0.2542595654305339,1.7001601309527163,-1.7825745782318885,1.6634209501982358,1.6009207096843185,0.4928286208856388,-0.25443409835573333,1.5893666300361162,-1.691974536760863,1.694086385155776,1.6024042395485139,0.493701285511636,0.004014257279586958,1.2805829787732794,-1.0460107273052417,-0.3766071459953364,-0.023858650874762487,-0.007853981633974483,0.016697907663772524,-0.4512050557957901,0.47711603448401346
31.462355964,-0.25422465884549406,1.7099339747638844,-1.7906729059611421,1.6604538904698454,1.6006763635890393,0.492758807715559,-0.25443409835573333,1.5893666300361162,-1.691974536760863,1.694086385155776,1.6024042395485139,0.493701285511636,0.004049163864626845,1.296098955823509,-1.0586992709672403,-0.38117990863556156,-0.02415535684760152,-0.007958701389094143,0.0176847661531583,-0.44687128471543797,0.4770692834973643
31.470308994000003,-0.2542072055529741,1.7200917910104916,-1.7991552061258347,1.657172671476096,1.6004145642012406,0.4927239011305192,-0.25443409835573333,1.5893666300361162,-1.691974536760863,1.694086385155776,1.6024042395485139,0.493701285511636,0.004101523742186674,1.3102012161796233,-1.070235897322923,-0.38533379225530806,-0.02441715623540067,-0.008028514559173916,0.0185116296666902,-0.44228230887748604,0.47695958822981815
31.478449762,-0.2541722989679342,1.7303368737196985,-1.8074804266578477,1.6539263590673865,1.6001353115209214,0.4926889945454792,-0.25443409835573333,1.5893666300361162,-1.691974536760863,1.694086385155776,1.6024042395485139,0.493701285511636,0.0,0.0,0.0,0.0,0.0,0.0,0.019595082852780613,-0.4374285171627149,0.4767602327083452
31.486317602000003,-0.2541373923828943,1.740547049843865,-1.8158929136524604,1.6507673131212768,1.5998386055480824,0.49263663466791946,-0.25443409835573333,1.5893666300361162,-1.691974536760863,1.694086385155776,1.6024042395485139,0.493701285511636,0.0,0.0,0.0,0.0,0.0,0.0,0.020627134337989742,-0.4327258442549083,0.4766245481717368
31.494340173,-0.2541024857978544,1.7506874127979524,-1.8242530407695132,1.6474162809574475,1.5995069929902033,0.49260172808287955,-0.25443409835573333,1.5893666300361162,-1.691974536760863,1.694086385155776,1.6024042395485139,0.493701285511636,0.0,0.0,0.0,0.0,0.0,0.0,0.021470050173641755,-0.428023494445911,0.4764006189165525
31.502306629000003,-0.25406757921281453,1.7610546685547983,-1.8321419289885275,1.6439779823310188,1.5992975534799638,0.4925668214978397,-0.25443409835573333,1.5893666300361162,-1.691974536760863,1.694086385155776,1.6024042395485139,0.493701285511636,0.0,0.0,0.0,0.0,0.0,0.0,0.02250384248719465,-0.42324331351935585,0.4761300483040975
31.510305761,-0.25396285945769487,1.7686643040934935,-1.8369939443090715,1.6419708536912254,1.5992975534799638,0.4926540879604394,-0.25443409835573333,1.5893666300361162,-1.691974536760863,1.694086385155776,1.6024042395485139,0.493701285511636,0.0,0.0,0.0,0.0,0.0,0.0,0.023330378163837612,-0.41881014175435777,0.47614055682230266
31.518348500000002,-0.25389304628761517,1.7749649426931933,-1.8395421250169834,1.642302466249104,1.5992801001874442,0.49263663466791946,-0.25443409835573333,1.5893666300361162,-1.691974536760863,1.694086385155776,1.6024042395485139,0.493701285511636,0.0,0.0,0.0,0.0,0.0,0.0,0.024018451667950077,-0.4161730636198087,0.47667235480293824
31.526355095000003,-0.25391049958013506,1.7811085016602133,-1.8416714267044165,1.6428086117321827,1.5992626468949243,0.4926540879604394,-0.25443409835573333,1.5893666300361162,-1.691974536760863,1.694086385155776,1.6024042395485139,0.493701285511636,0.0,0.0,0.0,0.0,0.0,0.0,0.024232728690889306,-0.4153193193730312,0.4779852502092528
31.534328461,-0.253927952872655,1.7860128768583172,-1.8433469427863312,1.642616625514463,1.5992102870173643,0.49267154125295937,-0.25443409835573333,1.5893666300361162,-1.691974536760863,1.694086385155776,1.6024042395485139,0.493701285511636,0.0,0.0,0.0,0.0,0.0,0.0,0.024178967998010684,-0.4146879062307168,0.4794246199810055
31.542385764000002,-0.25382323311753535,1.7898875077977445,-1.84369600863673,1.6428260650247024,1.5992801001874442,0.4926889945454792,-0.25443409835573333,1.5893666300361162,-1.691974536760863,1.694086385155776,1.6024042395485139,0.493701285511636,0.0,0.0,0.0,0.0,0.0,0.0,0.024331585372634853,-0.4139959600905282,0.48054138933751567
31.551162255,-0.2536661534848558,1.7938668584922917,-1.8436611020516902,1.642302466249104,1.5994371798201235,0.4926540879604394,-0.25443409835573333,1.5893666300361162,-1.691974536760863,1.694086385155776,1.6024042395485139,0.493701285511636,0.0,0.0,0.0,0.0,0.0,0.0,0.024509503770421645,-0.4139386926850323,0.4820211335879013
31.558394539000002,-0.25378832653249545,1.7970084511458815,-1.8429280637658523,1.642110480031385,1.5994720864051633,0.4926540879604394,-0.25443409835573333,1.5893666300361162,-1.691974536760863,1.694086385155776,1.6024042395485139,0.493701285511636,0.0,0.0,0.0,0.0,0.0,0.0,0.0246525414151754,-0.4138136249734503,0.4834732157877003
31.566318652000003,-0.25391049958013506,1.799015579785675,-1.8414096273166172,1.642668985392023,1.5992626468949243,0.4926540879604394,-0.25443409835573333,1.5893666300361162,-1.691974536760863,1.694086385155776,1.6024042395485139,0.493701285511636,0.0,0.0,0.0,0.0,0.0,0.0,0.024546927702071657,-0.4140971925337641,0.4850568662580509
31.574394776000002,-0.2538406864100553,1.8004642030648303,-1.8398039244047826,1.6422326530790246,1.5993673666500436,0.49267154125295937,-0.25443409835573333,1.5893666300361162,-1.691974536760863,1.694086385155776,1.6024042395485139,0.493701285511636,0.0,0.0,0.0,0.0,0.0,0.0,0.02430894825551229,-0.4148981307978596,0.4866556479105059
31.582321024000002,-0.2538057798250154,1.801214694643188,-1.8377967957649892,1.642093026738865,1.5994720864051633,0.49267154125295937,-0.25443409835573333,1.5893666300361162,-1.691974536760863,1.694086385155776,1.6024042395485139,0.493701285511636,0.0,0.0,0.0,0.0,0.0,0.0,0.024262071434233732,-0.4154011902915153,0.4879516305519075
31.590630622000003,-0.25382323311753535,1.8013543209833476,-1.8356674940775561,1.642651532099503,1.5993673666500436,0.49267154125295937,-0.25443409835573333,1.5893666300361162,-1.691974536760863,1.694086385155776,1.6024042395485139,0.493701285511636,0.0,0.0,0.0,0.0,0.0,0.0,0.024195153377943965,-0.4162150603197123,0.4892596374913953
31.598315170000003,-0.25391049958013506,1.8009703485479087,-1.8343584971385605,1.642756251854623,1.5993324600650038,0.4926889945454792,-0.25443409835573333,1.5893666300361162,-1.691974536760863,1.694086385155776,1.6024042395485139,0.493701285511636,0.0,0.0,0.0,0.0,0.0,0.0,0.023898175678829053,-0.4172270847353376,0.4903681418716848
31.606350599000002,-0.25389304628761517,1.8001849503845113,-1.8336429121452427,1.6427213452695828,1.5993324600650038,0.4926889945454792,-0.25443409835573333,1.5893666300361162,-1.691974536760863,1.694086385155776,1.6024042395485139,0.493701285511636,0.0,0.0,0.0,0.0,0.0,0.0,0.023760046519948296,-0.4177735083061729,0.4908455727303922
31.614454823000003,-0.2538057798250154,1.799033033078195,-1.8332938462948438,1.642634078806983,1.5993673666500436,0.49267154125295937,-0.25443409835573333,1.5893666300361162,-1.691974536760863,1.694086385155776,1.6024042395485139,0.493701285511636,0.0,0.0,0.0,0.0,0.0,0.0,0.02430313513008057,-0.41801102105540155,0.4908556564478605
31.622293808000002,-0.25375341994745554,1.7976542229691195,-1.8332938462948438,1.642389732711704,1.5993848199425638,0.49267154125295937,-0.25443409835573333,1.5893666300361162,-1.691974536760863,1.694086385155776,1.6024042395485139,0.493701285511636,0.0,0.0,0.0,0.0,0.0,0.0,0.024370257909114318,-0.4181041856790904,0.490544792959708
31.630311166000002,-0.2538057798250154,1.7960485200572849,-1.8333287528798836,1.6423722794191842,1.5993673666500436,0.49267154125295937,-0.25443409835573333,1.5893666300361162,-1.691974536760863,1.694086385155776,1.6024042395485139,0.493701285511636,0.0,0.0,0.0,0.0,0.0,0.0,0.02501453213124042,-0.4179850440127597,0.4899590420906568
31.638341354,-0.25387559299509516,1.7939541249548916,-1.8333636594649234,1.6425642656369033,1.599315006772484,0.49267154125295937,-0.25443409835573333,1.5893666300361162,-1.691974536760863,1.694086385155776,1.6024042395485139,0.493701285511636,0.0,0.0,0.0,0.0,0.0,0.0,0.024987534155202374,-0.4179712725884298,0.4892850808633781
31.646295811,-0.25385813970257526,1.7915804771721793,-1.8334509259275231,1.6425293590518635,1.5993324600650038,0.49267154125295937,-0.25443409835573333,1.5893666300361162,-1.691974536760863,1.694086385155776,1.6024042395485139,0.493701285511636,0.0,0.0,0.0,0.0,0.0,0.0,0.02493517290913764,-0.4180258393195497,0.48849010427046924
31.654293942000002,-0.25385813970257526,1.788892670124108,-1.833520739097603,1.6424944524668237,1.5993499133575237,0.4926540879604394,-0.25443409835573333,1.5893666300361162,-1.691974536760863,1.694086385155776,1.6024042395485139,0.493701285511636,0.0,0.0,0.0,0.0,0.0,0.0,0.025383329982211027,-0.41795278020206494,0.4874350518598883
31.662301120000002,-0.25387559299509516,1.785751077470518,-1.833538192390123,1.6425293590518635,1.5993324600650038,0.49267154125295937,-0.25443409835573333,1.5893666300361162,-1.691974536760863,1.694086385155776,1.6024042395485139,0.493701285511636,0.0,0.0,0.0,0.0,0.0,0.0,0.02542462118830299,-0.417910560018652,0.48632512825617347
31.670327637000003,-0.25391049958013506,1.782766564449608,-1.8336080055602029,1.6424769991743038,1.5992801001874442,0.49267154125295937,-0.25443409835573333,1.5893666300361162,-1.691974536760863,1.694086385155776,1.6024042395485139,0.493701285511636,0.0,0.0,0.0,0.0,0.0,0.0,0.025813644491000518,-0.41788233793107993,0.48504944321249116
31.678364757,-0.25396285945769487,1.7803929166668957,-1.8337650851928822,1.642319919541624,1.5992451936024041,0.4926540879604394,-0.25443409835573333,1.5893666300361162,-1.691974536760863,1.694086385155776,1.6024042395485139,0.493701285511636,0.0,0.0,0.0,0.0,0.0,0.0,0.02579411443723582,-0.41781724496033373,0.4838625167942718
31.686355533,-0.2539803127502148,1.778752307170021,-1.8339396181180816,1.6421628399089447,1.5992626468949243,0.49267154125295937,-0.25443409835573333,1.5893666300361162,-1.691974536760863,1.694086385155776,1.6024042395485139,0.493701285511636,0.0,0.0,0.0,0.0,0.0,0.0,0.025824175589314897,-0.41767176645938986,0.48280847104686186
31.694491520000003,-0.2539977660427348,1.7776178431562244,-1.8340792444582412,1.6421453866164246,1.5992626468949243,0.4926540879604394,-0.25443409835573333,1.5893666300361162,-1.691974536760863,1.694086385155776,1.6024042395485139,0.493701285511636,0.0,0.0,0.0,0.0,0.0,0.0,0.026255607223834455,-0.41751212110213787,0.4820559598409397
31.702309131000003,-0.25406757921281453,1.7768498982853471,-1.8341141510432812,1.6422501063715442,1.5992277403098845,0.4926540879604394,-0.25443409835573333,1.5893666300361162,-1.691974536760863,1.694086385155776,1.6024042395485139,0.493701285511636,0.0,0.0,0.0,0.0,0.0,0.0,0.026276132342578633,-0.4174478158491132,0.48155742095805926
31.710351415,-0.25406757921281453,1.7762913929247088,-1.8340443378732014,1.6423373728341442,1.5992277403098845,0.4926540879604394,-0.25443409835573333,1.5893666300361162,-1.691974536760863,1.694086385155776,1.6024042395485139,0.493701285511636,0.0,0.0,0.0,0.0,0.0,0.0,0.02642518695404367,-0.41746085192082094,0.4812541450655224
31.718361551,-0.2540501259202946,1.7758550606117103,-1.8340094312881614,1.642442092589264,1.5992277403098845,0.49267154125295937,-0.25443409835573333,1.5893666300361162,-1.691974536760863,1.694086385155776,1.6024042395485139,0.493701285511636,0.0,0.0,0.0,0.0,0.0,0.0,0.026411607999121837,-0.4175197242066637,0.4810792205850837
31.726319478,-0.2540152193352547,1.7754710881762716,-1.8339396181180816,1.6424769991743038,1.5992451936024041,0.4926540879604394,-0.25443409835573333,1.5893666300361162,-1.691974536760863,1.694086385155776,1.6024042395485139,0.493701285511636,0.0,0.0,0.0,0.0,0.0,0.0,0.02642088368114449,-0.4175703098101131,0.4809374267808231
31.734333235,-0.2540326726277746,1.775052209155793,-1.8340094312881614,1.6424595458817837,1.5992277403098845,0.49267154125295937,-0.25443409835573333,1.5893666300361162,-1.691974536760863,1.694086385155776,1.6024042395485139,0.493701285511636,0.0,0.0,0.0,0.0,0.0,0.0,0.026629113049113497,-0.4175968882537722,0.48082643089436644
31.742318998000002,-0.2539977660427348,1.7745809702577544,-1.8340268845806813,1.6424246392967439,1.5992102870173643,0.49267154125295937,-0.25443409835573333,1.5893666300361162,-1.691974536760863,1.694086385155776,1.6024042395485139,0.493701285511636,0.0,0.0,0.0,0.0,0.0,0.0,0.02657864348959684,-0.41755798943719885,0.4806116179579829
31.750310425000002,-0.25396285945769487,1.7742319044073558,-1.8340094312881614,1.6424246392967439,1.5992277403098845,0.4926540879604394,-0.25443409835573333,1.5893666300361162,-1.691974536760863,1.694086385155776,1.6024042395485139,0.493701285511636,0.0,0.0,0.0,0.0,0.0,0.0,0.025999443309521714,-0.41756592640468987,0.48041633622723934
31.758329629000002,-0.25391049958013506,1.773847931971917,-1.8338698049480018,1.642634078806983,1.5992451936024041,0.4926540879604394,-0.25443409835573333,1.5893666300361162,-1.691974536760863,1.694086385155776,1.6024042395485139,0.493701285511636,0.0,0.0,0.0,0.0,0.0,0.0,0.026018144671417456,-0.4175813139489767,0.48029003448144625
31.766727603000003,-0.25391049958013506,1.7733766930738784,-1.8338174450704419,1.6428435183172225,1.5992451936024041,0.49267154125295937,-0.25443409835573333,1.5893666300361162,-1.691974536760863,1.694086385155776,1.6024042395485139,0.493701285511636,0.0,0.0,0.0,0.0,0.0,0.0,0.025963064465949634,-0.41771964481874385,0.48022348672599363
31.774337599000003,-0.253927952872655,1.7727134679581207,-1.8338872582405217,1.642878424902262,1.5992626468949243,0.4926540879604394,-0.25443409835573333,1.5893666300361162,-1.691974536760863,1.694086385155776,1.6024042395485139,0.493701285511636,0.0,0.0,0.0,0.0,0.0,0.0,0.025350794580709254,-0.4178437334687484,0.4800757620783754
31.782341429000002,-0.25394540616517497,1.771910616502203,-1.8340094312881614,1.642756251854623,1.5992626468949243,0.4926540879604394,-0.25443409835573333,1.5893666300361162,-1.691974536760863,1.694086385155776,1.6024042395485139,0.493701285511636,0.0,0.0,0.0,0.0,0.0,0.0,0.025311432878885615,-0.4178215567481466,0.4797737911710686
31.790290144000004,-0.253927952872655,1.7711950315088854,-1.8340966977507611,1.642651532099503,1.5992801001874442,0.4926540879604394,-0.25443409835573333,1.5893666300361162,-1.691974536760863,1.694086385155776,1.6024042395485139,0.493701285511636,0.0,0.0,0.0,0.0,0.0,0.0,0.024736417415660877,-0.4177491942881615,0.479383095625436
31.798353402000004,-0.253927952872655,1.7706016195632073,-1.834131604335801,1.6425817189294232,1.5992801001874442,0.4926540879604394,-0.25443409835573333,1.5893666300361162,-1.691974536760863,1.694086385155776,1.6024042395485139,0.493701285511636,0.0,0.0,0.0,0.0,0.0,0.0,0.024769336817928752,-0.4176691062612729,0.47905028048323417
31.806361765000002,-0.25394540616517497,1.7702176471277689,-1.8341141510432812,1.6425991722219433,1.5992975534799638,0.4926540879604394,-0.25443409835573333,1.5893666300361162,-1.691974536760863,1.694086385155776,1.6024042395485139,0.493701285511636,0.0,0.0,0.0,0.0,0.0,0.0,0.024744046532818777,-0.4176274944738132,0.4787929343329506
31.814329348,-0.25394540616517497,1.7699034878624098,-1.8340966977507611,1.642616625514463,1.5992801001874442,0.4926540879604394,-0.25443409835573333,1.5893666300361162,-1.691974536760863,1.694086385155776,1.6024042395485139,0.493701285511636,0.0,0.0,0.0,0.0,0.0,0.0,0.024347385404426203,-0.417660645643743,0.47865363120729043
31.822329225,-0.25394540616517497,1.7695893285970508,-1.8340792444582412,1.6426864386845432,1.5992801001874442,0.49267154125295937,-0.25443409835573333,1.5893666300361162,-1.691974536760863,1.694086385155776,1.6024042395485139,0.493701285511636,0.0,0.0,0.0,0.0,0.0,0.0,0.02430690100935338,-0.41767347904826596,0.4785392459450582
31.830349078,-0.253927952872655,1.7693100759167315,-1.8340966977507611,1.642651532099503,1.5992975534799638,0.49267154125295937,-0.25443409835573333,1.5893666300361162,-1.691974536760863,1.694086385155776,1.6024042395485139,0.493701285511636,0.0,0.0,0.0,0.0,0.0,0.0,0.02390286991869633,-0.4177222853723257,0.47843016420818135
31.838313162000002,-0.253927952872655,1.7689610100663329,-1.8340792444582412,1.642668985392023,1.5992801001874442,0.49267154125295937,-0.25443409835573333,1.5893666300361162,-1.691974536760863,1.694086385155776,1.6024042395485139,0.493701285511636,0.0,0.0,0.0,0.0,0.0,0.0,0.023920897234415893,-0.4177018255133157,0.4783053368042703
31.846335127000003,-0.25391049958013506,1.7685770376308938,-1.8340792444582412,1.6426864386845432,1.5992801001874442,0.49267154125295937,-0.25443409835573333,1.5893666300361162,-1.691974536760863,1.694086385155776,1.6024042395485139,0.493701285511636,0.0,0.0,0.0,0.0,0.0,0.0,0.02389886197921468,-0.41771119392523315,0.47817548022752626
31.854350522,-0.253927952872655,1.7681756119029353,-1.8340617911657213,1.6426864386845432,1.5992626468949243,0.49267154125295937,-0.25443409835573333,1.5893666300361162,-1.691974536760863,1.694086385155776,1.6024042395485139,0.493701285511636,0.0,0.0,0.0,0.0,0.0,0.0,0.023706897911473526,-0.41772391606516923,0.4780214293066833
31.862324856,-0.25396285945769487,1.7678090927600165,-1.8340966977507611,1.642668985392023,1.5992801001874442,0.4926540879604394,-0.25443409835573333,1.5893666300361162,-1.691974536760863,1.694086385155776,1.6024042395485139,0.493701285511636,0.0,0.0,0.0,0.0,0.0,0.0,0.02367959636501081,-0.41772513009595613,0.4778714411646408
31.870300309,-0.25396285945769487,1.7673902137395376,-1.834166510920841,1.642668985392023,1.5992801001874442,0.49267154125295937,-0.25443409835573333,1.5893666300361162,-1.691974536760863,1.694086385155776,1.6024042395485139,0.493701285511636,0.0,0.0,0.0,0.0,0.0,0.0,0.02348182052401632,-0.41771140600018847,0.47770209502857763
31.878270189000002,-0.25396285945769487,1.7671109610592188,-1.8342014175058807,1.642651532099503,1.5992801001874442,0.49267154125295937,-0.25443409835573333,1.5893666300361162,-1.691974536760863,1.694086385155776,1.6024042395485139,0.493701285511636,0.0,0.0,0.0,0.0,0.0,0.0,0.023489822927061477,-0.4176787007436055,0.4775075636600289
31.886544994,-0.25396285945769487,1.7669189748414993,-1.8342014175058807,1.642651532099503,1.5992626468949243,0.4926889945454792,-0.25443409835573333,1.5893666300361162,-1.691974536760863,1.694086385155776,1.6024042395485139,0.493701285511636,0.0,0.0,0.0,0.0,0.0,0.0,0.02347596729613512,-0.41765640586618785,0.4773785797660926
31.894393033000004,-0.25394540616517497,1.7667618952088198,-1.8342014175058807,1.642668985392023,1.5992801001874442,0.4926540879604394,-0.25443409835573333,1.5893666300361162,-1.691974536760863,1.694086385155776,1.6024042395485139,0.493701285511636,0.0,0.0,0.0,0.0,0.0,0.0,0.023279393306038777,-0.417662982654034,0.4773052292964484
31.902363133,-0.253927952872655,1.7666571754537002,-1.834166510920841,1.642668985392023,1.5992451936024041,0.4926540879604394,-0.25443409835573333,1.5893666300361162,-1.691974536760863,1.694086385155776,1.6024042395485139,0.493701285511636,0.0,0.0,0.0,0.0,0.0,0.0,0.02329080847327822,-0.4176698716068538,0.47724607582479056
31.910365734000003,-0.253927952872655,1.7665524556985805,-1.8341839642133606,1.6426864386845432,1.5992451936024041,0.49267154125295937,-0.25443409835573333,1.5893666300361162,-1.691974536760863,1.694086385155776,1.6024042395485139,0.493701285511636,0.0,0.0,0.0,0.0,0.0,0.0,0.023281754041936213,-0.41767868130288166,0.47721931997927725
31.918337478,-0.25391049958013506,1.7664477359434607,-1.8341839642133606,1.6427038919770631,1.5992626468949243,0.4926540879604394,-0.25443409835573333,1.5893666300361162,-1.691974536760863,1.694086385155776,1.6024042395485139,0.493701285511636,0.0,0.0,0.0,0.0,0.0,0.0,0.023282823255827496,-0.4176777012201296,0.47717232075533195
31.927025912,-0.25391049958013506,1.7662732030182617,-1.8341839642133606,1.6427038919770631,1.5992626468949243,0.4926540879604394,-0.25443409835573333,1.5893666300361162,-1.691974536760863,1.694086385155776,1.6024042395485139,0.493701285511636,0.0,0.0,0.0,0.0,0.0,0.0,0.02329493007737612,-0.41768402042522174,0.47712471191996164
31.934377778,-0.253927952872655,1.7660986700930619,-1.8341839642133606,1.6427038919770631,1.5992451936024041,0.4926540879604394,-0.25443409835573333,1.5893666300361162,-1.691974536760863,1.694086385155776,1.6024042395485139,0.493701285511636,-0.005881759579220891,0.31335641390306196,0.015760323145508796,-0.014503686084072877,0.012269664641520135,0.003787364476827695,0.02329454600138127,-0.4176822486445574,0.4770613739601597
31.942289186000004,-0.253927952872655,1.7658717772903028,-1.8342014175058807,1.642668985392023,1.5992277403098845,0.4926540879604394,-0.25443409835573333,1.5893666300361162,-1.691974536760863,1.694086385155776,1.6024042395485139,0.493701285511636,0.0,0.0,0.0,0.0,0.0,0.0,0.023281518077262614,-0.417677459999624,0.47698783167770764
31.9503446,-0.253927952872655,1.7656797910725834,-1.8342363240909205,1.642634078806983,1.5992102870173643,0.4926540879604394,-0.25443409835573333,1.5893666300361162,-1.691974536760863,1.694086385155776,1.6024042395485139,0.493701285511636,0.0,0.0,0.0,0.0,0.0,0.0,0.023280537286242537,-0.4176516402369915,0.47688517175876044
31.958371824,-0.253927952872655,1.7655401647324238,-1.8342363240909205,1.642651532099503,1.5991928337248444,0.4926540879604394,-0.25443409835573333,1.5893666300361162,-1.691974536760863,1.694086385155776,1.6024042395485139,0.493701285511636,0.0,0.0,0.0,0.0,0.0,0.0,0.02328044445295913,-0.41762188125090666,0.4767904513325922
31.966330487,-0.25396285945769487,1.7656797910725834,-1.8342537773834404,1.6425991722219433,1.5992277403098845,0.49267154125295937,-0.25443409835573333,1.5893666300361162,-1.691974536760863,1.694086385155776,1.6024042395485139,0.493701285511636,0.0,0.0,0.0,0.0,0.0,0.0,0.023273227447776046,-0.4176237865708225,0.4767433711677809
31.974336643,-0.253927952872655,1.7663255628958214,-1.8342886839684802,1.6425293590518635,1.5992277403098845,0.4926540879604394,-0.25443409835573333,1.5893666300361162,-1.691974536760863,1.694086385155776,1.6024042395485139,0.493701285511636,0.0,0.0,0.0,0.0,0.0,0.0,0.02328045706521404,-0.41760024312653393,0.4768008362285057
31.982354392,-0.25394540616517497,1.7667968017938598,-1.8342886839684802,1.6425991722219433,1.5992277403098845,0.49267154125295937,-0.25443409835573333,1.5893666300361162,-1.691974536760863,1.694086385155776,1.6024042395485139,0.493701285511636,0.0,0.0,0.0,0.0,0.0,0.0,0.02330063014718485,-0.4175694793129811,0.47703051596436796
31.990384492,-0.25396285945769487,1.7669538814265393,-1.834166510920841,1.6427911584396626,1.5992102870173643,0.49267154125295937,-0.25443409835573333,1.5893666300361162,-1.691974536760863,1.694086385155776,1.6024042395485139,0.493701285511636,0.0,0.0,0.0,0.0,0.0,0.0,0.023282964755913838,-0.4176099800806991,0.47722241939912213
31.998326810000002,-0.25391049958013506,1.767023694596619,-1.8341839642133606,1.6428086117321827,1.5991928337248444,0.4926540879604394,-0.25443409835573333,1.5893666300361162,-1.691974536760863,1.694086385155776,1.6024042395485139,0.493701285511636,0.0,0.0,0.0,0.0,0.0,0.0,0.023241424481439576,-0.4177277243254902,0.47735599996444766
32.006292551,-0.25391049958013506,1.7671284143517385,-1.8342537773834404,1.6427213452695828,1.5992277403098845,0.4926540879604394,-0.25443409835573333,1.5893666300361162,-1.691974536760863,1.694086385155776,1.6024042395485139,0.493701285511636,0.0,0.0,0.0,0.0,0.0,0.0,0.023257520220025793,-0.4177210785886598,0.4773761092324493
32.014350928,-0.25391049958013506,1.7671284143517385,-1.8342014175058807,1.6427737051471427,1.5992277403098845,0.49267154125295937,-0.25443409835573333,1.5893666300361162,-1.691974536760863,1.694086385155776,1.6024042395485139,0.493701285511636,0.0,0.0,0.0,0.0,0.0,0.0,0.02328405284502495,-0.41766868152091857,0.4773768497979211
32.022356143,-0.25389304628761517,1.7670935077666987,-1.8342363240909205,1.6427213452695828,1.5992102870173643,0.4926540879604394,-0.25443409835573333,1.5893666300361162,-1.691974536760863,1.694086385155776,1.6024042395485139,0.493701285511636,0.0,0.0,0.0,0.0,0.0,0.0,0.023274869095168762,-0.417706121493431,0.47740373514071316
32.030403281000005,-0.25391049958013506,1.767041147889139,-1.8342712306759605,1.642616625514463,1.5991928337248444,0.4926540879604394,-0.25443409835573333,1.5893666300361162,-1.691974536760863,1.694086385155776,1.6024042395485139,0.493701285511636,0.0,0.0,0.0,0.0,0.0,0.0,0.023283412338515826,-0.41766618569383385,0.47736522531279896
32.038321556,-0.253927952872655,1.766988788011579,-1.8342712306759605,1.642634078806983,1.5991928337248444,0.4926540879604394,-0.25443409835573333,1.5893666300361162,-1.691974536760863,1.694086385155776,1.6024042395485139,0.493701285511636,0.0,0.0,0.0,0.0,0.0,0.0,0.023282481818207815,-0.41761306790023944,0.47731755205830806
32.046365098,-0.25391049958013506,1.7669713347190592,-1.8342712306759605,1.642634078806983,1.5992102870173643,0.49267154125295937,-0.25443409835573333,1.5893666300361162,-1.691974536760863,1.694086385155776,1.6024042395485139,0.493701285511636,0.0,0.0,0.0,0.0,0.0,0.0,0.023275230632922764,-0.417619463250011,0.47729952112511437
32.054361381,-0.253927952872655,1.766988788011579,-1.8342886839684802,1.642651532099503,1.5991928337248444,0.4926540879604394,-0.25443409835573333,1.5893666300361162,-1.691974536760863,1.694086385155776,1.6024042395485139,0.493701285511636,0.0,0.0,0.0,0.0,0.0,0.0,0.023287492138091913,-0.4176203251579886,0.4772932485652115
32.06232578,-0.253927952872655,1.767023694596619,-1.8342537773834404,1.642651532099503,1.5991928337248444,0.4926540879604394,-0.25443409835573333,1.5893666300361162,-1.691974536760863,1.694086385155776,1.6024042395485139,0.493701285511636,0.0,0.0,0.0,0.0,0.0,0.0,0.02327417714153194,-0.41761980582077585,0.47729523797212664
32.070325979,-0.25389304628761517,1.767058601181659,-1.8342537773834404,1.642651532099503,1.5992102870173643,0.4926540879604394,-0.25443409835573333,1.5893666300361162,-1.691974536760863,1.694086385155776,1.6024042395485139,0.493701285511636,0.0,0.0,0.0,0.0,0.0,0.0,0.02327217088322592,-0.41763409222104564,0.47732532095287344
32.078466488000004,-0.25387559299509516,1.7671284143517385,-1.8342188707984008,1.6427213452695828,1.5992102870173643,0.4926540879604394,-0.25443409835573333,1.5893666300361162,-1.691974536760863,1.694086385155776,1.6024042395485139,0.493701285511636,0.0,0.0,0.0,0.0,0.0,0.0,0.023291802922951584,-0.41763880934589726,0.47734305719588455
32.086324837,-0.25389304628761517,1.7671109610592188,-1.8342014175058807,1.6427213452695828,1.5991928337248444,0.4926540879604394,-0.25443409835573333,1.5893666300361162,-1.691974536760863,1.694086385155776,1.6024042395485139,0.493701285511636,0.0,0.0,0.0,0.0,0.0,0.0,0.023287709262774257,-0.41767810373616476,0.4773913904733611
32.094343192000004,-0.253927952872655,1.767058601181659,-1.8342537773834404,1.6426864386845432,1.5991928337248444,0.4926540879604394,-0.25443409835573333,1.5893666300361162,-1.691974536760863,1.694086385155776,1.6024042395485139,0.493701285511636,0.0,0.0,0.0,0.0,0.0,0.0,0.023272482396847025,-0.41768103092222597,0.47738887679407627
32.102317134,-0.25391049958013506,1.7669538814265393,-1.8342712306759605,1.642668985392023,1.5991928337248444,0.49267154125295937,-0.25443409835573333,1.5893666300361162,-1.691974536760863,1.694086385155776,1.6024042395485139,0.493701285511636,0.0,0.0,0.0,0.0,0.0,0.0,0.023267994379851765,-0.417647101587117,0.4773386372154233
32.110363362,-0.25391049958013506,1.7668840682564595,-1.8342537773834404,1.642651532099503,1.5992102870173643,0.49267154125295937,-0.25443409835573333,1.5893666300361162,-1.691974536760863,1.694086385155776,1.6024042395485139,0.493701285511636,0.0,0.0,0.0,0.0,0.0,0.0,0.023278746444368694,-0.4176324858151611,0.47728857782686823
32.118336902,-0.25391049958013506,1.7668142550863795,-1.8342537773834404,1.642651532099503,1.5992102870173643,0.49267154125295937,-0.25443409835573333,1.5893666300361162,-1.691974536760863,1.694086385155776,1.6024042395485139,0.493701285511636,0.0,0.0,0.0,0.0,0.0,0.0,0.023285251452753192,-0.41763371885921796,0.47726714027004496
32.12645139,-0.25396285945769487,1.7667444419162999,-1.8342712306759605,1.6426864386845432,1.5991928337248444,0.4926540879604394,-0.25443409835573333,1.5893666300361162,-1.691974536760863,1.694086385155776,1.6024042395485139,0.493701285511636,0.0,0.0,0.0,0.0,0.0,0.0,0.023284401861971928,-0.4176332101564069,0.47723983563957983
32.134330592000005,-0.25394540616517497,1.7667444419162999,-1.8342537773834404,1.642668985392023,1.5991928337248444,0.4926540879604394,-0.25443409835573333,1.5893666300361162,-1.691974536760863,1.694086385155776,1.6024042395485139,0.493701285511636,0.0,0.0,0.0,0.0,0.0,0.0,0.023255731525916572,-0.4176385209159699,0.4772089414356988
32.142344952,-0.25391049958013506,1.7667793485013397,-1.8342363240909205,1.642668985392023,1.5992277403098845,0.4926889945454792,-0.25443409835573333,1.5893666300361162,-1.691974536760863,1.694086385155776,1.6024042395485139,0.493701285511636,0.0,0.0,0.0,0.0,0.0,0.0,0.023264349690184573,-0.41763916088162134,0.477216532622887
32.150325355,-0.25391049958013506,1.7667793485013397,-1.8342363240909205,1.6426864386845432,1.5991928337248444,0.4926540879604394,-0.25443409835573333,1.5893666300361162,-1.691974536760863,1.694086385155776,1.6024042395485139,0.493701285511636,0.0,0.0,0.0,0.0,0.0,0.0,0.023287889702934193,-0.4176488134913173,0.47723771668200377
32.158291922000004,-0.253927952872655,1.7667793485013397,-1.8342363240909205,1.6426864386845432,1.5992102870173643,0.49267154125295937,-0.25443409835573333,1.5893666300361162,-1.691974536760863,1.694086385155776,1.6024042395485139,0.493701285511636,0.0,0.0,0.0,0.0,0.0,0.0,0.023273402697968043,-0.41765225823418956,0.47723923193311235
32.166325757,-0.25391049958013506,1.7667793485013397,-1.8342363240909205,1.6427213452695828,1.5992102870173643,0.49267154125295937,-0.25443409835573333,1.5893666300361162,-1.691974536760863,1.694086385155776,1.6024042395485139,0.493701285511636,0.0,0.0,0.0,0.0,0.0,0.0,0.02327331918714072,-0.41765519488117847,0.47723969776008296
32.174338131,-0.25391049958013506,1.7667444419162999,-1.8342537773834404,1.6426864386845432,1.5991928337248444,0.4926540879604394,-0.25443409835573333,1.5893666300361162,-1.691974536760863,1.694086385155776,1.6024042395485139,0.493701285511636,0.0,0.0,0.0,0.0,0.0,0.0,0.023276837871062304,-0.4176659681876919,0.477241575017252
32.182356314,-0.25391049958013506,1.76667462874622,-1.8342712306759605,1.642634078806983,1.5992102870173643,0.4926540879604394,-0.25443409835573333,1.5893666300361162,-1.691974536760863,1.694086385155776,1.6024042395485139,0.493701285511636,0.0,0.0,0.0,0.0,0.0,0.0,0.023276286451520835,-0.41764253325558687,0.4772139717514132
32.190352332,-0.253927952872655,1.7666571754537002,-1.8342537773834404,1.642651532099503,1.5991928337248444,0.4926540879604394,-0.25443409835573333,1.5893666300361162,-1.691974536760863,1.694086385155776,1.6024042395485139,0.493701285511636,0.0,0.0,0.0,0.0,0.0,0.0,0.02328813932288884,-0.4176181142218352,0.4771749912000445
32.198313234000004,-0.253927952872655,1.7666397221611805,-1.8342712306759605,1.642668985392023,1.5992277403098845,0.49267154125295937,-0.25443409835573333,1.5893666300361162,-1.691974536760863,1.694086385155776,1.6024042395485139,0.493701285511636,0.0,0.0,0.0,0.0,0.0,0.0,0.02327263295183862,-0.41763033249130693,0.477177138612496
32.206310788,-0.25391049958013506,1.7666397221611805,-1.8342537773834404,1.6426864386845432,1.5992277403098845,0.49267154125295937,-0.25443409835573333,1.5893666300361162,-1.691974536760863,1.694086385155776,1.6024042395485139,0.493701285511636,0.0,0.0,0.0,0.0,0.0,0.0,0.02328592631242492,-0.4176339309149887,0.47716582828580817
32.21435583,-0.25387559299509516,1.7666571754537002,-1.8342537773834404,1.6426864386845432,1.5992102870173643,0.4926540879604394,-0.25443409835573333,1.5893666300361162,-1.691974536760863,1.694086385155776,1.6024042395485139,0.493701285511636,0.0,0.0,0.0,0.0,0.0,0.0,0.02328997657946273,-0.4176465324663753,0.4771759711630631
32.222331568,-0.25391049958013506,1.7666397221611805,-1.8342537773834404,1.6426864386845432,1.5991928337248444,0.4926540879604394,-0.25443409835573333,1.5893666300361162,-1.691974536760863,1.694086385155776,1.6024042395485139,0.493701285511636,0.0,0.0,0.0,0.0,0.0,0.0,0.023295834119526158,-0.4176441967338276,0.4771818799261034
32.230318627,-0.25391049958013506,1.7666397221611805,-1.8342188707984008,1.6426864386845432,1.5992102870173643,0.4926540879604394,-0.25443409835573333,1.5893666300361162,-1.691974536760863,1.694086385155776,1.6024042395485139,0.493701285511636,0.0,0.0,0.0,0.0,0.0,0.0,0.023275795966428866,-0.41764436585193504,0.47717617843746835
32.238289366000004,-0.25391049958013506,1.7665699089911007,-1.8342363240909205,1.6426864386845432,1.5991928337248444,0.4926540879604394,-0.25443409835573333,1.5893666300361162,-1.691974536760863,1.694086385155776,1.6024042395485139,0.493701285511636,0.0,0.0,0.0,0.0,0.0,0.0,0.02327852444496122,-0.4176589574286207,0.4771894334614538
32.246329484,-0.253927952872655,1.7665000958210204,-1.8342537773834404,1.642668985392023,1.5992102870173643,0.49267154125295937,-0.25443409835573333,1.5893666300361162,-1.691974536760863,1.694086385155776,1.6024042395485139,0.493701285511636,0.0,0.0,0.0,0.0,0.0,0.0,0.02327415369554074,-0.41764918650551974,0.4771535266008674
32.254386158,-0.253927952872655,1.7664477359434607,-1.8342537773834404,1.642651532099503,1.5992451936024041,0.4926540879604394,-0.25443409835573333,1.5893666300361162,-1.691974536760863,1.694086385155776,1.6024042395485139,0.493701285511636,0.0,0.0,0.0,0.0,0.0,0.0,0.023278516572043648,-0.4176367198214606,0.47711575168795756
32.262307504,-0.253927952872655,1.7663779227733811,-1.8342537773834404,1.642668985392023,1.5992277403098845,0.4926540879604394,-0.25443409835573333,1.5893666300361162,-1.691974536760863,1.694086385155776,1.6024042395485139,0.493701285511636,0.0,0.0,0.0,0.0,0.0,0.0,0.023292369587700635,-0.4176332870117233,0.4770932397803921
32.27031601,-0.25394540616517497,1.7663604694808612,-1.8342537773834404,1.642651532099503,1.5992102870173643,0.4926540879604394,-0.25443409835573333,1.5893666300361162,-1.691974536760863,1.694086385155776,1.6024042395485139,0.493701285511636,0.0,0.0,0.0,0.0,0.0,0.0,0.023283668905902433,-0.4176368508146049,0.4770683201451402
32.278335155,-0.253927952872655,1.7663255628958214,-1.8342537773834404,1.642668985392023,1.5992102870173643,0.49267154125295937,-0.25443409835573333,1.5893666300361162,-1.691974536760863,1.694086385155776,1.6024042395485139,0.493701285511636,0.0,0.0,0.0,0.0,0.0,0.0,0.023272432786858793,-0.41762954130432617,0.47705897190282387
32.286337228,-0.25394540616517497,1.7663255628958214,-1.8342537773834404,1.6426864386845432,1.5992277403098845,0.4926540879604394,-0.25443409835573333,1.5893666300361162,-1.691974536760863,1.694086385155776,1.6024042395485139,0.493701285511636,0.0,0.0,0.0,0.0,0.0,0.0,0.023277591356607126,-0.41763579237452947,0.4770480173749729
32.29450571,-0.253927952872655,1.7663604694808612,-1.8342188707984008,1.6426864386845432,1.5992277403098845,0.4926540879604394,-0.25443409835573333,1.5893666300361162,-1.691974536760863,1.694086385155776,1.6024042395485139,0.493701285511636,0.0,0.0,0.0,0.0,0.0,0.0,0.02327594606921424,-0.4176453304191146,0.4770522986605898
32.302341154000004,-0.253927952872655,1.7663604694808612,-1.8342537773834404,1.642668985392023,1.5992102870173643,0.4926540879604394,-0.25443409835573333,1.5893666300361162,-1.691974536760863,1.694086385155776,1.6024042395485139,0.493701285511636,0.0,0.0,0.0,0.0,0.0,0.0,0.023279169144047887,-0.41765715485828087,0.4770794876212207
32.310458100000005,-0.25391049958013506,1.766343016188341,-1.8342537773834404,1.642668985392023,1.5992102870173643,0.49267154125295937,-0.25443409835573333,1.5893666300361162,-1.691974536760863,1.694086385155776,1.6024042395485139,0.493701285511636,0.0,0.0,0.0,0.0,0.0,0.0,0.02327829347851857,-0.41763548400568296,0.47706118442090756
32.318305522,-0.25391049958013506,1.7663255628958214,-1.8342537773834404,1.642668985392023,1.5992277403098845,0.4926540879604394,-0.25443409835573333,1.5893666300361162,-1.691974536760863,1.694086385155776,1.6024042395485139,0.493701285511636,0.0,0.0,0.0,0.0,0.0,0.0,0.02328539032628175,-0.417634974975153,0.4770544049344924
32.326322823000005,-0.25391049958013506,1.7663255628958214,-1.8342537773834404,1.642668985392023,1.5992277403098845,0.4926540879604394,-0.25443409835573333,1.5893666300361162,-1.691974536760863,1.694086385155776,1.6024042395485139,0.493701285511636,0.0,0.0,0.0,0.0,0.0,0.0,0.023291963199428025,-0.41763639759155885,0.4770480683644866
32.334318792000005,-0.25391049958013506,1.7663255628958214,-1.8342537773834404,1.642651532099503,1.5992102870173643,0.4926540879604394,-0.25443409835573333,1.5893666300361162,-1.691974536760863,1.694086385155776,1.6024042395485139,0.493701285511636,0.0029845130209103033,0.028448866807507567,-0.007487462491055673,-0.00598647933434055,-0.004485496177625427,0.0,0.0232916059111193,-0.4176358137471728,0.4770479184944398
32.342311448000004,-0.25391049958013506,1.7663255628958214,-1.8342537773834404,1.6426864386845432,1.5992277403098845,0.49267154125295937,-0.25443409835573333,1.5893666300361162,-1.691974536760863,1.694086385155776,1.6024042395485139,0.493701285511636,0.0,0.0,0.0,0.0,0.0,0.0,0.023286886088934342,-0.4176286032586301,0.4770460797423882
32.350325074000004,-0.25389304628761517,1.7662906563107814,-1.8342537773834404,1.6426864386845432,1.5992102870173643,0.4926540879604394,-0.25443409835573333,1.5893666300361162,-1.691974536760863,1.694086385155776,1.6024042395485139,0.493701285511636,0.0,0.0,0.0,0.0,0.0,0.0,0.02329028616844218,-0.41764320096010954,0.4770493145909362
32.358322654000006,-0.25391049958013506,1.7662906563107814,-1.8342537773834404,1.6426864386845432,1.5992102870173643,0.49267154125295937,-0.25443409835573333,1.5893666300361162,-1.691974536760863,1.694086385155776,1.6024042395485139,0.493701285511636,0.0,0.0,0.0,0.0,0.0,0.0,0.023290166047069728,-0.4176408240556542,0.477035937947517
32.366306171000005,-0.25391049958013506,1.7663081096033013,-1.8342537773834404,1.6426864386845432,1.5991928337248444,0.49267154125295937,-0.25443409835573333,1.5893666300361162,-1.691974536760863,1.694086385155776,1.6024042395485139,0.493701285511636,0.0,0.0,0.0,0.0,0.0,0.0,0.023282896983149018,-0.41764115154929776,0.47703643069865237
32.374335701,-0.25391049958013506,1.7663604694808612,-1.8342537773834404,1.642668985392023,1.5991928337248444,0.49267154125295937,-0.25443409835573333,1.5893666300361162,-1.691974536760863,1.694086385155776,1.6024042395485139,0.493701285511636,0.0,0.0,0.0,0.0,0.0,0.0,0.02327656082449235,-0.4176393290381075,0.47704395958544243
32.382299307000004,-0.25394540616517497,1.7663255628958214,-1.8342537773834404,1.642668985392023,1.5991928337248444,0.49267154125295937,-0.25443409835573333,1.5893666300361162,-1.691974536760863,1.694086385155776,1.6024042395485139,0.493701285511636,0.0,0.0,0.0,0.0,0.0,0.0,0.023277097831368967,-0.4176334177705952,0.4770607211833077
32.390307222000004,-0.253927952872655,1.7662906563107814,-1.8342537773834404,1.6426864386845432,1.5992102870173643,0.4926540879604394,-0.25443409835573333,1.5893666300361162,-1.691974536760863,1.694086385155776,1.6024042395485139,0.493701285511636,0.0,0.0,0.0,0.0,0.0,0.0,0.023264446670243796,-0.41763451108360145,0.47704681392687714
32.398310759000005,-0.25391049958013506,1.7662906563107814,-1.8342363240909205,1.642668985392023,1.5992102870173643,0.4926540879604394,-0.25443409835573333,1.5893666300361162,-1.691974536760863,1.694086385155776,1.6024042395485139,0.493701285511636,0.0,0.0,0.0,0.0,0.0,0.0,0.023276652944691688,-0.41764172502760166,0.4770364084399653
32.406313547,-0.25391049958013506,1.7662732030182617,-1.8342363240909205,1.6426864386845432,1.5992277403098845,0.49267154125295937,-0.25443409835573333,1.5893666300361162,-1.691974536760863,1.694086385155776,1.6024042395485139,0.493701285511636,0.0,0.0,0.0,0.0,0.0,0.0,0.02328368229611529,-0.4176422279246226,0.47704199274848597
32.414460715000004,-0.25391049958013506,1.7662732030182617,-1.8342363240909205,1.642668985392023,1.5992102870173643,0.4926540879604394,-0.25443409835573333,1.5893666300361162,-1.691974536760863,1.694086385155776,1.6024042395485139,0.493701285511636,0.0,0.0,0.0,0.0,0.0,0.0,0.02328815189322575,-0.4176493428188818,0.4770374022385245
32.422352222,-0.25391049958013506,1.7662906563107814,-1.8342363240909205,1.642668985392023,1.5992102870173643,0.49267154125295937,-0.25443409835573333,1.5893666300361162,-1.691974536760863,1.694086385155776,1.6024042395485139,0.493701285511636,0.0,0.0,0.0,0.0,0.0,0.0,0.02328335510560956,-0.41764146306363403,0.4770358793790628
32.430343683000004,-0.253927952872655,1.7662906563107814,-1.8342363240909205,1.642668985392023,1.5991928337248444,0.49267154125295937,-0.25443409835573333,1.5893666300361162,-1.691974536760863,1.694086385155776,1.6024042395485139,0.493701285511636,0.0,0.0,0.0,0.0,0.0,0.0,0.023282154262363842,-0.4176415376570738,0.4770423064992809
32.43831912,-0.25391049958013506,1.7662906563107814,-1.8342537773834404,1.642651532099503,1.5992102870173643,0.49267154125295937,-0.25443409835573333,1.5893666300361162,-1.691974536760863,1.694086385155776,1.6024042395485139,0.493701285511636,0.0,0.0,0.0,0.0,0.0,0.0,0.023270346087528915,-0.41763952173457475,0.47704141761382174
32.446334921,-0.25391049958013506,1.7663255628958214,-1.8342363240909205,1.642668985392023,1.5992277403098845,0.4926540879604394,-0.25443409835573333,1.5893666300361162,-1.691974536760863,1.694086385155776,1.6024042395485139,0.493701285511636,0.0,0.0,0.0,0.0,0.0,0.0,0.023287044832524136,-0.4176286314019999,0.4770337380300307
32.454297396,-0.25391049958013506,1.7663255628958214,-1.8342363240909205,1.642651532099503,1.5992277403098845,0.49267154125295937,-0.25443409835573333,1.5893666300361162,-1.691974536760863,1.694086385155776,1.6024042395485139,0.493701285511636,0.0,0.0,0.0,0.0,0.0,0.0,0.023290280619691146,-0.4176432655284776,0.47705633982104056
32.462295484,-0.25391049958013506,1.7663081096033013,-1.8342363240909205,1.642668985392023,1.5992102870173643,0.49267154125295937,-0.25443409835573333,1.5893666300361162,-1.691974536760863,1.694086385155776,1.6024042395485139,0.493701285511636,0.0,0.0,0.0,0.0,0.0,0.0,0.023291392769415987,-0.41763709239831803,0.47705418489956436
32.470328122000005,-0.25391049958013506,1.7663255628958214,-1.8342537773834404,1.642668985392023,1.5992102870173643,0.49267154125295937,-0.25443409835573333,1.5893666300361162,-1.691974536760863,1.694086385155776,1.6024042395485139,0.493701285511636,0.0,0.0,0.0,0.0,0.0,0.0,0.023283391592846682,-0.417641313922457,0.47704917046647555
32.478334575000005,-0.25391049958013506,1.7663081096033013,-1.8342363240909205,1.642668985392023,1.5991928337248444,0.4926540879604394,-0.25443409835573333,1.5893666300361162,-1.691974536760863,1.694086385155776,1.6024042395485139,0.493701285511636,0.0,0.0,0.0,0.0,0.0,0.0,0.023284391424280935,-0.41763508656443316,0.4770479514517484
32.486349506,-0.25391049958013506,1.7662906563107814,-1.8342537773834404,1.642651532099503,1.5992102870173643,0.49267154125295937,-0.25443409835573333,1.5893666300361162,-1.691974536760863,1.694086385155776,1.6024042395485139,0.493701285511636,0.0,0.0,0.0,0.0,0.0,0.0,0.023277116505106936,-0.41763921700613965,0.4770478310909023
32.494481451,-0.25391049958013506,1.7663081096033013,-1.8342537773834404,1.642668985392023,1.5992277403098845,0.4926540879604394,-0.25443409835573333,1.5893666300361162,-1.691974536760863,1.694086385155776,1.6024042395485139,0.493701285511636,0.0,0.0,0.0,0.0,0.0,0.0,0.023286979322179668,-0.41762773485289284,0.477032242201034
32.502368902,-0.25391049958013506,1.7663081096033013,-1.8342363240909205,1.6426864386845432,1.5992277403098845,0.4926540879604394,-0.25443409835573333,1.5893666300361162,-1.691974536760863,1.694086385155776,1.6024042395485139,0.493701285511636,0.0,0.0,0.0,0.0,0.0,0.0,0.02329175530190655,-0.41763724629762067,0.47704183081092905
32.510387776,-0.253927952872655,1.7663081096033013,-1.8342537773834404,1.6426864386845432,1.5992277403098845,0.4926540879604394,-0.25443409835573333,1.5893666300361162,-1.691974536760863,1.694086385155776,1.6024042395485139,0.493701285511636,0.0,0.0,0.0,0.0,0.0,0.0,0.023288155309396874,-0.4176500193498395,0.4770509399875181
32.518326284000004,-0.25391049958013506,1.7663081096033013,-1.8342537773834404,1.642668985392023,1.5992277403098845,0.4926540879604394,-0.25443409835573333,1.5893666300361162,-1.691974536760863,1.694086385155776,1.6024042395485139,0.493701285511636,0.0,0.0,0.0,0.0,0.0,0.0,0.023283681564878568,-0.41764308187168775,0.4770429427778384
32.526350027,-0.25391049958013506,1.7662906563107814,-1.8342363240909205,1.642651532099503,1.5991928337248444,0.4926540879604394,-0.25443409835573333,1.5893666300361162,-1.691974536760863,1.694086385155776,1.6024042395485139,0.493701285511636,0.0,0.0,0.0,0.0,0.0,0.0,0.023290912746951973,-0.41763595968412354,0.4770409973339907
32.5343382,-0.25389304628761517,1.7662906563107814,-1.8342537773834404,1.642668985392023,1.5992102870173643,0.4926540879604394,-0.25443409835573333,1.5893666300361162,-1.691974536760863,1.694086385155776,1.6024042395485139,0.493701285511636,0.0,0.0,0.0,0.0,0.0,0.0,0.023278990757992647,-0.41763310138382903,0.4770397312425839
32.542293453,-0.25391049958013506,1.7662906563107814,-1.8342537773834404,1.6426864386845432,1.5992102870173643,0.49267154125295937,-0.25443409835573333,1.5893666300361162,-1.691974536760863,1.694086385155776,1.6024042395485139,0.493701285511636,0.0,0.0,0.0,0.0,0.0,0.0,0.02329181662975949,-0.41763432723294147,0.4770340515907359
32.550349393000005,-0.253927952872655,1.7662906563107814,-1.8342537773834404,1.642668985392023,1.5992102870173643,0.49267154125295937,-0.25443409835573333,1.5893666300361162,-1.691974536760863,1.694086385155776,1.6024042395485139,0.493701285511636,0.0,0.0,0.0,0.0,0.0,0.0,0.023283004520270607,-0.4176407973856049,0.47703579336801805
32.558400510000006,-0.253927952872655,1.7662906563107814,-1.8342363240909205,1.642668985392023,1.5992451936024041,0.4926540879604394,-0.25443409835573333,1.5893666300361162,-1.691974536760863,1.694086385155776,1.6024042395485139,0.493701285511636,0.0,0.0,0.0,0.0,0.0,0.0,0.023278826454006384,-0.4176356798093824,0.47703465301787323
32.566307059,-0.25391049958013506,1.7662906563107814,-1.8342363240909205,1.6426864386845432,1.5992102870173643,0.4926540879604394,-0.25443409835573333,1.5893666300361162,-1.691974536760863,1.694086385155776,1.6024042395485139,0.493701285511636,0.0,0.0,0.0,0.0,0.0,0.0,0.023289436600669355,-0.4176456669554459,0.4770428158347977
32.574398595000005,-0.25391049958013506,1.7662906563107814,-1.8342537773834404,1.642668985392023,1.5991928337248444,0.4926540879604394,-0.25443409835573333,1.5893666300361162,-1.691974536760863,1.694086385155776,1.6024042395485139,0.493701285511636,0.0,0.0,0.0,0.0,0.0,0.0,0.02328131810465023,-0.4176472063611973,0.4770434256709433
32.582330322000004,-0.25391049958013506,1.7662906563107814,-1.8342537773834404,1.642651532099503,1.5991928337248444,0.49267154125295937,-0.25443409835573333,1.5893666300361162,-1.691974536760863,1.694086385155776,1.6024042395485139,0.493701285511636,0.0,0.0,0.0,0.0,0.0,0.0,0.023278329366514135,-0.41763211024740315,0.4770335684671985
32.590318086,-0.25391049958013506,1.7663081096033013,-1.8342363240909205,1.642668985392023,1.5991928337248444,0.4926540879604394,-0.25443409835573333,1.5893666300361162,-1.691974536760863,1.694086385155776,1.6024042395485139,0.493701285511636,0.0,0.0,0.0,0.0,0.0,0.0,0.023279616256732208,-0.41762685734198385,0.4770330703327711
32.598306157,-0.25391049958013506,1.7663081096033013,-1.8342363240909205,1.6426864386845432,1.5992102870173643,0.4926540879604394,-0.25443409835573333,1.5893666300361162,-1.691974536760863,1.694086385155776,1.6024042395485139,0.493701285511636,0.0,0.0,0.0,0.0,0.0,0.0,0.023276723763654528,-0.41764073260405327,0.4770492230331035
32.606283133000005,-0.25391049958013506,1.7663081096033013,-1.8342537773834404,1.642668985392023,1.5991928337248444,0.4926540879604394,-0.25443409835573333,1.5893666300361162,-1.691974536760863,1.694086385155776,1.6024042395485139,0.493701285511636,0.0,0.0,0.0,0.0,0.0,0.0,0.023281378023107233,-0.4176478896376223,0.47705070406123024
32.614311425000004,-0.25391049958013506,1.7663081096033013,-1.8342537773834404,1.642651532099503,1.5992102870173643,0.49267154125295937,-0.25443409835573333,1.5893666300361162,-1.691974536760863,1.694086385155776,1.6024042395485139,0.493701285511636,0.0,0.0,0.0,0.0,0.0,0.0,0.02327878364725863,-0.4176324364243678,0.47704053569229743
32.622434104,-0.25391049958013506,1.7663255628958214,-1.8342363240909205,1.642668985392023,1.5991928337248444,0.4926540879604394,-0.25443409835573333,1.5893666300361162,-1.691974536760863,1.694086385155776,1.6024042395485139,0.493701285511636,0.0,0.0,0.0,0.0,0.0,0.0,0.023285863716307118,-0.4176286897847732,0.4770403248030246
32.630342618,-0.253927952872655,1.7662906563107814,-1.8342537773834404,1.642668985392023,1.5991928337248444,0.4926540879604394,-0.25443409835573333,1.5893666300361162,-1.691974536760863,1.694086385155776,1.6024042395485139,0.493701285511636,0.0,0.0,0.0,0.0,0.0,0.0,0.023275975106450967,-0.41763986561646277,0.47705464875383674
32.638363421,-0.25391049958013506,1.7663081096033013,-1.8342363240909205,1.642668985392023,1.5992277403098845,0.49267154125295937,-0.25443409835573333,1.5893666300361162,-1.691974536760863,1.694086385155776,1.6024042395485139,0.493701285511636,0.0,0.0,0.0,0.0,0.0,0.0,0.023272515951298395,-0.41763396104917905,0.4770350212482479
32.646332991,-0.253927952872655,1.7663081096033013,-1.8342363240909205,1.642668985392023,1.5992102870173643,0.49267154125295937,-0.25443409835573333,1.5893666300361162,-1.691974536760863,1.694086385155776,1.6024042395485139,0.493701285511636,0.0,0.0,0.0,0.0,0.0,0.0,0.02328928488808184,-0.4176434462047575,0.4770494614155527
32.654318382,-0.25391049958013506,1.7662906563107814,-1.8342537773834404,1.642668985392023,1.5992102870173643,0.49267154125295937,-0.25443409835573333,1.5893666300361162,-1.691974536760863,1.694086385155776,1.6024042395485139,0.493701285511636,0.0,0.0,0.0,0.0,0.0,0.0,0.023276657697908647,-0.41764170735370265,0.4770481391427332
32.662310485,-0.253927952872655,1.7662906563107814,-1.8342537773834404,1.642668985392023,1.5992277403098845,0.49267154125295937,-0.25443409835573333,1.5893666300361162,-1.691974536760863,1.694086385155776,1.6024042395485139,0.493701285511636,0.0,0.0,0.0,0.0,0.0,0.0,0.0232850852953037,-0.4176344504438949,0.4770339333189576
32.670359969,-0.253927952872655,1.7662906563107814,-1.8342537773834404,1.642668985392023,1.5992102870173643,0.4926540879604394,-0.25443409835573333,1.5893666300361162,-1.691974536760863,1.694086385155776,1.6024042395485139,0.493701285511636,0.0,0.0,0.0,0.0,0.0,0.0,0.02328420817760219,-0.4176363529672835,0.4770341078846638
32.678284752,-0.25391049958013506,1.7662906563107814,-1.8342537773834404,1.642668985392023,1.5992102870173643,0.49267154125295937,-0.25443409835573333,1.5893666300361162,-1.691974536760863,1.694086385155776,1.6024042395485139,0.493701285511636,0.0,0.0,0.0,0.0,0.0,0.0,0.023278338016762004,-0.41763475639655306,0.4770339209981384
32.686342763,-0.25391049958013506,1.7662906563107814,-1.8342537773834404,1.642668985392023,1.5992277403098845,0.4926540879604394,-0.25443409835573333,1.5893666300361162,-1.691974536760863,1.694086385155776,1.6024042395485139,0.493701285511636,0.0,0.0,0.0,0.0,0.0,0.0,0.023285602106488817,-0.41763444051087095,0.4770339355403777
32.694377599,-0.25391049958013506,1.7662906563107814,-1.8342537773834404,1.642668985392023,1.5992102870173643,0.4926540879604394,-0.25443409835573333,1.5893666300361162,-1.691974536760863,1.694086385155776,1.6024042395485139,0.493701285511636,0.0,0.0,0.0,0.0,0.0,0.0,0.023291570061946452,-0.4176359018501023,0.47703411024519593
32.70233007,-0.253927952872655,1.7662906563107814,-1.8342537773834404,1.642668985392023,1.5992102870173643,0.49267154125295937,-0.25443409835573333,1.5893666300361162,-1.691974536760863,1.694086385155776,1.6024042395485139,0.493701285511636,0.0,0.0,0.0,0.0,0.0,0.0,0.023284567872504124,-0.41763435361934703,0.4770339209981384
32.710331978,-0.25391049958013506,1.7662906563107814,-1.8342537773834404,1.642668985392023,1.5992102870173643,0.4926540879604394,-0.25443409835573333,1.5893666300361162,-1.691974536760863,1.694086385155776,1.6024042395485139,0.493701285511636,0.0,0.0,0.0,0.0,0.0,0.0,0.02327836226903575,-0.41763475482857726,0.4770339209981384
32.719108977000005,-0.253927952872655,1.7662906563107814,-1.8342537773834404,1.6426864386845432,1.5992102870173643,0.4926540879604394,-0.25443409835573333,1.5893666300361162,-1.691974536760863,1.694086385155776,1.6024042395485139,0.493701285511636,0.0,0.0,0.0,0.0,0.0,0.0,0.023283550948063114,-0.41763560174096637,0.47703427003843984
32.726432243000005,-0.25391049958013506,1.7663255628958214,-1.8342537773834404,1.642651532099503,1.5992102870173643,0.4926540879604394,-0.25443409835573333,1.5893666300361162,-1.691974536760863,1.694086385155776,1.6024042395485139,0.493701285511636,0.0,0.0,0.0,0.0,0.0,0.0,0.023276922689001233,-0.41764067916041353,0.4770366879111249
32.734311513,-0.25391049958013506,1.7662906563107814,-1.8342363240909205,1.642668985392023,1.5992102870173643,0.4926540879604394,-0.25443409835573333,1.5893666300361162,-1.691974536760863,1.694086385155776,1.6024042395485139,0.493701285511636,-0.0014835298641951804,-0.0029845130209103033,0.0014835298641951804,0.0014835298641951804,0.0,-0.0014835298641951804,0.023286481218037943,-0.4176287025418397,0.47704563088499174
32.742300587,-0.25391049958013506,1.7663081096033013,-1.8342363240909205,1.642668985392023,1.5991928337248444,0.4926540879604394,-0.25443409835573333,1.5893666300361162,-1.691974536760863,1.694086385155776,1.6024042395485139,0.493701285511636,0.0,0.0,0.0,0.0,0.0,0.0,0.02328282563784213,-0.4176415319898864,0.47704279556560936
32.750337971,-0.25391049958013506,1.7663081096033013,-1.8342363240909205,1.642668985392023,1.5992102870173643,0.4926540879604394,-0.25443409835573333,1.5893666300361162,-1.691974536760863,1.694086385155776,1.6024042395485139,0.493701285511636,0.0,0.0,0.0,0.0,0.0,0.0,0.023276756815664563,-0.41764023099212355,0.47704908083316366
32.758357089,-0.25391049958013506,1.7663081096033013,-1.8342537773834404,1.642668985392023,1.5991928337248444,0.49267154125295937,-0.25443409835573333,1.5893666300361162,-1.691974536760863,1.694086385155776,1.6024042395485139,0.493701285511636,0.0,0.0,0.0,0.0,0.0,0.0,0.023282867705798564,-0.4176411220969313,0.4770485999782302
32.766318316,-0.25391049958013506,1.7663081096033013,-1.8342537773834404,1.642651532099503,1.5992277403098845,0.4926540879604394,-0.25443409835573333,1.5893666300361162,-1.691974536760863,1.694086385155776,1.6024042395485139,0.493701285511636,0.0,0.0,0.0,0.0,0.0,0.0,0.02327925499169227,-0.41763256881111505,0.4770405542570179
32.7742949,-0.25391049958013506,1.7663081096033013,-1.8342363240909205,1.642668985392023,1.5992277403098845,0.49267154125295937,-0.25443409835573333,1.5893666300361162,-1.691974536760863,1.694086385155776,1.6024042395485139,0.493701285511636,0.0,0.0,0.0,0.0,0.0,0.0,0.023293431798392637,-0.41763040309434235,0.4770398671355013
32.782321824,-0.25391049958013506,1.7662906563107814,-1.8342537773834404,1.642668985392023,1.5991928337248444,0.4926540879604394,-0.25443409835573333,1.5893666300361162,-1.691974536760863,1.694086385155776,1.6024042395485139,0.493701285511636,0.0,0.0,0.0,0.0,0.0,0.0,0.023289462241224242,-0.41764284249054406,0.47704848541071987
32.790297234,-0.25391049958013506,1.7663081096033013,-1.8342537773834404,1.642651532099503,1.5992102870173643,0.49263663466791946,-0.25443409835573333,1.5893666300361162,-1.691974536760863,1.694086385155776,1.6024042395485139,0.493701285511636,0.0,0.0,0.0,0.0,0.0,0.0,0.0232787631586707,-0.41763229937481,0.47703405677221994
32.798406984,-0.25391049958013506,1.7662906563107814,-1.8342537773834404,1.6426864386845432,1.5992277403098845,0.4926540879604394,-0.25443409835573333,1.5893666300361162,-1.691974536760863,1.694086385155776,1.6024042395485139,0.493701285511636,0.0,0.0,0.0,0.0,0.0,0.0,0.02328706136092108,-0.4176289432453104,0.4770386295805228
32.80636418,-0.25391049958013506,1.7662906563107814,-1.8342537773834404,1.6426864386845432,1.5992102870173643,0.49267154125295937,-0.25443409835573333,1.5893666300361162,-1.691974536760863,1.694086385155776,1.6024042395485139,0.493701285511636,0.0,0.0,0.0,0.0,0.0,0.0,0.023289808526718386,-0.41764282939443637,0.47703612541667767
32.814325152,-0.25391049958013506,1.7662906563107814,-1.8342363240909205,1.642651532099503,1.5991928337248444,0.4926540879604394,-0.25443409835573333,1.5893666300361162,-1.691974536760863,1.694086385155776,1.6024042395485139,0.493701285511636,0.0,0.0,0.0,0.0,0.0,0.0,0.023283027393588982,-0.41764067775085706,0.47703623505485526
32.822348546,-0.25391049958013506,1.7662906563107814,-1.8342363240909205,1.642668985392023,1.5992277403098845,0.4926540879604394,-0.25443409835573333,1.5893666300361162,-1.691974536760863,1.694086385155776,1.6024042395485139,0.493701285511636,0.0,0.0,0.0,0.0,0.0,0.0,0.0232790238107693,-0.41763383416556427,0.4770403009972625
32.830344884,-0.25391049958013506,1.7662906563107814,-1.8342363240909205,1.642668985392023,1.5992102870173643,0.4926540879604394,-0.25443409835573333,1.5893666300361162,-1.691974536760863,1.694086385155776,1.6024042395485139,0.493701285511636,0.0,0.0,0.0,0.0,0.0,0.0,0.023289738297235917,-0.4176432107116594,0.47704251109885787
32.838298923,-0.25391049958013506,1.7662906563107814,-1.8342363240909205,1.642651532099503,1.5991928337248444,0.4926540879604394,-0.25443409835573333,1.5893666300361162,-1.691974536760863,1.694086385155776,1.6024042395485139,0.493701285511636,0.0,0.0,0.0,0.0,0.0,0.0,0.023282942359300896,-0.41764102788038243,0.47704216647352315
32.846327995,-0.25391049958013506,1.7662906563107814,-1.8342537773834404,1.642668985392023,1.5992277403098845,0.49267154125295937,-0.25443409835573333,1.5893666300361162,-1.691974536760863,1.694086385155776,1.6024042395485139,0.493701285511636,0.0,0.0,0.0,0.0,0.0,0.0,0.023279151905607563,-0.41763327581017273,0.4770396655353878
32.854404136,-0.25391049958013506,1.7663081096033013,-1.8342537773834404,1.642668985392023,1.5992102870173643,0.4926540879604394,-0.25443409835573333,1.5893666300361162,-1.691974536760863,1.694086385155776,1.6024042395485139,0.493701285511636,0.0,0.0,0.0,0.0,0.0,0.0,0.02329151132833702,-0.4176359029583054,0.4770346491352427
32.862318632000004,-0.25391049958013506,1.7663081096033013,-1.8342363240909205,1.642651532099503,1.5992102870173643,0.4926540879604394,-0.25443409835573333,1.5893666300361162,-1.691974536760863,1.694086385155776,1.6024042395485139,0.493701285511636,0.0,0.0,0.0,0.0,0.0,0.0,0.023285052015615808,-0.41763453642083237,0.47704131839151265
32.870405423,-0.25391049958013506,1.7663081096033013,-1.8342363240909205,1.642668985392023,1.5992277403098845,0.4926540879604394,-0.25443409835573333,1.5893666300361162,-1.691974536760863,1.694086385155776,1.6024042395485139,0.493701285511636,0.0,0.0,0.0,0.0,0.0,0.0,0.023285302203469246,-0.4176354961396772,0.47704741330307726
32.878287976,-0.25391049958013506,1.7663081096033013,-1.8342537773834404,1.642668985392023,1.5992277403098845,0.4926540879604394,-0.25443409835573333,1.5893666300361162,-1.691974536760863,1.694086385155776,1.6024042395485139,0.493701285511636,0.0,0.0,0.0,0.0,0.0,0.0,0.0232903473502374,-0.41764299325877824,0.47704886216375125
32.886337168000004,-0.25391049958013506,1.7662906563107814,-1.8342363240909205,1.642651532099503,1.5992277403098845,0.4926540879604394,-0.25443409835573333,1.5893666300361162,-1.691974536760863,1.694086385155776,1.6024042395485139,0.493701285511636,0.0,0.0,0.0,0.0,0.0,0.0,0.023292005325890465,-0.41763622574560616,0.47704103254038077
32.894298573,-0.25391049958013506,1.7663081096033013,-1.8342537773834404,1.642651532099503,1.5992102870173643,0.4926540879604394,-0.25443409835573333,1.5893666300361162,-1.691974536760863,1.694086385155776,1.6024042395485139,0.493701285511636,0.0,0.0,0.0,0.0,0.0,0.0,0.02329159961264403,-0.4176358459661455,0.4770404110218223
32.902378414000005,-0.25391049958013506,1.7663255628958214,-1.8342363240909205,1.642668985392023,1.5991928337248444,0.4926540879604394,-0.25443409835573333,1.5893666300361162,-1.691974536760863,1.694086385155776,1.6024042395485139,0.493701285511636,0.0,0.0,0.0,0.0,0.0,0.0,0.023285896628792054,-0.4176286496765854,0.4770402705368976
32.910328575,-0.25391049958013506,1.7663081096033013,-1.8342537773834404,1.642668985392023,1.5992102870173643,0.49267154125295937,-0.25443409835573333,1.5893666300361162,-1.691974536760863,1.694086385155776,1.6024042395485139,0.493701285511636,0.0,0.0,0.0,0.0,0.0,0.0,0.02327701482280893,-0.41763985932137765,0.4770548524570747
32.918435956,-0.25391049958013506,1.7662906563107814,-1.8342537773834404,1.6426864386845432,1.5992102870173643,0.4926540879604394,-0.25443409835573333,1.5893666300361162,-1.691974536760863,1.694086385155776,1.6024042395485139,0.493701285511636,0.0,0.0,0.0,0.0,0.0,0.0,0.023284936026458907,-0.41763500988560504,0.47704050181481117
32.926305505,-0.253927952872655,1.7663081096033013,-1.8342363240909205,1.642651532099503,1.5991928337248444,0.49263663466791946,-0.25443409835573333,1.5893666300361162,-1.691974536760863,1.694086385155776,1.6024042395485139,0.493701285511636,0.0,0.0,0.0,0.0,0.0,0.0,0.023282478525857884,-0.4176407077856811,0.47703675363782716
32.934387381,-0.253927952872655,1.7662906563107814,-1.8342363240909205,1.642651532099503,1.5992102870173643,0.4926540879604394,-0.25443409835573333,1.5893666300361162,-1.691974536760863,1.694086385155776,1.6024042395485139,0.493701285511636,0.0,0.0,0.0,0.0,0.0,0.0,0.023271313082007316,-0.4176338272570062,0.4770465401537018
32.942313459000005,-0.253927952872655,1.7662906563107814,-1.8342537773834404,1.642668985392023,1.5992102870173643,0.4926540879604394,-0.25443409835573333,1.5893666300361162,-1.691974536760863,1.694086385155776,1.6024042395485139,0.493701285511636,0.0,0.0,0.0,0.0,0.0,0.0,0.023277728337507828,-0.41763518047022397,0.47703983088458474
32.950347704,-0.25391049958013506,1.7662906563107814,-1.8342537773834404,1.642668985392023,1.5992277403098845,0.4926540879604394,-0.25443409835573333,1.5893666300361162,-1.691974536760863,1.694086385155776,1.6024042395485139,0.493701285511636,0.0,0.0,0.0,0.0,0.0,0.0,0.02327882238340205,-0.4176348759777473,0.47703393526981014
32.958327815000004,-0.25391049958013506,1.7662906563107814,-1.8342188707984008,1.642668985392023,1.5992102870173643,0.4926540879604394,-0.25443409835573333,1.5893666300361162,-1.691974536760863,1.694086385155776,1.6024042395485139,0.493701285511636,0.0,0.0,0.0,0.0,0.0,0.0,0.023291269872535516,-0.41763698792627973,0.47703536526120166
32.966318382000004,-0.25389304628761517,1.7663081096033013,-1.8342363240909205,1.6426864386845432,1.5991928337248444,0.4926540879604394,-0.25443409835573333,1.5893666300361162,-1.691974536760863,1.694086385155776,1.6024042395485139,0.493701285511636,0.0,0.0,0.0,0.0,0.0,0.0,0.023281536392008372,-0.4176488498390919,0.4770508023798127
32.974328188,-0.25391049958013506,1.7663081096033013,-1.8342363240909205,1.642668985392023,1.5992102870173643,0.4926540879604394,-0.25443409835573333,1.5893666300361162,-1.691974536760863,1.694086385155776,1.6024042395485139,0.493701285511636,0.0,0.0,0.0,0.0,0.0,0.0,0.023282056640044724,-0.4176462401600563,0.4770509477900565
32.982359647,-0.25391049958013506,1.7663081096033013,-1.8342537773834404,1.642668985392023,1.5992277403098845,0.4926540879604394,-0.25443409835573333,1.5893666300361162,-1.691974536760863,1.694086385155776,1.6024042395485139,0.493701285511636,0.0,0.0,0.0,0.0,0.0,0.0,0.02328391519249028,-0.41764140818057627,0.47704866288478476
32.990364512,-0.25391049958013506,1.7663255628958214,-1.8342363240909205,1.6426864386845432,1.5992102870173643,0.4926540879604394,-0.25443409835573333,1.5893666300361162,-1.691974536760863,1.694086385155776,1.6024042395485139,0.493701285511636,0.0,0.0,0.0,0.0,0.0,0.0,0.02329122138432563,-0.41763716632485287,0.4770423657707795
32.998350836,-0.25391049958013506,1.7662906563107814,-1.8342363240909205,1.642651532099503,1.5992102870173643,0.49267154125295937,-0.25443409835573333,1.5893666300361162,-1.691974536760863,1.694086385155776,1.6024042395485139,0.493701285511636,0.0,0.0,0.0,0.0,0.0,0.0,0.023281777688734042,-0.41764790154226594,0.477056951611299
33.006324543000005,-0.25389304628761517,1.7663081096033013,-1.8342537773834404,1.642668985392023,1.5992277403098845,0.4926540879604394,-0.25443409835573333,1.5893666300361162,-1.691974536760863,1.694086385155776,1.6024042395485139,0.493701285511636,0.0,0.0,0.0,0.0,0.0,0.0,0.023285996486848346,-0.4176348112476671,0.4770403721303593
33.014333208000004,-0.25391049958013506,1.7663081096033013,-1.8342537773834404,1.642651532099503,1.5992102870173643,0.4926540879604394,-0.25443409835573333,1.5893666300361162,-1.691974536760863,1.694086385155776,1.6024042395485139,0.493701285511636,0.0,0.0,0.0,0.0,0.0,0.0,0.02329840950151014,-0.417635158370023,0.47704091552865946
33.022335355,-0.25391049958013506,1.7663081096033013,-1.8342537773834404,1.642668985392023,1.5992102870173643,0.4926540879604394,-0.25443409835573333,1.5893666300361162,-1.691974536760863,1.694086385155776,1.6024042395485139,0.493701285511636,0.0,0.0,0.0,0.0,0.0,0.0,0.023286626384018964,-0.41762811009598766,0.4770390107734757
33.030318156,-0.253927952872655,1.7662906563107814,-1.8342537773834404,1.642668985392023,1.5992102870173643,0.49263663466791946,-0.25443409835573333,1.5893666300361162,-1.691974536760863,1.694086385155776,1.6024042395485139,0.493701285511636,0.0,0.0,0.0,0.0,0.0,0.0,0.023284563533942624,-0.4176345261029313,0.477040393061209
33.038396693,-0.25391049958013506,1.7663255628958214,-1.8342537773834404,1.642668985392023,1.5992102870173643,0.4926540879604394,-0.25443409835573333,1.5893666300361162,-1.691974536760863,1.694086385155776,1.6024042395485139,0.493701285511636,0.0,0.0,0.0,0.0,0.0,0.0,0.02327837090193635,-0.4176347824803257,0.4770349815698255
33.04633141,-0.25389304628761517,1.7662906563107814,-1.8342363240909205,1.642668985392023,1.5991928337248444,0.4926540879604394,-0.25443409835573333,1.5893666300361162,-1.691974536760863,1.694086385155776,1.6024042395485139,0.493701285511636,0.0,0.0,0.0,0.0,0.0,0.0,0.023284960210772525,-0.4176348882369733,0.4770476335690471
33.054366712000004,-0.25391049958013506,1.7663081096033013,-1.8342537773834404,1.6426864386845432,1.5992102870173643,0.4926540879604394,-0.25443409835573333,1.5893666300361162,-1.691974536760863,1.694086385155776,1.6024042395485139,0.493701285511636,0.0,0.0,0.0,0.0,0.0,0.0,0.023283678212833767,-0.41763961853500375,0.4770421765192667
33.062313692000004,-0.25391049958013506,1.7662906563107814,-1.8342537773834404,1.642668985392023,1.5992102870173643,0.4926540879604394,-0.25443409835573333,1.5893666300361162,-1.691974536760863,1.694086385155776,1.6024042395485139,0.493701285511636,0.0,0.0,0.0,0.0,0.0,0.0,0.02328348037095923,-0.4176409516487846,0.4770422607521633
33.070333654,-0.25391049958013506,1.7663081096033013,-1.8342363240909205,1.6426864386845432,1.5991928337248444,0.4926540879604394,-0.25443409835573333,1.5893666300361162,-1.691974536760863,1.694086385155776,1.6024042395485139,0.493701285511636,0.0,0.0,0.0,0.0,0.0,0.0,0.023284347416821807,-0.41763524484874703,0.4770351668605058
33.078358785,-0.25391049958013506,1.7662906563107814,-1.8342537773834404,1.6426864386845432,1.5992102870173643,0.4926540879604394,-0.25443409835573333,1.5893666300361162,-1.691974536760863,1.694086385155776,1.6024042395485139,0.493701285511636,0.0,0.0,0.0,0.0,0.0,0.0,0.02327529575746349,-0.4176466558334504,0.4770499894280288
33.086350704000004,-0.25391049958013506,1.7662906563107814,-1.8342537773834404,1.642668985392023,1.5991928337248444,0.4926540879604394,-0.25443409835573333,1.5893666300361162,-1.691974536760863,1.694086385155776,1.6024042395485139,0.493701285511636,0.0,0.0,0.0,0.0,0.0,0.0,0.02328307737644445,-0.41764071838306954,0.47703579840201543
33.094417079,-0.25391049958013506,1.7662906563107814,-1.8342537773834404,1.6426864386845432,1.5992102870173643,0.4926540879604394,-0.25443409835573333,1.5893666300361162,-1.691974536760863,1.694086385155776,1.6024042395485139,0.493701285511636,0.0,0.0,0.0,0.0,0.0,0.0,0.023278595668596812,-0.4176332812217402,0.47703388679718606
33.102351791000004,-0.25391049958013506,1.7662906563107814,-1.8342363240909205,1.6426864386845432,1.5991928337248444,0.4926540879604394,-0.25443409835573333,1.5893666300361162,-1.691974536760863,1.694086385155776,1.6024042395485139,0.493701285511636,0.0,0.0,0.0,0.0,0.0,0.0,0.023282715970307604,-0.4176417069364537,0.47703658726179715
33.110362044,-0.25391049958013506,1.7662906563107814,-1.8342537773834404,1.642651532099503,1.5992277403098845,0.4926540879604394,-0.25443409835573333,1.5893666300361162,-1.691974536760863,1.694086385155776,1.6024042395485139,0.493701285511636,0.0,0.0,0.0,0.0,0.0,0.0,0.02327607946602401,-0.41764561015679563,0.4770432727726258
33.118329977,-0.253927952872655,1.7663081096033013,-1.8342537773834404,1.642651532099503,1.5992102870173643,0.4926540879604394,-0.25443409835573333,1.5893666300361162,-1.691974536760863,1.694086385155776,1.6024042395485139,0.493701285511636,0.0,0.0,0.0,0.0,0.0,0.0,0.023292689121525503,-0.4176290483766994,0.477032620059025
33.126372619,-0.25391049958013506,1.7662906563107814,-1.8342537773834404,1.642668985392023,1.5992102870173643,0.4926540879604394,-0.25443409835573333,1.5893666300361162,-1.691974536760863,1.694086385155776,1.6024042395485139,0.493701285511636,0.0,0.0,0.0,0.0,0.0,0.0,0.023279900932569944,-0.4176285618463939,0.47703848570220675
33.134330996,-0.25391049958013506,1.7663081096033013,-1.8342537773834404,1.642668985392023,1.5992102870173643,0.4926540879604394,-0.25443409835573333,1.5893666300361162,-1.691974536760863,1.694086385155776,1.6024042395485139,0.493701285511636,0.0014835298641951804,0.0014835298641951804,-0.0029845130209103033,0.0,0.0,0.0,0.02328510197091912,-0.4176343326163349,0.4770344294297445
33.142306003,-0.25391049958013506,1.7663081096033013,-1.8342363240909205,1.642651532099503,1.5991928337248444,0.49263663466791946,-0.25443409835573333,1.5893666300361162,-1.691974536760863,1.694086385155776,1.6024042395485139,0.493701285511636,0.0,0.0,0.0,0.0,0.0,0.0,0.02328454451357646,-0.41763441361557035,0.477041324437729
33.150318256000006,-0.253927952872655,1.7663081096033013,-1.8342363240909205,1.642651532099503,1.5992277403098845,0.4926540879604394,-0.25443409835573333,1.5893666300361162,-1.691974536760863,1.694086385155776,1.6024042395485139,0.493701285511636,0.0,0.0,0.0,0.0,0.0,0.0,0.023278444875598093,-0.41763347005163826,0.47704709016772573
33.158377775000005,-0.25391049958013506,1.7662906563107814,-1.8342537773834404,1.642651532099503,1.5991928337248444,0.4926540879604394,-0.25443409835573333,1.5893666300361162,-1.691974536760863,1.694086385155776,1.6024042395485139,0.493701285511636,0.0,0.0,0.0,0.0,0.0,0.0,0.023284278451349345,-0.4176362710359603,0.4770463191062432
33.166362305,-0.25391049958013506,1.7663081096033013,-1.8342537773834404,1.642651532099503,1.5992102870173643,0.4926540879604394,-0.25443409835573333,1.5893666300361162,-1.691974536760863,1.694086385155776,1.6024042395485139,0.493701285511636,0.0,0.0,0.0,0.0,0.0,0.0,0.02328040570685559,-0.4176258741654637,0.47703225199834726
33.174381247,-0.25391049958013506,1.7662906563107814,-1.8342537773834404,1.642668985392023,1.5992102870173643,0.4926540879604394,-0.25443409835573333,1.5893666300361162,-1.691974536760863,1.694086385155776,1.6024042395485139,0.493701285511636,0.0,0.0,0.0,0.0,0.0,0.0,0.023286631362782962,-0.4176280897810203,0.4770385133376463
33.182325685,-0.25391049958013506,1.7663081096033013,-1.8342363240909205,1.642651532099503,1.5992277403098845,0.4926540879604394,-0.25443409835573333,1.5893666300361162,-1.691974536760863,1.694086385155776,1.6024042395485139,0.493701285511636,0.0,0.0,0.0,0.0,0.0,0.0,0.023285643720121686,-0.4176345019677091,0.4770349937476307
33.190285666,-0.253927952872655,1.7662906563107814,-1.8342363240909205,1.642651532099503,1.5992102870173643,0.4926540879604394,-0.25443409835573333,1.5893666300361162,-1.691974536760863,1.694086385155776,1.6024042395485139,0.493701285511636,0.0,0.0,0.0,0.0,0.0,0.0,0.023290943737293516,-0.41763653542052337,0.47704698632821346
33.19829801,-0.25391049958013506,1.7662906563107814,-1.8342537773834404,1.642668985392023,1.5991928337248444,0.4926540879604394,-0.25443409835573333,1.5893666300361162,-1.691974536760863,1.694086385155776,1.6024042395485139,0.493701285511636,0.0,0.0,0.0,0.0,0.0,0.0,0.0232777521535446,-0.41763504262155005,0.47703988507925243
33.206326416,-0.25391049958013506,1.7662906563107814,-1.8342363240909205,1.642651532099503,1.5992277403098845,0.4926540879604394,-0.25443409835573333,1.5893666300361162,-1.691974536760863,1.694086385155776,1.6024042395485139,0.493701285511636,0.0,0.0,0.0,0.0,0.0,0.0,0.023279192933753128,-0.41763290344936554,0.47703420923825013
33.214312932,-0.25391049958013506,1.7662906563107814,-1.8342363240909205,1.642651532099503,1.5992277403098845,0.49263663466791946,-0.25443409835573333,1.5893666300361162,-1.691974536760863,1.694086385155776,1.6024042395485139,0.493701285511636,0.0,0.0,0.0,0.0,0.0,0.0,0.023291951878724973,-0.41763644391762283,0.47704052322036133
33.22238352,-0.25391049958013506,1.7662906563107814,-1.8342537773834404,1.642668985392023,1.5991928337248444,0.4926540879604394,-0.25443409835573333,1.5893666300361162,-1.691974536760863,1.694086385155776,1.6024042395485139,0.493701285511636,0.0,0.0,0.0,0.0,0.0,0.0,0.023290895714120966,-0.4176361508434491,0.47704000055924545
33.230360781,-0.25391049958013506,1.7662906563107814,-1.8342537773834404,1.642668985392023,1.5992277403098845,0.4926540879604394,-0.25443409835573333,1.5893666300361162,-1.691974536760863,1.694086385155776,1.6024042395485139,0.493701285511636,0.0,0.0,0.0,0.0,0.0,0.0,0.02327821768682811,-0.4176326323296257,0.47703371949432455
33.238393492,-0.25391049958013506,1.7663081096033013,-1.8342537773834404,1.6426864386845432,1.5992102870173643,0.4926540879604394,-0.25443409835573333,1.5893666300361162,-1.691974536760863,1.694086385155776,1.6024042395485139,0.493701285511636,0.0,0.0,0.0,0.0,0.0,0.0,0.023291380636327387,-0.41763644200606864,0.4770348044189262
33.246312948,-0.25391049958013506,1.7662906563107814,-1.8342537773834404,1.642668985392023,1.5991928337248444,0.4926540879604394,-0.25443409835573333,1.5893666300361162,-1.691974536760863,1.694086385155776,1.6024042395485139,0.493701285511636,0.0,0.0,0.0,0.0,0.0,0.0,0.023283020531461394,-0.4176408709446262,0.47704228534753507
33.254354022,-0.25391049958013506,1.7663081096033013,-1.8342363240909205,1.642651532099503,1.5991928337248444,0.4926540879604394,-0.25443409835573333,1.5893666300361162,-1.691974536760863,1.694086385155776,1.6024042395485139,0.493701285511636,0.0,0.0,0.0,0.0,0.0,0.0,0.02327819033705857,-0.41763267772807733,0.4770347927479234
33.262299377000005,-0.25391049958013506,1.7662906563107814,-1.8342537773834404,1.642668985392023,1.5991928337248444,0.4926540879604394,-0.25443409835573333,1.5893666300361162,-1.691974536760863,1.694086385155776,1.6024042395485139,0.493701285511636,0.0,0.0,0.0,0.0,0.0,0.0,0.023278063765376014,-0.4176331942025117,0.4770460762029641
33.270314144000004,-0.25391049958013506,1.7663081096033013,-1.8342537773834404,1.642651532099503,1.5992102870173643,0.4926540879604394,-0.25443409835573333,1.5893666300361162,-1.691974536760863,1.694086385155776,1.6024042395485139,0.493701285511636,0.0,0.0,0.0,0.0,0.0,0.0,0.023278804455398688,-0.4176322751313708,0.47703408164299876
33.278323499,-0.25391049958013506,1.7662906563107814,-1.8342537773834404,1.642668985392023,1.5991928337248444,0.49263663466791946,-0.25443409835573333,1.5893666300361162,-1.691974536760863,1.694086385155776,1.6024042395485139,0.493701285511636,0.0,0.0,0.0,0.0,0.0,0.0,0.02328612912580545,-0.41762797514900696,0.47703849289459915
33.286293942,-0.253927952872655,1.7662906563107814,-1.8342537773834404,1.642651532099503,1.5992102870173643,0.4926540879604394,-0.25443409835573333,1.5893666300361162,-1.691974536760863,1.694086385155776,1.6024042395485139,0.493701285511636,0.0,0.0,0.0,0.0,0.0,0.0,0.023278290862695863,-0.4176323090905705,0.477033597493048
33.294295005,-0.25391049958013506,1.7663255628958214,-1.8342537773834404,1.6426864386845432,1.5992102870173643,0.4926540879604394,-0.25443409835573333,1.5893666300361162,-1.691974536760863,1.694086385155776,1.6024042395485139,0.493701285511636,0.0,0.0,0.0,0.0,0.0,0.0,0.023279768430039448,-0.4176288168294536,0.47703312355937716
33.302353937,-0.25391049958013506,1.7663081096033013,-1.8342537773834404,1.642668985392023,1.5991928337248444,0.4926540879604394,-0.25443409835573333,1.5893666300361162,-1.691974536760863,1.694086385155776,1.6024042395485139,0.493701285511636,0.0,0.0,0.0,0.0,0.0,0.0,0.02328295599868743,-0.4176410286658099,0.4770492455188022
33.31036203,-0.25391049958013506,1.7662906563107814,-1.8342537773834404,1.642668985392023,1.5992102870173643,0.4926540879604394,-0.25443409835573333,1.5893666300361162,-1.691974536760863,1.694086385155776,1.6024042395485139,0.493701285511636,0.0,0.0,0.0,0.0,0.0,0.0,0.023278639513355962,-0.4176329209005426,0.47704019812487414
33.318298782,-0.25391049958013506,1.7662906563107814,-1.8342537773834404,1.642651532099503,1.5992102870173643,0.4926540879604394,-0.25443409835573333,1.5893666300361162,-1.691974536760863,1.694086385155776,1.6024042395485139,0.493701285511636,0.0,0.0,0.0,0.0,0.0,0.0,0.02328521565430058,-0.4176338685859014,0.477033790187719
33.326358753,-0.25391049958013506,1.7662906563107814,-1.8342363240909205,1.642668985392023,1.5992277403098845,0.4926540879604394,-0.25443409835573333,1.5893666300361162,-1.691974536760863,1.694086385155776,1.6024042395485139,0.493701285511636,0.0,0.0,0.0,0.0,0.0,0.0,0.02328706539807506,-0.417628666461339,0.4770327463008285
33.334311807,-0.25391049958013506,1.7663081096033013,-1.8342537773834404,1.642651532099503,1.5992277403098845,0.4926540879604394,-0.25443409835573333,1.5893666300361162,-1.691974536760863,1.694086385155776,1.6024042395485139,0.493701285511636,0.0,0.0,0.0,0.0,0.0,0.0,0.023290522463171467,-0.41764227857312886,0.4770422650481528
33.342334277,-0.25391049958013506,1.7663081096033013,-1.8342537773834404,1.642668985392023,1.5992277403098845,0.4926540879604394,-0.25443409835573333,1.5893666300361162,-1.691974536760863,1.694086385155776,1.6024042395485139,0.493701285511636,0.0,0.0,0.0,0.0,0.0,0.0,0.023293568789697544,-0.41762984392416186,0.47703922351966477
33.350441474,-0.253927952872655,1.7662906563107814,-1.8342537773834404,1.642668985392023,1.5991928337248444,0.4926540879604394,-0.25443409835573333,1.5893666300361162,-1.691974536760863,1.694086385155776,1.6024042395485139,0.493701285511636,0.0,0.0,0.0,0.0,0.0,0.0,0.023290176209457985,-0.41763593826563705,0.4770404333297054
33.358329075,-0.25391049958013506,1.7662906563107814,-1.8342537773834404,1.642668985392023,1.5992102870173643,0.4926540879604394,-0.25443409835573333,1.5893666300361162,-1.691974536760863,1.694086385155776,1.6024042395485139,0.493701285511636,0.0,0.0,0.0,0.0,0.0,0.0,0.023272001074926066,-0.41763319206882554,0.477033734421644
33.366312184,-0.253927952872655,1.7663081096033013,-1.8342363240909205,1.642668985392023,1.5991928337248444,0.4926540879604394,-0.25443409835573333,1.5893666300361162,-1.691974536760863,1.694086385155776,1.6024042395485139,0.493701285511636,0.0,0.0,0.0,0.0,0.0,0.0,0.023283994222314346,-0.4176347547957961,0.4770349714469933
33.374318102000004,-0.25391049958013506,1.7662906563107814,-1.8342363240909205,1.642668985392023,1.5991928337248444,0.4926540879604394,-0.25443409835573333,1.5893666300361162,-1.691974536760863,1.694086385155776,1.6024042395485139,0.493701285511636,0.0,0.0,0.0,0.0,0.0,0.0,0.023269514569348688,-0.4176405664136894,0.47704865924120654
33.384146289,-0.25391049958013506,1.7663081096033013,-1.8342537773834404,1.642651532099503,1.5992102870173643,0.4926540879604394,-0.25443409835573333,1.5893666300361162,-1.691974536760863,1.694086385155776,1.6024042395485139,0.493701285511636,0.0,0.0,0.0,0.0,0.0,0.0,0.02327643190087424,-0.4176399201726147,0.4770421139684171
33.390303177,-0.25391049958013506,1.7663081096033013,-1.8342363240909205,1.642668985392023,1.5992102870173643,0.4926540879604394,-0.25443409835573333,1.5893666300361162,-1.691974536760863,1.694086385155776,1.6024042395485139,0.493701285511636,0.0,0.0,0.0,0.0,0.0,0.0,0.02328660028649558,-0.41762821661797245,0.47703930890116336
33.398314857,-0.25391049958013506,1.7662906563107814,-1.8342363240909205,1.6426864386845432,1.5992277403098845,0.4926540879604394,-0.25443409835573333,1.5893666300361162,-1.691974536760863,1.694086385155776,1.6024042395485139,0.493701285511636,0.0,0.0,0.0,0.0,0.0,0.0,0.023283585996407837,-0.41764233533058287,0.4770489859403611
33.406309025,-0.25391049958013506,1.7663081096033013,-1.8342363240909205,1.642668985392023,1.5992102870173643,0.4926540879604394,-0.25443409835573333,1.5893666300361162,-1.691974536760863,1.694086385155776,1.6024042395485139,0.493701285511636,0.0,0.0,0.0,0.0,0.0,0.0,0.023288211610221148,-0.4176497221701211,0.47704485621686765
33.414326028000005,-0.25391049958013506,1.7662906563107814,-1.8342537773834404,1.642651532099503,1.5992102870173643,0.4926540879604394,-0.25443409835573333,1.5893666300361162,-1.691974536760863,1.694086385155776,1.6024042395485139,0.493701285511636,0.0,0.0,0.0,0.0,0.0,0.0,0.023283509305841787,-0.4176408334507006,0.4770480765325969
33.422311711,-0.25391049958013506,1.7662906563107814,-1.8342537773834404,1.642668985392023,1.5992102870173643,0.4926540879604394,-0.25443409835573333,1.5893666300361162,-1.691974536760863,1.694086385155776,1.6024042395485139,0.493701285511636,0.0,0.0,0.0,0.0,0.0,0.0,0.02328667670518503,-0.41762790479907763,0.4770320576716216
33.430294461,-0.25391049958013506,1.7663255628958214,-1.8342537773834404,1.642651532099503,1.5992102870173643,0.4926540879604394,-0.25443409835573333,1.5893666300361162,-1.691974536760863,1.694086385155776,1.6024042395485139,0.493701285511636,0.0,0.0,0.0,0.0,0.0,0.0,0.02328521489411759,-0.4176338716742011,0.47703474019594255
33.438306726,-0.25391049958013506,1.7662906563107814,-1.8342537773834404,1.642651532099503,1.5992277403098845,0.4926540879604394,-0.25443409835573333,1.5893666300361162,-1.691974536760863,1.694086385155776,1.6024042395485139,0.493701285511636,0.0,0.0,0.0,0.0,0.0,0.0,0.023287181919351037,-0.4176278908288762,0.47704492559073114
33.446334274,-0.25391049958013506,1.7662906563107814,-1.8342537773834404,1.642651532099503,1.5992102870173643,0.4926540879604394,-0.25443409835573333,1.5893666300361162,-1.691974536760863,1.694086385155776,1.6024042395485139,0.493701285511636,0.0,0.0,0.0,0.0,0.0,0.0,0.023293213211557952,-0.4176289953417657,0.4770321057912967
33.454290819,-0.25391049958013506,1.7663081096033013,-1.8342363240909205,1.6426864386845432,1.5991928337248444,0.4926540879604394,-0.25443409835573333,1.5893666300361162,-1.691974536760863,1.694086385155776,1.6024042395485139,0.493701285511636,0.0,0.0,0.0,0.0,0.0,0.0,0.023285914438293673,-0.4176288494518536,0.4770333085329112
33.462358599000005,-0.253927952872655,1.7662906563107814,-1.8342537773834404,1.642668985392023,1.5992102870173643,0.4926540879604394,-0.25443409835573333,1.5893666300361162,-1.691974536760863,1.694086385155776,1.6024042395485139,0.493701285511636,0.0,0.0,0.0,0.0,0.0,0.0,0.023274902243644265,-0.4176461458144525,0.4770497856235547
33.47030928,-0.25391049958013506,1.7662906563107814,-1.8342537773834404,1.642668985392023,1.5992102870173643,0.4926540879604394,-0.25443409835573333,1.5893666300361162,-1.691974536760863,1.694086385155776,1.6024042395485139,0.493701285511636,0.0,0.0,0.0,0.0,0.0,0.0,0.023278366978651654,-0.4176347545240877,0.4770339209981384
33.478285750000005,-0.25391049958013506,1.7662906563107814,-1.8342537773834404,1.642651532099503,1.5992277403098845,0.4926540879604394,-0.25443409835573333,1.5893666300361162,-1.691974536760863,1.694086385155776,1.6024042395485139,0.493701285511636,0.0,0.0,0.0,0.0,0.0,0.0,0.02328573225935954,-0.4176339420173943,0.47703379040788507
33.486322926,-0.25391049958013506,1.7662906563107814,-1.8342537773834404,1.642668985392023,1.5992102870173643,0.4926540879604394,-0.25443409835573333,1.5893666300361162,-1.691974536760863,1.694086385155776,1.6024042395485139,0.493701285511636,0.0,0.0,0.0,0.0,0.0,0.0,0.023293139802853323,-0.41762948919913717,0.47703224738082584
33.49431396,-0.25391049958013506,1.7663081096033013,-1.8342537773834404,1.642668985392023,1.5992277403098845,0.4926540879604394,-0.25443409835573333,1.5893666300361162,-1.691974536760863,1.694086385155776,1.6024042395485139,0.493701285511636,0.0,0.0,0.0,0.0,0.0,0.0,0.023285603642853533,-0.41763445525827275,0.47703443715830274
33.50233945,-0.25391049958013506,1.7662906563107814,-1.8342537773834404,1.642668985392023,1.5992277403098845,0.4926540879604394,-0.25443409835573333,1.5893666300361162,-1.691974536760863,1.694086385155776,1.6024042395485139,0.493701285511636,0.0,0.0,0.0,0.0,0.0,0.0,0.023292012834661993,-0.4176361951028853,0.4770405741298042
33.510378621,-0.25391049958013506,1.7662906563107814,-1.8342537773834404,1.642668985392023,1.5991928337248444,0.4926540879604394,-0.25443409835573333,1.5893666300361162,-1.691974536760863,1.694086385155776,1.6024042395485139,0.493701285511636,0.0,0.0,0.0,0.0,0.0,0.0,0.023291152161782555,-0.4176357995212389,0.47703409801976454
33.518313563,-0.25391049958013506,1.7662906563107814,-1.8342537773834404,1.6426864386845432,1.5992102870173643,0.4926540879604394,-0.25443409835573333,1.5893666300361162,-1.691974536760863,1.694086385155776,1.6024042395485139,0.493701285511636,0.0,0.0,0.0,0.0,0.0,0.0,0.023278599040073695,-0.4176332868165309,0.4770338882352387
33.526371952000005,-0.253927952872655,1.7662906563107814,-1.8342537773834404,1.642651532099503,1.5991928337248444,0.4926540879604394,-0.25443409835573333,1.5893666300361162,-1.691974536760863,1.694086385155776,1.6024042395485139,0.493701285511636,0.0,0.0,0.0,0.0,0.0,0.0,0.023282583652625647,-0.417640116180656,0.4770356168631685
33.53431305,-0.25391049958013506,1.7663081096033013,-1.8342537773834404,1.642651532099503,1.5992277403098845,0.4926540879604394,-0.25443409835573333,1.5893666300361162,-1.691974536760863,1.694086385155776,1.6024042395485139,0.493701285511636,-0.0014835298641951804,0.0,0.0,-0.0014835298641951804,0.0014835298641951804,0.0,0.023274123515383795,-0.41762642709365877,0.4770322435109053
33.542293823,-0.25391049958013506,1.7663081096033013,-1.8342537773834404,1.6426864386845432,1.5992277403098845,0.49263663466791946,-0.25443409835573333,1.5893666300361162,-1.691974536760863,1.694086385155776,1.6024042395485139,0.493701285511636,0.0,0.0,0.0,0.0,0.0,0.0,0.023293467961098258,-0.41763025549112226,0.47703934309954926
33.550313077000006,-0.25391049958013506,1.7663081096033013,-1.8342363240909205,1.642668985392023,1.5992277403098845,0.4926540879604394,-0.25443409835573333,1.5893666300361162,-1.691974536760863,1.694086385155776,1.6024042395485139,0.493701285511636,0.0,0.0,0.0,0.0,0.0,0.0,0.023290302998776605,-0.4176431743784552,0.47704348751790115
33.558320053,-0.25391049958013506,1.7662906563107814,-1.8342537773834404,1.642651532099503,1.5992277403098845,0.4926540879604394,-0.25443409835573333,1.5893666300361162,-1.691974536760863,1.694086385155776,1.6024042395485139,0.493701285511636,0.0,0.0,0.0,0.0,0.0,0.0,0.02329046877079648,-0.41764249764604394,0.4770482346087651
33.566319425,-0.25389304628761517,1.7662906563107814,-1.8342537773834404,1.642668985392023,1.5992102870173643,0.4926540879604394,-0.25443409835573333,1.5893666300361162,-1.691974536760863,1.694086385155776,1.6024042395485139,0.493701285511636,0.0,0.0,0.0,0.0,0.0,0.0,0.023293651465320468,-0.41762945302944127,0.47703224618471546
33.574288688,-0.25391049958013506,1.7663081096033013,-1.8342537773834404,1.642651532099503,1.5992102870173643,0.4926540879604394,-0.25443409835573333,1.5893666300361162,-1.691974536760863,1.694086385155776,1.6024042395485139,0.493701285511636,0.0,0.0,0.0,0.0,0.0,0.0,0.023292013757896305,-0.41763342204884113,0.4770342581366503
33.582338852,-0.25391049958013506,1.7662906563107814,-1.8342363240909205,1.6426864386845432,1.5992102870173643,0.4926540879604394,-0.25443409835573333,1.5893666300361162,-1.691974536760863,1.694086385155776,1.6024042395485139,0.493701285511636,0.0,0.0,0.0,0.0,0.0,0.0,0.023286366431119677,-0.417629171184775,0.47703927310588345
33.590359823,-0.25391049958013506,1.7662906563107814,-1.8342537773834404,1.642651532099503,1.5992277403098845,0.4926540879604394,-0.25443409835573333,1.5893666300361162,-1.691974536760863,1.694086385155776,1.6024042395485139,0.493701285511636,0.0,0.0,0.0,0.0,0.0,0.0,0.02328244686468989,-0.41764724040722956,0.4770434989260785
33.598323094,-0.253927952872655,1.7662906563107814,-1.8342537773834404,1.642668985392023,1.5991928337248444,0.4926540879604394,-0.25443409835573333,1.5893666300361162,-1.691974536760863,1.694086385155776,1.6024042395485139,0.493701285511636,0.0,0.0,0.0,0.0,0.0,0.0,0.023292267133400928,-0.41762938278485795,0.4770322247938176
33.606341813,-0.25391049958013506,1.7662906563107814,-1.8342537773834404,1.6426864386845432,1.5991928337248444,0.4926540879604394,-0.25443409835573333,1.5893666300361162,-1.691974536760863,1.694086385155776,1.6024042395485139,0.493701285511636,0.0,0.0,0.0,0.0,0.0,0.0,0.023271348238414768,-0.4176335944770065,0.4770338733968335
33.61435602,-0.25389304628761517,1.7662906563107814,-1.8342537773834404,1.642651532099503,1.5992277403098845,0.4926540879604394,-0.25443409835573333,1.5893666300361162,-1.691974536760863,1.694086385155776,1.6024042395485139,0.493701285511636,0.0,0.0,0.0,0.0,0.0,0.0,0.023278150338395778,-0.41763883740993163,0.47703549310839627
33.622377575,-0.25389304628761517,1.7662906563107814,-1.8342363240909205,1.642668985392023,1.5992277403098845,0.4926540879604394,-0.25443409835573333,1.5893666300361162,-1.691974536760863,1.694086385155776,1.6024042395485139,0.493701285511636,0.0,0.0,0.0,0.0,0.0,0.0,0.023300781286841224,-0.41762970318950554,0.4770328896464283
33.6303688,-0.25391049958013506,1.7662906563107814,-1.8342363240909205,1.642668985392023,1.5991928337248444,0.49263663466791946,-0.25443409835573333,1.5893666300361162,-1.691974536760863,1.694086385155776,1.6024042395485139,0.493701285511636,0.0,0.0,0.0,0.0,0.0,0.0,0.023296044662598443,-0.41764265855533916,0.477042497465671
33.638299932,-0.25391049958013506,1.7662906563107814,-1.8342537773834404,1.642668985392023,1.5992102870173643,0.4926540879604394,-0.25443409835573333,1.5893666300361162,-1.691974536760863,1.694086385155776,1.6024042395485139,0.493701285511636,0.0,0.0,0.0,0.0,0.0,0.0,0.02327695332295936,-0.4176395949574682,0.4770416081758501
33.646347358,-0.253927952872655,1.7662906563107814,-1.8342537773834404,1.642668985392023,1.5992102870173643,0.4926540879604394,-0.25443409835573333,1.5893666300361162,-1.691974536760863,1.694086385155776,1.6024042395485139,0.493701285511636,0.0,0.0,0.0,0.0,0.0,0.0,0.023284597080639253,-0.41763435173096125,0.4770339209981384
33.654373060000005,-0.25391049958013506,1.7662906563107814,-1.8342363240909205,1.642668985392023,1.5992277403098845,0.4926540879604394,-0.25443409835573333,1.5893666300361162,-1.691974536760863,1.694086385155776,1.6024042395485139,0.493701285511636,0.0,0.0,0.0,0.0,0.0,0.0,0.023278721970302754,-0.4176354067492146,0.47703454216573987
33.662436377,-0.25389304628761517,1.7663081096033013,-1.8342363240909205,1.642651532099503,1.5992277403098845,0.49263663466791946,-0.25443409835573333,1.5893666300361162,-1.691974536760863,1.694086385155776,1.6024042395485139,0.493701285511636,0.0,0.0,0.0,0.0,0.0,0.0,0.023291036339262897,-0.41764271757835375,0.4770429545450513
33.670389949000004,-0.25391049958013506,1.7662906563107814,-1.8342537773834404,1.642668985392023,1.5992102870173643,0.4926540879604394,-0.25443409835573333,1.5893666300361162,-1.691974536760863,1.694086385155776,1.6024042395485139,0.493701285511636,0.0,0.0,0.0,0.0,0.0,0.0,0.023297983836060385,-0.4176360010547404,0.4770463025705189
33.67832363,-0.25391049958013506,1.7663081096033013,-1.8342537773834404,1.642668985392023,1.5992102870173643,0.4926540879604394,-0.25443409835573333,1.5893666300361162,-1.691974536760863,1.694086385155776,1.6024042395485139,0.493701285511636,0.0,0.0,0.0,0.0,0.0,0.0,0.023285101890951097,-0.41763433294256735,0.4770344414965171
33.686317018000004,-0.25391049958013506,1.7663081096033013,-1.8342537773834404,1.642651532099503,1.5992102870173643,0.49263663466791946,-0.25443409835573333,1.5893666300361162,-1.691974536760863,1.694086385155776,1.6024042395485139,0.493701285511636,0.0,0.0,0.0,0.0,0.0,0.0,0.023285184148046423,-0.4176339970832095,0.4770407210927145
33.694315880000005,-0.25391049958013506,1.7662906563107814,-1.8342537773834404,1.642651532099503,1.5992102870173643,0.4926540879604394,-0.25443409835573333,1.5893666300361162,-1.691974536760863,1.694086385155776,1.6024042395485139,0.493701285511636,0.0,0.0,0.0,0.0,0.0,0.0,0.023286751876850167,-0.41762759786113496,0.47703836056652865
33.702287665,-0.25391049958013506,1.7662906563107814,-1.8342537773834404,1.642651532099503,1.5991928337248444,0.49263663466791946,-0.25443409835573333,1.5893666300361162,-1.691974536760863,1.694086385155776,1.6024042395485139,0.493701285511636,0.0,0.0,0.0,0.0,0.0,0.0,0.023286377760147827,-0.41762732158013066,0.4770319056990253
33.710346826000006,-0.25391049958013506,1.7663081096033013,-1.8342537773834404,1.6426864386845432,1.5992102870173643,0.4926540879604394,-0.25443409835573333,1.5893666300361162,-1.691974536760863,1.694086385155776,1.6024042395485139,0.493701285511636,0.0,0.0,0.0,0.0,0.0,0.0,0.023280169754688013,-0.4176269941541027,0.47703261208162584
33.718390173,-0.25391049958013506,1.7662906563107814,-1.8342363240909205,1.642668985392023,1.5992277403098845,0.4926540879604394,-0.25443409835573333,1.5893666300361162,-1.691974536760863,1.694086385155776,1.6024042395485139,0.493701285511636,0.0,0.0,0.0,0.0,0.0,0.0,0.023283878123591506,-0.417641591349508,0.47704285915041167
33.726287729,-0.25391049958013506,1.7663081096033013,-1.8342363240909205,1.642668985392023,1.5992102870173643,0.4926540879604394,-0.25443409835573333,1.5893666300361162,-1.691974536760863,1.694086385155776,1.6024042395485139,0.493701285511636,0.0,0.0,0.0,0.0,0.0,0.0,0.02328977396643175,-0.41764323334373066,0.47704299756717106
33.734290983,-0.25391049958013506,1.7662906563107814,-1.8342537773834404,1.642668985392023,1.5992277403098845,0.4926540879604394,-0.25443409835573333,1.5893666300361162,-1.691974536760863,1.694086385155776,1.6024042395485139,0.493701285511636,0.0,0.0,0.0,0.0,0.0,0.0,0.02328383509179503,-0.4176414493948593,0.4770482912184014
33.742334312000004,-0.25391049958013506,1.7663081096033013,-1.8342363240909205,1.6426864386845432,1.5992277403098845,0.4926540879604394,-0.25443409835573333,1.5893666300361162,-1.691974536760863,1.694086385155776,1.6024042395485139,0.493701285511636,0.0,0.0,0.0,0.0,0.0,0.0,0.0232917946390139,-0.4176370858280281,0.47703540473455985
33.750309502,-0.25391049958013506,1.7663081096033013,-1.8342537773834404,1.642668985392023,1.5991928337248444,0.49263663466791946,-0.25443409835573333,1.5893666300361162,-1.691974536760863,1.694086385155776,1.6024042395485139,0.493701285511636,0.0,0.0,0.0,0.0,0.0,0.0,0.023287846163448863,-0.41764932800182974,0.47705079217382446
33.758322937,-0.25391049958013506,1.7663081096033013,-1.8342537773834404,1.642668985392023,1.5992102870173643,0.4926540879604394,-0.25443409835573333,1.5893666300361162,-1.691974536760863,1.694086385155776,1.6024042395485139,0.493701285511636,0.0,0.0,0.0,0.0,0.0,0.0,0.023278610026908817,-0.4176329275258016,0.47704068047604536
33.766331863000005,-0.25391049958013506,1.7662906563107814,-1.8342363240909205,1.642668985392023,1.5991928337248444,0.4926540879604394,-0.25443409835573333,1.5893666300361162,-1.691974536760863,1.694086385155776,1.6024042395485139,0.493701285511636,0.0,0.0,0.0,0.0,0.0,0.0,0.023284839833903653,-0.4176346447456299,0.47704090091682944
33.774368143000004,-0.25391049958013506,1.7662906563107814,-1.8342537773834404,1.642668985392023,1.5992277403098845,0.4926540879604394,-0.25443409835573333,1.5893666300361162,-1.691974536760863,1.694086385155776,1.6024042395485139,0.493701285511636,0.0,0.0,0.0,0.0,0.0,0.0,0.023277685473522793,-0.41763962675493355,0.4770414688738038
33.782337083,-0.25391049958013506,1.7662906563107814,-1.8342537773834404,1.642668985392023,1.5991928337248444,0.4926540879604394,-0.25443409835573333,1.5893666300361162,-1.691974536760863,1.694086385155776,1.6024042395485139,0.493701285511636,0.0,0.0,0.0,0.0,0.0,0.0,0.023291139778395507,-0.4176357964889891,0.4770340976573666
33.79033226,-0.25391049958013506,1.7662906563107814,-1.8342363240909205,1.642668985392023,1.5992277403098845,0.4926540879604394,-0.25443409835573333,1.5893666300361162,-1.691974536760863,1.694086385155776,1.6024042395485139,0.493701285511636,0.0,0.0,0.0,0.0,0.0,0.0,0.023279163319981366,-0.41763348197577127,0.47703442080325964
33.798320082000004,-0.25391049958013506,1.7662906563107814,-1.8342363240909205,1.642651532099503,1.5992277403098845,0.4926540879604394,-0.25443409835573333,1.5893666300361162,-1.691974536760863,1.694086385155776,1.6024042395485139,0.493701285511636,0.0,0.0,0.0,0.0,0.0,0.0,0.02329037950325013,-0.4176428621144398,0.4770423878703898
33.806362572000005,-0.25391049958013506,1.7663081096033013,-1.8342363240909205,1.642668985392023,1.5991928337248444,0.4926540879604394,-0.25443409835573333,1.5893666300361162,-1.691974536760863,1.694086385155776,1.6024042395485139,0.493701285511636,0.0,0.0,0.0,0.0,0.0,0.0,0.023290870830841783,-0.41763669986867435,0.47704111588690623
33.814344186,-0.253927952872655,1.7662906563107814,-1.8342537773834404,1.642651532099503,1.5991928337248444,0.49263663466791946,-0.25443409835573333,1.5893666300361162,-1.691974536760863,1.694086385155776,1.6024042395485139,0.493701285511636,0.0,0.0,0.0,0.0,0.0,0.0,0.02327609614375634,-0.41763914247907735,0.4770478333570972
33.822345787,-0.253927952872655,1.7662906563107814,-1.8342537773834404,1.642651532099503,1.5991928337248444,0.4926540879604394,-0.25443409835573333,1.5893666300361162,-1.691974536760863,1.694086385155776,1.6024042395485139,0.493701285511636,0.0,0.0,0.0,0.0,0.0,0.0,0.023272610552340256,-0.41762620401287603,0.4770317159417409
33.8303814,-0.25391049958013506,1.7662906563107814,-1.8342537773834404,1.642651532099503,1.5992277403098845,0.4926540879604394,-0.25443409835573333,1.5893666300361162,-1.691974536760863,1.694086385155776,1.6024042395485139,0.493701285511636,0.0,0.0,0.0,0.0,0.0,0.0,0.023274092048744893,-0.41762640880790347,0.47703174436080137
33.838283557000004,-0.25389304628761517,1.7663081096033013,-1.8342537773834404,1.642668985392023,1.5991928337248444,0.4926540879604394,-0.25443409835573333,1.5893666300361162,-1.691974536760863,1.694086385155776,1.6024042395485139,0.493701285511636,0.0,0.0,0.0,0.0,0.0,0.0,0.02329316829588545,-0.4176293492700012,0.47703271532004193
33.846373016,-0.25389304628761517,1.7662906563107814,-1.8342363240909205,1.642668985392023,1.5992102870173643,0.4926540879604394,-0.25443409835573333,1.5893666300361162,-1.691974536760863,1.694086385155776,1.6024042395485139,0.493701285511636,0.0,0.0,0.0,0.0,0.0,0.0,0.02328583539521131,-0.4176330042205134,0.47704079097291163
33.854313243,-0.25391049958013506,1.7663081096033013,-1.8342537773834404,1.642651532099503,1.5991928337248444,0.4926540879604394,-0.25443409835573333,1.5893666300361162,-1.691974536760863,1.694086385155776,1.6024042395485139,0.493701285511636,0.0,0.0,0.0,0.0,0.0,0.0,0.023289811241698266,-0.417640039397633,0.47704205267451694
33.862366112000004,-0.25389304628761517,1.7662906563107814,-1.8342363240909205,1.642651532099503,1.5992277403098845,0.49263663466791946,-0.25443409835573333,1.5893666300361162,-1.691974536760863,1.694086385155776,1.6024042395485139,0.493701285511636,0.0,0.0,0.0,0.0,0.0,0.0,0.023281334496745434,-0.4176266926313606,0.47703880666968634
33.87030797,-0.25391049958013506,1.7662906563107814,-1.8342537773834404,1.642651532099503,1.5992102870173643,0.4926540879604394,-0.25443409835573333,1.5893666300361162,-1.691974536760863,1.694086385155776,1.6024042395485139,0.493701285511636,0.0,0.0,0.0,0.0,0.0,0.0,0.023298320934929475,-0.41763533728578317,0.47703988416857906
33.87830875,-0.25391049958013506,1.7663081096033013,-1.8342363240909205,1.642668985392023,1.5992102870173643,0.4926540879604394,-0.25443409835573333,1.5893666300361162,-1.691974536760863,1.694086385155776,1.6024042395485139,0.493701285511636,0.0,0.0,0.0,0.0,0.0,0.0,0.0232865801815025,-0.41762829878167074,0.47703297242152637
33.886304851000006,-0.25391049958013506,1.7662906563107814,-1.8342537773834404,1.642651532099503,1.5992102870173643,0.4926540879604394,-0.25443409835573333,1.5893666300361162,-1.691974536760863,1.694086385155776,1.6024042395485139,0.493701285511636,0.0,0.0,0.0,0.0,0.0,0.0,0.023283501184805933,-0.41764086659906213,0.47704811647593587
33.894288276000005,-0.25391049958013506,1.7662906563107814,-1.8342537773834404,1.642668985392023,1.5992277403098845,0.4926540879604394,-0.25443409835573333,1.5893666300361162,-1.691974536760863,1.694086385155776,1.6024042395485139,0.493701285511636,0.0,0.0,0.0,0.0,0.0,0.0,0.023287160674503742,-0.4176280218841825,0.477032071439991
33.902306117,-0.25391049958013506,1.7663081096033013,-1.8342363240909205,1.642668985392023,1.5992102870173643,0.49263663466791946,-0.25443409835573333,1.5893666300361162,-1.691974536760863,1.694086385155776,1.6024042395485139,0.493701285511636,0.0,0.0,0.0,0.0,0.0,0.0,0.023291487176144765,-0.4176363960967486,0.4770351040102545
33.910374082000004,-0.25391049958013506,1.7662906563107814,-1.8342537773834404,1.642651532099503,1.5992102870173643,0.49263663466791946,-0.25443409835573333,1.5893666300361162,-1.691974536760863,1.694086385155776,1.6024042395485139,0.493701285511636,0.0,0.0,0.0,0.0,0.0,0.0,0.02328352151175859,-0.41764078362871354,0.4770480164977588
33.918338365000004,-0.25391049958013506,1.7663081096033013,-1.8342537773834404,1.642668985392023,1.5991928337248444,0.4926540879604394,-0.25443409835573333,1.5893666300361162,-1.691974536760863,1.694086385155776,1.6024042395485139,0.493701285511636,0.0,0.0,0.0,0.0,0.0,0.0,0.02328617448254023,-0.41762781076796646,0.4770325459652563
33.926280881000004,-0.25391049958013506,1.7663081096033013,-1.8342537773834404,1.642668985392023,1.5991928337248444,0.4926540879604394,-0.25443409835573333,1.5893666300361162,-1.691974536760863,1.694086385155776,1.6024042395485139,0.493701285511636,0.0,0.0,0.0,0.0,0.0,0.0,0.02327815633411643,-0.41763281643283884,0.47704066720289323
33.934291197,-0.25389304628761517,1.7662906563107814,-1.8342537773834404,1.642668985392023,1.5992102870173643,0.4926540879604394,-0.25443409835573333,1.5893666300361162,-1.691974536760863,1.694086385155776,1.6024042395485139,0.493701285511636,0.0029845130209103033,-0.0014835298641951804,0.0014835298641951804,0.0014835298641951804,-0.0014835298641951804,0.0,0.023279098565458636,-0.41763288462299764,0.477040220904015
33.942335983,-0.25391049958013506,1.7662906563107814,-1.8342537773834404,1.642651532099503,1.5992102870173643,0.4926540879604394,-0.25443409835573333,1.5893666300361162,-1.691974536760863,1.694086385155776,1.6024042395485139,0.493701285511636,0.0,0.0,0.0,0.0,0.0,0.0,0.023292008775310256,-0.4176333999296476,0.4770337815260606
33.950334118,-0.25391049958013506,1.7663081096033013,-1.8342537773834404,1.642668985392023,1.5991928337248444,0.49263663466791946,-0.25443409835573333,1.5893666300361162,-1.691974536760863,1.694086385155776,1.6024042395485139,0.493701285511636,0.0,0.0,0.0,0.0,0.0,0.0,0.023286298940814763,-0.41762773306967754,0.4770324199068236
33.95830532,-0.25391049958013506,1.7663081096033013,-1.8342363240909205,1.642651532099503,1.5991928337248444,0.49263663466791946,-0.25443409835573333,1.5893666300361162,-1.691974536760863,1.694086385155776,1.6024042395485139,0.493701285511636,0.0,0.0,0.0,0.0,0.0,0.0,0.02327814909054397,-0.4176328459932276,0.4770411142879588
33.966319856000005,-0.25391049958013506,1.7662906563107814,-1.8342537773834404,1.642651532099503,1.5992277403098845,0.4926540879604394,-0.25443409835573333,1.5893666300361162,-1.691974536760863,1.694086385155776,1.6024042395485139,0.493701285511636,0.0,0.0,0.0,0.0,0.0,0.0,0.023279256994703935,-0.41763292376865696,0.4770459190121217
33.974406257000005,-0.25391049958013506,1.7662906563107814,-1.8342537773834404,1.642668985392023,1.5992277403098845,0.4926540879604394,-0.25443409835573333,1.5893666300361162,-1.691974536760863,1.694086385155776,1.6024042395485139,0.493701285511636,0.0,0.0,0.0,0.0,0.0,0.0,0.023293605168659682,-0.4176296955372014,0.47703228694889727
33.98241028,-0.25391049958013506,1.7663081096033013,-1.8342712306759605,1.642651532099503,1.5992102870173643,0.4926540879604394,-0.25443409835573333,1.5893666300361162,-1.691974536760863,1.694086385155776,1.6024042395485139,0.493701285511636,0.0,0.0,0.0,0.0,0.0,0.0,0.023291754180663784,-0.417634671818986,0.477033810515294
33.990323338,-0.25391049958013506,1.7662906563107814,-1.8342363240909205,1.642651532099503,1.5992102870173643,0.4926540879604394,-0.25443409835573333,1.5893666300361162,-1.691974536760863,1.694086385155776,1.6024042395485139,0.493701285511636,0.0,0.0,0.0,0.0,0.0,0.0,0.023288281449097857,-0.4176213544632826,0.47703118800863764
33.998290634,-0.25391049958013506,1.7663081096033013,-1.8342537773834404,1.642668985392023,1.5992277403098845,0.4926540879604394,-0.25443409835573333,1.5893666300361162,-1.691974536760863,1.694086385155776,1.6024042395485139,0.493701285511636,0.0,0.0,0.0,0.0,0.0,0.0,0.023285478911422717,-0.4176348419299908,0.4770403710332132
34.006365023,-0.25391049958013506,1.7663081096033013,-1.8342363240909205,1.642668985392023,1.5992102870173643,0.4926540879604394,-0.25443409835573333,1.5893666300361162,-1.691974536760863,1.694086385155776,1.6024042395485139,0.493701285511636,0.0,0.0,0.0,0.0,0.0,0.0,0.023291508632334576,-0.4176365303443991,0.47704154232031093
34.014335257,-0.25391049958013506,1.7662906563107814,-1.8342363240909205,1.642651532099503,1.5991928337248444,0.4926540879604394,-0.25443409835573333,1.5893666300361162,-1.691974536760863,1.694086385155776,1.6024042395485139,0.493701285511636,0.0,0.0,0.0,0.0,0.0,0.0,0.02328289028029613,-0.41764118641840725,0.477048605066882
34.022309946,-0.25391049958013506,1.7662906563107814,-1.8342537773834404,1.642651532099503,1.5992277403098845,0.4926540879604394,-0.25443409835573333,1.5893666300361162,-1.691974536760863,1.694086385155776,1.6024042395485139,0.493701285511636,0.0,0.0,0.0,0.0,0.0,0.0,0.023278976516443527,-0.4176328314801298,0.4770396691641158
34.030292717,-0.25391049958013506,1.7662906563107814,-1.8342537773834404,1.642668985392023,1.5992102870173643,0.49263663466791946,-0.25443409835573333,1.5893666300361162,-1.691974536760863,1.694086385155776,1.6024042395485139,0.493701285511636,0.0,0.0,0.0,0.0,0.0,0.0,0.023293151570528022,-0.41762948212535933,0.4770322449295624
34.038350338,-0.253927952872655,1.7663081096033013,-1.8342537773834404,1.642651532099503,1.5992277403098845,0.4926540879604394,-0.25443409835573333,1.5893666300361162,-1.691974536760863,1.694086385155776,1.6024042395485139,0.493701285511636,0.0,0.0,0.0,0.0,0.0,0.0,0.023285199435662582,-0.4176339937269734,0.47703429015382853
34.046338118,-0.25391049958013506,1.7662906563107814,-1.8342537773834404,1.642651532099503,1.5992102870173643,0.4926540879604394,-0.25443409835573333,1.5893666300361162,-1.691974536760863,1.694086385155776,1.6024042395485139,0.493701285511636,0.0,0.0,0.0,0.0,0.0,0.0,0.023286442884377912,-0.4176296261366428,0.47703859026065054
34.054333349000004,-0.25391049958013506,1.7663081096033013,-1.8342537773834404,1.642651532099503,1.5992277403098845,0.4926540879604394,-0.25443409835573333,1.5893666300361162,-1.691974536760863,1.694086385155776,1.6024042395485139,0.493701285511636,0.0,0.0,0.0,0.0,0.0,0.0,0.023287303485545415,-0.4176275629373611,0.4770324450265049
34.06232492,-0.25391049958013506,1.7662906563107814,-1.8342537773834404,1.642668985392023,1.5992102870173643,0.4926540879604394,-0.25443409835573333,1.5893666300361162,-1.691974536760863,1.694086385155776,1.6024042395485139,0.493701285511636,0.0,0.0,0.0,0.0,0.0,0.0,0.02329306213632412,-0.41762968421252095,0.4770386879779644
34.070311038,-0.25391049958013506,1.7663081096033013,-1.8342537773834404,1.642651532099503,1.5992102870173643,0.4926540879604394,-0.25443409835573333,1.5893666300361162,-1.691974536760863,1.694086385155776,1.6024042395485139,0.493701285511636,0.0,0.0,0.0,0.0,0.0,0.0,0.02328521266013475,-0.4176338808006795,0.47703424396118066
34.078310866,-0.25391049958013506,1.7662906563107814,-1.8342537773834404,1.642668985392023,1.5992277403098845,0.4926540879604394,-0.25443409835573333,1.5893666300361162,-1.691974536760863,1.694086385155776,1.6024042395485139,0.493701285511636,0.0,0.0,0.0,0.0,0.0,0.0,0.0232870931001554,-0.41762815751480364,0.47703855807507684
34.086292283,-0.25389304628761517,1.7663081096033013,-1.8342363240909205,1.642651532099503,1.5992102870173643,0.4926540879604394,-0.25443409835573333,1.5893666300361162,-1.691974536760863,1.694086385155776,1.6024042395485139,0.493701285511636,0.0,0.0,0.0,0.0,0.0,0.0,0.023292066548966105,-0.4176359322263909,0.4770348689204398
34.094321686,-0.25391049958013506,1.7663081096033013,-1.8342537773834404,1.642668985392023,1.5991928337248444,0.4926540879604394,-0.25443409835573333,1.5893666300361162,-1.691974536760863,1.694086385155776,1.6024042395485139,0.493701285511636,0.0,0.0,0.0,0.0,0.0,0.0,0.023291414055630587,-0.4176343608159423,0.47704687672449475
34.10234036,-0.25389304628761517,1.7662906563107814,-1.8342537773834404,1.642668985392023,1.5991928337248444,0.4926540879604394,-0.25443409835573333,1.5893666300361162,-1.691974536760863,1.694086385155776,1.6024042395485139,0.493701285511636,0.0,0.0,0.0,0.0,0.0,0.0,0.023278671252756133,-0.41763277017137723,0.4770401797515484
34.11031304,-0.25391049958013506,1.7663081096033013,-1.8342537773834404,1.642651532099503,1.5992277403098845,0.4926540879604394,-0.25443409835573333,1.5893666300361162,-1.691974536760863,1.694086385155776,1.6024042395485139,0.493701285511636,0.0,0.0,0.0,0.0,0.0,0.0,0.02328605032481549,-0.41763196485690907,0.47703408060409475
34.118312849,-0.25391049958013506,1.7662906563107814,-1.8342363240909205,1.642651532099503,1.5992277403098845,0.4926540879604394,-0.25443409835573333,1.5893666300361162,-1.691974536760863,1.694086385155776,1.6024042395485139,0.493701285511636,0.0,0.0,0.0,0.0,0.0,0.0,0.023293575891328463,-0.4176298149370586,0.47703917164585696
34.126298434,-0.253927952872655,1.7663081096033013,-1.8342537773834404,1.642668985392023,1.5992277403098845,0.4926540879604394,-0.25443409835573333,1.5893666300361162,-1.691974536760863,1.694086385155776,1.6024042395485139,0.493701285511636,0.0,0.0,0.0,0.0,0.0,0.0,0.02329147089656022,-0.4176364596005478,0.47704055980167054
34.134290138000004,-0.25391049958013506,1.7662906563107814,-1.8342363240909205,1.642651532099503,1.5992277403098845,0.4926540879604394,-0.25443409835573333,1.5893666300361162,-1.691974536760863,1.694086385155776,1.6024042395485139,0.493701285511636,0.0,0.0,0.0,0.0,0.0,0.0,0.023285185972655068,-0.4176366645270441,0.47704103780431084
34.142295783,-0.25391049958013506,1.7662906563107814,-1.8342363240909205,1.642668985392023,1.5992102870173643,0.4926540879604394,-0.25443409835573333,1.5893666300361162,-1.691974536760863,1.694086385155776,1.6024042395485139,0.493701285511636,0.0,0.0,0.0,0.0,0.0,0.0,0.023291371368206963,-0.41763679287202615,0.4770406441519113
34.150332321,-0.25391049958013506,1.7662906563107814,-1.8342537773834404,1.642668985392023,1.5991928337248444,0.4926540879604394,-0.25443409835573333,1.5893666300361162,-1.691974536760863,1.694086385155776,1.6024042395485139,0.493701285511636,0.0,0.0,0.0,0.0,0.0,0.0,0.02328302917611072,-0.4176411379218342,0.47704184609839995
34.158335315,-0.25387559299509516,1.7662906563107814,-1.8342537773834404,1.642651532099503,1.5992102870173643,0.4926540879604394,-0.25443409835573333,1.5893666300361162,-1.691974536760863,1.694086385155776,1.6024042395485139,0.493701285511636,0.0,0.0,0.0,0.0,0.0,0.0,0.023278872944621654,-0.4176324507094829,0.4770336669400582
34.166359054000004,-0.25391049958013506,1.7663081096033013,-1.8342363240909205,1.642651532099503,1.5992102870173643,0.4926540879604394,-0.25443409835573333,1.5893666300361162,-1.691974536760863,1.694086385155776,1.6024042395485139,0.493701285511636,0.0,0.0,0.0,0.0,0.0,0.0,0.023300259890512844,-0.41762705713687664,0.47703296617217233
34.17429825,-0.25389304628761517,1.7663081096033013,-1.8342537773834404,1.642651532099503,1.5992102870173643,0.4926540879604394,-0.25443409835573333,1.5893666300361162,-1.691974536760863,1.694086385155776,1.6024042395485139,0.493701285511636,0.0,0.0,0.0,0.0,0.0,0.0,0.023285669417539297,-0.41763431784280924,0.47704660789708697
34.182303308,-0.25391049958013506,1.7663081096033013,-1.8342537773834404,1.642651532099503,1.5991928337248444,0.4926540879604394,-0.25443409835573333,1.5893666300361162,-1.691974536760863,1.694086385155776,1.6024042395485139,0.493701285511636,0.0,0.0,0.0,0.0,0.0,0.0,0.023293048642056752,-0.4176270545428047,0.4770388517944427
34.190367924,-0.25391049958013506,1.7663081096033013,-1.8342537773834404,1.642668985392023,1.5992277403098845,0.4926540879604394,-0.25443409835573333,1.5893666300361162,-1.691974536760863,1.694086385155776,1.6024042395485139,0.493701285511636,0.0,0.0,0.0,0.0,0.0,0.0,0.023280763923935677,-0.4176266979124046,0.47703884582236467
34.198341503,-0.25391049958013506,1.7663081096033013,-1.8342537773834404,1.642668985392023,1.5992102870173643,0.4926540879604394,-0.25443409835573333,1.5893666300361162,-1.691974536760863,1.694086385155776,1.6024042395485139,0.493701285511636,0.0,0.0,0.0,0.0,0.0,0.0,0.02329145646459937,-0.4176360731534966,0.47704105642415306
34.206338916,-0.25389304628761517,1.7662906563107814,-1.8342363240909205,1.642651532099503,1.5992102870173643,0.4926540879604394,-0.25443409835573333,1.5893666300361162,-1.691974536760863,1.694086385155776,1.6024042395485139,0.493701285511636,0.0,0.0,0.0,0.0,0.0,0.0,0.02328560663208665,-0.4176344888407439,0.477040827597987
34.214322609,-0.25391049958013506,1.7662906563107814,-1.8342537773834404,1.642668985392023,1.5992277403098845,0.4926540879604394,-0.25443409835573333,1.5893666300361162,-1.691974536760863,1.694086385155776,1.6024042395485139,0.493701285511636,0.0,0.0,0.0,0.0,0.0,0.0,0.0232922774984281,-0.417634400411952,0.47703985949173056
34.222292674,-0.25391049958013506,1.7662906563107814,-1.8342537773834404,1.642668985392023,1.5992277403098845,0.4926540879604394,-0.25443409835573333,1.5893666300361162,-1.691974536760863,1.694086385155776,1.6024042395485139,0.493701285511636,0.0,0.0,0.0,0.0,0.0,0.0,0.023292055576666464,-0.417636020735324,0.47703412445806354
34.23038057,-0.25391049958013506,1.7662906563107814,-1.8342537773834404,1.642668985392023,1.5992102870173643,0.4926540879604394,-0.25443409835573333,1.5893666300361162,-1.691974536760863,1.694086385155776,1.6024042395485139,0.493701285511636,0.0,0.0,0.0,0.0,0.0,0.0,0.02329150558817469,-0.41763588606277735,0.4770341083578027
34.238287436,-0.25391049958013506,1.7663081096033013,-1.8342537773834404,1.642651532099503,1.5991928337248444,0.4926540879604394,-0.25443409835573333,1.5893666300361162,-1.691974536760863,1.694086385155776,1.6024042395485139,0.493701285511636,0.0,0.0,0.0,0.0,0.0,0.0,0.023284708309322978,-0.4176336849798686,0.4770342790191249
34.246392763,-0.25391049958013506,1.7663081096033013,-1.8342537773834404,1.642651532099503,1.5991928337248444,0.4926540879604394,-0.25443409835573333,1.5893666300361162,-1.691974536760863,1.694086385155776,1.6024042395485139,0.493701285511636,0.0,0.0,0.0,0.0,0.0,0.0,0.023279845568004585,-0.4176259212378059,0.4770386639746677
34.254450431,-0.25391049958013506,1.7663081096033013,-1.8342537773834404,1.642668985392023,1.5992102870173643,0.49263663466791946,-0.25443409835573333,1.5893666300361162,-1.691974536760863,1.694086385155776,1.6024042395485139,0.493701285511636,0.0,0.0,0.0,0.0,0.0,0.0,0.023280300450714088,-0.4176266702964511,0.47703885637032045
34.262358498000005,-0.25391049958013506,1.7662906563107814,-1.8342537773834404,1.642668985392023,1.5992102870173643,0.4926540879604394,-0.25443409835573333,1.5893666300361162,-1.691974536760863,1.694086385155776,1.6024042395485139,0.493701285511636,0.0,0.0,0.0,0.0,0.0,0.0,0.02328506248157444,-0.41763449371455397,0.4770403881734682
34.270324747000004,-0.25391049958013506,1.7662906563107814,-1.8342712306759605,1.642651532099503,1.5992102870173643,0.49263663466791946,-0.25443409835573333,1.5893666300361162,-1.691974536760863,1.694086385155776,1.6024042395485139,0.493701285511636,0.0,0.0,0.0,0.0,0.0,0.0,0.023285365912792944,-0.41763325526090705,0.47703314240914685
34.278317314,-0.25391049958013506,1.7663081096033013,-1.8342537773834404,1.6426864386845432,1.5991928337248444,0.4926540879604394,-0.25443409835573333,1.5893666300361162,-1.691974536760863,1.694086385155776,1.6024042395485139,0.493701285511636,0.0,0.0,0.0,0.0,0.0,0.0,0.023287697094604015,-0.41762154763196824,0.47702492305197736
34.286320201,-0.25389304628761517,1.7663081096033013,-1.8342537773834404,1.642651532099503,1.5992277403098845,0.4926540879604394,-0.25443409835573333,1.5893666300361162,-1.691974536760863,1.694086385155776,1.6024042395485139,0.493701285511636,0.0,0.0,0.0,0.0,0.0,0.0,0.02327810106362565,-0.4176390266704444,0.47704244184924477
34.294335112,-0.25391049958013506,1.7662906563107814,-1.8342537773834404,1.642668985392023,1.5991928337248444,0.49263663466791946,-0.25443409835573333,1.5893666300361162,-1.691974536760863,1.694086385155776,1.6024042395485139,0.493701285511636,0.0,0.0,0.0,0.0,0.0,0.0,0.02329928492529987,-0.41762912527995594,0.4770386685420386
34.302337271,-0.25391049958013506,1.7662906563107814,-1.8342363240909205,1.642668985392023,1.5992277403098845,0.4926540879604394,-0.25443409835573333,1.5893666300361162,-1.691974536760863,1.694086385155776,1.6024042395485139,0.493701285511636,0.0,0.0,0.0,0.0,0.0,0.0,0.023279147388116157,-0.4176334678269428,0.4770344091684953
34.310360076,-0.25391049958013506,1.7663081096033013,-1.8342537773834404,1.642668985392023,1.5992277403098845,0.49263663466791946,-0.25443409835573333,1.5893666300361162,-1.691974536760863,1.694086385155776,1.6024042395485139,0.493701285511636,0.0,0.0,0.0,0.0,0.0,0.0,0.023290400486389005,-0.41764277646371545,0.47704241173217105
34.318772316,-0.25389304628761517,1.7662906563107814,-1.8342537773834404,1.642651532099503,1.5992277403098845,0.4926540879604394,-0.25443409835573333,1.5893666300361162,-1.691974536760863,1.694086385155776,1.6024042395485139,0.493701285511636,0.0,0.0,0.0,0.0,0.0,0.0,0.023292878267745593,-0.41763548166359304,0.4770402113438283
34.326358649,-0.25391049958013506,1.7662906563107814,-1.8342537773834404,1.642651532099503,1.5992102870173643,0.4926540879604394,-0.25443409835573333,1.5893666300361162,-1.691974536760863,1.694086385155776,1.6024042395485139,0.493701285511636,0.0,0.0,0.0,0.0,0.0,0.0,0.02330009819754344,-0.4176285724889481,0.4770321079236825
34.334330842,-0.25391049958013506,1.7662906563107814,-1.8342537773834404,1.642651532099503,1.5992102870173643,0.49263663466791946,-0.25443409835573333,1.5893666300361162,-1.691974536760863,1.694086385155776,1.6024042395485139,0.493701285511636,-0.0029845130209103033,0.0,-0.0014835298641951804,-0.0014835298641951804,0.0,-0.0014835298641951804,0.023286794581706745,-0.4176274236450983,0.47703191789348415
34.342385871000005,-0.25391049958013506,1.7663081096033013,-1.8342537773834404,1.642668985392023,1.5991928337248444,0.4926540879604394,-0.25443409835573333,1.5893666300361162,-1.691974536760863,1.694086385155776,1.6024042395485139,0.493701285511636,0.0,0.0,0.0,0.0,0.0,0.0,0.023286098168163086,-0.41762785841041167,0.4770326232608062
34.350306384,-0.25391049958013506,1.7662906563107814,-1.8342537773834404,1.642651532099503,1.5992102870173643,0.49263663466791946,-0.25443409835573333,1.5893666300361162,-1.691974536760863,1.694086385155776,1.6024042395485139,0.493701285511636,0.0,0.0,0.0,0.0,0.0,0.0,0.023278367255787805,-0.4176326847561542,0.4770404535694051
34.35834217,-0.25391049958013506,1.7662906563107814,-1.8342188707984008,1.642651532099503,1.5992102870173643,0.4926540879604394,-0.25443409835573333,1.5893666300361162,-1.691974536760863,1.694086385155776,1.6024042395485139,0.493701285511636,0.0,0.0,0.0,0.0,0.0,0.0,0.02328653552383365,-0.41762848106581824,0.4770331318822478
34.366293697,-0.25389304628761517,1.7662906563107814,-1.8342537773834404,1.642651532099503,1.5992102870173643,0.49263663466791946,-0.25443409835573333,1.5893666300361162,-1.691974536760863,1.694086385155776,1.6024042395485139,0.493701285511636,0.0,0.0,0.0,0.0,0.0,0.0,0.023283943398905865,-0.4176410708853835,0.47704762296539827
34.37435413,-0.25389304628761517,1.7662906563107814,-1.8342537773834404,1.642651532099503,1.5992277403098845,0.4926540879604394,-0.25443409835573333,1.5893666300361162,-1.691974536760863,1.694086385155776,1.6024042395485139,0.493701285511636,0.0,0.0,0.0,0.0,0.0,0.0,0.02329467110543009,-0.41762709467453724,0.4770319349596105
34.382316656,-0.25391049958013506,1.7662906563107814,-1.8342537773834404,1.642668985392023,1.5991928337248444,0.4926540879604394,-0.25443409835573333,1.5893666300361162,-1.691974536760863,1.694086385155776,1.6024042395485139,0.493701285511636,0.0,0.0,0.0,0.0,0.0,0.0,0.023299319066234486,-0.41762895294938984,0.477032241643488
34.390292605,-0.25389304628761517,1.7663081096033013,-1.8342537773834404,1.642668985392023,1.5991928337248444,0.4926540879604394,-0.25443409835573333,1.5893666300361162,-1.691974536760863,1.694086385155776,1.6024042395485139,0.493701285511636,0.0,0.0,0.0,0.0,0.0,0.0,0.0232786652061884,-0.4176326104643199,0.477034162750031
34.398363472,-0.25391049958013506,1.7662906563107814,-1.8342537773834404,1.642651532099503,1.5992102870173643,0.49263663466791946,-0.25443409835573333,1.5893666300361162,-1.691974536760863,1.694086385155776,1.6024042395485139,0.493701285511636,0.0,0.0,0.0,0.0,0.0,0.0,0.02328555269538829,-0.4176319688902393,0.47703999875660147
34.406327812,-0.25391049958013506,1.7662906563107814,-1.8342537773834404,1.642668985392023,1.5991928337248444,0.49263663466791946,-0.25443409835573333,1.5893666300361162,-1.691974536760863,1.694086385155776,1.6024042395485139,0.493701285511636,0.0,0.0,0.0,0.0,0.0,0.0,0.023286192988737513,-0.4176277880748352,0.477032044003314
34.414348149000006,-0.25389304628761517,1.7663081096033013,-1.8342537773834404,1.642668985392023,1.5992102870173643,0.4926540879604394,-0.25443409835573333,1.5893666300361162,-1.691974536760863,1.694086385155776,1.6024042395485139,0.493701285511636,0.0,0.0,0.0,0.0,0.0,0.0,0.02327919356283996,-0.4176327270973832,0.47703421987803357
34.422382292,-0.25389304628761517,1.7663081096033013,-1.8342537773834404,1.642668985392023,1.5992102870173643,0.4926540879604394,-0.25443409835573333,1.5893666300361162,-1.691974536760863,1.694086385155776,1.6024042395485139,0.493701285511636,0.0,0.0,0.0,0.0,0.0,0.0,0.023292352956421607,-0.41763403503617047,0.47704086915460797
34.430650118,-0.25391049958013506,1.7662906563107814,-1.8342537773834404,1.642668985392023,1.5992102870173643,0.49263663466791946,-0.25443409835573333,1.5893666300361162,-1.691974536760863,1.694086385155776,1.6024042395485139,0.493701285511636,0.0,0.0,0.0,0.0,0.0,0.0,0.02329152250491071,-0.41763406755868726,0.4770400730159896
34.438354472,-0.25389304628761517,1.7663081096033013,-1.8342537773834404,1.642651532099503,1.5992277403098845,0.49263663466791946,-0.25443409835573333,1.5893666300361162,-1.691974536760863,1.694086385155776,1.6024042395485139,0.493701285511636,0.0,0.0,0.0,0.0,0.0,0.0,0.023286378429975853,-0.4176338799512403,0.47703433355945996
34.446310069,-0.25391049958013506,1.7662906563107814,-1.8342712306759605,1.642668985392023,1.5992102870173643,0.4926191813753995,-0.25443409835573333,1.5893666300361162,-1.691974536760863,1.694086385155776,1.6024042395485139,0.493701285511636,0.0,0.0,0.0,0.0,0.0,0.0,0.023299977103859653,-0.4176287089314996,0.47703809332515074
34.454356216,-0.25391049958013506,1.7662906563107814,-1.8342537773834404,1.6426864386845432,1.5991928337248444,0.4926191813753995,-0.25443409835573333,1.5893666300361162,-1.691974536760863,1.694086385155776,1.6024042395485139,0.493701285511636,0.0,0.0,0.0,0.0,0.0,0.0,0.023286143132739055,-0.4176279134322312,0.47702626124706915
34.462352766,-0.25391049958013506,1.7662906563107814,-1.8342537773834404,1.642668985392023,1.5991928337248444,0.4926540879604394,-0.25443409835573333,1.5893666300361162,-1.691974536760863,1.694086385155776,1.6024042395485139,0.493701285511636,0.0,0.0,0.0,0.0,0.0,0.0,0.0232766386915566,-0.4176390113246617,0.4770355733947542
34.470342377,-0.25391049958013506,1.7662906563107814,-1.8342537773834404,1.642668985392023,1.5992277403098845,0.49263663466791946,-0.25443409835573333,1.5893666300361162,-1.691974536760863,1.694086385155776,1.6024042395485139,0.493701285511636,0.0,0.0,0.0,0.0,0.0,0.0,0.023279257327284034,-0.417632886900495,0.4770337499192442
34.478278081,-0.25391049958013506,1.7663081096033013,-1.8342537773834404,1.642651532099503,1.5992102870173643,0.4926540879604394,-0.25443409835573333,1.5893666300361162,-1.691974536760863,1.694086385155776,1.6024042395485139,0.493701285511636,0.0,0.0,0.0,0.0,0.0,0.0,0.023291668943162563,-0.41763540810078664,0.47703446988738235
34.486333688,-0.25389304628761517,1.7662906563107814,-1.8342537773834404,1.642668985392023,1.5991928337248444,0.49263663466791946,-0.25443409835573333,1.5893666300361162,-1.691974536760863,1.694086385155776,1.6024042395485139,0.493701285511636,0.0,0.0,0.0,0.0,0.0,0.0,0.02328665649014175,-0.41762794553687627,0.47703848772516433
34.494322823000005,-0.25389304628761517,1.7662906563107814,-1.8342537773834404,1.642668985392023,1.5992102870173643,0.4926540879604394,-0.25443409835573333,1.5893666300361162,-1.691974536760863,1.694086385155776,1.6024042395485139,0.493701285511636,0.0,0.0,0.0,0.0,0.0,0.0,0.023286031270920892,-0.4176322880758081,0.47703373470581534
34.502332790000004,-0.25391049958013506,1.7663255628958214,-1.8342537773834404,1.642668985392023,1.5992102870173643,0.4926540879604394,-0.25443409835573333,1.5893666300361162,-1.691974536760863,1.694086385155776,1.6024042395485139,0.493701285511636,0.0,0.0,0.0,0.0,0.0,0.0,0.02329188271884465,-0.41763390650074333,0.4770348956706793
34.510314744,-0.25389304628761517,1.7663081096033013,-1.8342537773834404,1.642651532099503,1.5992102870173643,0.4926540879604394,-0.25443409835573333,1.5893666300361162,-1.691974536760863,1.694086385155776,1.6024042395485139,0.493701285511636,0.0,0.0,0.0,0.0,0.0,0.0,0.023285707252551004,-0.41763411472311696,0.47704717293026494
34.518309303,-0.25387559299509516,1.7662906563107814,-1.8342537773834404,1.642668985392023,1.5991928337248444,0.4926540879604394,-0.25443409835573333,1.5893666300361162,-1.691974536760863,1.694086385155776,1.6024042395485139,0.493701285511636,0.0,0.0,0.0,0.0,0.0,0.0,0.023293951471932965,-0.41762746862249095,0.47703849361820644
34.526323337,-0.25389304628761517,1.7663081096033013,-1.8342537773834404,1.642668985392023,1.5991928337248444,0.4926191813753995,-0.25443409835573333,1.5893666300361162,-1.691974536760863,1.694086385155776,1.6024042395485139,0.493701285511636,0.0,0.0,0.0,0.0,0.0,0.0,0.023292241257107056,-0.4176317346068831,0.4770342381703221
34.534332031000005,-0.25391049958013506,1.7663081096033013,-1.8342363240909205,1.642668985392023,1.5992102870173643,0.49263663466791946,-0.25443409835573333,1.5893666300361162,-1.691974536760863,1.694086385155776,1.6024042395485139,0.493701285511636,0.0,0.0,0.0,0.0,0.0,0.0,0.023285302256963965,-0.41763298616204503,0.47704124923517305
34.542312549,-0.25391049958013506,1.7662906563107814,-1.8342537773834404,1.642668985392023,1.5992102870173643,0.4926540879604394,-0.25443409835573333,1.5893666300361162,-1.691974536760863,1.694086385155776,1.6024042395485139,0.493701285511636,0.0,0.0,0.0,0.0,0.0,0.0,0.023283397685556515,-0.4176412890681946,0.47704817537318295
34.55030216,-0.25391049958013506,1.7662906563107814,-1.8342537773834404,1.642651532099503,1.5992102870173643,0.49263663466791946,-0.25443409835573333,1.5893666300361162,-1.691974536760863,1.694086385155776,1.6024042395485139,0.493701285511636,0.0,0.0,0.0,0.0,0.0,0.0,0.023285215992705298,-0.41763386720458495,0.4770337897864383
34.558292966,-0.25391049958013506,1.7662906563107814,-1.8342537773834404,1.642668985392023,1.5992102870173643,0.4926540879604394,-0.25443409835573333,1.5893666300361162,-1.691974536760863,1.694086385155776,1.6024042395485139,0.493701285511636,0.0,0.0,0.0,0.0,0.0,0.0,0.023286673895690457,-0.41762791626700585,0.47703206100312406
34.566313937000004,-0.25391049958013506,1.7662906563107814,-1.8342537773834404,1.642668985392023,1.5991928337248444,0.49263663466791946,-0.25443409835573333,1.5893666300361162,-1.691974536760863,1.694086385155776,1.6024042395485139,0.493701285511636,0.0,0.0,0.0,0.0,0.0,0.0,0.02328461197318655,-0.417634198062538,0.4770339065642772
34.574346065,-0.25391049958013506,1.7662906563107814,-1.8342537773834404,1.642668985392023,1.5992102870173643,0.4926540879604394,-0.25443409835573333,1.5893666300361162,-1.691974536760863,1.694086385155776,1.6024042395485139,0.493701285511636,0.0,0.0,0.0,0.0,0.0,0.0,0.023278749960303064,-0.4176327626644363,0.4770337350662834
34.582330919,-0.25391049958013506,1.7662906563107814,-1.8342537773834404,1.642651532099503,1.5992277403098845,0.49263663466791946,-0.25443409835573333,1.5893666300361162,-1.691974536760863,1.694086385155776,1.6024042395485139,0.493701285511636,0.0,0.0,0.0,0.0,0.0,0.0,0.023285665057569287,-0.41763398241369554,0.47703380440634235
34.590302961,-0.25391049958013506,1.7663081096033013,-1.8342537773834404,1.642651532099503,1.5991928337248444,0.4926540879604394,-0.25443409835573333,1.5893666300361162,-1.691974536760863,1.694086385155776,1.6024042395485139,0.493701285511636,0.0,0.0,0.0,0.0,0.0,0.0,0.023293732681888817,-0.4176291227156626,0.47703212706571463
34.598328807,-0.25389304628761517,1.7662906563107814,-1.8342537773834404,1.642651532099503,1.5992102870173643,0.49263663466791946,-0.25443409835573333,1.5893666300361162,-1.691974536760863,1.694086385155776,1.6024042395485139,0.493701285511636,0.0,0.0,0.0,0.0,0.0,0.0,0.023280867678396357,-0.41762599520517024,0.4770381798451731
34.606302142000004,-0.25391049958013506,1.7663081096033013,-1.8342537773834404,1.642668985392023,1.5992102870173643,0.49263663466791946,-0.25443409835573333,1.5893666300361162,-1.691974536760863,1.694086385155776,1.6024042395485139,0.493701285511636,0.0,0.0,0.0,0.0,0.0,0.0,0.023293453970092828,-0.41762748255207227,0.47703254659588407
34.614331649,-0.25391049958013506,1.7663081096033013,-1.8342537773834404,1.642651532099503,1.5992102870173643,0.49263663466791946,-0.25443409835573333,1.5893666300361162,-1.691974536760863,1.694086385155776,1.6024042395485139,0.493701285511636,0.0,0.0,0.0,0.0,0.0,0.0,0.023285171637800008,-0.4176340481481268,0.4770407359283694
34.622352732,-0.25391049958013506,1.7662906563107814,-1.8342712306759605,1.642651532099503,1.5992102870173643,0.4926540879604394,-0.25443409835573333,1.5893666300361162,-1.691974536760863,1.694086385155776,1.6024042395485139,0.493701285511636,0.0,0.0,0.0,0.0,0.0,0.0,0.02328688465489908,-0.4176270558887028,0.47703772971237807
34.630320951,-0.25391049958013506,1.7662906563107814,-1.8342537773834404,1.642651532099503,1.5991928337248444,0.49263663466791946,-0.25443409835573333,1.5893666300361162,-1.691974536760863,1.694086385155776,1.6024042395485139,0.493701285511636,0.0,0.0,0.0,0.0,0.0,0.0,0.023287930652080423,-0.4176205302622719,0.47702413558160195
34.638344815,-0.25387559299509516,1.7662906563107814,-1.8342537773834404,1.642651532099503,1.5992277403098845,0.4926540879604394,-0.25443409835573333,1.5893666300361162,-1.691974536760863,1.694086385155776,1.6024042395485139,0.493701285511636,0.0,0.0,0.0,0.0,0.0,0.0,0.023281822882055554,-0.41762589961080293,0.4770317434714853
34.646336597,-0.25391049958013506,1.7662906563107814,-1.8342537773834404,1.642668985392023,1.5991928337248444,0.4926191813753995,-0.25443409835573333,1.5893666300361162,-1.691974536760863,1.694086385155776,1.6024042395485139,0.493701285511636,0.0,0.0,0.0,0.0,0.0,0.0,0.023306151192611837,-0.41762850357884884,0.477032236993128
34.654334293000005,-0.25391049958013506,1.7662906563107814,-1.8342537773834404,1.642668985392023,1.5992102870173643,0.4926540879604394,-0.25443409835573333,1.5893666300361162,-1.691974536760863,1.694086385155776,1.6024042395485139,0.493701285511636,0.0,0.0,0.0,0.0,0.0,0.0,0.023278652720880633,-0.4176327388539662,0.47703373222146433
34.662338675,-0.25391049958013506,1.7662906563107814,-1.8342537773834404,1.642651532099503,1.5992102870173643,0.4926540879604394,-0.25443409835573333,1.5893666300361162,-1.691974536760863,1.694086385155776,1.6024042395485139,0.493701285511636,0.0,0.0,0.0,0.0,0.0,0.0,0.023285229003938937,-0.4176338140947141,0.47703377435769995
34.67030837,-0.25391049958013506,1.7662906563107814,-1.8342363240909205,1.642651532099503,1.5992102870173643,0.49263663466791946,-0.25443409835573333,1.5893666300361162,-1.691974536760863,1.694086385155776,1.6024042395485139,0.493701285511636,0.0,0.0,0.0,0.0,0.0,0.0,0.023286670532798665,-0.41762792998711434,0.47703249919728385
34.67838107,-0.25391049958013506,1.7663081096033013,-1.8342537773834404,1.642651532099503,1.5992102870173643,0.49263663466791946,-0.25443409835573333,1.5893666300361162,-1.691974536760863,1.694086385155776,1.6024042395485139,0.493701285511636,0.0,0.0,0.0,0.0,0.0,0.0,0.02328513663155874,-0.4176341910470627,0.4770402074165537
34.686313501,-0.25389304628761517,1.7663081096033013,-1.8342537773834404,1.642668985392023,1.5992277403098845,0.49263663466791946,-0.25443409835573333,1.5893666300361162,-1.691974536760863,1.694086385155776,1.6024042395485139,0.493701285511636,0.0,0.0,0.0,0.0,0.0,0.0,0.02328743419750619,-0.41762805528425045,0.47703898644390746
34.694307078,-0.25391049958013506,1.7662906563107814,-1.8342537773834404,1.642668985392023,1.5991928337248444,0.49263663466791946,-0.25443409835573333,1.5893666300361162,-1.691974536760863,1.694086385155776,1.6024042395485139,0.493701285511636,0.0,0.0,0.0,0.0,0.0,0.0,0.02329775946560738,-0.41763550937764465,0.4770405346204777
34.702308634000005,-0.25391049958013506,1.7662906563107814,-1.8342537773834404,1.642651532099503,1.5992102870173643,0.4926540879604394,-0.25443409835573333,1.5893666300361162,-1.691974536760863,1.694086385155776,1.6024042395485139,0.493701285511636,0.0,0.0,0.0,0.0,0.0,0.0,0.02327879063461828,-0.4176322722328986,0.4770335957329156
34.710314467,-0.25391049958013506,1.7662906563107814,-1.8342363240909205,1.642668985392023,1.5992102870173643,0.4926540879604394,-0.25443409835573333,1.5893666300361162,-1.691974536760863,1.694086385155776,1.6024042395485139,0.493701285511636,0.0,0.0,0.0,0.0,0.0,0.0,0.02328652545089471,-0.41762852218852875,0.4770327220844996
34.718326233,-0.25391049958013506,1.7662906563107814,-1.8342537773834404,1.642651532099503,1.5992102870173643,0.4926540879604394,-0.25443409835573333,1.5893666300361162,-1.691974536760863,1.694086385155776,1.6024042395485139,0.493701285511636,0.0,0.0,0.0,0.0,0.0,0.0,0.023283560436758007,-0.41764062484142245,0.47704158185685824
34.726295099000005,-0.25389304628761517,1.7662906563107814,-1.8342537773834404,1.642651532099503,1.5992102870173643,0.4926540879604394,-0.25443409835573333,1.5893666300361162,-1.691974536760863,1.694086385155776,1.6024042395485139,0.493701285511636,0.0,0.0,0.0,0.0,0.0,0.0,0.023287294002317292,-0.41762739134488625,0.47703191789348415
34.734396379,-0.25391049958013506,1.7662906563107814,-1.8342537773834404,1.642651532099503,1.5992102870173643,0.49263663466791946,-0.25443409835573333,1.5893666300361162,-1.691974536760863,1.694086385155776,1.6024042395485139,0.493701285511636,0.0014835298641951804,0.0,0.0014835298641951804,0.0,0.0,0.0,0.023293474388884766,-0.41762699162610695,0.47703191789348415
34.742353625,-0.25391049958013506,1.7662906563107814,-1.8342537773834404,1.642651532099503,1.5992102870173643,0.4926540879604394,-0.25443409835573333,1.5893666300361162,-1.691974536760863,1.694086385155776,1.6024042395485139,0.493701285511636,0.0,0.0,0.0,0.0,0.0,0.0,0.023286794581706745,-0.4176274236450983,0.47703191789348415
34.750316697,-0.25391049958013506,1.7663081096033013,-1.8342537773834404,1.642668985392023,1.5991928337248444,0.4926540879604394,-0.25443409835573333,1.5893666300361162,-1.691974536760863,1.694086385155776,1.6024042395485139,0.493701285511636,0.0,0.0,0.0,0.0,0.0,0.0,0.023286168440739212,-0.41762781453981374,0.47703255208473666
34.758310949000006,-0.25391049958013506,1.7662906563107814,-1.8342537773834404,1.642651532099503,1.5992277403098845,0.49263663466791946,-0.25443409835573333,1.5893666300361162,-1.691974536760863,1.694086385155776,1.6024042395485139,0.493701285511636,0.0,0.0,0.0,0.0,0.0,0.0,0.023279244702276124,-0.41763255873750615,0.47704007054249803
34.766316432,-0.25391049958013506,1.7662906563107814,-1.8342537773834404,1.642668985392023,1.5992277403098845,0.49263663466791946,-0.25443409835573333,1.5893666300361162,-1.691974536760863,1.694086385155776,1.6024042395485139,0.493701285511636,0.0,0.0,0.0,0.0,0.0,0.0,0.023293617544212934,-0.417629645022081,0.47703227227394246
34.774352158,-0.25391049958013506,1.7662906563107814,-1.8342537773834404,1.642668985392023,1.5992102870173643,0.49263663466791946,-0.25443409835573333,1.5893666300361162,-1.691974536760863,1.694086385155776,1.6024042395485139,0.493701285511636,0.0,0.0,0.0,0.0,0.0,0.0,0.023291598488731226,-0.41763590881080703,0.4770341110773563
34.782312406,-0.25391049958013506,1.7662906563107814,-1.8342363240909205,1.642651532099503,1.5991928337248444,0.4926540879604394,-0.25443409835573333,1.5893666300361162,-1.691974536760863,1.694086385155776,1.6024042395485139,0.493701285511636,0.0,0.0,0.0,0.0,0.0,0.0,0.02328460197414423,-0.4176342278402119,0.4770343661840614
34.790289664,-0.25389304628761517,1.7662906563107814,-1.8342537773834404,1.642651532099503,1.5992277403098845,0.4926540879604394,-0.25443409835573333,1.5893666300361162,-1.691974536760863,1.694086385155776,1.6024042395485139,0.493701285511636,0.0,0.0,0.0,0.0,0.0,0.0,0.02327976333959564,-0.4176327326100799,0.47703953753310724
34.798318294000005,-0.25391049958013506,1.7662906563107814,-1.8342537773834404,1.642651532099503,1.5992102870173643,0.49263663466791946,-0.25443409835573333,1.5893666300361162,-1.691974536760863,1.694086385155776,1.6024042395485139,0.493701285511636,0.0,0.0,0.0,0.0,0.0,0.0,0.02330004097456078,-0.41762856754741395,0.4770321071063036
34.806346982,-0.25391049958013506,1.7662906563107814,-1.8342537773834404,1.642651532099503,1.5992102870173643,0.4926540879604394,-0.25443409835573333,1.5893666300361162,-1.691974536760863,1.694086385155776,1.6024042395485139,0.493701285511636,0.0,0.0,0.0,0.0,0.0,0.0,0.023286794581706745,-0.4176274236450983,0.47703191789348415
34.814350499,-0.25389304628761517,1.7662906563107814,-1.8342537773834404,1.642651532099503,1.5991928337248444,0.4926540879604394,-0.25443409835573333,1.5893666300361162,-1.691974536760863,1.694086385155776,1.6024042395485139,0.493701285511636,0.0,0.0,0.0,0.0,0.0,0.0,0.023286804363273125,-0.4176273694995015,0.4770319128354893
34.822356487,-0.25391049958013506,1.7662906563107814,-1.8342537773834404,1.642668985392023,1.5992102870173643,0.4926540879604394,-0.25443409835573333,1.5893666300361162,-1.691974536760863,1.694086385155776,1.6024042395485139,0.493701285511636,0.0,0.0,0.0,0.0,0.0,0.0,0.023287027832115482,-0.4176259467756033,0.4770318827162977
34.830371695000004,-0.25389304628761517,1.7662906563107814,-1.8342537773834404,1.642668985392023,1.5991928337248444,0.4926540879604394,-0.25443409835573333,1.5893666300361162,-1.691974536760863,1.694086385155776,1.6024042395485139,0.493701285511636,0.0,0.0,0.0,0.0,0.0,0.0,0.023285138455841025,-0.41763413561962626,0.4770339038795455
34.838345046,-0.25391049958013506,1.7663081096033013,-1.8342537773834404,1.642668985392023,1.5992102870173643,0.4926191813753995,-0.25443409835573333,1.5893666300361162,-1.691974536760863,1.694086385155776,1.6024042395485139,0.493701285511636,0.0,0.0,0.0,0.0,0.0,0.0,0.02328546697800916,-0.4176323132269616,0.47703419438380523
34.846315492,-0.25391049958013506,1.7662906563107814,-1.8342537773834404,1.642651532099503,1.5992277403098845,0.49263663466791946,-0.25443409835573333,1.5893666300361162,-1.691974536760863,1.694086385155776,1.6024042395485139,0.493701285511636,0.0,0.0,0.0,0.0,0.0,0.0,0.023285616771970063,-0.4176341613270091,0.47704030767938926
34.854313363,-0.25389304628761517,1.7662906563107814,-1.8342537773834404,1.642651532099503,1.5992102870173643,0.49263663466791946,-0.25443409835573333,1.5893666300361162,-1.691974536760863,1.694086385155776,1.6024042395485139,0.493701285511636,0.0,0.0,0.0,0.0,0.0,0.0,0.02329377142866278,-0.41762895702601444,0.47703210558202275
34.862352745,-0.25389304628761517,1.7662906563107814,-1.8342537773834404,1.642668985392023,1.5992277403098845,0.4926540879604394,-0.25443409835573333,1.5893666300361162,-1.691974536760863,1.694086385155776,1.6024042395485139,0.493701285511636,0.0,0.0,0.0,0.0,0.0,0.0,0.02329448338949637,-0.41762759782412,0.4770320836723827
34.870306778,-0.25391049958013506,1.7662906563107814,-1.8342537773834404,1.642651532099503,1.5992102870173643,0.49263663466791946,-0.25443409835573333,1.5893666300361162,-1.691974536760863,1.694086385155776,1.6024042395485139,0.493701285511636,0.0,0.0,0.0,0.0,0.0,0.0,0.023298453576388316,-0.41763496924867616,0.4770339670350769
34.878329662,-0.25391049958013506,1.7662906563107814,-1.8342537773834404,1.642668985392023,1.5992277403098845,0.49263663466791946,-0.25443409835573333,1.5893666300361162,-1.691974536760863,1.694086385155776,1.6024042395485139,0.493701285511636,0.0,0.0,0.0,0.0,0.0,0.0,0.023287105804986503,-0.4176279322208785,0.47703204842663816
34.886306387000005,-0.25391049958013506,1.7662906563107814,-1.8342363240909205,1.642668985392023,1.5992277403098845,0.49263663466791946,-0.25443409835573333,1.5893666300361162,-1.691974536760863,1.694086385155776,1.6024042395485139,0.493701285511636,0.0,0.0,0.0,0.0,0.0,0.0,0.02329192636081261,-0.4176365481677451,0.4770347299866031
34.894312277000004,-0.25391049958013506,1.7662906563107814,-1.8342537773834404,1.642668985392023,1.5992102870173643,0.49263663466791946,-0.25443409835573333,1.5893666300361162,-1.691974536760863,1.694086385155776,1.6024042395485139,0.493701285511636,0.0,0.0,0.0,0.0,0.0,0.0,0.023289986390463292,-0.4176428559282494,0.47704206548935024
34.902318542,-0.25391049958013506,1.7663081096033013,-1.8342537773834404,1.642668985392023,1.5992102870173643,0.4926191813753995,-0.25443409835573333,1.5893666300361162,-1.691974536760863,1.694086385155776,1.6024042395485139,0.493701285511636,0.0,0.0,0.0,0.0,0.0,0.0,0.023285102017274417,-0.4176343324272268,0.4770344224349627
34.910312433,-0.25391049958013506,1.7663081096033013,-1.8342537773834404,1.642668985392023,1.5992277403098845,0.49263663466791946,-0.25443409835573333,1.5893666300361162,-1.691974536760863,1.694086385155776,1.6024042395485139,0.493701285511636,0.0,0.0,0.0,0.0,0.0,0.0,0.023285549785131164,-0.41763462682166547,0.4770408835131499
34.918315274,-0.25391049958013506,1.7662906563107814,-1.8342537773834404,1.642651532099503,1.5992277403098845,0.4926540879604394,-0.25443409835573333,1.5893666300361162,-1.691974536760863,1.694086385155776,1.6024042395485139,0.493701285511636,0.0,0.0,0.0,0.0,0.0,0.0,0.023292120595325965,-0.41763575523947044,0.47704049970377455
34.926287126000005,-0.25389304628761517,1.7663081096033013,-1.8342537773834404,1.642651532099503,1.5991928337248444,0.49263663466791946,-0.25443409835573333,1.5893666300361162,-1.691974536760863,1.694086385155776,1.6024042395485139,0.493701285511636,0.0,0.0,0.0,0.0,0.0,0.0,0.023293267492794555,-0.4176288598986008,0.47703259411713383
34.934375907,-0.25389304628761517,1.7663081096033013,-1.8342537773834404,1.642668985392023,1.5992277403098845,0.49263663466791946,-0.25443409835573333,1.5893666300361162,-1.691974536760863,1.694086385155776,1.6024042395485139,0.493701285511636,0.0,0.0,0.0,0.0,0.0,0.0,0.023287983258012165,-0.4176261635618434,0.47703883113151335
34.942276377,-0.25389304628761517,1.7662906563107814,-1.8342537773834404,1.642651532099503,1.5991928337248444,0.49263663466791946,-0.25443409835573333,1.5893666300361162,-1.691974536760863,1.694086385155776,1.6024042395485139,0.493701285511636,0.0,0.0,0.0,0.0,0.0,0.0,0.02329851439444365,-0.4176350549035005,0.47704046354056534
34.950321434,-0.25391049958013506,1.7662906563107814,-1.8342537773834404,1.642651532099503,1.5991928337248444,0.4926540879604394,-0.25443409835573333,1.5893666300361162,-1.691974536760863,1.694086385155776,1.6024042395485139,0.493701285511636,0.0,0.0,0.0,0.0,0.0,0.0,0.02328680590012184,-0.41762528628202567,0.4770317159417409
34.958310929,-0.25389304628761517,1.7662906563107814,-1.8342537773834404,1.642668985392023,1.5992102870173643,0.49263663466791946,-0.25443409835573333,1.5893666300361162,-1.691974536760863,1.694086385155776,1.6024042395485139,0.493701285511636,0.0,0.0,0.0,0.0,0.0,0.0,0.023280714050670285,-0.4176262668812119,0.477031860936056
34.966344255,-0.25391049958013506,1.7663081096033013,-1.8342537773834404,1.642651532099503,1.5992277403098845,0.49263663466791946,-0.25443409835573333,1.5893666300361162,-1.691974536760863,1.694086385155776,1.6024042395485139,0.493701285511636,0.0,0.0,0.0,0.0,0.0,0.0,0.023292494043922835,-0.4176335156565807,0.4770342974709926
34.974270243,-0.25391049958013506,1.7663081096033013,-1.8342537773834404,1.642651532099503,1.5992102870173643,0.4926191813753995,-0.25443409835573333,1.5893666300361162,-1.691974536760863,1.694086385155776,1.6024042395485139,0.493701285511636,0.0,0.0,0.0,0.0,0.0,0.0,0.023293194709547594,-0.4176291899664959,0.4770390546307428
34.982401029,-0.25391049958013506,1.7663081096033013,-1.8342537773834404,1.642651532099503,1.5991928337248444,0.49263663466791946,-0.25443409835573333,1.5893666300361162,-1.691974536760863,1.694086385155776,1.6024042395485139,0.493701285511636,0.0,0.0,0.0,0.0,0.0,0.0,0.02328614992358664,-0.4176274649498746,0.47703884841375993
34.990337854,-0.25389304628761517,1.7663081096033013,-1.8342537773834404,1.642651532099503,1.5992102870173643,0.4926540879604394,-0.25443409835573333,1.5893666300361162,-1.691974536760863,1.694086385155776,1.6024042395485139,0.493701285511636,0.0,0.0,0.0,0.0,0.0,0.0,0.023280918598307245,-0.41762601334291727,0.47703867923901516
34.998319473,-0.25391049958013506,1.7662906563107814,-1.8342537773834404,1.642651532099503,1.5992277403098845,0.49263663466791946,-0.25443409835573333,1.5893666300361162,-1.691974536760863,1.694086385155776,1.6024042395485139,0.493701285511636,0.0,0.0,0.0,0.0,0.0,0.0,0.023294019940752454,-0.41762728763625145,0.47703836384060205
35.006284138000005,-0.25389304628761517,1.7662906563107814,-1.8342537773834404,1.642668985392023,1.5992102870173643,0.4926540879604394,-0.25443409835573333,1.5893666300361162,-1.691974536760863,1.694086385155776,1.6024042395485139,0.493701285511636,0.0,0.0,0.0,0.0,0.0,0.0,0.02329365430140559,-0.4176294430793042,0.4770322423922661
35.014342704,-0.25391049958013506,1.7662906563107814,-1.8342712306759605,1.642651532099503,1.5991928337248444,0.49263663466791946,-0.25443409835573333,1.5893666300361162,-1.691974536760863,1.694086385155776,1.6024042395485139,0.493701285511636,0.0,0.0,0.0,0.0,0.0,0.0,0.023291580896487692,-0.41763266884077993,0.4770331111117012
35.022309298,-0.25391049958013506,1.7662906563107814,-1.8342537773834404,1.642668985392023,1.5992277403098845,0.49263663466791946,-0.25443409835573333,1.5893666300361162,-1.691974536760863,1.694086385155776,1.6024042395485139,0.493701285511636,0.0,0.0,0.0,0.0,0.0,0.0,0.0232823928297691,-0.4176196171044715,0.4770240524352181
35.030329784,-0.25391049958013506,1.7662906563107814,-1.8342537773834404,1.642651532099503,1.5992277403098845,0.49263663466791946,-0.25443409835573333,1.5893666300361162,-1.691974536760863,1.694086385155776,1.6024042395485139,0.493701285511636,0.0,0.0,0.0,0.0,0.0,0.0,0.0232921788534333,-0.4176355175383679,0.4770339782762363
35.038333929000004,-0.25389304628761517,1.7663081096033013,-1.8342537773834404,1.642668985392023,1.5992277403098845,0.4926191813753995,-0.25443409835573333,1.5893666300361162,-1.691974536760863,1.694086385155776,1.6024042395485139,0.493701285511636,0.0,0.0,0.0,0.0,0.0,0.0,0.023294185827003374,-0.4176296500578784,0.4770328315559648
35.046321201000005,-0.25391049958013506,1.7663081096033013,-1.8342712306759605,1.642651532099503,1.5992277403098845,0.4926191813753995,-0.25443409835573333,1.5893666300361162,-1.691974536760863,1.694086385155776,1.6024042395485139,0.493701285511636,0.0,0.0,0.0,0.0,0.0,0.0,0.023298476997860494,-0.41763553447868096,0.4770410484352654
35.054282389,-0.25389304628761517,1.7663081096033013,-1.8342537773834404,1.642668985392023,1.5991928337248444,0.49263663466791946,-0.25443409835573333,1.5893666300361162,-1.691974536760863,1.694086385155776,1.6024042395485139,0.493701285511636,0.0,0.0,0.0,0.0,0.0,0.0,0.023286990612535398,-0.4176327220912217,0.4770407122894497
35.062308374000004,-0.25391049958013506,1.7663081096033013,-1.8342363240909205,1.642651532099503,1.5992102870173643,0.49263663466791946,-0.25443409835573333,1.5893666300361162,-1.691974536760863,1.694086385155776,1.6024042395485139,0.493701285511636,0.0,0.0,0.0,0.0,0.0,0.0,0.02328541704524674,-0.4176325170186926,0.4770411067894117
35.070324154000005,-0.25391049958013506,1.7663081096033013,-1.8342363240909205,1.642668985392023,1.5992277403098845,0.49263663466791946,-0.25443409835573333,1.5893666300361162,-1.691974536760863,1.694086385155776,1.6024042395485139,0.493701285511636,0.0,0.0,0.0,0.0,0.0,0.0,0.02328529498139916,-0.4176354843381009,0.4770474102736706
35.079548883,-0.25391049958013506,1.7662906563107814,-1.8342537773834404,1.642651532099503,1.5991928337248444,0.49263663466791946,-0.25443409835573333,1.5893666300361162,-1.691974536760863,1.694086385155776,1.6024042395485139,0.493701285511636,0.0,0.0,0.0,0.0,0.0,0.0,0.02328787196858354,-0.4176394861608223,0.47704544195999055
35.086324253,-0.25391049958013506,1.7662906563107814,-1.8342537773834404,1.642651532099503,1.5992277403098845,0.4926540879604394,-0.25443409835573333,1.5893666300361162,-1.691974536760863,1.694086385155776,1.6024042395485139,0.493701285511636,0.0,0.0,0.0,0.0,0.0,0.0,0.023280847314293775,-0.41762596736804786,0.47703174390989345
35.094336396,-0.25391049958013506,1.7662906563107814,-1.8342363240909205,1.642668985392023,1.5992277403098845,0.49263663466791946,-0.25443409835573333,1.5893666300361162,-1.691974536760863,1.694086385155776,1.6024042395485139,0.493701285511636,0.0,0.0,0.0,0.0,0.0,0.0,0.023293481472494996,-0.41763020043874877,0.477032908255239
35.102341142,-0.25391049958013506,1.7662906563107814,-1.8342537773834404,1.642651532099503,1.5991928337248444,0.49263663466791946,-0.25443409835573333,1.5893666300361162,-1.691974536760863,1.694086385155776,1.6024042395485139,0.493701285511636,0.0,0.0,0.0,0.0,0.0,0.0,0.02328947713639358,-0.41764200563108417,0.47704170765156295
35.110280972000005,-0.25391049958013506,1.7662906563107814,-1.8342537773834404,1.642651532099503,1.5992102870173643,0.49263663466791946,-0.25443409835573333,1.5893666300361162,-1.691974536760863,1.694086385155776,1.6024042395485139,0.493701285511636,0.0,0.0,0.0,0.0,0.0,0.0,0.023280351216869912,-0.4176258458912384,0.477031729387526
35.118316708,-0.25391049958013506,1.7662906563107814,-1.8342537773834404,1.642651532099503,1.5992102870173643,0.49263663466791946,-0.25443409835573333,1.5893666300361162,-1.691974536760863,1.694086385155776,1.6024042395485139,0.493701285511636,0.0,0.0,0.0,0.0,0.0,0.0,0.023286794581706745,-0.4176274236450983,0.47703191789348415
35.126403245,-0.25391049958013506,1.7662906563107814,-1.8342537773834404,1.642668985392023,1.5992102870173643,0.4926191813753995,-0.25443409835573333,1.5893666300361162,-1.691974536760863,1.694086385155776,1.6024042395485139,0.493701285511636,0.0,0.0,0.0,0.0,0.0,0.0,0.023286663000825786,-0.4176279607381814,0.4770320739222692
35.134299580000004,-0.25391049958013506,1.7662906563107814,-1.8342537773834404,1.642668985392023,1.5992102870173643,0.4926540879604394,-0.25443409835573333,1.5893666300361162,-1.691974536760863,1.694086385155776,1.6024042395485139,0.493701285511636,-0.0014835298641951804,-0.0014835298641951804,0.0,0.0014835298641951804,0.0,0.0014835298641951804,0.023285105340359366,-0.4176343188705808,0.4770339209981384
35.142415267000004,-0.25391049958013506,1.7662906563107814,-1.8342537773834404,1.642651532099503,1.5991928337248444,0.49263663466791946,-0.25443409835573333,1.5893666300361162,-1.691974536760863,1.694086385155776,1.6024042395485139,0.493701285511636,0.0,0.0,0.0,0.0,0.0,0.0,0.023284685196232585,-0.4176336270119951,0.4770337433050435
35.150302299,-0.25391049958013506,1.7662906563107814,-1.8342537773834404,1.642651532099503,1.5992277403098845,0.4926540879604394,-0.25443409835573333,1.5893666300361162,-1.691974536760863,1.694086385155776,1.6024042395485139,0.493701285511636,0.0,0.0,0.0,0.0,0.0,0.0,0.023280524164488364,-0.41762588824001606,0.47703173445296176
35.158313255,-0.25391049958013506,1.7662906563107814,-1.8342537773834404,1.642668985392023,1.5992277403098845,0.4926540879604394,-0.25443409835573333,1.5893666300361162,-1.691974536760863,1.694086385155776,1.6024042395485139,0.493701285511636,0.0,0.0,0.0,0.0,0.0,0.0,0.023293629897505764,-0.41762959459782417,0.47703225762538404
35.166337237,-0.25391049958013506,1.7663081096033013,-1.8342537773834404,1.642668985392023,1.5992102870173643,0.4926540879604394,-0.25443409835573333,1.5893666300361162,-1.691974536760863,1.694086385155776,1.6024042395485139,0.493701285511636,0.0,0.0,0.0,0.0,0.0,0.0,0.02329153555516658,-0.4176359082010661,0.4770346257796091
35.174345357,-0.25391049958013506,1.7662906563107814,-1.8342537773834404,1.642668985392023,1.5992102870173643,0.4926540879604394,-0.25443409835573333,1.5893666300361162,-1.691974536760863,1.694086385155776,1.6024042395485139,0.493701285511636,0.0,0.0,0.0,0.0,0.0,0.0,0.023285062698507,-0.41763449282956966,0.477040355439434
35.182321773000005,-0.25391049958013506,1.7663081096033013,-1.8342712306759605,1.642651532099503,1.5991928337248444,0.49263663466791946,-0.25443409835573333,1.5893666300361162,-1.691974536760863,1.694086385155776,1.6024042395485139,0.493701285511636,0.0,0.0,0.0,0.0,0.0,0.0,0.0232848887797849,-0.4176333371456847,0.4770336924403766
35.190337325,-0.25389304628761517,1.7662906563107814,-1.8342537773834404,1.642668985392023,1.5992102870173643,0.49263663466791946,-0.25443409835573333,1.5893666300361162,-1.691974536760863,1.694086385155776,1.6024042395485139,0.493701285511636,0.0,0.0,0.0,0.0,0.0,0.0,0.023282428413108156,-0.41761972188302054,0.4770305306991332
35.198365894000005,-0.25389304628761517,1.7663081096033013,-1.8342537773834404,1.642668985392023,1.5992102870173643,0.4926540879604394,-0.25443409835573333,1.5893666300361162,-1.691974536760863,1.694086385155776,1.6024042395485139,0.493701285511636,0.0,0.0,0.0,0.0,0.0,0.0,0.02329239558377139,-0.4176338611232105,0.47703443644337434
35.206333091000005,-0.25387559299509516,1.7662906563107814,-1.8342537773834404,1.642668985392023,1.5991928337248444,0.49263663466791946,-0.25443409835573333,1.5893666300361162,-1.691974536760863,1.694086385155776,1.6024042395485139,0.493701285511636,0.0,0.0,0.0,0.0,0.0,0.0,0.023292352956421607,-0.41763403503617047,0.47704086915460797
