<?xml version='1.0' encoding='utf-8'?>
<COLLADA xmlns="http://www.collada.org/2005/11/COLLADASchema" version="1.4.1">
  <asset>
    <contributor />
    <created>2020-09-21T18:03:15.157031</created>
    <modified>2020-09-21T18:03:15.157031</modified>
    <unit meter="1.0" name="meter" />
    <up_axis>Z_UP</up_axis>
  </asset>
  <library_effects>
    <effect id="effect_Part__Feature" name="effect_Part__Feature">
      <profile_COMMON>
        <technique sid="common">
          <phong>
            <emission>
              <color>0.0 0.0 0.0 1.0</color>
            </emission>
            <ambient>
              <color>0.0 0.0 0.0 1.0</color>
            </ambient>
            <diffuse>
              <color>0.5960784554481506 0.6666666865348816 0.686274528503418 1.0</color>
            </diffuse>
            <specular>
              <color>1 1 1 1.0</color>
            </specular>
            <shininess>
              <float>0.0</float>
            </shininess>
            <reflective>
              <color>0.0 0.0 0.0 1.0</color>
            </reflective>
            <reflectivity>
              <float>0.0</float>
            </reflectivity>
            <transparent>
              <color>0.0 0.0 0.0 1.0</color>
            </transparent>
            <transparency>
              <float>1.0</float>
            </transparency>
          </phong>
        </technique>
        <extra>
          <technique profile="GOOGLEEARTH">
            <double_sided>0</double_sided>
          </technique>
        </extra>
      </profile_COMMON>
    </effect>
  </library_effects>
  <library_geometries>
    <geometry id="geometry0" name="Part__Feature">
      <mesh>
        <source id="cubeverts-array0">
          <float_array count="2760" id="cubeverts-array0-array">-0.00784500875 0.00219163741 0.0264999997 -0.00758869294 -0.00269171549 0.0264999997 -0.00784500875 -0.00219293963 0.0179999992 -0.00483154692 -0.00655868836 0.0264999997 -0.00441825995 -0.00684395945 0.0179999992 0.000732375367 -0.00811347552 0.0264999997 0.00123089575 -0.00805294421 0.0179999992 0.00520749157 -0.00614215806 0.0264999997 0.00546929473 -0.00591022056 0.0179999992 0.00746513112 -0.00301875267 0.0264999997 0.00796565693 -0.00170534488 0.0179999992 0.00796565693 0.00170404208 0.0264999997 0.00946491864 0.0013577654 0.0264999997 0.00951498281 0.000945447013 0.0179999992 0.00798545033 0.00525880279 0.0179999992 0.00774950627 0.00560062611 0.0264999997 0.00462659961 0.00836728048 0.0179999992 0.00425882824 0.00856030174 0.0264999997 0.000207906822 0.00955876242 0.0179999992 -0.000207439763 0.00955876242 0.0264999997 -0.00336851296 0.00888200291 0.0179999992 -0.00462613069 0.00836728141 0.0264999997 -0.00618338399 0.00729238614 0.0179999992 -0.0079849828 0.00525880139 0.0264999997 -0.00841159839 0.00441421801 0.0179999992 -0.00946445018 0.00135776948 0.0179999992 -0.00922371354 0.00227284711 0.0264999997 -0.00946445018 -0.00135907333 0.0264999997 0.00746513065 0.00301745115 0.0179999992 0.00483201491 0.00655738451 0.0264999997 0.00441872794 0.00684265606 0.0179999992 0.000175116569 0.0080493819 0.0264999997 -0.000174649016 0.0080493819 0.0179999992 -0.00441825902 0.00684265606 0.0264999997 -0.00483154599 0.00655738497 0.0179999992 -0.00758869248 0.00269041373 0.0179999992 -0.00841159839 -0.00441552186 0.0264999997 0.00336898002 -0.00888330676 0.0264999997 0.00649474468 -0.00701826392 0.0264999997 0.00901208445 -0.00319628883 0.0264999997 0.000207906836 -0.00956006721 0.0264999997 -0.00336851296 -0.00888330676 0.0264999997 -0.00618338538 -0.00729368953 0.0264999997 0.00886480045 -0.00358464476 0.0179999992 -0.00649427669 -0.00701826345 0.0179999992 -0.00901161693 -0.00319628813 0.0179999992 -0.00336851296 -0.00888330676 0.0179999992 -0.000207439778 -0.00956006721 0.0179999992 0.00336898002 -0.00888330676 0.0179999992 0.00618385337 -0.00729368953 0.0179999992 0.00757589517 -0.035106428 0.00602576137 -0.000540689158 -0.0359073095 0.00602948479 2.33847203e-07 -0.0275006499 0.00350000011 0.00611955998 -0.0268111695 0.00350000011 0.0119320396 -0.0247773007 0.00350000011 0.015159565 -0.0325549692 0.00602179021 0.0171461999 -0.0215010196 0.00350000011 0.0214766171 -0.0284923781 0.00595266698 0.0273364112 -0.0231014807 0.00599453878 0.0215006005 -0.0171466209 0.00350000011 0.0319507457 -0.0161414929 0.00599667523 0.0247768797 -0.0119324597 0.00350000011 0.0348253176 -0.00830906816 0.00599827804 0.0268107504 -0.00611997722 0.00350000011 0.0364288986 -4.82262258e-05 0.00622585462 0.0275002308 -6.51884022e-07 0.00350000011 0.0349097177 0.00797485933 0.00599860074 0.0268107504 0.00611867383 0.00350000011 0.0322658829 0.015535525 0.00599935744 0.0247768797 0.0119311502 0.00350000011 0.0279997867 0.0223257821 0.00599935558 0.0215006005 0.0171453208 0.00350000011 0.0223296713 0.0279964991 0.00599935139 0.0171461999 0.0214997102 0.00350000011 0.015005745 0.0326896384 0.00603892095 0.0119320396 0.0247759894 0.00350000011 0.00796628837 0.034913145 0.00599564519 0.00611955998 0.0268098693 0.00350000011 0.000427138759 0.0359021835 0.00602318393 2.33847203e-07 0.0274993498 0.00350000011 -0.00468749367 0.0371842496 0.00750825601 0.00440208055 0.0372282155 0.00740426034 -0.00741338544 0.0351395942 0.00602684496 0.0363883078 0.00895308238 0.00770111661 0.0374984145 -7.94912523e-07 0.00840026885 0.0332351662 0.0173195507 0.00763346627 -0.0134444302 0.034982942 0.0075135855 -0.0151320258 0.0325836204 0.00603436213 0.0281879976 0.0247078072 0.00761059765 0.0232518781 0.0289484281 0.00719786994 -0.021240361 0.0308751054 0.00768452277 -0.0215681307 0.0284319706 0.00596245658 0.0213026609 0.0308612399 0.00873209164 0.0134995803 0.0349742174 0.00737741403 -0.0280765574 0.0248020291 0.00766830845 -0.0273359418 0.0231001601 0.00599453459 -0.0331963673 0.0173620917 0.00766830798 -0.0319502912 0.0161401983 0.00599667756 0.00675894599 0.0366100036 0.00722174998 -0.0363928452 0.00889102276 0.00765653094 -0.0348248482 0.00830776244 0.00599827804 -0.0364283361 4.66758393e-05 0.00622579642 -0.0374979563 -5.07894072e-07 0.00840034522 -0.0274997707 -6.51884022e-07 0.00350000011 -0.0274997707 -6.51884022e-07 0.0264999997 -0.0268102791 -0.00611997722 0.00350000011 -0.0267006699 -0.00658183312 0.0264999997 -0.0247764103 -0.0119324597 0.00350000011 -0.0243498106 -0.0127805397 0.0264999997 -0.0215001293 -0.0171466209 0.00350000011 -0.0205838103 -0.0182365198 0.0264999997 -0.0171457306 -0.0215010196 0.00350000011 -0.0156215504 -0.0226327106 0.0264999997 -0.0119315702 -0.0247773007 0.00350000011 -0.00975140091 -0.0257136002 0.0264999997 -0.006119092 -0.0268111695 0.00350000011 -0.00331452489 -0.0273001492 0.0264999997 0.00331499311 -0.0273001492 0.0264999997 0.00975186843 -0.0257136002 0.0264999997 0.0156220105 -0.0226327106 0.0264999997 0.0205842797 -0.0182365198 0.0264999997 0.0243502799 -0.0127805397 0.0264999997 0.02670113 -0.00658183312 0.0264999997 0.0275002308 -6.51884022e-07 0.0264999997 0.036393296 0.00889126305 0.0223435853 0.037498381 -4.98374629e-06 0.0216135457 0.0331965648 0.0173626412 0.0223316494 0.0280766357 0.0248025022 0.0223316383 0.0213250052 0.0308008809 0.0223316513 0.0133340582 0.0350092016 0.0223316438 0.00456819218 0.0371828675 0.022331642 -0.00446314411 0.0371955633 0.0223316438 -0.0132350884 0.0350465588 0.0223316494 -0.0212378316 0.0308607277 0.0223316532 -0.0280063078 0.0248813555 0.0223316383 -0.0331471451 0.0174559206 0.0223316364 -0.0363678262 0.00900867768 0.0222842209 -0.0374979228 3.67956295e-06 0.0216134712 -0.0364283249 6.42870364e-05 0.0237753596 -0.0267006699 0.0065805288 0.0264999997 -0.0347555876 0.00861716736 0.024001129 -0.0243498106 0.0127792303 0.0264999997 -0.0316869915 0.0166795477 0.0240008682 -0.0205838103 0.0182352196 0.0264999997 -0.0267743729 0.0237780847 0.0240008775 -0.0156215504 0.0226313993 0.0264999997 -0.0203057304 0.0294947103 0.0240008738 -0.00975140091 0.0257123001 0.0264999997 -0.0126569755 0.0334971733 0.0240008682 -0.00331452489 0.0272988398 0.0264999997 -0.00427262811 0.0355528519 0.0240008701 0.00331499311 0.0272988398 0.0264999997 0.00436004391 0.0355422944 0.0240008701 0.00975186843 0.0257123001 0.0264999997 0.0127393464 0.0334661156 0.0240008682 0.0156220105 0.0226313993 0.0264999997 0.0203782804 0.0294449609 0.0240008719 0.0205842797 0.0182352196 0.0264999997 0.026832927 0.0237125307 0.0240008719 0.0243502799 0.0127792303 0.0264999997 0.0317281485 0.0166019872 0.0240008738 0.02670113 0.0065805288 0.0264999997 0.034762077 0.00854815077 0.0240047425 0.0364288911 -6.5820037e-05 0.0237753 -0.006119092 0.0268098693 0.00350000011 -0.0119315702 0.0247759894 0.00350000011 -0.0171457306 0.0214997102 0.00350000011 -0.0215001293 0.0171453208 0.00350000011 -0.0247764103 0.0119311502 0.00350000011 -0.0268102791 0.00611867383 0.00350000011 -0.0349090211 -0.0079769399 0.00599857792 -0.032264974 -0.0155375628 0.00599932205 -0.0279987305 -0.0223277118 0.00599932764 -0.022328509 -0.0279982854 0.00599932764 -0.0150049841 -0.0326910354 0.00603891863 -0.00796581991 -0.0349144563 0.00599564565 0.00468795002 -0.0371855535 0.00750824856 -0.0044016093 -0.0372295193 0.00740425196 -0.0363878272 -0.00895441417 0.00770114502 -0.0332347006 -0.0173208565 0.00763345696 0.0134448968 -0.0349842422 0.00751359342 -0.0281875301 -0.0247091036 0.00761058275 -0.0232514236 -0.0289497264 0.00719788019 0.021240836 -0.0308764111 0.0076845265 -0.0213021897 -0.0308625493 0.00873209164 -0.0134991044 -0.0349755213 0.00737740984 0.028077025 -0.0248033311 0.00766829541 0.0331968293 -0.0173633937 0.00766829634 -0.00675839791 -0.036611326 0.00722175045 0.0363933444 -0.00889221579 0.00765644386 -0.0363928005 -0.00889267214 0.0223434977 -0.0331961028 -0.017363945 0.0223316364 -0.0280761681 -0.0248038024 0.0223316494 -0.0213245321 -0.0308021922 0.0223316513 -0.013333586 -0.0350105017 0.0223316569 -0.00456772605 -0.0371841677 0.0223316643 0.00446361164 -0.0371968672 0.0223316625 0.0132355532 -0.035047859 0.0223316494 0.0212383028 -0.0308620371 0.0223316513 0.028006779 -0.0248826556 0.0223316494 0.033147607 -0.0174572263 0.0223316513 0.0363683179 -0.00900990795 0.0222842786 0.0347561017 -0.0086181704 0.0240011252 0.0316878222 -0.0166801829 0.0240008701 0.0267753787 -0.0237788484 0.0240008663 0.0203068387 -0.0294956043 0.0240008682 0.0126581676 -0.0334982239 0.0240008701 0.00427385233 -0.0355540812 0.0240008719 -0.00435882388 -0.0355437063 0.0240008719 -0.0127381664 -0.0334677026 0.0240008701 -0.020377202 -0.0294467062 0.0240008719 -0.0268319752 -0.0237144232 0.0240008701 -0.0317273661 -0.0166039839 0.0240008645 -0.0347614065 -0.00855024997 0.02400475 0.00135865528 -0.00946533587 0.00549999997 -0.00135818729 -0.00946533587 -0.00850000046 0.00227373303 -0.00922459923 -0.00850000046 0.00525968894 -0.00798586849 -0.00850000046 0.00560151227 -0.00774992444 0.00549999997 0.00836816337 -0.00462702196 -0.00850000046 0.00781858061 -0.00539726717 0.00549999997 0.00933156908 -0.00208672788 0.00549999997 0.0094309682 -0.00114575005 -0.00850000046 0.00933157001 0.00208542426 -0.00850000046 0.0094309682 0.00114444701 0.00549999997 0.00836816337 0.00462571764 0.00549999997 0.00781858061 0.00539596286 -0.00850000046 0.0056015118 0.00774862105 -0.00850000046 0.00525968801 0.00798456464 0.00549999997 0.00135865528 0.00946403202 -0.00850000046 0.00227373303 0.00922329538 0.00549999997 -0.00135818729 0.00946403202 0.00549999997 -0.00797002576 0.00114328251 0.00549999997 -0.00758869294 -0.00269171549 0.00549999997 -0.00797002576 -0.00114458695 -0.00850000046 -0.00708341505 -0.00371843693 -0.00850000046 -0.00546882581 -0.00591022102 0.00549999997 -0.00520702265 -0.00614215853 -0.00850000046 -0.00283660507 -0.00748078199 0.00549999997 -0.00283660507 -0.00748078199 -0.00850000046 -0.000174649016 -0.00805068575 0.00549999997 0.000175116569 -0.00805068575 -0.00850000046 0.00283707306 -0.00748078199 0.00549999997 0.00283707306 -0.00748078199 -0.00850000046 0.00520749157 -0.00614215806 0.00549999997 0.00546929473 -0.00591022056 -0.00850000046 0.00746513112 -0.00301875267 0.00549999997 0.00758915953 -0.00269171619 -0.00850000046 0.00801265426 0.000796061009 0.00549999997 0.00800023414 -6.51884022e-07 -0.00850000046 -0.00227326504 0.00922329538 -0.00850000046 -0.00525921956 0.00798456464 -0.00850000046 -0.00441463618 0.00841118023 0.00549999997 -0.00729280477 0.00618296582 0.00549999997 -0.00836769864 0.00462571345 -0.00850000046 -0.00888242107 0.0033680941 0.00549999997 -0.00955918059 0.000207022022 -0.00850000046 -0.00955918059 -0.000208324665 0.00549999997 -0.0085607199 -0.00425924687 -0.00850000046 -0.00836769864 -0.00462701824 0.00549999997 -0.00560104428 -0.00774992444 -0.00850000046 -0.00525922049 -0.00798586849 0.00549999997 -0.00227326504 -0.00922459923 0.00549999997 0.00283707306 0.00747947814 0.00549999997 0.000175116569 0.0080493819 0.00549999997 -0.00283660507 0.00747947814 0.00549999997 -0.00708341505 0.00371713401 0.00549999997 -0.00520702172 0.00614085514 0.00549999997 0.00708388211 0.00371713401 0.00549999997 0.00546929426 0.00590891717 0.00549999997 -0.000174649016 0.0080493819 -0.00850000046 -0.00283660507 0.00747947814 -0.00850000046 0.00746513065 0.00301745115 -0.00850000046 0.00283707306 0.00747947814 -0.00850000046 0.00520749064 0.00614085468 -0.00850000046 -0.00758869248 0.00269041373 -0.00850000046 -0.00546882534 0.00590891764 -0.00850000046 -0.00498117879 0.000714304915 0.0264999997 -0.00474284496 -0.00168256636 0.0264999997 -0.0050075287 0.000497295463 -0.0264999997 -0.00466532726 -0.00188696431 -0.0264999997 -0.00341793033 -0.00369413104 0.0264999997 -0.00325430348 -0.00383909186 -0.0264999997 -0.00130995479 -0.00485956529 0.0264999997 -0.00109770335 -0.00491188094 -0.0264999997 0.0010981696 -0.00491188094 0.0264999997 0.0013104208 -0.00485956576 -0.0264999997 0.00284055807 -0.0041155708 0.0264999997 0.00284055807 -0.0041155708 -0.0264999997 0.00407879846 -0.00294869347 0.0264999997 0.00420297915 -0.00276878639 -0.0264999997 0.00485494314 -0.00119722995 0.0264999997 0.00485494314 -0.00119722995 -0.0264999997 0.00500799669 0.000497295463 0.0264999997 0.00498164678 0.000714304915 -0.0264999997 0.00751187745 -0.000747575599 0.0264999997 0.00747235306 -0.00107308989 -0.0264999997 0.00711485371 0.00252221758 -0.0264999997 0.00728229806 0.00179421599 0.0264999997 0.00611807918 0.00442141248 0.0264999997 0.0056140651 0.00497276802 -0.0264999997 0.00365262618 0.00660561072 -0.0264999997 0.00336228055 0.00675799605 0.0264999997 0.000164186669 0.00754625397 -0.0264999997 -0.000163718563 0.00754625397 0.0264999997 -0.00336181512 0.00675799511 -0.0264999997 -0.0026593029 0.00701197004 0.0264999997 -0.00499394862 0.00563661614 0.0264999997 -0.00561359711 0.00497276802 -0.0264999997 -0.00699810823 0.00282881781 0.0264999997 -0.00711438525 0.00252222107 -0.0264999997 -0.00749976607 -6.51884022e-07 0.0264999997 -0.00747616543 -0.000908451562 -0.0264999997 0.00420297915 0.00276748231 0.0264999997 0.00407879846 0.00294738915 -0.0264999997 0.00243516592 0.00440352084 0.0264999997 0.00284055807 0.00411426695 -0.0264999997 0.00109816692 0.00491057802 -0.0264999997 0.000109535824 0.00503062038 0.0264999997 -0.000602449523 0.0049628932 -0.0264999997 -0.00224113301 0.00450511184 0.0264999997 -0.00243469677 0.00440352177 -0.0264999997 -0.00407833047 0.00294738915 0.0264999997 -0.00420251116 0.00276748231 -0.0264999997 0.00365262781 -0.00660691364 0.0264999997 0.00630435115 -0.00415285537 0.0264999997 0.000904258981 -0.00744596915 0.0264999997 -0.00699810777 -0.00283012236 0.0264999997 -0.00164666923 -0.00736749638 0.0264999997 -0.00488157012 -0.00575831393 0.0264999997 0.00611807965 -0.00442271587 -0.0264999997 -0.00196504616 -0.0072890236 -0.0264999997 -0.00512701087 -0.00554087292 -0.0264999997 -0.00664068712 -0.0034860759 -0.0264999997 0.000904258981 -0.00744596915 -0.0264999997 0.00336228241 -0.0067592985 -0.0264999997 0.02670113 0.0065805288 -0.00350000011 0.0275002308 -6.51884022e-07 -0.0264999997 0.02670113 0.0065805288 -0.0264999997 0.0275002308 -6.51884022e-07 -0.00350000011 0.0243502799 0.0127792303 -0.00350000011 0.0243502799 0.0127792303 -0.0264999997 0.0205842797 0.0182352196 -0.00350000011 0.0205842797 0.0182352196 -0.0264999997 0.0156220105 0.0226313993 -0.00350000011 0.0156220105 0.0226313993 -0.0264999997 0.00975186843 0.0257123001 -0.00350000011 0.00975186843 0.0257123001 -0.0264999997 0.00331499311 0.0272988398 -0.00350000011 0.00331499311 0.0272988398 -0.0264999997 -0.00331452489 0.0272988398 -0.00350000011 -0.00331452489 0.0272988398 -0.0264999997 -0.00975140091 0.0257123001 -0.00350000011 -0.00975140091 0.0257123001 -0.0264999997 -0.0156215504 0.0226313993 -0.00350000011 -0.0156215504 0.0226313993 -0.0264999997 -0.0205838103 0.0182352196 -0.00350000011 -0.0205838103 0.0182352196 -0.0264999997 -0.0243498106 0.0127792303 -0.00350000011 -0.0243498106 0.0127792303 -0.0264999997 -0.0267006699 0.0065805288 -0.00350000011 -0.0267006699 0.0065805288 -0.0264999997 -0.0274997707 -6.51884022e-07 -0.00350000011 -0.0274997707 -6.51884022e-07 -0.0264999997 -0.017786948 0.00674511632 -0.0264886934 -0.0175880771 0.000134886723 -0.0255851578 -0.0180482455 -0.00611487357 -0.0264846366 0.012638771 0.0142110316 -0.0264884997 0.0131595293 0.0115748672 -0.0251438674 0.0100069353 0.0143877389 -0.0251438729 -0.0125844292 0.0142587535 -0.0264884997 -0.00451627467 0.0184738077 -0.0264884997 -0.00615672022 0.0164082386 -0.0251438692 -0.00990471896 0.0144579699 -0.0251438655 0.00458661653 0.0184565857 -0.0264884997 0.00627279514 0.0163643938 -0.0251438655 0.0180555601 0.00611338951 -0.0264881123 0.0175885428 -0.000136196875 -0.0255851597 0.0170316249 0.004133543 -0.0251438711 -0.0130770635 0.0116674183 -0.0251438487 0.00217411271 0.0173899736 -0.0251438525 0.0155473417 0.00808928534 -0.0251438618 -0.0154894236 0.00819876138 -0.0251438692 -0.00205090619 0.0174048766 -0.0251438562 -0.0170040466 0.00422985898 -0.0251103174 -0.00627237 0.016364377 -0.00485613849 -0.00217369408 0.017389968 -0.00485615246 -0.00106356724 0.0189575534 -0.00350948679 0.00990514178 0.0144580016 -0.00485613104 0.013077504 0.0116674528 -0.00485613989 0.0125852982 0.0142584182 -0.00351150008 -0.0100065107 0.0143877082 -0.00485613616 -0.00870905351 0.0168769751 -0.00351506239 0.00615714304 0.0164082553 -0.0048561343 0.00467317086 0.0184077583 -0.00351506262 0.0170020256 0.0042536296 -0.00485613523 0.0175228287 3.7547321e-05 -0.00488969125 0.0188833978 0.0021283587 -0.00351070636 -0.0131590888 0.0115748309 -0.00485615572 -0.0157037955 0.0108975982 -0.00351528544 0.00205132505 0.0174048841 -0.00485614827 0.0154898586 0.00819880888 -0.00485614687 0.0173492432 0.00771669112 -0.00350948679 -0.0171094313 0.00407688506 -0.00441484479 -0.018912578 -0.00134037063 -0.0035138966 -0.0155469012 0.00808924623 -0.00485613523 -0.0175223611 -3.88435074e-05 -0.00488967076 -0.0175269376 -0.00174346473 -0.0205000006 -0.0170311555 -0.00413484406 -0.0251438543 -0.01549525 -0.0081333071 -0.0205000006 -0.0155468788 -0.00809059199 -0.0251438692 -0.0119633283 -0.0129278386 -0.0205000006 -0.0131590562 -0.0115761766 -0.0251438506 -0.0100064678 -0.0143890381 -0.0251438543 -0.00620535202 -0.0163634401 -0.0205000006 -0.00627232203 -0.0163657013 -0.0251438636 -0.00038232212 -0.0176101048 -0.0205000006 -0.00217364449 -0.0173912868 -0.0251438692 0.00205137348 -0.017406188 -0.0251438636 0.00784500875 -0.0157708339 -0.0205000006 0.00615719194 -0.0164095424 -0.025143858 0.00990518369 -0.0144592738 -0.0251438636 0.0142751941 -0.0103188129 -0.0205000006 0.0130775366 -0.0116687259 -0.0251438692 0.0154898819 -0.0082000671 -0.0251438562 0.0174351707 -0.00250305352 -0.0205000006 0.017004516 -0.0042311633 -0.0251103342 -0.0170015637 -0.00425491482 -0.00485614594 -0.0175269376 0.00174216053 -0.00949999969 -0.0163292289 -0.00660275668 -0.00949999969 -0.0157234687 -0.00785501208 -0.00449836114 -0.0130770346 -0.0116687594 -0.00485615013 -0.0113906348 -0.0134352008 -0.00949999969 -0.00990467798 -0.0144592989 -0.00485614827 -0.00615667598 -0.016409561 -0.0048561478 -0.00620535202 -0.0163634401 -0.00949999969 -0.00205085753 -0.0174061954 -0.00485614035 0.000382790109 -0.0176101048 -0.00949999969 0.00217415974 -0.0173912793 -0.00485613523 0.00627283892 -0.0163656827 -0.00485614175 0.00852248259 -0.015415268 -0.00949999969 0.0100069772 -0.0143890101 -0.00485614501 0.0131595572 -0.0115761431 -0.00485613523 0.0147098284 -0.00968913827 -0.00949999969 0.015547364 -0.00809054449 -0.00485614408 0.017109897 -0.00407820009 -0.00441483455 0.0169917196 -0.0041886759 -0.00949999969 0.0174351707 0.0025017492 -0.00949999969 -0.00751140947 -0.000747574202 -0.0205000006 -0.00747188507 -0.0010730885 -0.00949999969 -0.00664068712 -0.0034860759 -0.0205000006 -0.00664068712 -0.0034860759 -0.00949999969 -0.00512701087 -0.00554087292 -0.0205000006 -0.00488157012 -0.00575831393 -0.00949999969 -0.00196504616 -0.0072890236 -0.0205000006 -0.00164666923 -0.00736749638 -0.00949999969 0.00248684827 -0.00722115394 -0.0205000006 0.00292704953 -0.00705420785 -0.00949999969 0.00611807965 -0.00442271587 -0.0205000006 0.00630435115 -0.00415285537 -0.00949999969 0.00747235306 -0.00107308989 -0.0205000006 0.00751187745 -0.000747575599 -0.00949999969 -0.0267006699 -0.00658183312 -0.00350000011 -0.0267006699 -0.00658183312 -0.0264999997 -0.0243498106 -0.0127805397 -0.00350000011 -0.0243498106 -0.0127805397 -0.0264999997 -0.0205838103 -0.0182365198 -0.00350000011 -0.0205838103 -0.0182365198 -0.0264999997 -0.0156215504 -0.0226327106 -0.00350000011 -0.0156215504 -0.0226327106 -0.0264999997 -0.00975140091 -0.0257136002 -0.00350000011 -0.00975140091 -0.0257136002 -0.0264999997 -0.00331452489 -0.0273001492 -0.00350000011 -0.00331452489 -0.0273001492 -0.0264999997 0.00331499311 -0.0273001492 -0.00350000011 0.00331499311 -0.0273001492 -0.0264999997 0.00975186843 -0.0257136002 -0.00350000011 0.00975186843 -0.0257136002 -0.0264999997 0.0156220105 -0.0226327106 -0.00350000011 0.0156220105 -0.0226327106 -0.0264999997 0.0205842797 -0.0182365198 -0.00350000011 0.0205842797 -0.0182365198 -0.0264999997 0.0243502799 -0.0127805397 -0.00350000011 0.0243502799 -0.0127805397 -0.0264999997 0.02670113 -0.00658183312 -0.00350000011 0.02670113 -0.00658183312 -0.0264999997 0.0126925316 -0.0141290482 -0.0264849532 0.00786690693 -0.017282309 -0.0264905188 0.0177874081 -0.00674644811 -0.0264886934 -3.5745139e-05 -0.0190191492 -0.0264884997 -0.00870930776 -0.0168781392 -0.0264849532 -0.0133688394 -0.0134842796 -0.0264905188 0.0160652641 -0.0102567011 -0.0035134349 -0.0149977654 -0.0116456235 -0.00350948679 -0.00880669896 -0.0168571826 -0.00351150078 3.56924975e-05 -0.0190191604 -0.00351150031 0.00886998698 -0.0168242138 -0.00351150078 0.0169917196 0.00418737205 -0.0205000006 0.0147098405 0.00968781207 -0.0205000006 0.00994136743 0.01440157 -0.0205000006 0.00458588917 0.0170055442 -0.0205000006 -0.00384254195 0.0171886459 -0.0205000006 -0.0113906022 0.0134339239 -0.0205000006 -0.016329227 0.00660145981 -0.0205000006 0.0142752081 0.0103174848 -0.00949999969 0.00994136743 0.01440157 -0.00949999969 0.0038430097 0.0171886459 -0.00949999969 -0.00458542164 0.0170055442 -0.00949999969 -0.00994089898 0.01440157 -0.00949999969 -0.0147093991 0.00968777854 -0.00949999969 0.00365262618 0.00660561072 -0.0205000006 -0.00068614987 0.00760512007 -0.0205000006 -0.00699810823 0.00282881781 -0.0205000006 -0.00488157012 0.00575701008 -0.0205000006 0.00711485371 0.00252221758 -0.0205000006 0.0056140651 0.00497276802 -0.0205000006 -0.00512701087 0.00553956907 -0.00949999969 -0.00115351309 0.0075483718 -0.00949999969 0.00336228055 0.00675799605 -0.00949999969 0.00611807918 0.00442141248 -0.00949999969 0.00728229806 0.00179421599 -0.00949999969 -0.00711438525 0.00252222107 -0.00949999969 0.02670113 0.0065805288 0.0264999997 0.0275002308 -6.51884022e-07 0.00350000011 0.02670113 0.0065805288 0.00350000011 0.0275002308 -6.51884022e-07 0.0264999997 0.0243502799 0.0127792303 0.0264999997 0.0243502799 0.0127792303 0.00350000011 0.0205842797 0.0182352196 0.0264999997 0.0205842797 0.0182352196 0.00350000011 0.0156220105 0.0226313993 0.0264999997 0.0156220105 0.0226313993 0.00350000011 0.00975186843 0.0257123001 0.0264999997 0.00975186843 0.0257123001 0.00350000011 0.00331499311 0.0272988398 0.0264999997 0.00331499311 0.0272988398 0.00350000011 -0.00331452489 0.0272988398 0.0264999997 -0.00331452489 0.0272988398 0.00350000011 -0.00975140091 0.0257123001 0.0264999997 -0.00975140091 0.0257123001 0.00350000011 -0.0156215504 0.0226313993 0.0264999997 -0.0156215504 0.0226313993 0.00350000011 -0.0205838103 0.0182352196 0.0264999997 -0.0205838103 0.0182352196 0.00350000011 -0.0243498106 0.0127792303 0.0264999997 -0.0243498106 0.0127792303 0.00350000011 -0.0267006699 0.0065805288 0.0264999997 -0.0267006699 0.0065805288 0.00350000011 -0.0274997707 -6.51884022e-07 0.0264999997 -0.0274997707 -6.51884022e-07 0.00350000011 -0.00627237139 0.016364377 0.0251438674 -0.00217369525 0.017389968 0.0251438525 -0.00106361671 0.0189575423 0.0264905132 0.00990514178 0.0144580035 0.0251438748 0.013077504 0.0116674546 0.0251438655 0.0125852935 0.0142584201 0.0264884997 -0.0100065125 0.0143877082 0.0251438692 -0.00870906282 0.0168769695 0.0264849383 0.00615714211 0.0164082553 0.0251438711 0.00467315968 0.0184077602 0.0264849383 0.0170020256 0.00425363053 0.0251438711 0.0175228305 3.75483141e-05 0.0251103137 0.0188833978 0.00212836522 0.0264892932 -0.0131590897 0.0115748309 0.0251438506 0.00205132412 0.0174048841 0.025143858 -0.0157037936 0.0108975908 0.0264847148 0.0154898586 0.00819880981 0.0251438599 0.0173492152 0.00771673303 0.0264905132 -0.0171094313 0.00407688599 0.0255851522 -0.0189125761 -0.00134033978 0.0264861044 -0.0155469021 0.0080892453 0.0251438711 -0.017522363 -3.88444969e-05 0.0251103342 -0.0177869499 0.00674511679 0.00351130636 -0.017588079 0.000134888061 0.0044148392 -0.0180482566 -0.00611485401 0.00351536437 0.0126387691 0.0142110363 0.00351150031 0.0131595274 0.0115748672 0.00485613849 0.0100069344 0.0143877389 0.00485613244 -0.0125844339 0.0142587516 0.00351150054 -0.00451627932 0.0184738077 0.00351150054 -0.00615672069 0.0164082367 0.00485613756 -0.00990471989 0.0144579681 0.00485614035 0.00458661281 0.0184565894 0.00351150031 0.00627279421 0.0163643938 0.00485613989 0.0180555712 0.00611336995 0.00351188821 0.0175885428 -0.000136198214 0.00441483781 0.0170316231 0.00413354393 0.0048561357 -0.0130770644 0.0116674174 0.00485615619 0.00217411178 0.0173899736 0.00485615386 0.0155473398 0.00808928628 0.00485614501 -0.0154894236 0.00819876045 0.00485613663 -0.00205090712 0.0174048766 0.00485614967 -0.0170040447 0.00422985805 0.00488968892 -0.0170015637 -0.00425491575 0.0251438599 -0.0175269376 0.00174216053 0.0205000006 -0.0163292289 -0.00660275668 0.0205000006 -0.0157234725 -0.00785500277 0.0255016331 -0.0130770346 -0.0116687603 0.0251438562 -0.0113906348 -0.0134352008 0.0205000006 -0.00990467705 -0.0144592999 0.025143858 -0.00615667552 -0.016409561 0.025143858 -0.00620535202 -0.0163634401 0.0205000006 -0.00205085659 -0.0174061954 0.0251438655 0.000382790109 -0.0176101048 0.0205000006 0.00217416068 -0.0173912812 0.0251438711 0.00627284031 -0.0163656846 0.0251438636 0.00852248259 -0.015415268 0.0205000006 0.0100069782 -0.0143890101 0.0251438618 0.0131595591 -0.0115761422 0.0251438711 0.0147098284 -0.00968913827 0.0205000006 0.015547365 -0.00809054449 0.0251438618 0.0171098951 -0.00407820102 0.0255851634 0.0169917196 -0.0041886759 0.0205000006 0.0174351707 0.0025017492 0.0205000006 -0.0175269376 -0.00174346473 0.00949999969 -0.0170311537 -0.00413484499 0.00485615106 -0.01549525 -0.0081333071 0.00949999969 -0.0155468779 -0.00809059292 0.00485613663 -0.0119633283 -0.0129278386 0.00949999969 -0.0131590553 -0.0115761766 0.00485615525 -0.0100064659 -0.0143890381 0.00485615153 -0.00620535202 -0.0163634401 0.00949999969 -0.0062723211 -0.0163657013 0.00485614268 -0.00038232212 -0.0176101048 0.00949999969 -0.00217364333 -0.0173912849 0.00485613663 0.00205137441 -0.017406188 0.00485614175 0.00784500875 -0.0157708339 0.00949999969 0.00615719287 -0.0164095405 0.00485614734 0.00990518462 -0.0144592728 0.00485614128 0.0142751941 -0.0103188129 0.00949999969 0.0130775366 -0.011668724 0.00485613616 0.0154898819 -0.00820006523 0.0048561492 0.0174351707 -0.00250305352 0.00949999969 0.017004516 -0.00423116237 0.00488967076 0.00107267173 0.0074714669 0.00949999969 0.000747157494 0.0075109913 0.0205000006 -0.00252263527 0.00711396756 0.00949999969 -0.00179463404 0.0072814119 0.0205000006 -0.00442183018 0.00611719349 0.0205000006 -0.00553998491 0.00512659503 0.00949999969 -0.00722026778 0.00248596445 0.0205000006 -0.00728813699 0.00196463033 0.00949999969 -0.00736661023 -0.00164755632 0.00949999969 -0.00728813745 -0.00196593301 0.0205000006 -0.00575742684 -0.00488245673 0.00949999969 -0.00553998537 -0.00512789702 0.0205000006 -0.00282923738 -0.00699899206 0.00949999969 -0.00252264086 -0.00711526908 0.0205000006 0.000747149868 -0.00751229608 0.00949999969 2.33847203e-07 -0.00750065222 0.0205000006 -0.0267006699 -0.00658183312 0.0264999997 -0.0267006699 -0.00658183312 0.00350000011 -0.0243498106 -0.0127805397 0.0264999997 -0.0243498106 -0.0127805397 0.00350000011 -0.0205838103 -0.0182365198 0.0264999997 -0.0205838103 -0.0182365198 0.00350000011 -0.0156215504 -0.0226327106 0.0264999997 -0.0156215504 -0.0226327106 0.00350000011 -0.00975140091 -0.0257136002 0.0264999997 -0.00975140091 -0.0257136002 0.00350000011 -0.00331452489 -0.0273001492 0.0264999997 -0.00331452489 -0.0273001492 0.00350000011 0.00331499311 -0.0273001492 0.0264999997 0.00331499311 -0.0273001492 0.00350000011 0.00975186843 -0.0257136002 0.0264999997 0.00975186843 -0.0257136002 0.00350000011 0.0156220105 -0.0226327106 0.0264999997 0.0156220105 -0.0226327106 0.00350000011 0.0205842797 -0.0182365198 0.0264999997 0.0205842797 -0.0182365198 0.00350000011 0.0243502799 -0.0127805397 0.0264999997 0.0243502799 -0.0127805397 0.00350000011 0.02670113 -0.00658183312 0.0264999997 0.02670113 -0.00658183312 0.00350000011 0.0160652492 -0.010256717 0.0264865663 -0.0149977282 -0.0116456579 0.0264905132 -0.0088066943 -0.0168571826 0.0264884997 3.56968558e-05 -0.0190191586 0.0264884997 0.00886998978 -0.0168242101 0.0264884997 0.01269254 -0.0141290408 0.00351504702 0.00786695536 -0.017282296 0.00350948214 0.0177874081 -0.00674644904 0.0035113066 -3.57408571e-05 -0.0190191511 0.00351150031 -0.00870929845 -0.0168781448 0.00351504795 -0.0133688105 -0.0134843206 0.00350948214 0.0142752081 0.0103174848 0.0205000006 0.00994136743 0.01440157 0.0205000006 0.0038430097 0.0171886459 0.0205000006 -0.00458542164 0.0170055442 0.0205000006 -0.00994089898 0.01440157 0.0205000006 -0.0147093991 0.00968777854 0.0205000006 0.0169917196 0.00418737205 0.00949999969 0.0147098405 0.00968781207 0.00949999969 0.00994136743 0.01440157 0.00949999969 0.00458588917 0.0170055442 0.00949999969 -0.00384254195 0.0171886459 0.00949999969 -0.0113906022 0.0134339239 0.00949999969 -0.016329227 0.00660145981 0.00949999969 0.00760600623 -0.000687036314 0.0205000006 0.00575789483 -0.00488245673 0.0205000006 0.00701285619 0.00265888497 0.0205000006 0.00488568656 0.00586886751 0.0205000006 0.0028297063 -0.00699899159 0.0205000006 0.0044222977 0.00611719396 0.00949999969 0.00554045336 -0.00512789702 0.00949999969 0.00348565797 -0.00664157188 0.00949999969 0.00754925795 -0.00115439924 0.00949999969 0.0067588822 0.00336139509 0.00949999969 0.00767159602 0.035036955 -0.00601466373 -0.00399271958 0.0356518999 -0.00596730085 2.33847203e-07 0.0274993498 -0.00350000011 0.00611955998 0.0268098693 -0.00350000011 0.0152268168 0.0324757397 -0.00601676712 0.0119320396 0.0247759894 -0.00350000011 0.0222703628 0.0279169958 -0.00596775347 0.0171461999 0.0214997102 -0.00350000011 0.0279242713 0.0222614799 -0.00596775906 0.0215006005 0.0171453208 -0.00350000011 0.0321779549 0.015489636 -0.00596776092 0.0247768797 0.0119311502 -0.00350000011 0.0347857103 0.00796078704 -0.00595950335 0.0268107504 0.00611867383 -0.00350000011 0.0364321955 8.57431878e-05 -0.00622753892 0.0275002308 -6.51884022e-07 -0.00350000011 0.0349560417 -0.00843823887 -0.00604491169 0.0268107504 -0.00611997722 -0.00350000011 0.0320258141 -0.0163490623 -0.00603794446 0.0247768797 -0.0119324597 -0.00350000011 0.0275252406 -0.0228870641 -0.00598323019 0.0215006005 -0.0171466209 -0.00350000011 0.0217778143 -0.028264178 -0.00594853424 0.0171461999 -0.0215010196 -0.00350000011 0.0152679235 -0.0325329155 -0.00603058096 0.0119320396 -0.0247773007 -0.00350000011 0.00444223639 -0.035552267 -0.0059361835 0.00611955998 -0.0268111695 -0.00350000011 2.33847203e-07 -0.0275006499 -0.00350000011 0.036410097 0.00879762042 -0.00753275631 0.037498042 -1.02115337e-05 -0.00839909725 -0.0217773337 0.028262889 -0.0059485347 -0.0153243709 0.0325188264 -0.00603688043 -0.0134800114 0.0349606872 -0.00740757212 -0.0212257542 0.0308848247 -0.00758500397 -0.0275247693 0.0228857454 -0.005983226 0.0134734735 0.0349788368 -0.0073540369 0.00470591988 0.0371760875 -0.00742072193 -0.0281096976 0.0247531272 -0.00758180302 -0.00676261541 0.0365667418 -0.007114443 -0.00445210468 0.0372264571 -0.00730678113 -0.0363870338 0.00895193592 -0.00764730899 -0.0374970883 5.4706743e-06 -0.00839669816 -0.0364320427 -8.73425015e-05 -0.00622752775 -0.0320253409 0.0163477603 -0.00603794074 -0.0331839174 0.0173903499 -0.00785811804 0.033273451 0.0172132682 -0.00757203484 0.0231575817 0.0289560445 -0.00707680592 0.0282432865 0.0246138852 -0.00755910296 0.0213026609 0.0308612399 -0.00873209164 -0.0347739309 0.00821224041 -0.00597013067 -0.0274997707 -6.51884022e-07 -0.00350000011 -0.0268102791 -0.00611997722 -0.00350000011 -0.0274997707 -6.51884022e-07 -0.0264999997 -0.0267006699 -0.00658183312 -0.0264999997 -0.0247764103 -0.0119324597 -0.00350000011 -0.0243498106 -0.0127805397 -0.0264999997 -0.0215001293 -0.0171466209 -0.00350000011 -0.0205838103 -0.0182365198 -0.0264999997 -0.0171457306 -0.0215010196 -0.00350000011 -0.0156215504 -0.0226327106 -0.0264999997 -0.0119315702 -0.0247773007 -0.00350000011 -0.00975140091 -0.0257136002 -0.0264999997 -0.006119092 -0.0268111695 -0.00350000011 -0.00331452489 -0.0273001492 -0.0264999997 0.00331499311 -0.0273001492 -0.0264999997 0.00975186843 -0.0257136002 -0.0264999997 0.0156220105 -0.0226327106 -0.0264999997 0.0205842797 -0.0182365198 -0.0264999997 0.0243502799 -0.0127805397 -0.0264999997 0.02670113 -0.00658183312 -0.0264999997 0.0275002308 -6.51884022e-07 -0.0264999997 0.037498381 3.67996358e-06 -0.0216135457 0.0363682769 0.00900885183 -0.0222843718 0.0331473053 0.0174564533 -0.0223317016 0.0280063562 0.0248817988 -0.0223316923 0.0212377943 0.0308610536 -0.0223317035 0.0133098252 0.0350045078 -0.0223490335 0.00453689322 0.0371968113 -0.0223152116 -0.00448241783 0.0371801481 -0.0223490354 -0.0132692838 0.0350443609 -0.0223152209 -0.0212477297 0.0308381226 -0.0223490447 -0.0279698875 0.0249198098 -0.0223308634 -0.0331712849 0.0174316019 -0.022315206 -0.0363632999 0.0089624105 -0.0223592259 -0.0374985076 -6.51889366e-07 -0.021610925 0.0364288948 6.42910454e-05 -0.0237752739 0.02670113 0.0065805288 -0.0264999997 0.0347562395 0.00861646794 -0.024001129 0.0243502799 0.0127792303 -0.0264999997 0.0316878222 0.0166788828 -0.0240008701 0.0205842797 0.0182352196 -0.0264999997 0.0267753694 0.0237775408 -0.0240008701 0.0156220105 0.0226313993 -0.0264999997 0.0203068405 0.0294943042 -0.0240008682 0.00975186843 0.0257123001 -0.0264999997 0.0126581723 0.0334969275 -0.0240008645 0.00331499311 0.0272988398 -0.0264999997 0.00427385513 0.0355527885 -0.0240008663 -0.00331452489 0.0272988398 -0.0264999997 -0.00435882248 0.0355424136 -0.0240008663 -0.00975140091 0.0257123001 -0.0264999997 -0.012738171 0.0334664099 -0.0240008663 -0.0156215504 0.0226313993 -0.0264999997 -0.0203772001 0.0294454098 -0.0240008701 -0.0205838103 0.0182352196 -0.0264999997 -0.0268319715 0.02371311 -0.0240008738 -0.0243498106 0.0127792303 -0.0264999997 -0.0317273661 0.0166026838 -0.0240008645 -0.0267006699 0.0065805288 -0.0264999997 -0.0347614065 0.00854894612 -0.0240047518 -0.0364283249 -6.5591048e-05 -0.0237753596 -0.00767114386 -0.0350382589 -0.00601466233 -0.0152259618 -0.0324771628 -0.00601676293 -0.0222692564 -0.0279189218 -0.0059677898 -0.0279233046 -0.0222635195 -0.00596778933 -0.032177154 -0.0154917603 -0.00596778281 -0.0348175019 -0.00794323068 -0.00596778654 -0.0268102791 0.00611867383 -0.00350000011 -0.0247764103 0.0119311502 -0.00350000011 -0.0215001293 0.0171453208 -0.00350000011 -0.0171457306 0.0214997102 -0.00350000011 -0.0119315702 0.0247759894 -0.00350000011 -0.006119092 0.0268098693 -0.00350000011 -0.0364068449 -0.00882464647 -0.00757667329 0.0134892166 -0.0349599309 -0.00740962522 0.0211684145 -0.030901365 -0.00755375531 0.0280569661 -0.0248345919 -0.00759957591 -0.0134729994 -0.0349801406 -0.00735403411 -0.00461695297 -0.0371999517 -0.00742952619 0.00676302146 -0.0365680568 -0.00711444207 0.00445093447 -0.0372281633 -0.00730727054 0.036389906 -0.00892134849 -0.00785550941 0.0332154594 -0.017349666 -0.00787425227 -0.0332729854 -0.0172145721 -0.00757202459 -0.0231571198 -0.0289573539 -0.00707682082 -0.0282428227 -0.0246151816 -0.00755909225 -0.0213021897 -0.0308625493 -0.00873209164 -0.0363677815 -0.00901022553 -0.022284314 -0.0331468433 -0.0174577571 -0.0223316886 -0.0280058905 -0.024883097 -0.0223316979 -0.0212373156 -0.0308623668 -0.0223317035 -0.0133093577 -0.0350058079 -0.0223490484 -0.00462006079 -0.0371760391 -0.0223308876 0.00441085175 -0.0372014977 -0.0223308895 0.0131854312 -0.0350649841 -0.0223308746 0.0212709792 -0.030851718 -0.022315219 0.0280109812 -0.024858335 -0.022349041 0.0331214443 -0.0175032802 -0.0223308746 0.0363852307 -0.00896932185 -0.0223273076 -0.0347555876 -0.00861847214 -0.024001129 -0.0316869952 -0.0166808479 -0.0240008682 -0.0267743804 -0.0237793941 -0.0240008738 -0.0203057285 -0.0294960104 -0.0240008738 -0.0126569737 -0.033498466 -0.0240008738 -0.00427262532 -0.0355541445 -0.0240008757 0.00436004531 -0.0355435871 -0.0240008757 0.0127393398 -0.0334674083 -0.0240008738 0.0203782823 -0.0294462573 -0.0240008719 0.0268329326 -0.023713842 -0.0240008682 0.0317281485 -0.0166032873 -0.0240008738 0.034762077 -0.00854945555 -0.0240047425 -0.00784500875 0.00219163741 -0.0179999992 -0.00758869294 -0.00269171549 -0.0179999992 -0.00784500875 -0.00219293963 -0.0264999997 -0.00483154692 -0.00655868836 -0.0179999992 -0.00441825995 -0.00684395945 -0.0264999997 0.000732375367 -0.00811347552 -0.0179999992 0.00123089575 -0.00805294421 -0.0264999997 0.00520749157 -0.00614215806 -0.0179999992 0.00546929473 -0.00591022056 -0.0264999997 0.00746513112 -0.00301875267 -0.0179999992 0.00796565693 -0.00170534488 -0.0264999997 0.00796565693 0.00170404208 -0.0179999992 0.00946491864 0.0013577654 -0.0179999992 0.00951498281 0.000945447013 -0.0264999997 0.00798545033 0.00525880279 -0.0264999997 0.00774950627 0.00560062611 -0.0179999992 0.00462659961 0.00836728048 -0.0264999997 0.00425882824 0.00856030174 -0.0179999992 0.000207906822 0.00955876242 -0.0264999997 -0.000207439763 0.00955876242 -0.0179999992 -0.00336851296 0.00888200291 -0.0264999997 -0.00462613069 0.00836728141 -0.0179999992 -0.00618338399 0.00729238614 -0.0264999997 -0.0079849828 0.00525880139 -0.0179999992 -0.00841159839 0.00441421801 -0.0264999997 -0.00946445018 0.00135776948 -0.0264999997 -0.00922371354 0.00227284711 -0.0179999992 -0.00946445018 -0.00135907333 -0.0179999992 0.00746513065 0.00301745115 -0.0264999997 0.00483201491 0.00655738451 -0.0179999992 0.00441872794 0.00684265606 -0.0264999997 0.000175116569 0.0080493819 -0.0179999992 -0.000174649016 0.0080493819 -0.0264999997 -0.00441825902 0.00684265606 -0.0179999992 -0.00483154599 0.00655738497 -0.0264999997 -0.00758869248 0.00269041373 -0.0264999997 -0.00841159839 -0.00441552186 -0.0179999992 0.00336898002 -0.00888330676 -0.0179999992 0.00649474468 -0.00701826392 -0.0179999992 0.00901208445 -0.00319628883 -0.0179999992 0.000207906836 -0.00956006721 -0.0179999992 -0.00336851296 -0.00888330676 -0.0179999992 -0.00618338538 -0.00729368953 -0.0179999992 0.00886480045 -0.00358464476 -0.0264999997 -0.00649427669 -0.00701826345 -0.0264999997 -0.00901161693 -0.00319628813 -0.0264999997 -0.00336851296 -0.00888330676 -0.0264999997 -0.000207439778 -0.00956006721 -0.0264999997 0.00336898002 -0.00888330676 -0.0264999997 0.00618385337 -0.00729368953 -0.0264999997</float_array>
          <technique_common>
            <accessor count="920" source="#cubeverts-array0-array" stride="3">
              <param name="X" type="float" />
              <param name="Y" type="float" />
              <param name="Z" type="float" />
            </accessor>
          </technique_common>
        </source>
        <source id="cubenormals-array0">
          <float_array count="5520" id="cubenormals-array0-array">0.998260558 0.052396372 -0.027027756 0.80493325 0.593053579 0.0192337967 0.814192057 0.580517769 0.00951269735 0.209234059 0.977676392 0.019233821 0.269080758 0.962925613 -0.0192337949 -0.451147139 0.892388344 0.0104548931 -0.403067768 0.915009975 -0.0171236154 -0.859537244 0.51029247 0.0282354765 -0.810419023 0.585781872 -0.00897711702 -0.993543625 0.105296604 -0.04223492 0.942443907 0.334194243 -0.010660205 0.927041233 0.374807984 0.0106602069 0.679184794 0.733889937 -0.0106601249 0.646672308 0.762693405 0.0106601808 0.260332286 0.9654603 -0.0106601883 0.2181582 0.975855231 0.0106601482 -0.185921013 0.982522726 -0.00908490084 -0.491631061 0.870573401 -0.0200213045 -0.260295272 0.96532315 0.0199436042 -0.790553033 0.612028778 -0.0211349484 -0.678884089 0.733564734 0.0316104889 -0.94536972 0.325650543 0.0150906323 -0.923565507 0.383143514 -0.0150905838 -0.997587562 0.0661236644 0.021135008 -0.993543625 -0.105296664 0.0422349498 -0.782124996 -0.6228863 0.0171235632 -0.839608073 -0.542107046 -0.0343249813 -0.254074216 -0.967128217 0.0104548801 -0.305063009 -0.95217824 -0.017123621 0.305063009 -0.95217818 0.0171235688 0.254074275 -0.967128217 -0.0104548745 0.814191878 -0.580517948 -0.00951271877 0.804933071 -0.593053818 -0.0192337912 0.998260558 -0.0523964576 0.0270278007 0 0 1 0 0 1 0 0 1 0 0 1 -0 0 1 0 0 1 0 0 1 0 0 1 -0 0 1 0 0 1 0 0 1 0 0 1 0 0 1 -0 0 1 -0 0 1 0 0 1 -0 0 1 0 0 1 0 0 1 0 0 1 -0 0 1 0 0 1 0 0 1 0 0 1 -0 0 1 -0 0 -1 0 0 -1 0 0 -1 -0 0 -1 0 -0 -1 0 -0 -1 0 -0 -1 0 0 -1 0 0 -1 -0 0 -1 -0 0 -1 -0 0 -1 0 -0 -1 -0 0 -1 0 0 -1 0 0 -1 0 -0 -1 -0 0 -1 0 -0 -1 0 0 -1 -0 0 -1 0 0 -1 0 0 -1 -0 0 -1 0 0 -1 -0.994595349 -0.0988977104 -0.0316105299 -0.834961593 -0.549946666 -0.0199436508 -0.945287883 -0.32562238 0.0200212281 -0.790697157 -0.612140059 0.00908488594 -0.512369096 -0.858717263 -0.00908494182 -0.209347963 -0.977841198 -0 -0.491729558 -0.870747983 -0 -0.185921252 -0.982522607 0.00908491295 0.185921252 -0.982522607 -0.00908491295 0.491729468 -0.870748043 0 0.209347963 -0.977841198 0 0.512368917 -0.858717382 0.00908490643 0.810405731 -0.585772097 -0.0106601706 0.835080385 -0.550024748 0.0106601631 0.989800513 -0.142061323 -0.0106601669 0.995036125 -0.0989418104 0.0106601398 0.0281441156 -0.289676219 -0.956710875 0.0322184525 -0.285947621 -0.957703471 0.0960391089 -0.274464756 -0.956789196 0.154620513 -0.246076658 -0.956837893 0.0912392437 -0.272679985 -0.957768738 0.147114009 -0.245057017 -0.958281994 0.202690527 -0.202690646 -0.958036005 0.201017216 -0.2110717 -0.956577659 0.243535861 -0.153023928 -0.957744241 0.243988827 -0.161466256 -0.956241667 0.272416115 -0.095322296 -0.957446158 0.273993462 -0.10036239 -0.956480503 0.291670471 -0.0328632779 -0.955954194 0.289997548 -0.0299417581 -0.956558943 0.287848562 0.0324326381 -0.957126558 0.292009652 0.0282136966 -0.955999196 0.273389667 0.0956630483 -0.957134604 0.273356885 0.0956839845 -0.957141936 0.245248109 0.154099554 -0.957134604 0.24526681 0.154092833 -0.957130909 0.204808146 0.204808682 -0.957134783 0.204828665 0.204806224 -0.957130909 0.155012622 0.246700794 -0.956613779 0.152696893 0.24636209 -0.95707339 0.0955407545 0.273039043 -0.9572469 0.0917181149 0.271727473 -0.957993746 0.0322176851 0.285940856 -0.957705498 0.0341599286 0.287046313 -0.957307398 -0.0112942522 0.737330914 -0.675437152 -0.062495932 0.638867795 -0.76677382 0.715932488 0.116062187 -0.688454926 0.894046545 0.0763770267 -0.44141528 0.694540799 0.242936775 -0.677196145 0.659103572 0.242646113 -0.711832404 -0.18259728 0.724774778 -0.664349139 -0.203966156 0.613702595 -0.76273644 0.555400193 0.377118647 -0.741155922 0.63397181 0.398303568 -0.662898242 0.474327505 0.474276632 -0.741670489 0.466444492 0.470013887 -0.74934411 -0.362387598 0.660377264 -0.657705903 -0.359040856 0.569411933 -0.739499629 0.653075755 0.749940157 -0.105270289 0.348028332 0.585083783 -0.73249799 0.411251187 0.647194207 -0.641881704 -0.471375018 0.505573392 -0.722634971 -0.483969688 0.546608031 -0.683368802 0.482406646 0.791895807 -0.374412686 -0.582087815 0.38569504 -0.715830386 -0.599960685 0.412864357 -0.685266495 0.157993779 0.574633539 -0.803015709 -0.660925329 0.24241893 -0.710218787 0.21536389 0.667961657 -0.712352157 -0.700835347 0.116651922 -0.703720212 -0.675964773 0.256029636 -0.691028595 -0.89546293 0.0745842457 -0.43884325 0.0784782022 0.619954109 -0.780703545 0.235764697 0.953802228 -0.186215475 0.0888751596 0.578253269 -0.811002076 0.993712068 0.111965969 -0 0.943881571 0.330277354 0.00213401834 0.992706239 0.120536476 -0.00231040292 0.846717238 0.532028794 0.00391276553 0.935007811 0.354601681 -0.0042671077 0.707096696 0.707096696 0.00533642434 0.822969079 0.568055928 -0.00586864166 0.532021999 0.846706331 0.00640489627 0.663106859 0.74849087 -0.00711451238 0.330269933 0.943859696 0.00711700274 0.464708 0.885427833 -0.00800506305 0.111961029 0.99368453 0.00747345109 0.239307165 0.970906377 -0.00853910763 -0.111961015 0.99368453 0.00747345202 0 0.999962032 -0.00871709082 -0.330269873 0.943859756 0.00711698504 -0.239307195 0.970906377 -0.00853910856 -0.532021999 0.846706331 0.00640468113 -0.464708447 0.885427535 -0.00800515153 -0.707096517 0.707096815 0.00533638149 -0.663106263 0.748491526 -0.00711471448 -0.846717358 0.532028496 0.00391275343 -0.822969079 0.568055928 -0.00586870406 -0.943881392 0.330277592 0.00213356642 -0.935008228 0.354600459 -0.00426716218 -0.993712246 0.111964166 0 -0.992706239 0.120536476 -0.00231088535 0.992400169 0.123052485 0.000181442621 0.992373347 0.123268463 4.15839095e-05 0.935745239 0.352673739 0.00142359547 0.935601056 0.353056967 0.00117185526 0.825714707 0.564081848 0.00261784974 0.823782027 0.566906512 0.000501500501 0.666564524 0.74544394 0.00221333257 0.664173841 0.747578144 0.000215459164 0.465865701 0.884850085 0.00308643701 0.465965956 0.884796977 0.00316142919 0.240489632 0.970651627 0.000272582867 0.240680128 0.97060436 0.000393342401 -0.00484479265 0.999988019 -0.000689899258 0.00140574155 0.999994516 0.00302224467 -0.243794248 0.969826758 -0.000719455536 -0.237948522 0.971273601 0.00286001363 -0.466148943 0.884705842 0.000948936562 -0.463476747 0.886104822 0.002743555 -0.664146066 0.747602403 -0.000862595683 -0.662068725 0.749442697 0.000849986449 -0.823790669 0.566893399 -0.00086216029 -0.822184086 0.569221139 0.000859540713 -0.935606003 0.353043824 -0.00123938685 -0.934390247 0.356250256 0.000856984349 -0.992364943 0.123336062 -3.65691521e-05 -0.992223322 0.124468818 0.000695945113 -0.291454434 0.035388995 0.955929875 -0.270938665 0.102753572 0.957096577 -0.288937241 0.0312516317 0.956837773 -0.238489106 0.1646173 0.957091451 -0.271099746 0.103213333 0.957001507 -0.192163378 0.216907576 0.95709163 -0.238533333 0.165078297 0.95700103 -0.134670362 0.256592184 0.95709157 -0.192095906 0.217366576 0.95700103 -0.0693500489 0.281365603 0.957091391 -0.134494722 0.257022381 0.957000911 0 0.289785832 0.95709151 -0.0690774024 0.281740129 0.957000971 0.0693499893 0.281365216 0.95709151 0.00035476379 0.290084511 0.957000911 0.134670705 0.256592572 0.957091391 0.0697662532 0.281570524 0.957000852 0.192163214 0.216907755 0.95709163 0.13512288 0.256692052 0.95700109 0.238489062 0.164617211 0.957091451 0.192627355 0.216896072 0.957000971 0.270954758 0.102759257 0.957091451 0.238936424 0.164494947 0.957000911 0.287733018 0.0349371433 0.957073212 0.27120018 0.102622457 0.957036614 0.29194203 0.0310288388 0.955932558 -0.169820368 0.69263339 0.701013565 -0.169610023 0.692326963 0.70136708 0.696619153 0.115938015 0.708011329 -0.330367178 0.631618083 0.701367319 -0.330642939 0.631863594 0.701016188 -0.471923828 0.534202397 0.701366961 0.664358556 0.25060612 0.704147935 -0.472250283 0.534374774 0.70101589 0.666529417 0.252507597 0.701411724 -0.894351423 0.079445079 0.440254599 0.587401748 0.404394239 0.701016724 -0.586055815 0.405742705 0.701363981 -0.586411357 0.405831307 0.701015472 0.587191999 0.404092163 0.701366603 -0.675590038 0.253696561 0.692254364 -0.666498005 0.253696293 0.701012492 -0.709806979 0.120501384 0.694012523 0.473424226 0.532873333 0.701366842 0.473556131 0.533218443 0.701015532 0.33218801 0.631053746 0.701015174 0.332142681 0.630688548 0.701365232 0.171557203 0.691849053 0.701365113 0.171513677 0.692215741 0.701013923 0.000872155477 0.713147223 0.701013744 0.00100217026 0.712801695 0.701364875 0.892982066 0.0744997784 0.443883717 -0.0325574502 0.288956344 -0.95678848 -0.0282786582 0.286147594 -0.957768142 -0.0951256156 0.271852642 -0.957625866 -0.0922913402 0.275891542 -0.956747711 -0.152633056 0.242913738 -0.95796454 -0.149989635 0.249093235 -0.956794381 -0.202690363 0.20269078 -0.958036065 -0.20091334 0.211588174 -0.956485391 -0.243535563 0.153023556 -0.9577443 -0.243988618 0.16146633 -0.956241667 -0.272416115 0.0953223184 -0.957446158 -0.273993313 0.100361951 -0.956480622 -0.291668653 0.0328635834 -0.955954731 -0.289996862 0.0299442094 -0.956559062 -0.28785038 -0.0324333869 -0.957126021 -0.292006254 -0.0282202661 -0.95600003 -0.273391485 -0.0956634954 -0.957134008 -0.273351759 -0.0956888348 -0.957142889 -0.245249793 -0.15410094 -0.957133949 -0.245259866 -0.154097319 -0.957131922 -0.204810143 -0.204810143 -0.957134068 -0.204821512 -0.204808801 -0.957131922 -0.155013964 -0.246702775 -0.956612945 -0.1526898 -0.24636282 -0.957074285 -0.0955401883 -0.273038924 -0.957247019 -0.0917182639 -0.271727532 -0.957993746 -0.0322331376 -0.286078066 -0.957664013 -0.0340236202 -0.287075818 -0.957303405 0.0113016544 -0.736372888 -0.676481545 0.062342681 -0.635394096 -0.769667208 -0.715920687 -0.116066955 -0.688466489 -0.894043803 -0.0763758793 -0.441420794 -0.659125805 -0.24265106 -0.711810112 -0.694495082 -0.242940485 -0.677241862 0.206023604 -0.613547921 -0.762307823 -0.555412531 -0.377127171 -0.741142392 0.183032081 -0.726504207 -0.662337542 -0.633924305 -0.398294538 -0.662949026 -0.466448516 -0.470022142 -0.749336421 -0.47429353 -0.474264055 -0.741700232 0.359442472 -0.571460485 -0.737722099 0.362143308 -0.659890115 -0.658329189 -0.653076649 -0.749939799 -0.105267659 -0.348043054 -0.585105836 -0.732473314 -0.411223888 -0.647173345 -0.641920269 0.47068584 -0.506011903 -0.722777069 0.482909381 -0.545419931 -0.685066104 -0.48240599 -0.791894853 -0.374415487 0.582085431 -0.385691404 -0.71583426 0.599960327 -0.412863523 -0.685267389 -0.157993585 -0.574635625 -0.803014338 0.660909534 -0.242414519 -0.710235 0.675958037 -0.256032944 -0.691033959 0.700813472 -0.116653495 -0.703741729 -0.215365648 -0.667965591 -0.712348044 -0.079390578 -0.620323956 -0.780317485 0.895472527 -0.0745833442 -0.43882376 -0.235764489 -0.953800797 -0.18622382 -0.0895209238 -0.580264509 -0.809493124 -0.993712246 -0.111964159 0 -0.943881333 -0.33027792 0.00213355874 -0.99270618 -0.120536476 -0.00231088907 -0.846717775 -0.532027841 0.00391272129 -0.935008109 -0.354600698 -0.00426714821 -0.707095861 -0.70709765 0.00533644529 -0.822969496 -0.568055212 -0.00586875342 -0.532021761 -0.84670651 0.00640463457 -0.663105249 -0.748492301 -0.00711467396 -0.330271453 -0.94385916 0.0071172663 -0.464709759 -0.885426879 -0.00800487958 -0.111961015 -0.99368453 0.00747305062 -0.239305869 -0.970906734 -0.00853933208 0.111961029 -0.99368453 0.00747304782 -0 -0.999962032 -0.00871749502 0.330271542 -0.94385916 0.007117284 0.239305824 -0.970906675 -0.00853933021 0.532021761 -0.84670651 0.0064048497 0.464709282 -0.885427058 -0.00800478552 0.707095921 -0.707097411 0.00533649093 0.663105965 -0.748491704 -0.00711447559 0.846717596 -0.532028079 0.00391272828 0.822969496 -0.568055212 -0.00586868497 0.943881452 -0.330277652 0.00213401183 0.935007632 -0.35460192 -0.00426709559 0.993712068 -0.111965954 0 0.99270618 -0.120536476 -0.00231040758 -0.99237299 -0.123271115 4.15838767e-05 -0.992399931 -0.123054586 0.000181813259 -0.935745478 -0.352673203 0.00142340525 -0.935600817 -0.353057534 0.00117094582 -0.82571435 -0.564082444 0.00261769514 -0.82378161 -0.566907108 0.000501336122 -0.66656518 -0.745443404 0.0022133186 -0.664174259 -0.747577727 0.00021529432 -0.465864927 -0.884850383 0.00308652874 -0.465965062 -0.884797454 0.00316134258 -0.240489751 -0.970651686 0.000272740523 -0.240680277 -0.97060436 0.000393517315 0.00484480057 -0.999988019 -0.000689901586 -0.00140615262 -0.999994516 0.00302248285 0.243794382 -0.969826698 -0.000719423639 0.237948999 -0.971273422 0.00285981898 0.466148019 -0.884706259 0.000948830799 0.463475645 -0.886105418 0.0027435564 0.664146662 -0.747601867 -0.000862661982 0.662069321 -0.74944216 0.000849986158 0.823790967 -0.566892982 -0.000862298999 0.822184265 -0.569220722 0.000859430234 0.935606122 -0.353043467 -0.00123979396 0.934390187 -0.356250346 0.000856892671 0.99236536 -0.123333059 -3.658063e-05 0.99222362 -0.124466158 0.000696156698 0.291456282 -0.0353892408 0.955929399 0.27094087 -0.102753907 0.957095921 0.288937509 -0.0312491357 0.956837773 0.238491118 -0.164618954 0.957090676 0.271099478 -0.103206642 0.957002342 0.192165211 -0.216909498 0.957090795 0.238534614 -0.165072069 0.957001746 0.13467142 -0.256594867 0.957090735 0.192098901 -0.217360616 0.957001746 0.0693509132 -0.281367421 0.957090855 0.134499297 -0.25701645 0.957001805 0 -0.289788216 0.957090795 0.0690826476 -0.281735957 0.957001805 -0.0693509132 -0.281367481 0.957090795 -0.000348626403 -0.290081769 0.957001805 -0.134671241 -0.256594837 0.957090795 -0.0697596967 -0.281569153 0.957001805 -0.192165494 -0.216909438 0.957090735 -0.135116369 -0.256692737 0.957001805 -0.238490656 -0.164618626 0.957090795 -0.19262062 -0.216897994 0.957001805 -0.270956993 -0.102760449 0.957090735 -0.238931 -0.164498314 0.957001746 -0.28773585 -0.0349374898 0.957072377 -0.271195233 -0.102627657 0.957037449 -0.291938603 -0.0310354419 0.955933392 0.16960831 -0.692312479 0.701381862 -0.892978191 -0.0745021999 0.443891078 0.16983977 -0.692649662 0.700992823 0.330359012 -0.631603956 0.701383948 0.330668598 -0.631879687 0.700989604 -0.69662571 -0.115944594 0.708003879 0.471913606 -0.534191489 0.70138216 0.472276509 -0.534383178 0.700991809 0.894361556 -0.0794460475 0.440233797 -0.664389789 -0.25063172 0.704109371 0.586441517 -0.405831754 0.700990021 0.586039782 -0.405731559 0.701383829 -0.66652149 -0.252498955 0.701422393 0.666522503 -0.253690541 0.700991392 0.70979017 -0.120504908 0.694029152 0.675565958 -0.253690869 0.692280054 -0.587179482 -0.404081881 0.701382995 -0.587416947 -0.404423922 0.700986862 -0.473560244 -0.533246994 0.700990915 -0.473412812 -0.532861292 0.70138377 -0.33218503 -0.631081045 0.700992048 -0.332134277 -0.630672038 0.701384068 -0.171553224 -0.691829562 0.70138526 -0.171504468 -0.692240238 0.700991929 -0.000857099891 -0.713167548 0.700993061 -0.00100214174 -0.712782025 0.701384842 0.0661329925 -0.997728229 -0.0128337806 0.383170843 -0.923631966 0.00916279107 0.374821514 -0.927074432 0.00647249585 0.733916163 -0.679209292 -0.00647244789 0.727736592 -0.685795546 -0.00916280039 0.956343174 -0.291964024 -0.0128337145 0.909441173 -0.415634394 0.0128337685 0.999485195 0.0307464134 0.00916283112 0.999485195 -0.0307466984 -0.00916278269 0.909441054 0.415634662 -0.012833748 0.956343114 0.291964114 0.0128337704 0.727736533 0.685795426 0.0091627948 0.733916104 0.679209292 0.00647249352 0.374821484 0.927074492 -0.0064724558 0.383170962 0.923631966 -0.00916279852 0.0661329925 0.997728288 0.0128337806 0.994962633 0.0989340544 -0.0161677264 0.945428014 0.325670302 0.0102379369 0.790721059 0.612158954 0.00464504398 0.835084081 0.550027728 -0.01019827 0.491729319 0.870748043 0 0.512384534 0.858743548 -0.00464506866 0.185927019 0.982552588 0.00464506168 0.209348083 0.977841198 0 -0.209348053 0.977841198 0 -0.185926989 0.982552588 -0.00464506121 -0.512384474 0.858743548 0.00464507006 -0.491729289 0.870748103 0 -0.835115314 0.550047874 0.00545055419 -0.810439706 0.585796773 -0.00545053137 -0.988503814 0.150999293 -0.00771612534 -0.989841998 0.142067596 -0.00545051834 -0.0661329925 0.997728229 -0.0128337806 -0.383170992 0.923631966 0.00916280225 -0.325673968 0.945437729 -0.00916283205 -0.733796179 0.679098308 -0.0191981699 -0.612115026 0.790664613 0.0128337387 -0.965444267 0.260328084 -0.0121101569 -0.87068373 0.491693109 0.012157307 -0.982548296 0.185925901 0.00551597867 -0.975890219 -0.218166023 -0.00647246698 -0.965494931 -0.260341585 0.00647248933 -0.762720704 -0.646695673 -0.00647248747 -0.733916163 -0.679209292 0.00647247257 -0.374821544 -0.927074492 -0.00647248514 -0.383170903 -0.923631966 -0.00916279573 -0.0661329925 -0.997728288 0.0128337806 0 0 1 -0 0 1 -0 0 1 -0 0 1 0 0 1 0 0 1 -0 0 1 0 0 1 0 0 1 -0 0 1 -0 0 1 0 0 1 -0 0 1 0 0 1 0 0 1 -0 0 1 0 0 1 -0 0 1 -0 0 1 0 0 1 0 0 1 0 0 1 -0 0 1 0 0 1 -0 0 1 -0 0 1 0 0 1 0 0 1 0 0 1 0 0 1 0 0 1 -0 0 1 -0 0 -1 -0 0 -1 0 0 -1 -0 0 -1 0 0 -1 0 -0 -1 -0 0 -1 0 -0 -1 0 -0 -1 -0 0 -1 -0 0 -1 0 -0 -1 -0 0 -1 0 -0 -1 0 0 -1 -0 0 -1 -0 0 -1 0 0 -1 -0 0 -1 0 -0 -1 0 -0 -1 0 -0 -1 0 0 -1 -0 0 -1 0 0 -1 0 0 -1 0 0 -1 0 0 -1 0 -0 -1 -0 0 -1 0 0 -1 -0.984586358 -0.174565151 0.0108076409 -0.952932298 -0.302990377 -0.0108076343 -0.810439408 -0.585797012 0.00545055605 -0.805103838 -0.59308368 0.00771613047 -0.491729319 -0.870748043 0 -0.512384474 -0.858743668 -0.00464505376 -0.185926989 -0.982552588 0.00464506354 -0.209348053 -0.977841198 -0 0.209348083 -0.977841198 0 0.185927019 -0.982552588 -0.00464506168 0.512384474 -0.858743608 0.00464505702 0.491729319 -0.870748103 0 0.835083961 -0.550027907 0.0101982718 0.79072088 -0.612159252 -0.00464506447 0.945428014 -0.325670153 -0.0102379499 0.994962633 -0.098934114 0.0161677375 0.995092332 0.0989473909 -0.000899870065 0.989856362 0.142069355 0.000899862382 0.810451508 0.585805178 0.000899865234 0.835127473 0.550055802 -0.00089986989 0.445382118 0.895340145 0.000899862498 0.483845025 0.875153184 -0.000899865874 -0.0217193216 0.999763727 0.000899865467 0.0217195116 0.999763727 -0.000899873383 -0.437277466 0.899326682 0 -0.415668845 0.909515738 -0.0007668818 -0.703013718 0.711175919 0.00076688407 -0.685824156 0.727767229 0 -0.923670769 0.383187026 0 -0.914253175 0.405142754 -0.000766878191 -0.997810125 0.0661385655 0.000766885118 -0.995945752 0.0899561793 0 0.995091796 0.0989469364 -0.00134979328 0.995943964 0.0899555311 -0.00191089464 0.852778256 0.522266269 -0.00267656287 0.914249957 0.405141771 0.00267656497 0.639792383 0.768545389 0.00191089325 0.646708071 0.76273638 0.00134979305 0.260346889 0.965514243 -0.00134980422 0.21817039 0.97590977 0.00134979654 -0.218170494 0.97590971 -0.00134979712 -0.209347337 0.97783953 -0.00191089907 -0.621249795 0.783608496 -0.00255170814 -0.507575691 0.86160332 0.00259910361 -0.852780521 0.522268236 -0.0011503204 -0.813924849 0.580965996 0.0022391344 -0.994483113 0.1048728 -0.0022391309 -0.984643281 0.174574763 0.00115032762 -0.927093506 -0.374829024 0.000899864302 -0.942497075 -0.334213316 -0.000899862964 -0.685823739 -0.727766573 -0.00127392937 -0.679223239 -0.733931243 -0.000899865001 -0.41566819 -0.909514606 0.00178437796 -0.260347396 -0.965511322 -0.00266953325 -0.0307478942 -0.999525785 0.00169032288 0.291988373 -0.956421494 0.000766878249 0.218171328 -0.975909054 -0.00168375892 0.67922318 -0.733931303 0.000899864943 0.646708846 -0.76273644 -0.000899867155 0.942497075 -0.334213316 0.000899862498 0.927093506 -0.374829024 -0.000899864302 -0 0 1 0 0 1 0 0 1 -0 0 1 0 0 1 -0 0 1 -0 0 1 -0 0 1 0 0 1 0 0 1 0 0 1 0 0 1 0 0 1 0 0 1 -0 0 1 0 0 1 -0 0 1 0 0 1 -0 0 1 -0 0 1 0 0 1 -0 0 1 0 0 1 -0 0 1 0 0 1 -0 0 1 0 0 1 0 0 1 -0 0 1 0 0 -1 0 0 -1 0 0 -1 0 -0 -1 0 -0 -1 0 0 -1 0 -0 -1 -0 0 -1 -0 0 -1 -0 0 -1 0 -0 -1 0 -0 -1 0 0 -1 -0 0 -1 -0 0 -1 0 -0 -1 0 -0 -1 0 0 -1 0 -0 -1 -0 0 -1 -0 0 -1 -0 0 -1 0 0 -1 0 -0 -1 -0 0 -1 -0 0 -1 0 0 -1 -0 0 -1 0 -0 -1 -0 0 -1 -0.951274574 -0.308334053 -0.00259910198 -0.984640718 -0.174574435 0.00255170674 -0.805126309 -0.59310025 0.00191089488 -0.810450852 -0.585805118 0.00134980376 -0.483844519 -0.875153005 -0.00134979212 -0.445381552 -0.895339847 0.00134980003 -0.0546164252 -0.998506784 -0.0011503204 0.269057274 -0.963124156 0 -0.0307478942 -0.999527156 -0 0.291987985 -0.956421316 0.00115031656 0.646708131 -0.76273632 -0.00134979736 0.679222465 -0.733931184 0.00134979747 0.92709291 -0.374829113 -0.00134980038 0.942496479 -0.334213167 0.00134980294 0.992708802 0.120536797 0 0.992708802 0.120536797 0 0.935016572 0.354603916 0 0.935016572 0.354603916 0 0.822983623 0.568064988 0 0.822983623 0.568064988 0 0.663122058 0.748511255 0 0.663122058 0.748511255 0 0.46472466 0.885455251 0 0.46472466 0.885455251 0 0.239314571 0.97094202 0 0.239314571 0.97094202 0 0 1 0 -0 1 0 -0.239314556 0.97094202 0 -0.239314556 0.97094202 0 -0.464724183 0.885455489 0 -0.464724183 0.885455489 0 -0.663122714 0.748510659 0 -0.663122714 0.748510659 0 -0.822983623 0.568064988 0 -0.822983623 0.568064988 0 -0.935016155 0.354605138 0 -0.935016155 0.354605138 0 -0.992708802 0.120536797 0 -0.992708802 0.120536797 0 0.937809706 -0.0191643592 -0.346620411 -0.425155789 -0.47650519 -0.76953572 0.362173736 -0.693246961 -0.623088062 0.362473428 -0.696597457 -0.619164765 -0.364794403 -0.69187218 -0.623087406 -0.367377996 -0.694019198 -0.619169414 -0.769847572 -0.0345482714 -0.637292087 0.421785444 -0.479497194 -0.769532025 -0.155016497 -0.619506478 -0.769533396 -0.590453982 -0.221549779 -0.776066899 0.645644605 -0.449025333 -0.617672503 0.643310606 -0.445418745 -0.622698665 -0.0027693212 -0.785255671 -0.619165421 -0.00147978088 -0.782154858 -0.623082221 -0.670182586 -0.448336303 -0.59148097 -0.647822738 -0.443794638 -0.619170427 0.824416935 -0.0522298403 -0.563567936 0.597276986 -0.234418467 -0.767012596 0.150641873 -0.620583832 -0.769534111 0.177831993 -0.710679114 0.680669487 -0.421781719 -0.479493916 0.769536018 0.301300466 -0.569188237 0.765011549 -0.362488061 -0.696628749 0.619120955 -0.361833245 -0.68941921 0.627517164 -0.6415416 -0.0853155851 0.762329161 0.534933209 -0.59953934 0.595314205 0.495275944 -0.57940352 0.647296846 -0.151917085 -0.625843108 0.765010893 -0.750463784 -0.287647158 0.595032156 -0.606344581 -0.166628346 0.777548254 0.894624591 -0.23452647 0.380321085 0.507843852 -0.347895592 0.788075745 -0.0592405275 -0.626020133 0.777553499 0.00283606071 -0.803489983 0.595311463 -0.601434052 -0.418283612 0.680673063 -0.619656384 -0.451060683 0.642316341 0.762564957 -0.149131015 0.629487514 0.774219453 -0.236956164 0.586886764 0.200133994 -0.737160444 0.645399809 0.990412176 0.133032352 0.0372315384 0.936237216 0.351295143 -0.00717745489 0.951586425 0.302562475 -0.0542140305 0.824036181 0.56451118 -0.0478686169 0.805122375 0.593098462 -0.00349562732 0.665063083 0.745386839 0.0457113385 0.46783182 0.883788407 -0.00717704324 0.511636853 0.857489765 -0.0542139187 0.242461354 0.968979418 -0.0478687547 0.209346771 0.977835178 -0.00349516911 0.00352311786 0.998948514 0.0457112081 -0.235619187 0.970665932 -0.0478676334 -0.217615604 0.9734267 -0.0713009983 -0.461114734 0.886162281 0.0457115322 -0.659721017 0.749984503 -0.0478682965 -0.645062864 0.760795653 -0.0713012069 -0.820117593 0.570366383 0.0457108393 -0.933138609 0.356501788 -0.0464638434 -0.92473346 0.373877406 -0.0713009015 -0.988649845 0.145391092 0.0378530063 0.991339862 0.122826435 0.0464646854 0.987337291 0.141708121 0.0713013187 0.942889571 0.331644714 -0.0311619993 0.808388412 0.58431536 0.0713001415 0.822690904 0.566913068 0.042299442 0.659786224 0.75006175 -0.0457114018 0.491726816 0.870742559 0.00349363987 0.461065918 0.886073768 0.0478702672 0.185655579 0.981118143 0.054213766 0.235881045 0.971755385 0.00717863766 -0.00352664664 0.998948514 -0.0457114503 -0.259684801 0.963057697 0.071299769 -0.242463738 0.968978703 0.0478706881 -0.467357248 0.882885993 -0.045711875 -0.677494526 0.73206383 0.0713000596 -0.664997518 0.74530977 0.0478708372 -0.82412231 0.564564288 -0.0457114168 -0.923590362 0.383155555 0.0131397806 -0.932554245 0.358230472 0.0448727049 -0.996341705 0.0660389736 0.0542416237 -0.994545162 0.102192923 0.0208927169 0.952973366 0.303003371 0.00554238399 0.805127859 0.593101323 -0 0.945477605 0.32568717 0 0.790717483 0.612156212 -0.00554240588 0.483834714 0.875135183 0.00650341064 0.445372492 0.895321727 -0.0065034572 -0.0152429119 0.999855101 0.00757403532 -0.0683321655 0.997585475 -0.0124057345 -0.610373795 0.792016327 0.0124057531 -0.651616752 0.75851053 -0.00757403625 -0.927074134 0.374821484 0.00650345115 -0.942477405 0.334206402 -0.00650345767 -0.992708921 -0.120536797 0 -0.992708921 -0.120536797 -0 -0.935016274 -0.3546049 -0 -0.935016274 -0.3546049 0 -0.822983205 -0.568065703 -0 -0.822983205 -0.568065703 0 -0.663123608 -0.748509824 -0 -0.663123608 -0.748509824 0 -0.464722872 -0.885456145 -0 -0.464722872 -0.885456145 0 -0.239315897 -0.970941782 -0 -0.239315897 -0.970941782 0 0 -1 -0 -0 -1 0 0.239315912 -0.970941782 0 0.239315912 -0.970941782 0 0.464723349 -0.885455906 0 0.464723349 -0.885455906 0 0.663123012 -0.74851048 0 0.663123012 -0.74851048 0 0.822983205 -0.568065703 0 0.822983205 -0.568065703 0 0.935016751 -0.354603678 0 0.935016751 -0.354603678 0 0.992708921 -0.120536797 0 0.992708921 -0.120536797 0 0.0017399668 0.00065988244 -0.999998271 -0.000332340162 -0.00134836347 -0.999999046 -0.00120101206 0.00135566108 -0.999998331 -0.000528198027 0.00100639672 -0.999999344 -2.3377479e-06 0.00176859973 -0.999998391 0.00140294654 -0.000343967811 -0.999998927 0.00176402053 0.000214191081 -0.999998391 -0.00105390931 0.000727462699 -0.999999166 -0.00159674906 0.000595325953 -0.99999851 -0.00026268576 0.00106575678 -0.999999344 -2.46471109e-06 -0.00130277127 -0.999999106 0 -0.00130056893 -0.999999106 -0.00127735536 0.000484435121 -0.999999046 0.00127125927 -0.00015435899 -0.999999166 0 0.00138871651 -0.999999046 -0.000514917308 0.0011803658 -0.999999166 0.000332340074 -0.00134836324 -0.999998987 0.00106711453 -0.000713099143 -0.999999166 0.00127735396 -0.000484436867 -0.999999046 -0.00116691214 0.000141689015 -0.999999344 -0.00136600691 -0.000165863559 -0.999999046 -0.00126973283 7.16670183e-05 -0.999999166 0.00060324691 -0.00115469203 -0.999999106 0.000604405941 -0.00115159608 -0.999999106 0.0010703475 -0.000738808012 -0.999999166 0.000920889492 -0.00103946915 -0.999998987 0.000311854208 0.00126524107 -0.999999166 -0.00134735915 -0.000510984333 -0.999998927 1.11561167e-05 0.00170164299 -0.99999851 0.000841679168 0.00160368707 -0.999998331 0.00165284146 0.000629340124 -0.999998391 -0.0010910047 -0.000753066677 -0.999999166 -0.00106298504 -0.000758911716 -0.999999166 0.000753697648 0.00085074635 -0.999999344 -0.000920889201 -0.00103947078 -0.999998987 0.00090335065 0.000623539439 -0.999999344 0.000953338342 0.00140354363 -0.999998569 -0.000607611611 -0.00115240121 -0.999999166 -0.000604407222 -0.00115159713 -0.999999166 0.000842567999 -0.00160537474 0.999998331 -0.000257087842 -0.00173510658 0.99999845 -0.00128832599 7.28405794e-05 0.999999166 -0.00145363773 0.000551289879 0.999998808 0.000935992401 0.000646070403 0.999999344 0.000262839487 -0.00106638693 0.999999404 0.000862502668 0.000973561488 0.999999106 0.000896986923 0.000679129211 0.999999404 0.000969763962 0.000367782981 0.999999464 0.000645407941 0.0012297231 0.999999046 -0.00120629079 0.000146470353 0.999999225 0.00164952746 0.000200289083 0.999998629 0.00119166286 0.000880613457 0.999998927 0.000311257871 0.00126282184 0.999999166 0.000309380266 0.00126556668 0.999999106 0.000821618305 -0.00156860391 0.999998391 0 -0.00113731599 0.999999344 -0.00107684196 -0.000513857696 0.999999285 -0.00128090777 -0.000155530521 0.999999166 -0.00112241239 -0.0012816817 0.99999851 0 0.00138874643 0.999999046 -0.000433895766 -0.00176039268 0.999998331 -0.00106340996 -0.00040329693 0.999999344 0.00145954092 -0.000177220441 0.999998927 -0.000605578884 -0.00115382939 0.999999106 0.00157169229 -0.000298610481 0.999998748 -0.0011678579 -0.000542719848 0.999999166 -0.000920890423 -0.00103947218 0.999998987 -0.00090388424 -0.000623906672 0.999999344 -0.000311270182 0.0012628719 0.999999106 -0.000314088567 0.00126436632 0.999999166 0.00163311139 -0.000619357976 0.99999851 -0.000645408756 0.0012297231 0.999998987 0.00153701287 -0.00106092414 0.999998271 -0.000746436825 0.00111228449 0.999999046 -0.000993229332 0.00112112309 0.999998808 0.00116127916 -0.00131081301 0.99999851 0.00108820759 -0.00131030078 0.999998569 -0.00133984664 0.000924831606 0.999998689 -0.936834276 0.0195505526 -0.349226475 0.370888203 0.50792861 -0.777464092 -0.164679095 0.748545885 -0.642308176 0.534920812 0.599527359 -0.595337391 -0.370881468 0.712751687 -0.595341921 -0.343401849 0.526900709 -0.77746433 0.301300496 0.569195151 -0.765006423 0.770814538 0.0347952321 -0.636108696 -0.425361186 0.48355791 -0.765009582 0.190612778 0.761773288 -0.619167387 0.186353311 0.755985498 -0.627501726 0.590901494 0.221721143 -0.775677264 -0.641206264 0.442191213 -0.627153397 -0.645643651 0.449027598 -0.617671847 0.00225327653 0.638601899 -0.769533932 0.604326963 0.413994491 -0.680733144 0.664178193 0.422230542 -0.616918683 -0.824414968 0.0522306338 -0.563570678 -0.59727633 0.234414116 -0.767014265 -0.172795549 0.711858809 -0.680734038 -0.190623388 0.761808395 0.619120836 0.493707359 0.586250961 0.64231056 0.48385787 0.550062418 0.680670857 -0.298769206 0.56440711 0.769533336 0.294778407 0.566503644 0.769531965 0.774281263 0.294377685 0.560205638 0.658258438 0.087258108 0.747717738 0.828990638 0.338545799 0.445152998 -0.522822022 0.58596164 0.619117141 -0.54369396 0.595837772 0.591078997 0.185241178 0.763139784 0.619114995 0.185761139 0.759754777 0.62310946 -0.908393919 0.206618577 0.363495857 -0.520434499 0.356525242 0.775910914 -0.00225545908 0.638601005 0.769534767 0.548686087 0.307821482 0.777296305 -0.806420863 0.146992922 0.572781324 -0.739531815 0.217950031 0.636859834 -0.188593537 0.759057701 0.623108268 -0.995966792 -0.0660141185 -0.0607649535 -0.99166894 -0.128620386 -0.00703062909 -0.935187519 -0.350903183 -0.0478680022 -0.923664629 -0.383185893 -0.00349548762 -0.824120462 -0.564567089 0.0457106121 -0.665742457 -0.746147037 -0.00717745768 -0.701980948 -0.710129201 -0.0542143099 -0.467306614 -0.882798493 -0.0478686877 -0.43727383 -0.899321675 -0.00349547574 -0.242484286 -0.969077826 0.0457111523 -0.00352321961 -0.998847485 -0.0478683859 -0.0216638949 -0.997219503 -0.0713011846 0.235641509 -0.970764458 0.0457108617 0.461067498 -0.886073112 -0.0478668585 0.444246829 -0.893062651 -0.0713012666 0.659789383 -0.750059068 0.0457108654 0.820032835 -0.570311129 -0.0478679836 0.808387339 -0.584316552 -0.0713019446 0.933403134 -0.355815411 0.0464118645 0.989086211 -0.133948565 -0.0613697283 0.987314641 -0.141704991 -0.0716201514 -0.991432011 -0.122099943 -0.0464116447 -0.924733698 -0.373877019 0.0712994039 -0.9326877 -0.357494295 0.0478692092 -0.820115268 -0.570369482 -0.0457108915 -0.685821354 -0.727761626 0.00349374977 -0.659719884 -0.749985337 0.0478711687 -0.415056556 -0.908178866 0.0542139113 -0.461581916 -0.88706851 0.00717884442 -0.235639215 -0.970764995 -0.0457109101 0.0216638949 -0.997219622 0.0713002831 0.00352629554 -0.998847306 0.0478712469 0.242487118 -0.96907711 -0.0457113385 0.43727389 -0.899321616 0.00349362753 0.467308968 -0.882797122 0.0478708632 0.701981485 -0.710128725 0.0542139411 0.66574508 -0.746144712 0.00717887981 0.824120522 -0.56456697 -0.0457110628 0.939783037 -0.333249748 0.0758444592 0.932554901 -0.358228952 0.0448712707 0.994715989 -0.0954324305 -0.0378536768 0 0 -1 0 -0 -1 0 0 -1 0 0 -1 0 0 -1 0 0 -1 0 0 -1 0 -0 -1 0 0 -1 0 -0 -1 0 0 -1 0 0 -1 0 -0 -1 0 -0 -1 0 0 -1 0 0 -1 0 0 -1 0 0 -1 0 0 -1 0 -0 -1 0 0 -1 0 0 -1 0 0 -1 0 -0 -1 0 0 -1 0 -0 -1 0 0 -1 0 -0 -1 0 0 1 0 0 1 0 0 1 0 0 1 0 0 1 0 0 1 0 0 1 0 0 1 0 0 1 0 0 1 0 0 1 0 0 1 0 0 1 0 0 1 0 0 1 0 0 1 0 0 1 0 0 1 0 0 1 0 0 1 0 0 1 0 0 1 0 0 1 0 0 1 0 0 1 0 0 1 0 0 1 0 0 1 -0.995071709 -0.0989449471 0.00650341762 -0.995903552 -0.0899518728 0.00920666568 -0.852710426 -0.522224784 0.0128951361 -0.914177179 -0.405109525 -0.0128951417 -0.639766395 -0.768514216 -0.00920666102 -0.646695018 -0.762720942 -0.0065034125 -0.224480584 -0.974449098 0.00757407025 -0.172390744 -0.984950542 -0.0124057643 0.403095961 -0.915073693 0.0124057597 0.451158851 -0.89241159 -0.00757400645 0.810434401 -0.585793257 0.00650346791 0.83510989 -0.550044596 -0.00650343625 0.989835799 -0.142066061 0.00650346885 0.995071709 -0.0989450067 -0.00650341948 0.992708802 0.120536797 0 0.992708802 0.120536797 0 0.935016572 0.354603916 0 0.935016572 0.354603916 0 0.822983623 0.568064988 0 0.822983623 0.568064988 0 0.663122058 0.748511255 0 0.663122058 0.748511255 0 0.46472466 0.885455251 0 0.46472466 0.885455251 0 0.239314571 0.97094202 0 0.239314571 0.97094202 0 0 1 0 -0 1 0 -0.239314556 0.97094202 0 -0.239314556 0.97094202 0 -0.464724183 0.885455489 0 -0.464724183 0.885455489 0 -0.663122714 0.748510659 0 -0.663122714 0.748510659 0 -0.822983623 0.568064988 0 -0.822983623 0.568064988 0 -0.935016155 0.354605138 0 -0.935016155 0.354605138 0 -0.992708802 0.120536797 0 -0.992708802 0.120536797 0 0.177831784 -0.710677803 0.680670917 -0.421781033 -0.47949329 0.769536734 0.3012999 -0.569187343 0.765012443 -0.361832708 -0.689419031 0.627517641 -0.362487584 -0.696628451 0.619121492 -0.641539931 -0.0853159204 0.762330472 0.534932733 -0.599538386 0.595315635 -0.151916623 -0.625841916 0.765011847 0.4952766 -0.579403162 0.647296786 -0.750461876 -0.287646502 0.595034838 -0.606346369 -0.166630879 0.777546346 0.894624531 -0.234527126 0.380320936 -0.0592391081 -0.626022995 0.777551174 0.507843554 -0.347895354 0.788075924 0.00283585745 -0.803488135 0.595314026 -0.619655609 -0.451060653 0.642317057 -0.601432621 -0.418282241 0.680675268 0.762563288 -0.149130166 0.629489779 0.774218321 -0.236956894 0.586887956 0.200134307 -0.73715961 0.645400643 0.93780762 -0.0191650596 -0.346626133 -0.425156415 -0.476505846 -0.769535065 0.362174124 -0.693247437 -0.623087466 0.362473816 -0.696598053 -0.619163811 -0.364794374 -0.691872478 -0.623087108 -0.367378324 -0.694019794 -0.61916858 -0.769846559 -0.0345469452 -0.637293279 0.421786159 -0.47949785 -0.76953131 -0.155016899 -0.619507372 -0.769532561 -0.590454578 -0.221549958 -0.776066363 0.645645201 -0.44902572 -0.617671549 0.643311083 -0.445418924 -0.622698128 -0.00276925182 -0.785256803 -0.61916393 -0.00147947785 -0.782155573 -0.623081446 -0.670183837 -0.448336899 -0.591479182 -0.647822917 -0.443795025 -0.61916995 0.824417353 -0.0522294976 -0.563567281 0.597277939 -0.23441866 -0.767011702 0.150642291 -0.620584965 -0.769533038 0.991339862 0.122826874 0.0464652404 0.987337291 0.141708121 0.0713012666 0.942889512 0.331644744 -0.0311619472 0.808388412 0.584315419 0.0713001415 0.822691202 0.566912651 0.0422989354 0.659786105 0.75006187 -0.045711264 0.491726786 0.8707425 0.00349363545 0.461065769 0.886073828 0.0478703491 0.185655564 0.981118202 0.0542136654 0.235881016 0.971755385 0.00717860647 -0.00352620147 0.998948514 -0.0457111634 -0.259684831 0.963057697 0.0713001341 -0.242463708 0.968978703 0.0478710458 -0.467357635 0.882885754 -0.0457115546 -0.677494526 0.73206389 0.0713001043 -0.664997518 0.74530977 0.0478709154 -0.824122369 0.564564288 -0.0457111485 -0.923590362 0.383155525 0.0131395459 -0.932554424 0.358230025 0.0448730253 -0.996341586 0.0660389736 0.0542419553 -0.994545162 0.102193691 0.0208923612 0.990412056 0.133033201 0.0372315086 0.936237335 0.351295024 -0.00717737246 0.951586485 0.302562475 -0.0542137735 0.824036121 0.564511299 -0.0478684977 0.805122375 0.593098462 -0.0034955896 0.665063024 0.745386958 0.0457115881 0.46783185 0.883788407 -0.00717696128 0.511636913 0.857489705 -0.0542137772 0.242460907 0.968979478 -0.047868181 0.209346786 0.977835238 -0.00349513162 0.00352356397 0.998948514 0.0457114913 -0.235619605 0.970665812 -0.0478671938 -0.21761556 0.9734267 -0.0713011026 -0.461114585 0.88616246 0.0457117707 -0.659721255 0.749984324 -0.0478678904 -0.645062864 0.760795653 -0.0713012815 -0.820117593 0.570366323 0.0457111076 -0.933138609 0.356501818 -0.0464638025 -0.92473346 0.373877406 -0.0713008344 -0.988649786 0.145391211 0.0378530249 0.0989449471 -0.99507159 0.00650341716 0.0899518728 -0.995903552 0.00920666941 0.549953341 -0.83497256 0.0192899648 0.405109435 -0.914177179 -0.0128951203 0.875019133 -0.483770907 0.017529035 0.791818857 -0.610221922 -0.0255355462 0.999750912 -0.021719167 -0.00513903145 0.999855101 -0.0152429007 -0.00757403439 0.895321608 0.44537279 0.00650344929 0.875135005 0.483835071 -0.00650344649 0.585793138 0.810434461 0.00650341436 0.550044656 0.835109949 -0.00650342088 0.142067015 0.98983568 0.00650344416 0.150997534 0.988491237 0.00920660142 -0.992708921 -0.120536797 0 -0.992708921 -0.120536797 -0 -0.935016274 -0.3546049 -0 -0.935016274 -0.3546049 0 -0.822983205 -0.568065703 -0 -0.822983205 -0.568065703 0 -0.663123608 -0.748509824 -0 -0.663123608 -0.748509824 0 -0.464722872 -0.885456145 -0 -0.464722872 -0.885456145 0 -0.239315897 -0.970941782 -0 -0.239315897 -0.970941782 0 0 -1 -0 -0 -1 0 0.239315912 -0.970941782 0 0.239315912 -0.970941782 0 0.464723349 -0.885455906 0 0.464723349 -0.885455906 0 0.663123012 -0.74851048 0 0.663123012 -0.74851048 0 0.822983205 -0.568065703 0 0.822983205 -0.568065703 0 0.935016751 -0.354603678 0 0.935016751 -0.354603678 0 0.992708921 -0.120536797 0 0.992708921 -0.120536797 0 0.000842515787 -0.00160527532 0.999998331 -0.000257029955 -0.00173499307 0.99999845 -0.00128823135 7.29520834e-05 0.999999166 -0.00145348511 0.00055123202 0.999998808 0.000935968128 0.000646053755 0.999999344 0.000262833055 -0.00106636074 0.999999344 0.000862450106 0.000973502174 0.999999166 0.000896925339 0.000679144345 0.999999404 0.000969737826 0.00036777294 0.999999464 0.000645368476 0.0012296479 0.999998987 -0.00120631687 0.000146473525 0.999999225 0.00164938811 0.000200272159 0.999998629 0.00119158998 0.000880493957 0.999998927 0.000311251497 0.00126279576 0.999999166 0.000309412542 0.00126548426 0.999999106 0.000821464055 -0.00156849774 0.999998391 0 -0.00113728654 0.999999344 -0.00107682589 -0.000513938954 0.999999285 -0.00128093583 -0.000155533926 0.999999166 -0.00112224219 -0.00128163933 0.99999851 0 0.00138871779 0.999998987 -0.000433862209 -0.00176025659 0.999998331 -0.00106338237 -0.000403286482 0.999999344 0.0014594961 -0.000177215246 0.999998927 -0.000605578825 -0.00115382939 0.999999106 0.00157157134 -0.000298522617 0.999998748 -0.00116787071 -0.00054269284 0.999999166 -0.000920890307 -0.00103947206 0.999999046 -0.000903862063 -0.000623891363 0.999999344 -0.000311251439 0.00126279483 0.999999166 -0.000314130477 0.00126432162 0.999999166 0.00163306086 -0.000619338534 0.99999851 -0.000645369466 0.00122964836 0.999999046 0.0015369649 -0.0010608912 0.999998271 -0.00074642984 0.00111217168 0.999999046 -0.000993126188 0.00112100679 0.999998808 0.00116124295 -0.00131077203 0.99999851 0.00108810759 -0.00131025945 0.999998569 -0.00133970671 0.000924735039 0.999998689 0.0017400994 0.000659932673 -0.999998271 -0.000332346972 -0.00134839118 -0.999999046 -0.00120104908 0.00135570287 -0.999998331 -0.000528263685 0.00100652175 -0.999999344 -2.48267088e-06 0.00176860299 -0.999998391 0.00140301173 -0.000344061235 -0.999998927 0.00176415592 0.000214207525 -0.999998391 -0.00105393096 0.000727477658 -0.999999166 -0.00159680576 0.000595332356 -0.99999851 -0.000262717978 0.00106588739 -0.999999344 -2.4899125e-06 -0.00130282075 -0.999999166 0 -0.00130059593 -0.999999166 -0.0012773819 0.000484445132 -0.999999046 0.00127125962 -0.000154359033 -0.999999166 0 0.00138874468 -0.999998987 -0.000514814281 0.001180436 -0.999999166 0.000332353608 -0.00134841818 -0.999999046 0.00106714957 -0.000713061367 -0.999999166 0.0012773542 -0.000484436954 -0.999999046 -0.00116698211 0.000141697368 -0.999999225 -0.00136608863 -0.00016587328 -0.999999046 -0.00126975949 7.17049916e-05 -0.999999166 0.000603271648 -0.00115473883 -0.999999166 0.000604430563 -0.00115164299 -0.999999106 0.00107039104 -0.000738838164 -0.999999106 0.000920927036 -0.00103951152 -0.999999046 0.000311860524 0.00126526668 -0.999999166 -0.00134743901 -0.000511014601 -0.999998987 1.10631481e-05 0.00170181307 -0.99999851 0.000841757399 0.00160383608 -0.999998331 0.00165296276 0.000629435177 -0.999998391 -0.00109106849 -0.000753110799 -0.999999166 -0.00106298551 -0.000758968992 -0.999999166 0.000753791188 0.000850851997 -0.999999344 -0.000920908176 -0.00103949208 -0.999998987 0.000903461594 0.000623616041 -0.999999404 0.000953451206 0.00140360871 -0.999998569 -0.00060762366 -0.00115242484 -0.999999106 -0.000604419562 -0.00115162064 -0.999999106 -0.19062303 0.76180768 0.619121909 0.493706346 0.586250603 0.642311692 0.483856678 0.550061285 0.680672705 -0.298769355 0.564406216 0.769534051 0.29477796 0.56650269 0.7695328 0.774289608 0.294381589 0.560192049 0.658259034 0.0872586295 0.747717142 0.828992486 0.338544816 0.445150226 -0.522821307 0.585960984 0.619118392 -0.543692946 0.595836937 0.591080606 0.185240939 0.763138831 0.619116127 0.185760871 0.759754181 0.623110294 -0.908395708 0.206619754 0.36349085 -0.520434201 0.356525064 0.775911152 -0.00225525885 0.638599992 0.769535661 0.548687279 0.307824731 0.777294159 -0.806420565 0.146992669 0.57278198 -0.739532709 0.217951328 0.636858344 -0.18859379 0.75905776 0.623108149 -0.936831951 0.0195513591 -0.349232823 0.370884955 0.507927179 -0.777466595 -0.164679676 0.74854666 -0.642307103 0.534921527 0.599528313 -0.595335841 -0.370882183 0.712753296 -0.595339477 -0.34340176 0.526897013 -0.777466893 0.301301152 0.569195986 -0.765005529 0.770812869 0.0347942002 -0.636110783 -0.425362051 0.483558714 -0.765008509 0.190612406 0.761773527 -0.619167268 0.186353102 0.755985916 -0.62750113 0.590901732 0.221720994 -0.775677085 -0.641206563 0.442191213 -0.627153099 -0.645644188 0.449028015 -0.617670894 0.00225350051 0.638602853 -0.769533098 0.604327857 0.413995206 -0.680731952 0.664179325 0.422231406 -0.616916895 -0.824416459 0.0522300862 -0.563568592 -0.597277522 0.234414518 -0.767013252 -0.172796041 0.711859524 -0.680733025 -0.991432071 -0.122100361 -0.0464113988 -0.924733698 -0.373877019 0.0712993965 -0.9326877 -0.357494295 0.0478692278 -0.820115447 -0.570369363 -0.0457106642 -0.685821295 -0.727761626 0.00349407434 -0.659719825 -0.749985337 0.0478714183 -0.415056586 -0.908178866 0.0542137697 -0.461581558 -0.887068689 0.00717919832 -0.235639215 -0.970764935 -0.0457108989 0.0216638967 -0.997219622 0.0713002235 0.00352627994 -0.998847306 0.0478711724 0.242487103 -0.96907717 -0.0457112305 0.43727386 -0.899321556 0.00349382078 0.467308968 -0.882797062 0.0478709266 0.701981544 -0.710128784 0.0542139895 0.665745199 -0.746144593 0.00717914104 0.824120641 -0.56456691 -0.0457109027 0.939783037 -0.333249748 0.0758445933 0.932554841 -0.358228952 0.0448713191 0.994715869 -0.0954329297 -0.0378534384 -0.995966792 -0.0660141185 -0.0607649013 -0.99166894 -0.128620774 -0.00703025982 -0.935187459 -0.350903124 -0.0478677414 -0.923664629 -0.383185893 -0.00349519914 -0.824120402 -0.564567149 0.0457109362 -0.665742636 -0.746146917 -0.00717732776 -0.701980948 -0.710129321 -0.0542141013 -0.467306584 -0.882798493 -0.047868643 -0.4372738 -0.899321675 -0.00349539239 -0.242484286 -0.969077885 0.045711264 -0.00352321425 -0.998847485 -0.0478684381 -0.021663893 -0.997219503 -0.071301274 0.235641956 -0.970764339 0.0457110405 0.461067438 -0.886073112 -0.047866676 0.444246829 -0.893062651 -0.0713010579 0.659789264 -0.750059128 0.0457110181 0.820032954 -0.57031101 -0.0478678197 0.808387399 -0.584316552 -0.0713020712 0.933403254 -0.355814964 0.0464121439 0.989086032 -0.13394931 -0.0613703504 0.987314641 -0.141704977 -0.0716198236 0 0 1 0 0 1 0 0 1 0 0 1 0 0 1 0 0 1 0 0 1 0 0 1 0 0 1 0 0 1 0 0 1 0 0 1 0 0 1 0 0 1 0 0 1 0 0 1 0 0 1 0 0 1 0 0 1 0 0 1 0 0 1 0 0 1 0 0 1 0 0 1 0 0 1 0 0 1 0 0 1 0 0 1 0 0 -1 0 0 -1 0 0 -1 0 -0 -1 0 0 -1 0 0 -1 0 0 -1 0 0 -1 0 0 -1 0 -0 -1 0 0 -1 0 -0 -1 0 0 -1 0 0 -1 0 -0 -1 0 0 -1 0 0 -1 0 0 -1 0 0 -1 0 -0 -1 0 -0 -1 0 0 -1 0 0 -1 0 0 -1 0 0 -1 0 -0 -1 0 0 -1 0 -0 -1 -0.302982748 0.952908754 0.0128951212 -0.174561128 0.984561861 -0.0128951455 -0.593076169 0.805093765 -0.00920662843 -0.585793197 0.81043452 -0.00650341203 -0.892411351 0.451159179 0.00757405441 -0.915073574 0.403096169 -0.0124057597 -0.984950483 -0.172390714 0.0124057513 -0.98458153 -0.174542233 0.0115854889 -0.762619853 -0.646609485 0.0175290257 -0.833476365 -0.552322507 -0.016030075 -0.374824405 -0.927081645 -0.0051390389 -0.368805915 -0.929475605 -0.00757406745 0.0196061619 0.298395663 0.954240859 0.0322895683 0.286578655 0.957512498 0.0952526852 0.272215754 0.957510114 0.0934451744 0.274864107 0.956931412 0.154010966 0.245106682 0.957185149 0.153296128 0.247139037 0.956777215 0.204690978 0.204691499 0.95718497 0.204697087 0.20463796 0.957195103 0.245107263 0.154011041 0.95718497 0.245101407 0.15395838 0.957194924 0.273132622 0.0955731198 0.957216978 0.273164749 0.0956654847 0.95719862 0.291606337 0.0328560695 0.955973983 0.28872478 0.0277926959 0.957008719 0.289591223 -0.032629028 0.95659411 0.292188704 -0.0301202647 0.955886245 0.275976539 -0.09656813 0.956300974 0.270839125 -0.0994775668 0.957470775 0.246640667 -0.154974848 0.956635296 0.239755332 -0.157023102 0.958050668 0.205598399 -0.205598488 0.95679599 0.198583379 -0.206076846 0.958173811 0.154450208 -0.245805591 0.956935048 0.14862442 -0.24506855 0.958046019 0.0996684134 -0.284836709 0.953380406 0.0308535919 -0.27383408 0.961281896 0.0852530748 -0.275735557 0.957445502 0.896816075 0.0677735806 0.437181473 -0.431540847 0.666922867 0.607442439 -0.306977063 0.549551725 0.777018607 -0.501432836 0.531559348 0.682649076 0.168567628 0.693872213 0.70009023 0.191199437 0.563351035 0.803790033 0.660651803 0.112866461 0.742159367 -0.443705201 0.498528391 0.744711459 -0.232932851 0.913246572 0.334249675 -0.893930197 0.0738867968 0.44207409 -0.639738202 0.416651338 0.645861268 0.655382872 0.247602031 0.713559091 0.619806409 0.215508968 0.75458324 -0.597273886 0.405355394 0.692062795 0.65087527 0.747749865 0.131268904 -0.723284364 0.29020372 0.626611233 -0.689922988 0.115673102 0.714580953 -0.650461495 0.225803331 0.725198328 0.013027925 0.650106549 0.759731352 0.0339522846 0.581399202 0.812909722 0.586791754 0.397606999 0.705396414 0.555726051 0.34907499 0.754529834 0.482521087 0.792972803 0.371978015 -0.113904081 0.624253571 0.772873402 0.455671459 0.455541193 0.76475215 0.451099634 0.442241758 0.775197566 -0.157390699 0.551048756 0.819495857 -0.173044994 0.578249872 0.79729706 0.34064278 0.534629703 0.773390949 0.369546413 0.625814259 0.686871171 0.993712068 0.111965969 0 0.992706239 0.120536476 0.00231040292 0.935007811 0.354601681 0.0042671077 0.943881571 0.330277354 -0.00213401834 0.822969079 0.568055928 0.00586864166 0.846717238 0.532028794 -0.00391276553 0.663106859 0.74849087 0.00711451238 0.707096696 0.707096696 -0.00533642434 0.464708 0.885427833 0.00800506305 0.532021999 0.846706331 -0.00640489627 0.239307165 0.970906377 0.00853910763 0.330269933 0.943859696 -0.00711700274 -0 0.999962032 0.00871709082 0.111961029 0.99368453 -0.00747345109 -0.239307195 0.970906377 0.00853910856 -0.111961015 0.99368453 -0.00747345202 -0.464708447 0.885427535 0.00800515153 -0.330269873 0.943859756 -0.00711698504 -0.663106263 0.748491526 0.00711471448 -0.532021999 0.846706331 -0.00640468113 -0.822969079 0.568055928 0.00586870406 -0.707096517 0.707096815 -0.00533638149 -0.935008228 0.354600459 0.00426716218 -0.846717358 0.532028496 -0.00391275343 -0.992706239 0.120536476 0.00231088535 -0.943881392 0.330277592 -0.00213356642 -0.993712246 0.111964166 0 0.992226303 0.12444263 -0.00103099342 0.992459416 0.122573577 0.000154320936 0.93438518 0.356258303 -0.00211603963 0.937024832 0.349255025 0.00234464416 0.822171986 0.569231987 -0.00286290399 0.827043414 0.56213367 0.00219343393 0.662053645 0.74944973 -0.00316808862 0.668751478 0.743480861 0.00275787991 0.463194877 0.886249363 -0.00353785744 0.242435172 0.9701671 -0.000984926359 0.465169609 0.885218799 -0.00223085494 0.243103802 0.969999254 -0.0014091765 -0.00183596218 0.999993563 -0.00307488046 -0.236197218 0.97170186 -0.00251549645 0.00551649928 0.999983907 0.00132874749 -0.243445188 0.969912589 0.00200270349 -0.466351002 0.884597242 -0.00210404908 -0.660806477 0.750555098 -0.0013906057 -0.46564126 0.884972036 -0.00161490822 -0.821306169 0.570486128 -0.00133817794 -0.665127158 0.746727049 0.00213402277 -0.823414087 0.567440152 0.000899648468 -0.935741365 0.352684855 -0.00125846907 -0.992089212 0.125525922 -0.00151110429 -0.93490988 0.354884982 0.000195715591 -0.992390633 0.123129144 4.95427594e-05 0.291459531 0.0353896245 -0.955928326 0.27094084 0.102754012 -0.957095981 0.28893587 0.0312415529 -0.956838608 0.238491073 0.164618641 -0.957090735 0.271099418 0.103206545 -0.957002401 0.192164943 0.216909736 -0.957090795 0.238534614 0.165072039 -0.957001805 0.134671643 0.25659433 -0.957090855 0.192098737 0.217360407 -0.957001865 0.0693506449 0.281367987 -0.957090676 0.134499058 0.257016987 -0.957001746 0 0.289788276 -0.957090795 0.0690827593 0.281735957 -0.957001746 -0.069350563 0.28136763 -0.957090795 -0.000348626432 0.290081829 -0.957001805 -0.134671703 0.256594747 -0.957090735 -0.0697594732 0.281569332 -0.957001686 -0.192165151 0.216909543 -0.957090855 -0.135116309 0.256692588 -0.957001865 -0.23849079 0.164618433 -0.957090855 -0.192620516 0.216898084 -0.957001805 -0.270956814 0.102760464 -0.957090735 -0.238930866 0.16449815 -0.957001746 -0.287735641 0.0349374674 -0.957072377 -0.271195024 0.102627754 -0.957037568 -0.291938663 0.0310352407 -0.955933452 -0.471244782 0.530638695 -0.704521716 -0.472844511 0.534916759 -0.700201511 0.70978868 0.120493412 -0.694032669 0.894356966 0.0794420689 -0.440243691 -0.586978972 0.404123038 -0.701526999 -0.58976686 0.408202022 -0.696811438 0.666531801 0.253693134 -0.700981498 0.675532997 0.253693998 -0.692311049 -0.668547273 0.255603492 -0.698363423 -0.661756337 0.249641061 -0.706935644 -0.69697547 0.116021618 -0.707646906 -0.892908216 0.0760412067 -0.443770856 0.586449087 0.405837715 -0.700980246 0.586015582 0.405729651 -0.701405108 0.472284138 0.534390628 -0.700980961 0.471891105 0.534183025 -0.701403737 0.331320107 0.631004691 -0.701469958 0.329243779 0.629157186 -0.704102099 0.169714749 0.692138672 -0.701527536 0.170569077 0.693366528 -0.700106442 -0.000853420876 0.710098207 -0.704102159 0.00129635655 0.715790272 -0.698314071 -0.171376884 0.691726506 -0.701530039 -0.171190709 0.693213284 -0.700106502 -0.331495672 0.634400547 -0.698316932 -0.330753952 0.628361523 -0.704104841 -0.0188716911 -0.299076647 0.954042494 -0.0322895199 -0.286578327 0.957512558 -0.0952523351 -0.272216201 0.957509995 -0.0934453085 -0.274863631 0.956931472 -0.154009968 -0.245104909 0.957185745 -0.153292611 -0.24714385 0.9567765 -0.204689533 -0.204689533 0.957185686 -0.204694569 -0.204645634 0.95719403 -0.245104924 -0.154009938 0.957185745 -0.245100111 -0.153966665 0.957193911 -0.273230106 -0.0956070349 0.957185805 -0.273215741 -0.0955657586 0.957193971 -0.291595072 -0.0328553207 0.95597738 -0.288650364 -0.0276806988 0.957034409 -0.288295448 0.0324835293 0.956990361 -0.292178899 0.0287256781 0.95593214 -0.275976181 0.0965680107 0.956301093 -0.270831943 0.0994813144 0.957472503 -0.246640712 0.154974654 0.956635416 -0.239754871 0.157023087 0.958050787 -0.205598086 0.205598503 0.95679605 -0.198583364 0.206076846 0.958173752 -0.154472202 0.245840713 0.956922472 -0.0951877758 0.272030205 0.957569242 -0.148548141 0.245119855 0.958044708 -0.0310486816 0.275565207 0.960780799 -0.085140042 0.286741823 0.954217076 -0.89661324 -0.0700994954 0.437230736 0.42667219 -0.662514687 0.615650177 0.303028077 -0.545611143 0.781333804 0.443289191 -0.497704506 0.745509863 -0.168294922 -0.695187628 0.698849797 0.501338005 -0.531458557 0.682797194 -0.191200092 -0.563350022 0.803790629 0.233051002 -0.913609564 0.33317402 0.893044829 -0.0840888321 0.442040861 -0.674644828 -0.114543125 0.729201138 0.641205966 -0.41830048 0.643334746 0.600199759 -0.407400012 0.688320696 -0.657495856 -0.245197371 0.712444663 -0.630752802 -0.220626265 0.74395901 0.762795925 -0.118478566 0.635692775 0.733647108 -0.271199614 0.6230672 -0.650876224 -0.747749627 0.131265119 0.717823744 -0.271786988 0.640984356 -0.0124037592 -0.633199751 0.773889065 -0.0297525022 -0.576489985 0.816562295 -0.555733681 -0.349098712 0.754513204 -0.586784184 -0.397601992 0.705405533 -0.48252061 -0.792972624 0.371978909 0.11533042 -0.628625929 0.769108772 -0.455673158 -0.455564111 0.764737368 -0.451088905 -0.44223085 0.775210023 0.164269343 -0.563668549 0.809501946 0.173512056 -0.579583645 0.796226323 -0.340650946 -0.534675241 0.773355842 -0.369532824 -0.62579298 0.686897874 -0.993712246 -0.111964159 -0 -0.99270618 -0.120536476 0.00231088907 -0.935008109 -0.354600698 0.00426714821 -0.943881333 -0.33027792 -0.00213355874 -0.822969496 -0.568055212 0.00586875342 -0.846717775 -0.532027841 -0.00391272129 -0.663105249 -0.748492301 0.00711467396 -0.707095861 -0.70709765 -0.00533644529 -0.464709759 -0.885426879 0.00800487958 -0.532021761 -0.84670651 -0.00640463457 -0.239305869 -0.970906734 0.00853933208 -0.330271453 -0.94385916 -0.0071172663 0 -0.999962032 0.00871749502 -0.111961015 -0.99368453 -0.00747305062 0.239305824 -0.970906675 0.00853933021 0.111961029 -0.99368453 -0.00747304782 0.464709282 -0.885427058 0.00800478552 0.330271542 -0.94385916 -0.007117284 0.663105965 -0.748491704 0.00711447559 0.532021761 -0.84670651 -0.0064048497 0.822969496 -0.568055212 0.00586868497 0.707095921 -0.707097411 -0.00533649093 0.935007632 -0.35460192 0.00426709559 0.846717596 -0.532028079 -0.00391272828 0.99270618 -0.120536476 0.00231040758 0.943881452 -0.330277652 -0.00213401183 0.993712068 -0.111965954 0 -0.992465615 -0.122523323 0.000163373901 -0.992225707 -0.12444745 -0.00106508343 -0.934385359 -0.356257588 -0.00211581727 -0.93678081 -0.349911362 0.00192705391 -0.822171628 -0.569232583 -0.00286291633 -0.827043176 -0.562133968 0.00219365652 -0.662053823 -0.749449551 -0.00316824717 -0.668751895 -0.743480563 0.00275787315 -0.463194251 -0.886249721 -0.00353786489 -0.242313609 -0.970197439 -0.000983681995 -0.465168923 -0.885219097 -0.00223085447 -0.00281904009 -0.999994814 -0.00160413224 -0.243145198 -0.969988704 -0.00150585815 0.236576378 -0.97161001 -0.00235570525 -0.00308731874 -0.999993563 -0.00176666561 0.462113202 -0.88681525 -0.00316464296 0.243429884 -0.969916701 0.00187265873 0.467271835 -0.884113669 0.000273147307 0.664501727 -0.747286201 -0.000868789619 0.821224988 -0.570602119 -0.00164183113 0.660931826 -0.750443101 0.00206829188 0.9340204 -0.357212305 -0.00227848417 0.823405385 -0.567453265 0.000674867188 0.935822487 -0.352470696 0.000866098912 0.992393851 -0.123103656 -0.000103952225 0.992357254 -0.123398267 8.84657129e-05 -0.291454464 -0.035388995 -0.955929935 -0.270938694 -0.102753505 -0.957096636 -0.288937241 -0.031251628 -0.956837773 -0.238489062 -0.164617538 -0.957091391 -0.271099746 -0.103213273 -0.957001507 -0.192163631 -0.216907293 -0.95709157 -0.238533303 -0.165078431 -0.95700109 -0.134670138 -0.25659278 -0.957091451 -0.192096084 -0.217366815 -0.957000911 -0.0693503469 -0.281365156 -0.95709157 -0.134494945 -0.257021934 -0.95700103 0 -0.289785802 -0.95709151 -0.0690773726 -0.281740069 -0.95700103 0.069350332 -0.281365097 -0.95709151 0.00035476379 -0.290084511 -0.95700103 0.134670183 -0.256592482 -0.95709151 0.0697662383 -0.281570196 -0.95700103 0.192163706 -0.216907769 -0.95709151 0.135123387 -0.256692171 -0.957000971 0.238488957 -0.164617449 -0.957091451 0.192627326 -0.216896087 -0.957000911 0.270954907 -0.102759242 -0.957091451 0.238936558 -0.164495096 -0.957000911 0.287733048 -0.0349371396 -0.957073212 0.27120015 -0.102622509 -0.957036614 0.291943729 -0.0310272258 -0.955932081 -0.709789276 -0.120497413 -0.694031298 -0.894527018 -0.0793862119 -0.439907998 0.584529221 -0.402415961 -0.704547405 0.587130487 -0.406222492 -0.700186491 -0.675559819 -0.253700107 -0.692282677 0.663685203 -0.250352919 -0.704872608 -0.666506767 -0.253699452 -0.701003134 0.699020565 -0.116469376 -0.705553114 0.669963062 -0.255934089 -0.696883976 0.892908037 -0.0754622892 -0.443870157 -0.586031437 -0.405739486 -0.701386213 -0.586418808 -0.405836046 -0.701006532 -0.471900553 -0.534194052 -0.701389074 -0.472254813 -0.534381151 -0.701007903 -0.331326455 -0.63101548 -0.701457262 -0.329216778 -0.62913835 -0.704131544 -0.171625465 -0.693023264 -0.70018822 -0.168988585 -0.689240992 -0.704549313 0.000867881579 -0.70965445 -0.704549372 -0.00202182634 -0.717149138 -0.696916819 0.169662774 -0.696793616 -0.696916878 0.170674533 -0.688828409 -0.704546452 0.332518011 -0.635535836 -0.696796954 0.331939816 -0.630582571 -0.701556504 0.471513838 -0.530920088 -0.704129636 0.47369355 -0.536644101 -0.698303282 0.998260558 0.052396372 -0.027027756 0.80493325 0.593053579 0.0192337967 0.814192057 0.580517769 0.00951269735 0.209234059 0.977676392 0.019233821 0.269080758 0.962925613 -0.0192337949 -0.451147139 0.892388344 0.0104548931 -0.403067768 0.915009975 -0.0171236154 -0.859537244 0.51029247 0.0282354765 -0.810419023 0.585781872 -0.00897711702 -0.993543625 0.105296604 -0.04223492 0.942443907 0.334194243 -0.010660205 0.927041233 0.374807984 0.0106602069 0.679184794 0.733889937 -0.0106601249 0.646672308 0.762693405 0.0106601808 0.260332286 0.9654603 -0.0106601883 0.2181582 0.975855231 0.0106601482 -0.185921013 0.982522726 -0.00908490084 -0.491631061 0.870573401 -0.0200213045 -0.260295272 0.96532315 0.0199436042 -0.790553033 0.612028778 -0.0211349484 -0.678884089 0.733564734 0.0316104889 -0.94536972 0.325650543 0.0150906323 -0.923565507 0.383143514 -0.0150905838 -0.997587562 0.0661236644 0.021135008 -0.993543625 -0.105296664 0.0422349498 -0.782124996 -0.6228863 0.0171235632 -0.839608073 -0.542107046 -0.0343249813 -0.254074216 -0.967128217 0.0104548801 -0.305063009 -0.95217824 -0.017123621 0.305063009 -0.95217818 0.0171235688 0.254074275 -0.967128217 -0.0104548745 0.814191878 -0.580517948 -0.00951271877 0.804933071 -0.593053818 -0.0192337912 0.998260558 -0.0523964576 0.0270278007 0 0 1 0 0 1 0 0 1 0 0 1 -0 0 1 0 0 1 0 0 1 0 0 1 -0 0 1 0 0 1 0 0 1 0 0 1 0 0 1 -0 0 1 -0 0 1 0 0 1 -0 0 1 0 0 1 0 0 1 0 0 1 -0 0 1 0 0 1 0 0 1 0 0 1 -0 0 1 -0 0 -1 0 0 -1 0 0 -1 -0 0 -1 0 -0 -1 0 -0 -1 0 -0 -1 0 0 -1 0 0 -1 -0 0 -1 -0 0 -1 -0 0 -1 0 -0 -1 -0 0 -1 0 0 -1 0 0 -1 0 -0 -1 -0 0 -1 0 -0 -1 0 0 -1 -0 0 -1 0 0 -1 0 0 -1 -0 0 -1 0 0 -1 -0.994595349 -0.0988977104 -0.0316105299 -0.834961593 -0.549946666 -0.0199436508 -0.945287883 -0.32562238 0.0200212281 -0.790697157 -0.612140059 0.00908488594 -0.512369096 -0.858717263 -0.00908494182 -0.209347963 -0.977841198 -0 -0.491729558 -0.870747983 -0 -0.185921252 -0.982522607 0.00908491295 0.185921252 -0.982522607 -0.00908491295 0.491729468 -0.870748043 0 0.209347963 -0.977841198 0 0.512368917 -0.858717382 0.00908490643 0.810405731 -0.585772097 -0.0106601706 0.835080385 -0.550024748 0.0106601631 0.989800513 -0.142061323 -0.0106601669 0.995036125 -0.0989418104 0.0106601398</float_array>
          <technique_common>
            <accessor count="1840" source="#cubenormals-array0-array" stride="3">
              <param name="X" type="float" />
              <param name="Y" type="float" />
              <param name="Z" type="float" />
            </accessor>
          </technique_common>
        </source>
        <vertices id="cubeverts-array0-vertices">
          <input semantic="POSITION" source="#cubeverts-array0" />
        </vertices>
        <triangles count="1840" material="ref_Part__Feature">
          <input offset="0" semantic="VERTEX" source="#cubeverts-array0-vertices" />
          <input offset="1" semantic="NORMAL" source="#cubenormals-array0" />
          <p>0 0 1 0 2 0 2 1 3 1 4 1 1 2 3 2 2 2 4 3 5 3 6 3 3 4 5 4 4 4 6 5 7 5 8 5 5 6 7 6 6 6 8 7 9 7 10 7 7 8 9 8 8 8 9 9 11 9 10 9 12 10 13 10 14 10 15 11 12 11 14 11 15 12 14 12 16 12 17 13 15 13 16 13 17 14 16 14 18 14 19 15 17 15 18 15 19 16 18 16 20 16 21 17 20 17 22 17 21 18 19 18 20 18 23 19 22 19 24 19 23 20 21 20 22 20 23 21 24 21 25 21 26 22 23 22 25 22 27 23 26 23 25 23 10 24 11 24 28 24 28 25 29 25 30 25 11 26 29 26 28 26 30 27 31 27 32 27 29 28 31 28 30 28 32 29 33 29 34 29 31 30 33 30 32 30 34 31 0 31 35 31 33 32 0 32 34 32 35 33 0 33 2 33 27 34 36 34 1 34 19 35 31 35 29 35 19 36 29 36 17 36 7 37 37 37 38 37 27 38 1 38 0 38 9 39 38 39 39 39 9 40 7 40 38 40 5 41 40 41 37 41 5 42 37 42 7 42 11 43 39 43 12 43 11 44 9 44 39 44 26 45 27 45 0 45 21 46 33 46 31 46 21 47 31 47 19 47 23 48 0 48 33 48 23 49 26 49 0 49 41 50 40 50 5 50 23 51 33 51 21 51 3 52 41 52 5 52 15 53 11 53 12 53 42 54 41 54 3 54 29 55 11 55 15 55 17 56 29 56 15 56 36 57 42 57 3 57 36 58 3 58 1 58 32 59 34 59 20 59 18 60 32 60 20 60 13 61 43 61 10 61 4 62 44 62 45 62 2 63 4 63 45 63 18 64 30 64 32 64 4 65 46 65 44 65 25 66 2 66 45 66 6 67 47 67 46 67 13 68 10 68 28 68 6 69 46 69 4 69 16 70 30 70 18 70 14 71 13 71 28 71 14 72 28 72 30 72 14 73 30 73 16 73 35 74 2 74 25 74 6 75 48 75 47 75 35 76 25 76 24 76 8 77 49 77 48 77 8 78 48 78 6 78 34 79 24 79 22 79 34 80 35 80 24 80 10 81 49 81 8 81 43 82 49 82 10 82 20 83 34 83 22 83 27 84 25 84 45 84 36 85 45 85 44 85 36 86 27 86 45 86 42 87 36 87 44 87 42 88 44 88 46 88 41 89 46 89 47 89 41 90 42 90 46 90 40 91 41 91 47 91 40 92 47 92 48 92 37 93 48 93 49 93 37 94 40 94 48 94 38 95 37 95 49 95 38 96 49 96 43 96 39 97 38 97 43 97 39 98 43 98 13 98 12 99 39 99 13 99 50 100 51 100 52 100 50 101 52 101 53 101 50 102 53 102 54 102 55 103 54 103 56 103 55 104 50 104 54 104 57 105 55 105 56 105 58 106 56 106 59 106 58 107 57 107 56 107 60 108 59 108 61 108 60 109 58 109 59 109 62 110 61 110 63 110 62 111 60 111 61 111 64 112 63 112 65 112 64 113 62 113 63 113 66 114 65 114 67 114 66 115 64 115 65 115 68 116 67 116 69 116 68 117 66 117 67 117 70 118 69 118 71 118 70 119 68 119 69 119 72 120 71 120 73 120 72 121 70 121 71 121 74 122 73 122 75 122 74 123 72 123 73 123 76 124 75 124 77 124 76 125 74 125 75 125 78 126 77 126 79 126 78 127 76 127 77 127 80 128 81 128 78 128 80 129 78 129 82 129 83 130 64 130 66 130 83 131 84 131 64 131 85 132 66 132 68 132 85 133 83 133 66 133 86 134 80 134 82 134 86 135 82 135 87 135 88 136 85 136 68 136 88 137 68 137 70 137 89 138 70 138 72 138 89 139 88 139 70 139 90 140 86 140 87 140 90 141 87 141 91 141 89 142 92 142 88 142 93 143 89 143 72 143 93 144 72 144 74 144 94 145 91 145 95 145 94 146 90 146 91 146 93 147 92 147 89 147 96 148 95 148 97 148 96 149 94 149 95 149 98 150 93 150 74 150 99 151 97 151 100 151 98 152 74 152 76 152 99 153 100 153 101 153 99 154 96 154 97 154 99 155 101 155 102 155 98 156 76 156 78 156 98 157 81 157 93 157 81 158 98 158 78 158 103 159 104 159 105 159 105 160 106 160 107 160 104 161 106 161 105 161 107 162 108 162 109 162 106 163 108 163 107 163 109 164 110 164 111 164 108 165 110 165 109 165 111 166 112 166 113 166 110 167 112 167 111 167 113 168 114 168 115 168 112 169 114 169 113 169 115 170 116 170 52 170 114 171 116 171 115 171 52 172 117 172 53 172 116 173 117 173 52 173 53 174 118 174 54 174 117 175 118 175 53 175 54 176 119 176 56 176 118 177 119 177 54 177 56 178 120 178 59 178 119 179 120 179 56 179 59 180 121 180 61 180 120 181 121 181 59 181 61 182 122 182 63 182 121 183 122 183 61 183 63 184 123 184 65 184 122 185 123 185 63 185 124 186 84 186 83 186 124 187 125 187 84 187 126 188 83 188 85 188 126 189 124 189 83 189 127 190 85 190 88 190 127 191 126 191 85 191 128 192 88 192 92 192 128 193 127 193 88 193 129 194 92 194 93 194 129 195 128 195 92 195 130 196 93 196 81 196 130 197 129 197 93 197 131 198 81 198 80 198 131 199 130 199 81 199 132 200 80 200 86 200 132 201 131 201 80 201 133 202 86 202 90 202 133 203 132 203 86 203 134 204 90 204 94 204 134 205 133 205 90 205 135 206 94 206 96 206 135 207 134 207 94 207 136 208 96 208 99 208 136 209 135 209 96 209 137 210 99 210 102 210 137 211 136 211 99 211 138 212 104 212 139 212 140 213 139 213 141 213 140 214 138 214 139 214 142 215 141 215 143 215 142 216 140 216 141 216 144 217 143 217 145 217 144 218 142 218 143 218 146 219 145 219 147 219 146 220 144 220 145 220 148 221 147 221 149 221 148 222 146 222 147 222 150 223 149 223 151 223 150 224 148 224 149 224 152 225 151 225 153 225 152 226 150 226 151 226 154 227 153 227 155 227 154 228 152 228 153 228 156 229 155 229 157 229 156 230 154 230 155 230 158 231 157 231 159 231 158 232 156 232 157 232 160 233 159 233 161 233 160 234 158 234 159 234 162 235 161 235 123 235 162 236 160 236 161 236 163 237 162 237 123 237 148 238 150 238 131 238 148 239 131 239 132 239 162 240 163 240 124 240 146 241 132 241 133 241 146 242 148 242 132 242 144 243 133 243 134 243 160 244 162 244 124 244 144 245 146 245 133 245 160 246 124 246 126 246 136 247 137 247 138 247 158 248 160 248 126 248 142 249 134 249 135 249 142 250 144 250 134 250 158 251 126 251 127 251 140 252 135 252 136 252 140 253 142 253 135 253 140 254 136 254 138 254 156 255 127 255 128 255 156 256 158 256 127 256 154 257 156 257 128 257 154 258 128 258 129 258 152 259 129 259 130 259 152 260 154 260 129 260 150 261 152 261 130 261 150 262 130 262 131 262 124 263 163 263 125 263 78 264 79 264 164 264 82 265 78 265 164 265 87 266 164 266 165 266 87 267 82 267 164 267 91 268 165 268 166 268 91 269 87 269 165 269 95 270 166 270 167 270 95 271 91 271 166 271 97 272 167 272 168 272 97 273 95 273 167 273 100 274 168 274 169 274 100 275 97 275 168 275 101 276 169 276 103 276 101 277 100 277 169 277 170 278 103 278 105 278 170 279 101 279 103 279 171 280 105 280 107 280 171 281 170 281 105 281 172 282 107 282 109 282 172 283 171 283 107 283 173 284 109 284 111 284 173 285 172 285 109 285 174 286 111 286 113 286 174 287 173 287 111 287 175 288 113 288 115 288 175 289 174 289 113 289 51 290 115 290 52 290 51 291 175 291 115 291 176 292 177 292 51 292 176 293 51 293 50 293 178 294 101 294 170 294 178 295 102 295 101 295 179 296 178 296 170 296 179 297 170 297 171 297 180 298 50 298 55 298 181 299 179 299 171 299 180 300 176 300 50 300 181 301 171 301 172 301 182 302 181 302 172 302 182 303 172 303 173 303 183 304 55 304 57 304 183 305 180 305 55 305 182 306 184 306 181 306 185 307 182 307 173 307 185 308 173 308 174 308 186 309 57 309 58 309 186 310 183 310 57 310 185 311 184 311 182 311 187 312 58 312 60 312 187 313 186 313 58 313 188 314 185 314 174 314 189 315 60 315 62 315 189 316 187 316 60 316 189 317 62 317 64 317 188 318 174 318 175 318 188 319 175 319 51 319 189 320 64 320 84 320 188 321 177 321 185 321 177 322 188 322 51 322 65 323 123 323 67 323 67 324 161 324 69 324 123 325 161 325 67 325 69 326 159 326 71 326 161 327 159 327 69 327 71 328 157 328 73 328 159 329 157 329 71 329 73 330 155 330 75 330 157 331 155 331 73 331 75 332 153 332 77 332 155 333 153 333 75 333 77 334 151 334 79 334 153 335 151 335 77 335 79 336 149 336 164 336 151 337 149 337 79 337 164 338 147 338 165 338 149 339 147 339 164 339 165 340 145 340 166 340 147 341 145 341 165 341 166 342 143 342 167 342 145 343 143 343 166 343 167 344 141 344 168 344 143 345 141 345 167 345 168 346 139 346 169 346 141 347 139 347 168 347 169 348 104 348 103 348 139 349 104 349 169 349 190 350 137 350 102 350 190 351 102 351 178 351 191 352 178 352 179 352 191 353 190 353 178 353 192 354 179 354 181 354 192 355 191 355 179 355 193 356 181 356 184 356 193 357 192 357 181 357 194 358 184 358 185 358 194 359 193 359 184 359 195 360 185 360 177 360 195 361 194 361 185 361 196 362 177 362 176 362 196 363 195 363 177 363 197 364 176 364 180 364 197 365 196 365 176 365 198 366 180 366 183 366 198 367 197 367 180 367 199 368 183 368 186 368 199 369 198 369 183 369 200 370 186 370 187 370 200 371 199 371 186 371 201 372 187 372 189 372 201 373 200 373 187 373 125 374 189 374 84 374 125 375 201 375 189 375 163 376 123 376 122 376 202 377 122 377 121 377 202 378 163 378 122 378 203 379 121 379 120 379 203 380 202 380 121 380 204 381 120 381 119 381 204 382 203 382 120 382 205 383 119 383 118 383 205 384 204 384 119 384 206 385 118 385 117 385 206 386 205 386 118 386 207 387 117 387 116 387 207 388 206 388 117 388 208 389 116 389 114 389 208 390 207 390 116 390 209 391 114 391 112 391 209 392 208 392 114 392 210 393 112 393 110 393 210 394 209 394 112 394 211 395 110 395 108 395 211 396 210 396 110 396 212 397 108 397 106 397 212 398 211 398 108 398 213 399 106 399 104 399 213 400 212 400 106 400 138 401 213 401 104 401 206 402 196 402 197 402 190 403 138 403 137 403 206 404 207 404 196 404 205 405 197 405 198 405 205 406 206 406 197 406 213 407 138 407 190 407 204 408 198 408 199 408 204 409 205 409 198 409 201 410 125 410 163 410 212 411 213 411 190 411 203 412 204 412 199 412 203 413 199 413 200 413 212 414 190 414 191 414 202 415 203 415 200 415 202 416 201 416 163 416 202 417 200 417 201 417 211 418 191 418 192 418 211 419 212 419 191 419 210 420 211 420 192 420 210 421 192 421 193 421 209 422 210 422 193 422 209 423 193 423 194 423 208 424 194 424 195 424 208 425 209 425 194 425 207 426 208 426 195 426 207 427 195 427 196 427 214 428 215 428 216 428 214 429 216 429 217 429 218 430 214 430 217 430 218 431 217 431 219 431 220 432 218 432 219 432 221 433 219 433 222 433 221 434 220 434 219 434 221 435 222 435 223 435 224 436 221 436 223 436 225 437 223 437 226 437 225 438 224 438 223 438 225 439 226 439 227 439 228 440 225 440 227 440 228 441 227 441 229 441 230 442 228 442 229 442 231 443 230 443 229 443 232 444 233 444 234 444 234 445 233 445 235 445 235 446 236 446 237 446 233 447 236 447 235 447 237 448 238 448 239 448 236 449 238 449 237 449 239 450 240 450 241 450 238 451 240 451 239 451 241 452 242 452 243 452 240 453 242 453 241 453 243 454 244 454 245 454 242 455 244 455 243 455 245 456 246 456 247 456 244 457 246 457 245 457 247 458 248 458 249 458 246 459 248 459 247 459 231 460 229 460 250 460 231 461 250 461 251 461 252 462 231 462 251 462 253 463 251 463 254 463 253 464 252 464 251 464 255 465 254 465 256 465 255 466 253 466 254 466 257 467 255 467 256 467 257 468 256 468 258 468 259 469 257 469 258 469 259 470 258 470 260 470 261 471 259 471 260 471 261 472 260 472 215 472 262 473 261 473 215 473 214 474 262 474 215 474 230 475 263 475 228 475 264 476 263 476 230 476 257 477 233 477 232 477 244 478 218 478 220 478 257 479 259 479 233 479 231 480 264 480 230 480 246 481 220 481 221 481 246 482 244 482 220 482 242 483 214 483 218 483 242 484 218 484 244 484 240 485 214 485 242 485 231 486 265 486 264 486 248 487 221 487 224 487 248 488 246 488 221 488 255 489 257 489 232 489 255 490 232 490 266 490 252 491 267 491 265 491 252 492 265 492 231 492 262 493 214 493 240 493 253 494 266 494 267 494 253 495 255 495 266 495 225 496 248 496 224 496 253 497 267 497 252 497 238 498 262 498 240 498 261 499 262 499 238 499 268 500 248 500 225 500 236 501 261 501 238 501 269 502 268 502 225 502 228 503 269 503 225 503 259 504 261 504 236 504 233 505 259 505 236 505 263 506 269 506 228 506 270 507 271 507 250 507 222 508 247 508 249 508 222 509 219 509 247 509 237 510 260 510 258 510 229 511 270 511 250 511 235 512 237 512 258 512 223 513 249 513 272 513 223 514 222 514 249 514 239 515 215 515 260 515 239 516 260 516 237 516 234 517 258 517 256 517 234 518 235 518 258 518 241 519 215 519 239 519 229 520 273 520 270 520 227 521 274 521 273 521 216 522 215 522 241 522 227 523 273 523 229 523 275 524 234 524 256 524 226 525 272 525 274 525 226 526 223 526 272 526 254 527 275 527 256 527 227 528 226 528 274 528 243 529 216 529 241 529 217 530 216 530 243 530 245 531 217 531 243 531 276 532 275 532 254 532 251 533 276 533 254 533 219 534 217 534 245 534 247 535 219 535 245 535 271 536 276 536 251 536 250 537 271 537 251 537 249 538 248 538 272 538 248 539 268 539 272 539 272 540 269 540 274 540 268 541 269 541 272 541 274 542 263 542 273 542 269 543 263 543 274 543 273 544 264 544 270 544 263 545 264 545 273 545 270 546 265 546 271 546 264 547 265 547 270 547 271 548 267 548 276 548 265 549 267 549 271 549 276 550 266 550 275 550 267 551 266 551 276 551 266 552 232 552 275 552 275 553 232 553 234 553 277 554 278 554 279 554 279 555 278 555 280 555 280 556 281 556 282 556 278 557 281 557 280 557 282 558 283 558 284 558 281 559 283 559 282 559 284 560 285 560 286 560 283 561 285 561 284 561 286 562 287 562 288 562 285 563 287 563 286 563 288 564 289 564 290 564 287 565 289 565 288 565 290 566 291 566 292 566 289 567 291 567 290 567 292 568 293 568 294 568 291 569 293 569 292 569 295 570 296 570 297 570 298 571 295 571 297 571 299 572 297 572 300 572 299 573 298 573 297 573 299 574 300 574 301 574 302 575 299 575 301 575 302 576 301 576 303 576 304 577 302 577 303 577 304 578 303 578 305 578 306 579 304 579 305 579 307 580 305 580 308 580 307 581 306 581 305 581 309 582 308 582 310 582 309 583 307 583 308 583 311 584 310 584 312 584 311 585 309 585 310 585 294 586 313 586 314 586 293 587 313 587 294 587 314 588 315 588 316 588 313 589 315 589 314 589 316 590 315 590 317 590 315 591 318 591 317 591 317 592 318 592 319 592 319 593 320 593 321 593 318 594 320 594 319 594 321 595 322 595 323 595 320 596 322 596 321 596 323 597 277 597 279 597 322 598 277 598 323 598 318 599 315 599 302 599 289 600 324 600 325 600 304 601 318 601 302 601 287 602 324 602 289 602 285 603 326 603 324 603 285 604 324 604 287 604 291 605 325 605 295 605 311 606 278 606 277 606 311 607 327 607 278 607 291 608 289 608 325 608 304 609 320 609 318 609 285 610 328 610 326 610 309 611 311 611 277 611 293 612 291 612 295 612 306 613 320 613 304 613 283 614 328 614 285 614 309 615 277 615 322 615 307 616 322 616 320 616 293 617 295 617 298 617 307 618 320 618 306 618 307 619 309 619 322 619 313 620 298 620 299 620 313 621 293 621 298 621 329 622 328 622 283 622 281 623 329 623 283 623 315 624 313 624 299 624 302 625 315 625 299 625 327 626 329 626 281 626 327 627 281 627 278 627 296 628 290 628 292 628 296 629 330 629 290 629 303 630 319 630 305 630 303 631 317 631 319 631 282 632 331 632 332 632 280 633 332 633 333 633 280 634 282 634 332 634 296 635 292 635 294 635 284 636 331 636 282 636 280 637 333 637 312 637 297 638 296 638 294 638 284 639 334 639 331 639 301 640 316 640 317 640 301 641 317 641 303 641 297 642 294 642 314 642 301 643 314 643 316 643 279 644 280 644 312 644 286 645 334 645 284 645 300 646 297 646 314 646 300 647 314 647 301 647 335 648 334 648 286 648 279 649 312 649 310 649 323 650 279 650 310 650 288 651 335 651 286 651 323 652 310 652 308 652 330 653 335 653 288 653 330 654 288 654 290 654 321 655 323 655 308 655 305 656 321 656 308 656 319 657 321 657 305 657 327 658 312 658 333 658 327 659 311 659 312 659 327 660 333 660 332 660 329 661 327 661 332 661 329 662 332 662 331 662 328 663 329 663 331 663 328 664 331 664 334 664 326 665 334 665 335 665 326 666 328 666 334 666 324 667 326 667 335 667 324 668 335 668 330 668 325 669 324 669 330 669 325 670 330 670 296 670 295 671 325 671 296 671 336 672 337 672 338 672 336 673 339 673 337 673 340 674 338 674 341 674 340 675 336 675 338 675 342 676 341 676 343 676 342 677 340 677 341 677 344 678 343 678 345 678 344 679 342 679 343 679 346 680 345 680 347 680 346 681 344 681 345 681 348 682 347 682 349 682 348 683 346 683 347 683 350 684 349 684 351 684 350 685 348 685 349 685 352 686 351 686 353 686 352 687 350 687 351 687 354 688 353 688 355 688 354 689 352 689 353 689 356 690 355 690 357 690 356 691 354 691 355 691 358 692 357 692 359 692 358 693 356 693 357 693 360 694 359 694 361 694 360 695 358 695 359 695 362 696 361 696 363 696 362 697 360 697 361 697 364 698 365 698 366 698 367 699 368 699 369 699 370 700 371 700 372 700 370 701 372 701 373 701 374 702 367 702 369 702 374 703 369 703 375 703 376 704 377 704 378 704 370 705 373 705 379 705 374 706 375 706 380 706 376 707 378 707 381 707 364 708 379 708 382 708 364 709 370 709 379 709 371 710 380 710 383 710 371 711 374 711 380 711 367 712 376 712 381 712 367 713 381 713 368 713 364 714 384 714 365 714 364 715 382 715 384 715 371 716 383 716 372 716 385 717 386 717 387 717 388 718 389 718 390 718 391 719 385 719 392 719 393 720 388 720 390 720 393 721 390 721 394 721 395 722 396 722 397 722 398 723 391 723 392 723 398 724 392 724 399 724 400 725 393 725 394 725 401 726 395 726 397 726 401 727 397 727 402 727 403 728 399 728 404 728 405 729 398 729 399 729 386 730 394 730 387 730 386 731 400 731 394 731 389 732 401 732 402 732 389 733 402 733 390 733 403 734 404 734 406 734 403 735 405 735 399 735 385 736 387 736 392 736 365 737 407 737 408 737 408 738 409 738 410 738 407 739 409 739 408 739 410 740 411 740 412 740 409 741 411 741 410 741 412 742 411 742 413 742 413 743 414 743 415 743 411 744 414 744 413 744 415 745 416 745 417 745 414 746 416 746 415 746 417 747 416 747 418 747 418 748 419 748 420 748 416 749 419 749 418 749 420 750 419 750 421 750 421 751 422 751 423 751 419 752 422 752 421 752 423 753 422 753 424 753 424 754 425 754 426 754 422 755 425 755 424 755 426 756 425 756 377 756 406 757 427 757 428 757 428 758 427 758 429 758 427 759 430 759 429 759 429 760 431 760 432 760 430 761 431 761 429 761 431 762 433 762 432 762 432 763 434 763 435 763 433 764 434 764 432 764 435 765 436 765 437 765 434 766 436 766 435 766 436 767 438 767 437 767 437 768 439 768 440 768 438 769 439 769 437 769 439 770 441 770 440 770 440 771 442 771 443 771 441 772 442 772 440 772 442 773 444 773 443 773 443 774 445 774 446 774 444 775 445 775 443 775 446 776 396 776 447 776 445 777 396 777 446 777 448 778 449 778 450 778 450 779 451 779 452 779 449 780 451 780 450 780 451 781 453 781 452 781 452 782 453 782 454 782 453 783 455 783 454 783 454 784 455 784 456 784 455 785 457 785 456 785 456 786 457 786 458 786 457 787 459 787 458 787 458 788 459 788 460 788 459 789 461 789 460 789 462 790 362 790 363 790 462 791 363 791 463 791 464 792 463 792 465 792 464 793 462 793 463 793 466 794 465 794 467 794 466 795 464 795 465 795 468 796 467 796 469 796 468 797 466 797 467 797 470 798 469 798 471 798 470 799 468 799 469 799 472 800 471 800 473 800 472 801 470 801 471 801 474 802 473 802 475 802 474 803 472 803 473 803 476 804 475 804 477 804 476 805 474 805 475 805 478 806 477 806 479 806 478 807 476 807 477 807 480 808 479 808 481 808 480 809 478 809 479 809 482 810 481 810 483 810 482 811 480 811 481 811 484 812 483 812 485 812 484 813 482 813 483 813 339 814 485 814 337 814 339 815 484 815 485 815 463 816 366 816 465 816 349 817 347 817 374 817 486 818 481 818 479 818 487 819 479 819 477 819 487 820 486 820 479 820 363 821 364 821 366 821 363 822 366 822 463 822 488 823 483 823 481 823 488 824 481 824 486 824 487 825 477 825 475 825 351 826 374 826 371 826 351 827 349 827 374 827 488 828 485 828 483 828 361 829 364 829 363 829 489 830 475 830 473 830 489 831 487 831 475 831 353 832 351 832 371 832 359 833 370 833 364 833 359 834 364 834 361 834 376 835 337 835 485 835 376 836 338 836 337 836 376 837 485 837 488 837 355 838 371 838 370 838 355 839 353 839 371 839 357 840 370 840 359 840 357 841 355 841 370 841 471 842 489 842 473 842 341 843 338 843 376 843 490 844 489 844 471 844 469 845 490 845 471 845 491 846 490 846 469 846 343 847 341 847 376 847 367 848 343 848 376 848 467 849 491 849 469 849 345 850 343 850 367 850 465 851 491 851 467 851 465 852 366 852 491 852 347 853 367 853 374 853 347 854 345 854 367 854 352 855 354 855 392 855 387 856 352 856 392 856 484 857 397 857 492 857 484 858 492 858 482 858 493 859 464 859 466 859 350 860 352 860 387 860 494 861 466 861 468 861 494 862 493 862 466 862 493 863 462 863 464 863 494 864 468 864 470 864 339 865 397 865 484 865 404 866 362 866 462 866 404 867 462 867 493 867 495 868 470 868 472 868 495 869 494 869 470 869 348 870 387 870 394 870 348 871 350 871 387 871 336 872 402 872 397 872 336 873 397 873 339 873 346 874 394 874 390 874 495 875 472 875 474 875 346 876 348 876 394 876 340 877 402 877 336 877 399 878 360 878 362 878 344 879 346 879 390 879 399 880 362 880 404 880 342 881 390 881 402 881 342 882 344 882 390 882 342 883 402 883 340 883 496 884 474 884 476 884 496 885 495 885 474 885 399 886 358 886 360 886 496 887 476 887 478 887 399 888 356 888 358 888 492 889 496 889 478 889 480 890 492 890 478 890 354 891 356 891 399 891 392 892 354 892 399 892 482 893 492 893 480 893 488 894 377 894 376 894 490 895 491 895 412 895 487 896 489 896 418 896 490 897 412 897 413 897 486 898 420 898 421 898 486 899 487 899 420 899 490 900 413 900 415 900 366 901 365 901 408 901 486 902 421 902 423 902 489 903 415 903 417 903 489 904 490 904 415 904 366 905 408 905 410 905 488 906 486 906 423 906 488 907 423 907 424 907 489 908 417 908 418 908 491 909 410 909 412 909 491 910 366 910 410 910 488 911 426 911 377 911 488 912 424 912 426 912 487 913 418 913 420 913 439 914 438 914 495 914 433 915 493 915 494 915 433 916 431 916 493 916 441 917 439 917 496 917 434 918 433 918 494 918 430 919 404 919 493 919 427 920 406 920 404 920 427 921 404 921 430 921 442 922 441 922 496 922 442 923 496 923 492 923 436 924 434 924 494 924 436 925 494 925 495 925 445 926 492 926 397 926 444 927 442 927 492 927 438 928 436 928 495 928 431 929 430 929 493 929 445 930 397 930 396 930 445 931 444 931 492 931 439 932 495 932 496 932 425 933 497 933 377 933 377 934 497 934 378 934 378 935 498 935 381 935 497 936 498 936 378 936 381 937 498 937 368 937 368 938 499 938 369 938 498 939 499 939 368 939 369 940 500 940 375 940 499 941 500 941 369 941 375 942 500 942 380 942 380 943 501 943 383 943 500 944 501 944 380 944 383 945 501 945 372 945 372 946 502 946 373 946 501 947 502 947 372 947 373 948 502 948 379 948 379 949 503 949 382 949 502 950 503 950 379 950 382 951 503 951 384 951 384 952 407 952 365 952 503 953 407 953 384 953 396 954 395 954 447 954 447 955 401 955 504 955 395 956 401 956 447 956 401 957 389 957 504 957 504 958 388 958 505 958 389 959 388 959 504 959 505 960 393 960 506 960 388 961 393 961 505 961 393 962 400 962 506 962 506 963 386 963 507 963 400 964 386 964 506 964 386 965 385 965 507 965 507 966 391 966 508 966 385 967 391 967 507 967 508 968 398 968 509 968 391 969 398 969 508 969 398 970 405 970 509 970 509 971 403 971 428 971 405 972 403 972 509 972 403 973 406 973 428 973 409 974 450 974 411 974 500 975 499 975 510 975 456 976 422 976 419 976 456 977 458 977 422 977 407 978 448 978 450 978 407 979 450 979 409 979 500 980 510 980 511 980 456 981 419 981 416 981 460 982 425 982 422 982 460 983 422 983 458 983 501 984 500 984 511 984 503 985 512 985 448 985 503 986 448 986 407 986 454 987 416 987 414 987 503 988 513 988 512 988 454 989 456 989 416 989 502 990 511 990 513 990 514 991 497 991 425 991 502 992 501 992 511 992 502 993 513 993 503 993 514 994 425 994 460 994 514 995 498 995 497 995 452 996 414 996 411 996 452 997 454 997 414 997 515 998 498 998 514 998 450 999 452 999 411 999 499 1000 515 1000 510 1000 499 1001 498 1001 515 1001 507 1002 516 1002 517 1002 507 1003 508 1003 516 1003 446 1004 461 1004 459 1004 446 1005 459 1005 443 1005 451 1006 429 1006 432 1006 451 1007 432 1007 453 1007 447 1008 461 1008 446 1008 506 1009 517 1009 518 1009 455 1010 432 1010 435 1010 455 1011 453 1011 432 1011 506 1012 507 1012 517 1012 447 1013 519 1013 520 1013 447 1014 520 1014 461 1014 449 1015 429 1015 451 1015 455 1016 435 1016 437 1016 449 1017 428 1017 429 1017 504 1018 519 1018 447 1018 505 1019 506 1019 518 1019 457 1020 437 1020 440 1020 504 1021 518 1021 519 1021 457 1022 455 1022 437 1022 504 1023 505 1023 518 1023 521 1024 428 1024 449 1024 521 1025 509 1025 428 1025 516 1026 509 1026 521 1026 443 1027 457 1027 440 1027 443 1028 459 1028 457 1028 508 1029 509 1029 516 1029 460 1030 461 1030 514 1030 461 1031 520 1031 514 1031 514 1032 519 1032 515 1032 520 1033 519 1033 514 1033 515 1034 519 1034 510 1034 519 1035 518 1035 510 1035 510 1036 518 1036 511 1036 518 1037 517 1037 511 1037 511 1038 517 1038 513 1038 517 1039 516 1039 513 1039 513 1040 516 1040 512 1040 516 1041 521 1041 512 1041 512 1042 521 1042 448 1042 521 1043 449 1043 448 1043 522 1044 523 1044 524 1044 522 1045 525 1045 523 1045 526 1046 524 1046 527 1046 526 1047 522 1047 524 1047 528 1048 527 1048 529 1048 528 1049 526 1049 527 1049 530 1050 529 1050 531 1050 530 1051 528 1051 529 1051 532 1052 531 1052 533 1052 532 1053 530 1053 531 1053 534 1054 533 1054 535 1054 534 1055 532 1055 533 1055 536 1056 535 1056 537 1056 536 1057 534 1057 535 1057 538 1058 537 1058 539 1058 538 1059 536 1059 537 1059 540 1060 539 1060 541 1060 540 1061 538 1061 539 1061 542 1062 541 1062 543 1062 542 1063 540 1063 541 1063 544 1064 543 1064 545 1064 544 1065 542 1065 543 1065 546 1066 545 1066 547 1066 546 1067 544 1067 545 1067 548 1068 547 1068 549 1068 548 1069 546 1069 547 1069 550 1070 551 1070 552 1070 553 1071 554 1071 555 1071 556 1072 550 1072 557 1072 558 1073 555 1073 559 1073 558 1074 553 1074 555 1074 560 1075 561 1075 562 1075 563 1076 556 1076 557 1076 564 1077 558 1077 559 1077 563 1078 557 1078 565 1078 566 1079 560 1079 562 1079 566 1080 562 1080 567 1080 568 1081 565 1081 569 1081 551 1082 559 1082 552 1082 570 1083 563 1083 565 1083 551 1084 564 1084 559 1084 554 1085 567 1085 555 1085 554 1086 566 1086 567 1086 568 1087 569 1087 571 1087 568 1088 570 1088 565 1088 550 1089 552 1089 557 1089 572 1090 573 1090 574 1090 575 1091 576 1091 577 1091 578 1092 579 1092 580 1092 578 1093 580 1093 581 1093 582 1094 575 1094 577 1094 582 1095 577 1095 583 1095 584 1096 585 1096 586 1096 578 1097 581 1097 587 1097 582 1098 583 1098 588 1098 584 1099 586 1099 589 1099 572 1100 587 1100 590 1100 572 1101 578 1101 587 1101 579 1102 588 1102 591 1102 579 1103 582 1103 588 1103 575 1104 584 1104 589 1104 575 1105 589 1105 576 1105 572 1106 592 1106 573 1106 572 1107 590 1107 592 1107 579 1108 591 1108 580 1108 571 1109 593 1109 594 1109 594 1110 593 1110 595 1110 593 1111 596 1111 595 1111 595 1112 597 1112 598 1112 596 1113 597 1113 595 1113 597 1114 599 1114 598 1114 598 1115 600 1115 601 1115 599 1116 600 1116 598 1116 601 1117 602 1117 603 1117 600 1118 602 1118 601 1118 602 1119 604 1119 603 1119 603 1120 605 1120 606 1120 604 1121 605 1121 603 1121 605 1122 607 1122 606 1122 606 1123 608 1123 609 1123 607 1124 608 1124 606 1124 608 1125 610 1125 609 1125 609 1126 611 1126 612 1126 610 1127 611 1127 609 1127 612 1128 561 1128 613 1128 611 1129 561 1129 612 1129 573 1130 614 1130 615 1130 615 1131 616 1131 617 1131 614 1132 616 1132 615 1132 617 1133 618 1133 619 1133 616 1134 618 1134 617 1134 619 1135 618 1135 620 1135 620 1136 621 1136 622 1136 618 1137 621 1137 620 1137 622 1138 623 1138 624 1138 621 1139 623 1139 622 1139 624 1140 623 1140 625 1140 625 1141 626 1141 627 1141 623 1142 626 1142 625 1142 627 1143 626 1143 628 1143 628 1144 629 1144 630 1144 626 1145 629 1145 628 1145 630 1146 629 1146 631 1146 631 1147 632 1147 633 1147 629 1148 632 1148 631 1148 633 1149 632 1149 585 1149 634 1150 635 1150 636 1150 635 1151 637 1151 636 1151 636 1152 638 1152 639 1152 637 1153 638 1153 636 1153 639 1154 640 1154 641 1154 638 1155 640 1155 639 1155 641 1156 640 1156 642 1156 640 1157 643 1157 642 1157 642 1158 643 1158 644 1158 643 1159 645 1159 644 1159 644 1160 645 1160 646 1160 645 1161 647 1161 646 1161 646 1162 647 1162 648 1162 647 1163 649 1163 648 1163 650 1164 548 1164 549 1164 650 1165 549 1165 651 1165 652 1166 651 1166 653 1166 652 1167 650 1167 651 1167 654 1168 653 1168 655 1168 654 1169 652 1169 653 1169 656 1170 655 1170 657 1170 656 1171 654 1171 655 1171 658 1172 657 1172 659 1172 658 1173 656 1173 657 1173 660 1174 659 1174 661 1174 660 1175 658 1175 659 1175 662 1176 661 1176 663 1176 662 1177 660 1177 661 1177 664 1178 663 1178 665 1178 664 1179 662 1179 663 1179 666 1180 665 1180 667 1180 666 1181 664 1181 665 1181 668 1182 667 1182 669 1182 668 1183 666 1183 667 1183 670 1184 669 1184 671 1184 670 1185 668 1185 669 1185 672 1186 671 1186 673 1186 672 1187 670 1187 671 1187 525 1188 673 1188 523 1188 525 1189 672 1189 673 1189 538 1190 540 1190 557 1190 552 1191 538 1191 557 1191 672 1192 562 1192 674 1192 672 1193 674 1193 670 1193 675 1194 652 1194 654 1194 536 1195 538 1195 552 1195 676 1196 654 1196 656 1196 676 1197 675 1197 654 1197 675 1198 650 1198 652 1198 676 1199 656 1199 658 1199 525 1200 562 1200 672 1200 569 1201 548 1201 650 1201 569 1202 650 1202 675 1202 677 1203 658 1203 660 1203 677 1204 676 1204 658 1204 534 1205 552 1205 559 1205 534 1206 536 1206 552 1206 522 1207 567 1207 562 1207 522 1208 562 1208 525 1208 532 1209 559 1209 555 1209 677 1210 660 1210 662 1210 532 1211 534 1211 559 1211 526 1212 567 1212 522 1212 565 1213 546 1213 548 1213 530 1214 532 1214 555 1214 565 1215 548 1215 569 1215 528 1216 555 1216 567 1216 528 1217 530 1217 555 1217 528 1218 567 1218 526 1218 678 1219 662 1219 664 1219 678 1220 677 1220 662 1220 565 1221 544 1221 546 1221 678 1222 664 1222 666 1222 565 1223 542 1223 544 1223 674 1224 678 1224 666 1224 668 1225 674 1225 666 1225 540 1226 542 1226 565 1226 557 1227 540 1227 565 1227 670 1228 674 1228 668 1228 651 1229 574 1229 653 1229 535 1230 533 1230 582 1230 679 1231 669 1231 667 1231 680 1232 667 1232 665 1232 680 1233 679 1233 667 1233 549 1234 572 1234 574 1234 549 1235 574 1235 651 1235 681 1236 671 1236 669 1236 681 1237 669 1237 679 1237 680 1238 665 1238 663 1238 537 1239 582 1239 579 1239 537 1240 535 1240 582 1240 681 1241 673 1241 671 1241 547 1242 572 1242 549 1242 682 1243 663 1243 661 1243 682 1244 680 1244 663 1244 539 1245 537 1245 579 1245 545 1246 578 1246 572 1246 545 1247 572 1247 547 1247 584 1248 523 1248 673 1248 584 1249 524 1249 523 1249 584 1250 673 1250 681 1250 541 1251 579 1251 578 1251 541 1252 539 1252 579 1252 543 1253 578 1253 545 1253 543 1254 541 1254 578 1254 659 1255 682 1255 661 1255 527 1256 524 1256 584 1256 683 1257 682 1257 659 1257 657 1258 683 1258 659 1258 684 1259 683 1259 657 1259 529 1260 527 1260 584 1260 575 1261 529 1261 584 1261 655 1262 684 1262 657 1262 531 1263 529 1263 575 1263 653 1264 684 1264 655 1264 653 1265 574 1265 684 1265 533 1266 575 1266 582 1266 533 1267 531 1267 575 1267 605 1268 604 1268 677 1268 599 1269 675 1269 676 1269 599 1270 597 1270 675 1270 607 1271 605 1271 678 1271 600 1272 599 1272 676 1272 596 1273 569 1273 675 1273 593 1274 571 1274 569 1274 593 1275 569 1275 596 1275 608 1276 607 1276 678 1276 608 1277 678 1277 674 1277 602 1278 600 1278 676 1278 602 1279 676 1279 677 1279 611 1280 674 1280 562 1280 610 1281 608 1281 674 1281 604 1282 602 1282 677 1282 597 1283 596 1283 675 1283 611 1284 562 1284 561 1284 611 1285 610 1285 674 1285 605 1286 677 1286 678 1286 681 1287 585 1287 584 1287 683 1288 684 1288 619 1288 680 1289 682 1289 625 1289 683 1290 619 1290 620 1290 679 1291 627 1291 628 1291 679 1292 680 1292 627 1292 683 1293 620 1293 622 1293 574 1294 573 1294 615 1294 679 1295 628 1295 630 1295 682 1296 622 1296 624 1296 682 1297 683 1297 622 1297 574 1298 615 1298 617 1298 681 1299 679 1299 630 1299 681 1300 630 1300 631 1300 682 1301 624 1301 625 1301 684 1302 617 1302 619 1302 684 1303 574 1303 617 1303 681 1304 633 1304 585 1304 681 1305 631 1305 633 1305 680 1306 625 1306 627 1306 561 1307 560 1307 613 1307 613 1308 566 1308 685 1308 560 1309 566 1309 613 1309 566 1310 554 1310 685 1310 685 1311 553 1311 686 1311 554 1312 553 1312 685 1312 686 1313 558 1313 687 1313 553 1314 558 1314 686 1314 558 1315 564 1315 687 1315 687 1316 551 1316 688 1316 564 1317 551 1317 687 1317 551 1318 550 1318 688 1318 688 1319 556 1319 689 1319 550 1320 556 1320 688 1320 689 1321 563 1321 690 1321 556 1322 563 1322 689 1322 563 1323 570 1323 690 1323 690 1324 568 1324 594 1324 570 1325 568 1325 690 1325 568 1326 571 1326 594 1326 632 1327 691 1327 585 1327 585 1328 691 1328 586 1328 586 1329 692 1329 589 1329 691 1330 692 1330 586 1330 589 1331 692 1331 576 1331 576 1332 693 1332 577 1332 692 1333 693 1333 576 1333 577 1334 694 1334 583 1334 693 1335 694 1335 577 1335 583 1336 694 1336 588 1336 588 1337 695 1337 591 1337 694 1338 695 1338 588 1338 591 1339 695 1339 580 1339 580 1340 696 1340 581 1340 695 1341 696 1341 580 1341 581 1342 696 1342 587 1342 587 1343 697 1343 590 1343 696 1344 697 1344 587 1344 590 1345 697 1345 592 1345 592 1346 614 1346 573 1346 697 1347 614 1347 592 1347 609 1348 698 1348 699 1348 688 1349 638 1349 637 1349 688 1350 689 1350 638 1350 645 1351 595 1351 598 1351 612 1352 698 1352 609 1352 688 1353 637 1353 635 1353 613 1354 698 1354 612 1354 647 1355 598 1355 601 1355 647 1356 645 1356 598 1356 643 1357 595 1357 645 1357 687 1358 688 1358 635 1358 647 1359 601 1359 603 1359 613 1360 700 1360 698 1360 643 1361 594 1361 595 1361 687 1362 635 1362 701 1362 649 1363 647 1363 603 1363 685 1364 701 1364 700 1364 685 1365 700 1365 613 1365 686 1366 687 1366 701 1366 685 1367 686 1367 701 1367 640 1368 594 1368 643 1368 702 1369 603 1369 606 1369 702 1370 649 1370 603 1370 640 1371 690 1371 594 1371 699 1372 702 1372 606 1372 638 1373 690 1373 640 1373 609 1374 699 1374 606 1374 689 1375 690 1375 638 1375 616 1376 644 1376 618 1376 616 1377 642 1377 644 1377 694 1378 703 1378 634 1378 694 1379 693 1379 703 1379 704 1380 629 1380 626 1380 614 1381 642 1381 616 1381 705 1382 704 1382 626 1382 706 1383 632 1383 629 1383 614 1384 641 1384 642 1384 706 1385 629 1385 704 1385 695 1386 634 1386 636 1386 648 1387 626 1387 623 1387 648 1388 705 1388 626 1388 695 1389 694 1389 634 1389 697 1390 641 1390 614 1390 697 1391 639 1391 641 1391 696 1392 636 1392 639 1392 706 1393 691 1393 632 1393 696 1394 695 1394 636 1394 696 1395 639 1395 697 1395 646 1396 623 1396 621 1396 646 1397 648 1397 623 1397 707 1398 692 1398 691 1398 707 1399 691 1399 706 1399 646 1400 621 1400 618 1400 644 1401 646 1401 618 1401 703 1402 692 1402 707 1402 693 1403 692 1403 703 1403 648 1404 702 1404 705 1404 649 1405 702 1405 648 1405 705 1406 702 1406 704 1406 702 1407 699 1407 704 1407 704 1408 699 1408 706 1408 699 1409 698 1409 706 1409 706 1410 698 1410 707 1410 698 1411 700 1411 707 1411 707 1412 701 1412 703 1412 700 1413 701 1413 707 1413 703 1414 701 1414 634 1414 701 1415 635 1415 634 1415 708 1416 709 1416 710 1416 708 1417 710 1417 711 1417 712 1418 711 1418 713 1418 712 1419 708 1419 711 1419 714 1420 713 1420 715 1420 714 1421 712 1421 713 1421 716 1422 715 1422 717 1422 716 1423 714 1423 715 1423 718 1424 717 1424 719 1424 718 1425 716 1425 717 1425 720 1426 719 1426 721 1426 720 1427 718 1427 719 1427 722 1428 721 1428 723 1428 722 1429 720 1429 721 1429 724 1430 723 1430 725 1430 724 1431 722 1431 723 1431 726 1432 725 1432 727 1432 726 1433 724 1433 725 1433 728 1434 727 1434 729 1434 728 1435 726 1435 727 1435 730 1436 729 1436 731 1436 730 1437 728 1437 729 1437 732 1438 731 1438 733 1438 732 1439 730 1439 731 1439 734 1440 733 1440 735 1440 734 1441 735 1441 736 1441 734 1442 732 1442 733 1442 737 1443 722 1443 738 1443 739 1444 740 1444 741 1444 739 1445 741 1445 742 1445 743 1446 739 1446 742 1446 708 1447 744 1447 745 1447 708 1448 712 1448 744 1448 720 1449 722 1449 737 1449 743 1450 742 1450 746 1450 747 1451 748 1451 741 1451 749 1452 750 1452 751 1452 752 1453 746 1453 753 1453 718 1454 737 1454 754 1454 718 1455 720 1455 737 1455 752 1456 743 1456 746 1456 755 1457 756 1457 757 1457 749 1458 752 1458 753 1458 758 1459 749 1459 751 1459 758 1460 752 1460 749 1460 709 1461 745 1461 748 1461 709 1462 708 1462 745 1462 716 1463 754 1463 756 1463 716 1464 718 1464 754 1464 744 1465 755 1465 757 1465 709 1466 748 1466 747 1466 714 1467 716 1467 756 1467 714 1468 756 1468 755 1468 740 1469 709 1469 747 1469 740 1470 747 1470 741 1470 712 1471 714 1471 755 1471 712 1472 755 1472 744 1472 759 1473 760 1473 761 1473 761 1474 760 1474 762 1474 762 1475 763 1475 764 1475 760 1476 763 1476 762 1476 764 1477 765 1477 766 1477 763 1478 765 1478 764 1478 766 1479 767 1479 768 1479 765 1480 767 1480 766 1480 768 1481 769 1481 770 1481 767 1482 769 1482 768 1482 770 1483 771 1483 772 1483 769 1484 771 1484 770 1484 772 1485 736 1485 773 1485 771 1486 736 1486 772 1486 773 1487 735 1487 774 1487 736 1488 735 1488 773 1488 774 1489 733 1489 775 1489 735 1490 733 1490 774 1490 775 1491 731 1491 776 1491 733 1492 731 1492 775 1492 776 1493 729 1493 777 1493 731 1494 729 1494 776 1494 777 1495 727 1495 778 1495 729 1496 727 1496 777 1496 778 1497 725 1497 779 1497 727 1498 725 1498 778 1498 725 1499 723 1499 779 1499 737 1500 780 1500 781 1500 737 1501 738 1501 780 1501 754 1502 781 1502 782 1502 754 1503 737 1503 781 1503 756 1504 782 1504 783 1504 756 1505 754 1505 782 1505 757 1506 783 1506 784 1506 757 1507 756 1507 783 1507 744 1508 784 1508 785 1508 744 1509 785 1509 786 1509 744 1510 757 1510 784 1510 745 1511 744 1511 786 1511 748 1512 786 1512 787 1512 748 1513 787 1513 788 1513 748 1514 745 1514 786 1514 741 1515 748 1515 788 1515 742 1516 788 1516 789 1516 742 1517 789 1517 790 1517 742 1518 741 1518 788 1518 746 1519 790 1519 791 1519 746 1520 742 1520 790 1520 753 1521 746 1521 791 1521 749 1522 791 1522 792 1522 749 1523 792 1523 793 1523 749 1524 753 1524 791 1524 750 1525 749 1525 793 1525 794 1526 779 1526 795 1526 796 1527 795 1527 797 1527 796 1528 794 1528 795 1528 798 1529 797 1529 799 1529 798 1530 796 1530 797 1530 800 1531 799 1531 801 1531 800 1532 798 1532 799 1532 802 1533 801 1533 803 1533 802 1534 800 1534 801 1534 804 1535 803 1535 805 1535 804 1536 802 1536 803 1536 806 1537 805 1537 807 1537 806 1538 804 1538 805 1538 808 1539 807 1539 809 1539 808 1540 806 1540 807 1540 810 1541 809 1541 811 1541 810 1542 808 1542 809 1542 812 1543 811 1543 813 1543 812 1544 810 1544 811 1544 814 1545 813 1545 815 1545 814 1546 812 1546 813 1546 816 1547 815 1547 817 1547 816 1548 814 1548 815 1548 818 1549 817 1549 761 1549 818 1550 816 1550 817 1550 819 1551 818 1551 761 1551 790 1552 812 1552 814 1552 790 1553 789 1553 812 1553 781 1554 794 1554 796 1554 781 1555 780 1555 794 1555 791 1556 814 1556 816 1556 791 1557 790 1557 814 1557 782 1558 796 1558 798 1558 782 1559 781 1559 796 1559 792 1560 791 1560 816 1560 792 1561 816 1561 818 1561 792 1562 818 1562 819 1562 792 1563 819 1563 793 1563 783 1564 798 1564 800 1564 783 1565 782 1565 798 1565 784 1566 800 1566 802 1566 784 1567 783 1567 800 1567 785 1568 784 1568 802 1568 785 1569 802 1569 804 1569 786 1570 804 1570 806 1570 786 1571 785 1571 804 1571 787 1572 806 1572 808 1572 787 1573 786 1573 806 1573 788 1574 808 1574 810 1574 788 1575 787 1575 808 1575 789 1576 788 1576 810 1576 789 1577 810 1577 812 1577 820 1578 734 1578 736 1578 820 1579 736 1579 771 1579 821 1580 771 1580 769 1580 821 1581 820 1581 771 1581 822 1582 769 1582 767 1582 822 1583 821 1583 769 1583 823 1584 767 1584 765 1584 823 1585 822 1585 767 1585 824 1586 765 1586 763 1586 824 1587 823 1587 765 1587 825 1588 763 1588 760 1588 825 1589 824 1589 763 1589 751 1590 760 1590 759 1590 751 1591 825 1591 760 1591 758 1592 759 1592 826 1592 758 1593 751 1593 759 1593 752 1594 826 1594 827 1594 752 1595 758 1595 826 1595 743 1596 827 1596 828 1596 743 1597 752 1597 827 1597 739 1598 828 1598 829 1598 739 1599 743 1599 828 1599 740 1600 829 1600 830 1600 740 1601 830 1601 831 1601 740 1602 739 1602 829 1602 709 1603 831 1603 710 1603 709 1604 740 1604 831 1604 832 1605 751 1605 750 1605 730 1606 732 1606 833 1606 730 1607 833 1607 834 1607 728 1608 834 1608 835 1608 820 1609 836 1609 837 1609 728 1610 730 1610 834 1610 820 1611 821 1611 836 1611 838 1612 839 1612 833 1612 840 1613 738 1613 722 1613 825 1614 751 1614 832 1614 726 1615 835 1615 841 1615 726 1616 728 1616 835 1616 824 1617 832 1617 842 1617 824 1618 825 1618 832 1618 724 1619 840 1619 722 1619 724 1620 726 1620 841 1620 843 1621 844 1621 845 1621 724 1622 841 1622 840 1622 734 1623 837 1623 839 1623 734 1624 820 1624 837 1624 823 1625 824 1625 842 1625 823 1626 842 1626 844 1626 836 1627 843 1627 845 1627 734 1628 839 1628 838 1628 822 1629 823 1629 844 1629 822 1630 844 1630 843 1630 732 1631 734 1631 838 1631 732 1632 838 1632 833 1632 821 1633 822 1633 843 1633 821 1634 843 1634 836 1634 723 1635 721 1635 779 1635 779 1636 721 1636 795 1636 795 1637 719 1637 797 1637 721 1638 719 1638 795 1638 797 1639 717 1639 799 1639 719 1640 717 1640 797 1640 799 1641 715 1641 801 1641 717 1642 715 1642 799 1642 801 1643 713 1643 803 1643 715 1644 713 1644 801 1644 803 1645 711 1645 805 1645 713 1646 711 1646 803 1646 805 1647 710 1647 807 1647 711 1648 710 1648 805 1648 807 1649 831 1649 809 1649 710 1650 831 1650 807 1650 809 1651 830 1651 811 1651 831 1652 830 1652 809 1652 811 1653 829 1653 813 1653 830 1654 829 1654 811 1654 813 1655 828 1655 815 1655 829 1656 828 1656 813 1656 815 1657 827 1657 817 1657 828 1658 827 1658 815 1658 817 1659 826 1659 761 1659 827 1660 826 1660 817 1660 826 1661 759 1661 761 1661 832 1662 750 1662 793 1662 832 1663 793 1663 846 1663 842 1664 846 1664 847 1664 842 1665 832 1665 846 1665 844 1666 847 1666 848 1666 844 1667 842 1667 847 1667 845 1668 848 1668 849 1668 845 1669 844 1669 848 1669 836 1670 849 1670 850 1670 836 1671 850 1671 851 1671 836 1672 845 1672 849 1672 837 1673 851 1673 852 1673 837 1674 836 1674 851 1674 839 1675 852 1675 853 1675 839 1676 837 1676 852 1676 833 1677 853 1677 854 1677 833 1678 839 1678 853 1678 834 1679 833 1679 854 1679 835 1680 854 1680 855 1680 835 1681 855 1681 856 1681 835 1682 834 1682 854 1682 841 1683 856 1683 857 1683 841 1684 835 1684 856 1684 840 1685 841 1685 857 1685 738 1686 857 1686 780 1686 738 1687 840 1687 857 1687 819 1688 761 1688 762 1688 858 1689 762 1689 764 1689 858 1690 819 1690 762 1690 859 1691 764 1691 766 1691 859 1692 858 1692 764 1692 860 1693 766 1693 768 1693 860 1694 859 1694 766 1694 861 1695 768 1695 770 1695 861 1696 860 1696 768 1696 862 1697 770 1697 772 1697 862 1698 861 1698 770 1698 863 1699 772 1699 773 1699 863 1700 862 1700 772 1700 864 1701 773 1701 774 1701 864 1702 863 1702 773 1702 865 1703 774 1703 775 1703 865 1704 864 1704 774 1704 866 1705 775 1705 776 1705 866 1706 865 1706 775 1706 867 1707 776 1707 777 1707 867 1708 866 1708 776 1708 868 1709 777 1709 778 1709 868 1710 867 1710 777 1710 869 1711 778 1711 779 1711 869 1712 868 1712 778 1712 794 1713 869 1713 779 1713 846 1714 819 1714 858 1714 846 1715 793 1715 819 1715 856 1716 867 1716 868 1716 856 1717 855 1717 867 1717 847 1718 846 1718 858 1718 857 1719 868 1719 869 1719 847 1720 858 1720 859 1720 857 1721 869 1721 794 1721 857 1722 856 1722 868 1722 857 1723 794 1723 780 1723 848 1724 847 1724 859 1724 848 1725 859 1725 860 1725 849 1726 848 1726 860 1726 849 1727 860 1727 861 1727 850 1728 849 1728 861 1728 850 1729 861 1729 862 1729 851 1730 850 1730 862 1730 851 1731 862 1731 863 1731 852 1732 863 1732 864 1732 852 1733 851 1733 863 1733 853 1734 852 1734 864 1734 853 1735 864 1735 865 1735 854 1736 853 1736 865 1736 854 1737 865 1737 866 1737 855 1738 866 1738 867 1738 855 1739 854 1739 866 1739 870 1740 871 1740 872 1740 872 1741 873 1741 874 1741 871 1742 873 1742 872 1742 874 1743 875 1743 876 1743 873 1744 875 1744 874 1744 876 1745 877 1745 878 1745 875 1746 877 1746 876 1746 878 1747 879 1747 880 1747 877 1748 879 1748 878 1748 879 1749 881 1749 880 1749 882 1750 883 1750 884 1750 885 1751 882 1751 884 1751 885 1752 884 1752 886 1752 887 1753 885 1753 886 1753 887 1754 886 1754 888 1754 889 1755 887 1755 888 1755 889 1756 888 1756 890 1756 891 1757 890 1757 892 1757 891 1758 889 1758 890 1758 893 1759 892 1759 894 1759 893 1760 891 1760 892 1760 893 1761 894 1761 895 1761 896 1762 893 1762 895 1762 897 1763 896 1763 895 1763 880 1764 881 1764 898 1764 898 1765 899 1765 900 1765 881 1766 899 1766 898 1766 900 1767 901 1767 902 1767 899 1768 901 1768 900 1768 902 1769 903 1769 904 1769 901 1770 903 1770 902 1770 904 1771 870 1771 905 1771 903 1772 870 1772 904 1772 905 1773 870 1773 872 1773 897 1774 906 1774 871 1774 889 1775 901 1775 899 1775 889 1776 899 1776 887 1776 877 1777 907 1777 908 1777 897 1778 871 1778 870 1778 879 1779 908 1779 909 1779 879 1780 877 1780 908 1780 875 1781 910 1781 907 1781 875 1782 907 1782 877 1782 881 1783 909 1783 882 1783 881 1784 879 1784 909 1784 896 1785 897 1785 870 1785 891 1786 903 1786 901 1786 891 1787 901 1787 889 1787 893 1788 870 1788 903 1788 893 1789 896 1789 870 1789 911 1790 910 1790 875 1790 893 1791 903 1791 891 1791 873 1792 911 1792 875 1792 885 1793 881 1793 882 1793 912 1794 911 1794 873 1794 899 1795 881 1795 885 1795 887 1796 899 1796 885 1796 906 1797 912 1797 873 1797 906 1798 873 1798 871 1798 902 1799 904 1799 890 1799 888 1800 902 1800 890 1800 883 1801 913 1801 880 1801 874 1802 914 1802 915 1802 872 1803 874 1803 915 1803 888 1804 900 1804 902 1804 874 1805 916 1805 914 1805 895 1806 872 1806 915 1806 876 1807 917 1807 916 1807 883 1808 880 1808 898 1808 876 1809 916 1809 874 1809 886 1810 900 1810 888 1810 884 1811 883 1811 898 1811 884 1812 898 1812 900 1812 884 1813 900 1813 886 1813 905 1814 872 1814 895 1814 876 1815 918 1815 917 1815 905 1816 895 1816 894 1816 878 1817 919 1817 918 1817 878 1818 918 1818 876 1818 904 1819 894 1819 892 1819 904 1820 905 1820 894 1820 880 1821 919 1821 878 1821 913 1822 919 1822 880 1822 890 1823 904 1823 892 1823 897 1824 895 1824 915 1824 906 1825 915 1825 914 1825 906 1826 897 1826 915 1826 912 1827 906 1827 914 1827 912 1828 914 1828 916 1828 911 1829 916 1829 917 1829 911 1830 912 1830 916 1830 910 1831 911 1831 917 1831 910 1832 917 1832 918 1832 907 1833 918 1833 919 1833 907 1834 910 1834 918 1834 908 1835 907 1835 919 1835 908 1836 919 1836 913 1836 909 1837 908 1837 913 1837 909 1838 913 1838 883 1838 882 1839 909 1839 883 1839</p>
        </triangles>
      </mesh>
    </geometry>
  </library_geometries>
  <library_materials>
    <material id="mat_Part__Feature" name="Part__Feature">
      <instance_effect url="#effect_Part__Feature" />
    </material>
  </library_materials>
  <library_visual_scenes>
    <visual_scene id="myscene">
      <node id="node0" name="node0">
        <instance_geometry url="#geometry0">
          <bind_material>
            <technique_common>
              <instance_material symbol="ref_Part__Feature" target="#mat_Part__Feature" />
            </technique_common>
          </bind_material>
        </instance_geometry>
      </node>
    </visual_scene>
  </library_visual_scenes>
  <scene>
    <instance_visual_scene url="#myscene" />
  </scene>
</COLLADA>