<?xml version='1.0' encoding='utf-8'?>
<COLLADA xmlns="http://www.collada.org/2005/11/COLLADASchema" version="1.4.1">
  <asset>
    <contributor />
    <created>2020-09-21T18:09:33.279672</created>
    <modified>2020-09-21T18:09:33.279672</modified>
    <unit meter="1.0" name="meter" />
    <up_axis>Z_UP</up_axis>
  </asset>
  <library_effects>
    <effect id="effect_Part__Feature" name="effect_Part__Feature">
      <profile_COMMON>
        <technique sid="common">
          <phong>
            <emission>
              <color>0.0 0.0 0.0 1.0</color>
            </emission>
            <ambient>
              <color>0.0 0.0 0.0 1.0</color>
            </ambient>
            <diffuse>
              <color>0.5960784554481506 0.6666666865348816 0.686274528503418 1.0</color>
            </diffuse>
            <specular>
              <color>1 1 1 1.0</color>
            </specular>
            <shininess>
              <float>0.0</float>
            </shininess>
            <reflective>
              <color>0.0 0.0 0.0 1.0</color>
            </reflective>
            <reflectivity>
              <float>0.0</float>
            </reflectivity>
            <transparent>
              <color>0.0 0.0 0.0 1.0</color>
            </transparent>
            <transparency>
              <float>1.0</float>
            </transparency>
          </phong>
        </technique>
        <extra>
          <technique profile="GOOGLEEARTH">
            <double_sided>0</double_sided>
          </technique>
        </extra>
      </profile_COMMON>
    </effect>
  </library_effects>
  <library_geometries>
    <geometry id="geometry0" name="Part__Feature">
      <mesh>
        <source id="cubeverts-array0">
          <float_array count="4869" id="cubeverts-array0-array">0.0209554955 0.0190817676 0.0359999985 0.0247473214 0.0253194571 0.0359999985 0.0247389041 0.0253185537 0.0403737128 0.0209464543 0.0190946963 0.040382266 0.0205635093 0.019869959 0.0409982167 0.023884574 0.0253718439 0.040992178 0.013657433 0.0192470104 0.0359999985 0.0101515837 0.0256497841 0.0359999985 0.0139436312 0.0318873413 0.0359999985 0.0212415289 0.0317221135 0.0359999985 0.0212321728 0.0317141749 0.0403777398 0.0110300807 0.0255950354 0.0409982167 0.014134326 0.0199679639 0.040992178 0.0207548514 0.0309886802 0.0409982204 0.0143295592 0.0311138835 0.040992178 0.0136667928 0.0192549471 0.0403777324 0.0101631265 0.025645664 0.0403778404 0.0139458338 0.0318752825 0.0403778441 0.00844390783 0.00630170526 0.00326037151 0.00936247781 0.00654166425 0.00116071594 0.00845462549 0.00546319271 0.00101255951 0.00706070568 0.00652767438 -0.00632592104 0.00561650284 0.00545699755 -0.00639583217 0.00698390556 0.00545699708 -0.00486574136 0.00596148055 0.00630170526 0.00681123324 0.00701558171 0.00546319271 0.00482587609 0.0056354492 0.00508732395 0.00636513485 0.00899181794 0.00630170433 -0.00103740115 0.00795669947 0.00546319224 -0.00303272111 0.00843854714 0.00508503709 -0.00102615217 0.0103887934 0.00683334842 0.00104237802 0.00577165745 0.00683344621 -0.00855727494 0.00331208506 0.00652767485 -0.00888283644 0.00766905677 0.00682928273 0.0063934396 0.00900423899 0.00682857959 -0.00426528277 -0.00114636042 0.00664339587 -0.00958140008 -2.80615623e-05 0.00548179261 -0.00851273444 0.00415820209 0.00630170526 0.00804010965 0.00394840259 0.00508732302 0.00752894953 0.00200081454 0.00545699522 -0.00827358384 0.00203541387 0.00541842729 0.00826007873 3.98461452e-06 0.00509935571 0.00850186683 -5.12069221e-07 0.00634528929 0.00909911934 0.00392265944 0.00545699801 -0.0075542205 0.00794878136 0.00508503662 0.00301321456 -0.000196962108 0.00683359848 -0.0104987137 0.00224875682 0.00651754253 0.00912564341 0.00270657265 0.00683334237 0.0100847846 -2.33098817e-05 -0.00575491413 0.00851039775 -0.00203642598 -0.00541592157 0.00825383607 -0.00202480122 0.00546319317 0.00827145763 -0.00395347504 0.00508732349 0.00752682472 -0.00394945918 -0.00541819865 0.0075289309 -0.0056398944 0.00508732116 0.00636210293 -0.00563649926 -0.00541819725 0.00636510877 -0.00699857529 0.0050873179 0.00482763909 -0.00699599832 -0.00541819399 0.00483136997 -0.00795055274 0.00508731697 0.0030126106 -0.00794894341 -0.0054181926 0.00301684951 -0.00844050385 0.00508732162 0.00102249987 -0.00843995623 -0.00541819679 0.00102700095 -0.00843995344 0.00508732069 -0.00102703471 -0.00844049826 -0.00541819679 -0.00102253328 -0.00794893224 0.00508731464 -0.00301688025 -0.00795053784 -0.00541819073 -0.00301264017 -0.00699597783 0.00508731883 -0.00483139697 -0.00699855248 -0.00541819399 -0.00482766423 -0.00563647225 0.00508731697 -0.00636512972 -0.00563986506 -0.00541819306 -0.00636212202 -0.00394942658 0.00508731743 -0.00752894441 -0.00395344058 -0.00541819306 -0.00752683589 -0.00203643763 0.00541842263 -0.00826007314 -0.00203529047 -0.00543260248 -0.00825541932 2.22859562e-05 -0.00575491227 -0.00851039309 0.0219699722 0.00508673117 0.00833476242 0.0227838568 0.00629073847 0.00282316701 0.021446174 0.00629072497 0.00819377787 0.0233261921 0.00508675165 0.00283468701 0.0227974113 0.00629073754 -0.00271153473 0.0214860421 0.00629072497 -0.00808864925 0.0195933748 0.00683300383 -0.0097753983 0.021891864 0.00683300383 0.000450033607 0.00554842316 0.00629073475 -0.0222779475 -5.11960195e-07 0.00651499117 -0.0226050634 0.00264583342 0.0068325894 -0.0217944812 0.0193395186 0.00508672884 -0.0133466693 0.0152659025 0.00629073149 -0.0171474386 0.0189259406 0.00629072217 -0.0129956817 0.0155834639 0.00508677261 -0.017587211 0.0106190778 0.00629073987 0.0203549024 0.016087763 0.00683300383 0.0148541695 0.00774621405 0.0068333135 0.0204264615 0.015181738 0.00629073987 0.017221991 0.0107186334 0.00629072962 -0.0203026626 0.0128061259 0.00683300383 -0.0177614484 -5.02131968e-07 0.00541453948 -0.0234928951 0.0193369128 0.00508675352 0.0133504467 0.0188620705 0.00629072729 0.0130882068 0.0219716001 0.00508673023 -0.00833046716 0.00548258238 0.00633487431 0.0222457964 -5.11960309e-07 0.00683269231 0.0217649173 -5.11960195e-07 0.00651499396 0.0226050597 0.0056252284 0.00508674188 -0.0228149351 0.0155800292 0.00508677633 0.0175902527 0.0202885214 0.00683281245 0.00783421099 0.0233267453 0.00508674979 -0.00283012842 -5.11960195e-07 0.00542616472 0.0234865285 0.0109176608 0.00508677121 0.0208077859 0.0109217241 0.00508675911 -0.0208056439 0.00561862951 0.00509877084 0.0228163991 0.00395241659 -0.00541819911 0.00752684101 0.006042419 -0.0066325916 0.00673953025 0.00425394997 -0.00663259206 0.00798985921 0.00845463574 -0.00579407625 -0.00101247034 0.00794879161 -0.00541591877 -0.00301318476 0.00844390877 -0.00663259067 -0.00326036708 0.00203426648 -0.00543260574 0.00825542491 0.00217704964 -0.0066761747 0.00883471593 0.00795666873 -0.00579407578 0.00303280586 0.00899181981 -0.00663259067 0.00103740685 0.0088294195 -0.00687255338 0.00332343951 0.00702578714 -0.00578788528 -0.00480506895 0.00567168696 -0.00578788621 -0.00634694565 0.00713042496 -0.00685856258 -0.00624723034 0.007479697 -0.00663259113 0.00509752287 0.00846980233 -0.00716423383 0.00610576337 0.00995476078 -0.00715946779 -0.000410378067 0.00811455771 -0.00716404291 -0.00683396822 0.00843854435 -0.00541592157 0.00102618255 0.00341038778 -0.00685856352 -0.00884555932 0.00090208312 -0.00715932809 -0.00991356932 0.00207239692 -0.00578788342 -0.00825594272 0.00365571887 -0.00716428179 0.00964068249 0.0039879391 -0.00578788668 -0.00751996087 -0.00250731572 -0.0071645244 0.0101705007 -5.11982421e-07 -0.00684843073 0.00939875748 0.00699501112 -0.00541592063 0.00483046519 0.00563884201 -0.00541819958 0.00636212714 0.00562078645 -0.00541762635 -0.0228160303 -5.11960195e-07 -0.00543193799 -0.0234975237 0.0109176738 -0.00541764405 -0.020807771 0.0155800385 -0.00541765383 -0.0175902452 0.0193369221 -0.00541760726 -0.0133504337 0.0219699778 -0.00541761611 -0.00833474379 0.0233261939 -0.0054176352 -0.00283467001 0.0233267434 -0.00541763147 0.00283014541 0.0219715945 -0.00541761238 0.00833048578 0.0193395112 -0.00541764125 0.0133466814 0.0155834546 -0.00541766128 0.0175872184 0.010921712 -0.0054176515 0.0208056606 0.00564267021 -0.0057509765 0.0228019357 -5.11960195e-07 -0.00542747322 0.0234987307 0.0160882082 -0.0071638925 -0.0148537783 0.00998868793 -0.00716369972 -0.0193192419 0.0106190909 -0.00662161363 -0.020354908 0.0151817296 -0.00662162248 -0.0172220021 0.0152658988 -0.00662162574 0.0171474312 0.0189259369 -0.00662161224 0.0129956827 0.019593142 -0.0071638925 0.00977602042 0.0227974094 -0.00662162388 0.00271153962 0.0214860402 -0.00662161084 0.00808865763 0.00543924235 -0.00662161689 -0.0223048609 -5.11960252e-07 -0.00666575693 -0.0229115617 0.0218919422 -0.0071638925 -0.00044940121 0.0227838568 -0.00662162434 -0.00282316166 0.0214461759 -0.00662160898 -0.00819377322 0.0188620705 -0.0066216113 -0.013088203 0.0107186325 -0.00662162527 0.0203026496 0.0202875398 -0.00716369972 -0.00783658493 -5.11960252e-07 -0.00666575879 0.0229115635 0.00263277791 -0.00716420263 -0.0216869023 0.0128056593 -0.0071638925 0.0177618638 0.00540923793 -0.00684587052 0.0219482109 0.00520822266 -0.00716358935 0.0211326703 -0.00263380329 -0.00716420263 0.0216869023 -0.00596250501 0.00630170526 -0.00681122905 -0.00741929328 0.00630170433 -0.00518650841 -0.00899284426 0.00630170573 0.00103740592 -0.00848327577 0.00630170526 0.00315926573 -0.0103627294 0.00683315797 -0.00227593491 -0.0089798104 0.00630170573 -0.00114474492 -0.00846824143 0.00683334842 0.00610915711 -0.00325939013 0.00682929438 0.00943810865 -0.00425497349 0.00630170573 0.00798985735 -0.00604344252 0.00630170479 0.00673952885 -0.00415922655 0.00630170433 -0.00804010313 -0.00844493136 0.00630170433 -0.00326036685 -0.00748071913 0.00630170386 0.00509752147 -0.00595486537 0.00683344621 -0.00843152124 -0.00774723059 0.0068333135 -0.0204264633 -0.0143248178 0.00683281198 -0.0163656361 -0.021364443 0.00683300383 0.00480222376 -0.0166856255 0.00683300383 0.0141804833 -0.00818440784 0.00683300383 0.0203101672 -0.0215748306 0.00683281198 -0.00275107636 -0.0191761106 0.00683300383 -0.0105723813 -0.0219709929 0.00508677401 -0.00833475683 -0.0233272128 0.00508674746 -0.00283468398 -0.0227848906 0.00629073102 -0.00282313931 -0.0214471836 0.00629073801 -0.00819377415 -0.00554942759 0.00629073428 0.0222779624 -0.0227984414 0.00629073288 0.00271154125 -0.0214870553 0.0062907408 0.00808863901 -0.0193405394 0.00508676004 0.0133466702 -0.0155844837 0.00508678099 0.017587211 -0.0152669195 0.0062907422 0.0171474274 -0.018926952 0.00629073149 0.0129956845 -0.0106201107 0.00629072729 -0.020354908 -0.0151827484 0.00629073707 -0.0172220021 -0.0107196514 0.00629073847 0.0203026515 -0.0193401501 0.00508894399 -0.0133460546 -0.0188630931 0.00629072962 -0.0130881993 -0.0219726209 0.00508677028 0.00833047181 -0.00548361335 0.00633487524 -0.0222457834 -0.00562274316 0.00508452998 0.0228162985 -0.0155841596 0.00508450065 -0.0175881423 -0.023327766 0.005086747 0.00283013191 -0.0109186908 0.00508674094 -0.0208077766 -0.0109227551 0.00508675165 0.0208056532 -0.00562382955 0.00510105398 -0.0228147265 -0.00844493322 -0.0066325916 0.00326037197 -0.00897981133 -0.00663259206 0.00114475016 -0.00211425871 -0.00663258927 0.0088017229 -0.00415922655 -0.0066325916 0.00804011151 -0.00217807409 -0.00667617843 -0.008834715 -0.0042549721 -0.00663259067 -0.00798985455 -0.00604344392 -0.00663259113 -0.00673952466 -0.00748072099 -0.00663259113 -0.00509751868 -0.00846993364 -0.00716399495 -0.00610532099 -0.0103895022 -0.0071642343 0.00104663253 -0.00899284519 -0.00663259206 -0.0010374008 -0.00596250594 -0.00663259113 0.00681123417 -0.00365674589 -0.00716428179 -0.0096406769 -0.00779662794 -0.00716433255 0.00676523056 -0.0084832767 -0.0066325916 -0.00315926224 -0.00741929468 -0.00663258974 0.00518651307 -0.00562638417 -0.00541988807 0.0228142124 -0.0109187039 -0.0054176338 0.0208077803 -0.0155810583 -0.00541766174 0.0175902452 -0.019337941 -0.00541764032 0.0133504355 -0.0219709985 -0.00541765476 0.00833475031 -0.0233272146 -0.00541762775 0.00283467351 -0.0233277641 -0.00541763101 -0.00283014239 -0.0219726153 -0.00541765336 -0.00833047833 -0.0193388145 -0.00541534368 -0.0133500211 -0.0155803803 -0.00541987317 -0.0175899509 -0.0109227411 -0.00541762216 -0.0208056513 -0.00562272919 -0.0057454193 -0.02281023 -0.0203821734 -0.00716397772 -0.00758656766 -0.0166852474 -0.0071638925 -0.0141810263 -0.00778569002 -0.0071634748 -0.0205278471 -0.0120675405 -0.00716372998 0.0182728525 -0.0218929742 -0.0071638925 0.000449379877 -0.0191764664 -0.0071638925 0.0105718765 -0.0152669214 -0.00662162062 -0.0171474349 -0.018926952 -0.0066216141 -0.0129956827 -0.00544026913 -0.00662162062 0.0223048665 -0.0227984395 -0.00662161922 -0.00271153613 -0.0214870535 -0.0066216276 -0.00808862876 -0.0227848906 -0.00662161736 0.00282314396 -0.0214471798 -0.00662162667 0.00819377694 -0.0151827559 -0.00662162714 0.0172219891 -0.0188630894 -0.00662161876 0.0130882012 -0.0106200967 -0.00662162621 0.0203549005 -0.0107196514 -0.0066216155 -0.0203026626 -0.00541025773 -0.00684587704 -0.021948196 0.0139434868 0.031887345 -0.0359999985 0.02123609 0.0317155086 -0.0403737128 0.0139494939 0.0318727754 -0.0403823666 0.021241378 0.0317221172 -0.0359999985 0.0143946959 0.0311349165 -0.0409970991 0.0208207965 0.0309670027 -0.040992178 0.0101515781 0.0256495308 -0.0359999985 0.0136576574 0.0192468725 -0.0359999985 0.020897435 0.0190547761 -0.0359999985 0.0247473996 0.0253195763 -0.0359999985 0.0238665454 0.025304541 -0.0409985073 0.0205117706 0.0198236946 -0.040992178 0.0140835298 0.0200138632 -0.0409970991 0.011030552 0.0256643873 -0.040997792 0.0101632979 0.0256531276 -0.0403778404 0.0247356668 0.025315972 -0.0403777398 0.0208978374 0.0190812126 -0.0403982513 0.0136603983 0.0192588363 -0.0403777361 0.0245857481 0.0581193194 -0.0315000005 0.0230182894 0.058015421 -0.0315000005 0.0244078021 0.0581409261 -0.0359999985 0.0224526953 0.0578603186 -0.0359999985 0.0217296425 0.057480827 -0.0315000005 0.020851953 0.0567032583 -0.0359999985 0.0203880649 0.0560312048 -0.0315000005 0.0199722778 0.0549348667 -0.0359999985 0.0199293792 0.0545287617 -0.0315000005 0.0199722759 0.0531342626 -0.0315000005 0.0200151745 0.052960217 -0.0359999985 0.0206252504 0.0517054908 -0.0315000005 0.0206252504 0.0517054908 -0.0359999985 0.0215820968 0.0506901331 -0.0315000005 0.0217296183 0.050588306 -0.0359999985 0.0234132372 0.0499497987 -0.0315000005 0.0235911869 0.049928192 -0.0359999985 0.0174494907 0.0294845607 -0.0315000005 0.0161039457 0.0292790104 -0.0315000005 0.0174494907 0.0294845607 -0.0359999985 0.0159404278 0.0292169955 -0.0359999985 0.0144946948 0.0282190777 -0.0315000005 0.0143787256 0.0280881766 -0.0359999985 0.0137094203 0.0269029792 -0.0315000005 0.0137094203 0.0269029792 -0.0359999985 0.0134244682 0.0255719945 -0.0315000005 0.0134244682 0.0253971126 -0.0359999985 0.0138448747 0.0236914661 -0.0315000005 0.0139261475 0.0235366151 -0.0359999985 0.0150910616 0.0222216994 -0.0315000005 0.0152349873 0.0221223552 -0.0359999985 0.0168775264 0.0214994289 -0.0315000005 0.0170511343 0.0214783493 -0.0359999985 -5.11960195e-07 0.00404772395 -0.0270000007 -0.00472305529 0.0085406471 -0.0266328175 -0.00517255208 0.00403455691 -0.0264999997 -0.000867699273 0.00853240769 -0.0269999728 -0.0110697504 0.00853455719 -0.0246266499 -0.0110697504 0.00403455691 -0.0246266499 -0.0163856 0.00853455719 -0.0214599408 -0.0163856 0.00403455691 -0.0214599408 -0.0208409205 0.00853455719 -0.0171661694 -0.0208409205 0.00403455691 -0.0171661694 -0.0242017191 0.00853455719 -0.0119708497 -0.0242017191 0.00403455691 -0.0119708497 -0.0262915101 0.00853455719 -0.00614683796 -0.0262915101 0.00403455691 -0.00614683796 -0.0270005092 0.00853455719 2.19210605e-09 -0.0270005092 0.00403455691 2.19210694e-09 -0.0262915101 0.00853455719 0.00614684215 -0.0262915101 0.00403455691 0.00614684215 -0.0242017191 0.00403455691 0.01197086 -0.0242017191 0.00853455719 0.01197086 -0.0208409205 0.00403455691 0.0171661694 -0.0208409205 0.00853455719 0.0171661694 -0.0163856 0.00403455691 0.0214599408 -0.0163856 0.00853455719 0.0214599408 -0.0110697504 0.00403455691 0.0246266592 -0.0110697504 0.00853455719 0.0246266592 -0.00517255208 0.00403455691 0.0264999997 -0.00446433201 0.00854366273 0.026697062 -5.11960195e-07 0.00404772395 0.0270000007 0.000866621092 0.00853240769 0.0269999728 0.0198994894 0.0540345609 0.0359999985 0.0201101657 0.0526553877 0.0359999985 0.0198994894 0.0540345609 0.0315000005 0.0201737285 0.0524877831 0.0315000005 0.0211965889 0.0510058999 0.0359999985 0.0213307645 0.0508870296 0.0315000005 0.0229251478 0.0500502437 0.0359999985 0.0230991952 0.050007347 0.0315000005 0.0244936906 0.0499644503 0.0359999985 0.0244936906 0.0499644503 0.0315000005 0.025837414 0.0503398329 0.0359999985 0.0259961355 0.0504231341 0.0315000005 0.0270683803 0.0513157509 0.0359999985 0.0270683803 0.0513157509 0.0315000005 0.0278252475 0.052487772 0.0359999985 0.0278888121 0.0526553765 0.0315000005 0.028105855 0.0544428639 0.0359999985 0.0280994903 0.0540345609 0.0315000005 0.0213332605 0.02644182 0.0315000005 0.0214479826 0.025499817 -0.0424523763 0.0213330463 0.0264420006 -0.0422107652 0.0214494895 0.0254845601 0.0315000005 0.0209913105 0.0273434501 0.0315000005 0.0209906772 0.0273438394 -0.0422980972 0.0204435308 0.0281370506 0.0315000005 0.0204363819 0.0281415954 -0.042560935 0.0197217502 0.0287764892 0.0315000005 0.0197216477 0.0287764929 -0.0421226993 0.0188679099 0.0292246193 0.0315000005 0.018867638 0.0292245448 -0.0422107913 0.0179316308 0.0294553898 0.0315000005 0.017930951 0.0294550899 -0.0422981046 0.0169673394 0.0294553898 0.0315000005 0.0169671327 0.029455198 -0.0422107615 0.0160310697 0.0292246193 0.0315000005 0.0160306059 0.0292240381 -0.0422981158 0.0151772304 0.0287764892 0.0315000005 0.0151769202 0.0287758131 -0.0422981046 0.0144554498 0.0281370506 0.0315000005 0.0144553101 0.0281363204 -0.0422981121 0.0139076598 0.0273434501 0.0315000005 0.0139076989 0.0273427069 -0.0422981083 0.0135657201 0.02644182 0.0315000005 0.013566277 0.0264416803 -0.0423101783 0.0134495934 0.0254845601 -0.0421966724 0.0134494901 0.0254845601 0.0315000005 0.0135657862 0.0245318282 -0.042495437 0.0171461646 0.0290432349 -0.0429841839 0.0208594836 0.0249423701 -0.0430026837 0.0143359713 0.0268397164 -0.0429933928 0.0474959649 0.0259907935 -0.0315000005 0.0453485809 0.0236278754 -0.0315000005 0.0467345789 0.0245439559 -0.0315000005 0.0339392051 0.0229238868 -0.0315000005 0.0461556315 0.0470561832 -0.0315000005 0.0474967435 0.0448831916 -0.0315000005 0.0470857248 0.0460878871 -0.0315000005 0.0201019794 0.0224905107 -0.0315000005 0.0314994901 0.0135345599 -0.0315000005 0.0315367281 0.0208437797 -0.0315000005 0.0209728274 0.0235366244 -0.0315000005 0.0187950302 0.0216900967 -0.0315000005 0.0449469052 0.0475181639 -0.0315000005 0.0214745011 0.0253971126 -0.0315000005 0.0417963453 0.0476546846 -0.0315000005 0.0327496864 0.0224106777 -0.0315000005 0.0211895499 0.0269029792 -0.0315000005 0.0205202363 0.0280881915 -0.0315000005 0.0396164916 0.0489083529 -0.0315000005 0.0267182905 0.0509656593 -0.0315000005 0.038594801 0.0503651388 -0.0315000005 0.0276109185 0.0520379283 -0.0315000005 0.0381110385 0.0518485047 -0.0315000005 0.0253786519 0.0501452386 -0.0315000005 0.0189585537 0.0292169955 -0.0315000005 0.0281251371 0.0539449342 -0.0315000005 0.0380996391 0.0590345599 -0.0315000005 0.027694229 0.0558724515 -0.0315000005 0.0378489196 0.0612597689 -0.0315000005 0.0371093303 0.0633733869 -0.0315000005 0.026416881 0.0573789813 -0.0315000005 0.0359179601 0.0652694479 -0.0315000005 0.0343345404 0.0668528676 -0.0315000005 0.0324384794 0.0680442378 -0.0315000005 0.0303248502 0.068783842 -0.0315000005 0.0280996393 0.0690345466 -0.0315000005 -0.0315005109 0.0135345599 -0.0315000005 -0.0189816505 0.0266752504 -0.0315000005 -0.0104824202 0.0358274095 -0.0315000005 -0.0298613627 0.0187053923 -0.0315000005 -0.0308214352 0.0175623652 -0.0315000005 -0.0314696431 0.0157175772 -0.0315000005 -0.00386730907 0.0464217104 -0.0315000005 0.0150703201 0.0690345466 -0.0315000005 0.0118505498 0.0686849207 -0.0315000005 0.0017641281 0.0609831586 -0.0315000005 0.00878088269 0.0676523075 -0.0315000005 0.00600441918 0.0659848526 -0.0315000005 0.00365059404 0.0637602881 -0.0315000005 0.0255462583 0.0502088033 -0.0359999985 0.0267182905 0.0509656593 -0.0359999985 0.0276942234 0.0521966517 -0.0359999985 0.0281251371 0.0541241877 -0.0359999985 0.0278330594 0.0554884411 -0.0359999985 0.0270281248 0.0568374656 -0.0359999985 0.0259048492 0.0576649308 -0.0359999985 0.0189585481 0.0217521098 -0.0359999985 0.0201019794 0.0224905107 -0.0359999985 0.0210541002 0.0236914754 -0.0359999985 0.0214745011 0.0255719945 -0.0359999985 0.0211895499 0.0269029792 -0.0359999985 0.0204042681 0.0282190926 -0.0359999985 0.0187950358 0.0292790104 -0.0359999985 0.0314994901 0.0135345599 0.0359999985 0.0314994901 0.0114206104 0.0357618183 0.0314994901 0.0124219498 0.0313746408 0.0314994901 0.0135345599 0.0315000005 0.0315033272 0.0203407686 0.0315000005 0.0315367281 0.0208437797 0.0359999985 0.0314994901 0.00962540042 -0.0296174493 0.0314994901 0.0049753529 -0.03062189 0.0314994901 0.00610715803 -0.0324231498 0.0314994901 0.00761140417 -0.0339273997 0.0314994901 0.0104171103 -0.0304091498 0.0314994901 0.00941266213 -0.0350591987 0.0314994901 0.00902971346 -0.0286694206 0.0314994901 0.0042727422 -0.0286139492 0.0314994901 0.0113651399 -0.0310048405 0.0314994901 0.0114206104 -0.0357618108 0.0314994901 0.00865991786 -0.0276126005 0.0314994901 0.00403455691 -0.0264999997 0.0314994901 0.0124219498 -0.0313746408 0.0314994901 0.0135345599 -0.0359999985 0.0314994901 0.00853455719 -0.0264999997 0.0315033272 0.0203407686 -0.0359999985 0.0314994901 0.00853455719 0.0264999997 0.0314994901 0.0042727422 0.0286139492 0.0314994901 0.00403455691 0.0264999997 0.0314994901 0.00865991786 0.0276126098 0.0314994901 0.00902971346 0.0286694206 0.0314994901 0.0049753529 0.0306218993 0.0314994901 0.00962540042 0.0296174493 0.0314994901 0.00610715803 0.032423161 0.0314994901 0.0104171103 0.0304091591 0.0314994901 0.00761140417 0.0339273997 0.0314994901 0.0113651399 0.0310048498 0.0314994901 0.00941266213 0.0350592099 0.0319426134 0.0215534922 -0.0359999985 0.03345621 0.0228721444 -0.0359999985 0.0452629365 0.0236149337 -0.0359999985 0.0468762033 0.0246667564 -0.0359999985 0.0474967025 0.0261863936 -0.0359999985 0.0474978909 0.0449265875 -0.0359999985 0.0452402793 0.0474779978 -0.0359999985 0.0468267873 0.0465017557 -0.0359999985 0.0409302302 0.0480297096 -0.0359999985 0.0423074029 0.0475743189 -0.0359999985 0.0394734442 0.0490514003 -0.0359999985 0.038594801 0.0503651388 -0.0359999985 0.0381182581 0.0518917255 -0.0359999985 0.0380996391 0.0590345599 -0.0359999985 0.0303248502 0.068783842 -0.0359999985 0.0280996393 0.0690345466 -0.0359999985 0.0324384794 0.0680442378 -0.0359999985 0.0343345404 0.0668528676 -0.0359999985 0.0359179601 0.0652694479 -0.0359999985 0.0371093303 0.0633733869 -0.0359999985 0.0378489196 0.0612597689 -0.0359999985 0.0150703201 0.0690345466 -0.0359999985 0.00365059404 0.0637602881 -0.0359999985 0.00174337171 0.0609472431 -0.0359999985 0.00600441918 0.0659848526 -0.0359999985 0.00878088269 0.0676523075 -0.0359999985 0.0118505498 0.0686849207 -0.0359999985 -0.00386730907 0.0464217104 -0.0359999985 -0.0104824202 0.0358274095 -0.0359999985 -0.0189816505 0.0266752504 -0.0359999985 -0.0298604667 0.0187069271 -0.0359999985 -0.0309132561 0.0174008403 -0.0359999985 -0.0314562172 0.0157280825 -0.0359999985 -0.0315005109 0.0124219498 -0.0313746408 -0.0315005109 0.0113651399 -0.0310048405 -0.0315005109 0.0104171103 -0.0304091498 -0.0315005109 0.00962540042 -0.0296174493 -0.0315005109 0.00902971346 -0.0286694206 0.00446951715 0.00854891445 -0.0266956687 -0.0315005109 0.00865991786 -0.0276126005 -0.0315005109 0.00853455719 -0.0264999997 -0.0315005109 0.0135345599 -0.0359999985 0.00517152809 0.00403455691 0.0264999997 0.0110687204 0.00403455691 0.0246266592 0.0163845699 0.00403455691 0.0214599408 0.0208398998 0.00403455691 0.0171661694 0.0242007002 0.00403455691 0.01197086 0.02629048 0.00403455691 0.00614684215 0.02629048 0.00403455691 -0.00614683796 0.0242007002 0.00403455691 -0.0119708497 0.0208398998 0.00403455691 -0.0171661694 0.0163845699 0.00403455691 -0.0214599408 0.0110687204 0.00403455691 -0.0246266499 0.00517152809 0.00403455691 -0.0264999997 0.0269994903 0.00403455691 2.19210605e-09 0.0396164916 0.0489083529 0.0359999985 0.0339392051 0.0229238868 0.0359999985 0.0417963453 0.0476546846 0.0359999985 0.0118505498 0.0686849207 0.0359999985 0.0213307645 0.057182081 0.0359999985 0.0150703201 0.0690345466 0.0359999985 0.00176082831 0.0609747358 0.0359999985 -0.00386730907 0.0464217104 0.0359999985 0.0201737303 0.0555813313 0.0359999985 0.00878088269 0.0676523075 0.0359999985 0.0259961355 0.0576459765 0.0359999985 0.0274457447 0.0563044213 0.0359999985 0.0359179601 0.0652694479 0.0359999985 0.0474926531 0.0259816293 0.0359999985 0.0453485809 0.0236278754 0.0359999985 0.0467345789 0.0245439559 0.0359999985 0.00600441918 0.0659848526 0.0359999985 0.00365059404 0.0637602881 0.0359999985 0.0343345404 0.0668528676 0.0359999985 0.038594801 0.0503651388 0.0359999985 0.0324384794 0.0680442378 0.0359999985 0.0303248502 0.068783842 0.0359999985 0.0381110385 0.0518485047 0.0359999985 0.0280996393 0.0690345466 0.0359999985 0.0244936906 0.0581046604 0.0359999985 0.0230991952 0.0580617636 0.0359999985 0.0327496864 0.0224106777 0.0359999985 0.0461556315 0.0470561832 0.0359999985 0.0474980921 0.0448772646 0.0359999985 0.0470857248 0.0460878871 0.0359999985 -0.0189816505 0.0266752504 0.0359999985 -0.0315005109 0.0135345599 0.0359999985 -0.0104824202 0.0358274095 0.0359999985 0.0380996391 0.0590345599 0.0359999985 0.0449469052 0.0475181639 0.0359999985 -0.0298588593 0.0187081061 0.0359999985 -0.0308214352 0.0175623652 0.0359999985 -0.0314526483 0.015786821 0.0359999985 0.0378489196 0.0612597689 0.0359999985 0.0371093303 0.0633733869 0.0359999985 0.0319426134 0.0215534922 0.0315000005 0.03345621 0.0228721444 0.0315000005 -0.0298628248 0.0187043175 0.0315000005 -0.0314725488 0.0156499352 0.0315000005 -0.0309132561 0.0174008403 0.0315000005 -0.0315005109 0.0135345599 0.0315000005 -0.0189816505 0.0266752504 0.0315000005 0.0144554498 0.0228320695 0.0315000005 0.0151772304 0.0221926197 0.0315000005 0.0139076598 0.0236256607 0.0315000005 0.0160310697 0.0217444897 0.0315000005 0.0135657201 0.0245272908 0.0315000005 -0.0104824202 0.0358274095 0.0315000005 -0.00386730907 0.0464217104 0.0315000005 0.0188679099 0.0217444897 0.0315000005 0.0197217502 0.0221926197 0.0315000005 0.0179316308 0.0215137191 0.0315000005 0.0169673394 0.0215137191 0.0315000005 0.0204435308 0.0228320695 0.0315000005 0.0209913105 0.0236256607 0.0315000005 0.0213332605 0.0245272908 0.0315000005 0.00174745417 0.0609577224 0.0315000005 0.047498066 0.0261917152 0.0315000005 0.0452629365 0.0236149337 0.0315000005 0.0468762033 0.0246667564 0.0315000005 0.0201101657 0.055413723 0.0315000005 0.00365059404 0.0637602881 0.0315000005 0.00600441918 0.0659848526 0.0315000005 0.00878088269 0.0676523075 0.0315000005 0.0118505498 0.0686849207 0.0315000005 0.0211965889 0.0570632108 0.0315000005 0.0150703201 0.0690345466 0.0315000005 0.0229251478 0.0580188669 0.0315000005 0.0394734442 0.0490514003 0.0315000005 0.0409302302 0.0480297096 0.0315000005 0.038594801 0.0503651388 0.0315000005 0.0423074029 0.0475743189 0.0315000005 0.0381182581 0.0518917255 0.0315000005 0.0278252456 0.0555813424 0.0315000005 0.0474963598 0.0449323207 0.0315000005 0.0452402793 0.0474779978 0.0315000005 0.0468267873 0.0465017557 0.0315000005 0.0280996393 0.0690345466 0.0315000005 0.0244936906 0.0581046604 0.0315000005 0.025837414 0.0577292778 0.0315000005 0.0380996391 0.0590345599 0.0315000005 0.0378489196 0.0612597689 0.0315000005 0.0270683803 0.0567533597 0.0315000005 0.0303248502 0.068783842 0.0315000005 0.0371093303 0.0633733869 0.0315000005 0.0324384794 0.0680442378 0.0315000005 0.0359179601 0.0652694479 0.0315000005 0.0343345404 0.0668528676 0.0315000005 0.00472785672 0.00854425412 0.0266314391 -0.0315005109 0.00853455719 0.0264999997 -0.0315005109 0.00865991786 0.0276126098 -0.0315005109 0.00902971346 0.0286694206 -0.0315005109 0.00962540042 0.0296174493 -0.0315005109 0.0104171103 0.0304091591 -0.0315005109 0.0113651399 0.0310048498 -0.0315005109 0.0124219498 0.0313746408 0.0163845699 0.00853455719 0.0214599408 0.0208398998 0.00853455719 0.0171661694 0.0242007002 0.00853455719 0.01197086 0.0110687204 0.00853455719 0.0246266592 0.02629048 0.00853455719 0.00614684215 0.0269994903 0.00853455719 2.19210805e-09 0.0242007002 0.00853455719 -0.0119708497 0.02629048 0.00853455719 -0.00614683796 0.0208398998 0.00853455719 -0.0171661694 0.0163845699 0.00853455719 -0.0214599408 0.0110687204 0.00853455719 -0.0246266499 -0.0315005109 0.00761140417 -0.0339273997 -0.0315005109 0.00610715803 -0.0324231498 -0.0315005109 0.0049753529 -0.03062189 -0.0315005109 0.00941266213 -0.0350591987 -0.0315005109 0.0042727422 -0.0286139492 -0.0315005109 0.0114206104 -0.0357618108 -0.0315005109 0.00403455691 -0.0264999997 -0.0315005109 0.00403455691 0.0264999997 -0.0315005109 0.0042727422 0.0286139492 -0.0315005109 0.0049753529 0.0306218993 -0.0315005109 0.00610715803 0.032423161 -0.0315005109 0.00761140417 0.0339273997 -0.0315005109 0.00941266213 0.0350592099 -0.0315005109 0.0114206104 0.0357618183 0.0139082931 0.0236252714 -0.0422981009 0.0144561576 0.0228318423 -0.0422981158 0.0151903685 0.0221859626 -0.0425183326 0.0160318017 0.0217446182 -0.0422981046 0.0169675853 0.0215138551 -0.0422107726 0.0179322194 0.0215141736 -0.0422981046 0.0188808516 0.0217515193 -0.0425183252 0.0197220612 0.0221932959 -0.0422981009 0.020443989 0.0228337254 -0.0423870459 0.0209912714 0.0236264039 -0.0422980934 0.0213331208 0.0245285258 -0.0423099212 0.0175078157 0.0220361445 -0.0429640859 0.0148191908 0.0234200135 -0.0429979078 -5.11960195e-07 0.00683455681 0.0179999992 -0.00430819392 0.00683455681 0.0174769592 -5.11960195e-07 0.00983455777 0.0179999992 -0.00430819392 0.00983455777 0.0174769592 -0.00836552866 0.00683455681 0.0159382094 -0.00836552866 0.00983455777 0.0159382094 -0.0119367205 0.00683455681 0.0134731997 -0.0119367205 0.00983455777 0.0134731997 -0.0148142204 0.00683455681 0.0102251703 -0.0148142204 0.00983455777 0.0102251703 -0.0168308001 0.00683455681 0.00638289005 -0.0168308001 0.00983455777 0.00638289005 -0.0178692695 0.00683455681 0.00216966192 -0.0178692695 0.00983455777 0.00216966192 -0.0178692695 0.00683455681 -0.00216965796 -0.0178692695 0.00983455777 -0.00216965796 -0.0168308001 0.00683455681 -0.00638288585 -0.0168308001 0.00983455777 -0.00638288585 -0.0148142204 0.00683455681 -0.01022516 -0.0148142204 0.00983455777 -0.01022516 -0.0119367205 0.00683455681 -0.0134731904 -0.0119367205 0.00983455777 -0.0134731904 -0.00836552866 0.00683455681 -0.0159382094 -0.00836552866 0.00983455777 -0.0159382094 -0.00430819392 0.00683455681 -0.0174769498 -0.00430819392 0.00983455777 -0.0174769498 -5.11960195e-07 0.00683455681 -0.0179999992 -5.11960195e-07 0.00983455777 -0.0179999992 -5.11960195e-07 -0.00166544295 -0.0270000007 -5.11960195e-07 0.00983455777 -0.0270000007 0.00646101078 0.00983455777 -0.0262154303 0.00646101078 -0.00166544295 -0.0262154303 0.0125470096 0.00983455777 -0.0239073094 0.0125470096 -0.00166544295 -0.0239073094 0.0179037992 0.00983455777 -0.0202097893 0.0179037992 -0.00166544295 -0.0202097893 0.0222200509 0.00983455777 -0.0153377503 0.0222200509 -0.00166544295 -0.0153377503 0.0252449308 0.00983455777 -0.00957432855 0.0252449308 -0.00166544295 -0.00957432855 0.0268026292 0.00983455777 -0.00325448811 0.0268026292 -0.00166544295 -0.00325448811 0.0268026292 0.00983455777 0.003254493 0.0268026292 -0.00166544295 0.003254493 0.0252449308 0.00983455777 0.00957433414 0.0252449308 -0.00166544295 0.00957433414 0.0222200509 0.00983455777 0.0153377503 0.0222200509 -0.00166544295 0.0153377503 0.0179037992 0.00983455777 0.0202097893 0.0179037992 -0.00166544295 0.0202097893 0.0125470096 0.00983455777 0.0239073094 0.0125470096 -0.00166544295 0.0239073094 0.00646101078 0.00983455777 0.0262154303 0.00646101078 -0.00166544295 0.0262154303 -5.11960195e-07 -0.00166544295 0.0270000007 -5.11960195e-07 0.00983455777 0.0270000007 -5.11960195e-07 -0.00716544315 0.0234999992 -0.00562442979 -0.00716544315 0.0228171293 -5.11960195e-07 0.00683455681 0.0234999992 -0.00562442979 0.00683455681 0.0228171293 -0.0109215099 -0.00716544315 0.0208082199 -0.0109215099 0.00683455681 0.0208082199 -0.0155838896 -0.00716544315 0.0175899994 -0.0155838896 0.00683455681 0.0175899994 -0.0193406306 -0.00716544315 0.01334952 -0.0193406306 0.00683455681 0.01334952 -0.0219733901 -0.00716544315 0.00833321735 -0.0219733901 0.00683455681 0.00833321735 -0.0233291704 -0.00716544315 0.00283261389 -0.0233291704 0.00683455681 0.00283261389 -0.0233291704 -0.00716544315 -0.00283260993 -0.0233291704 0.00683455681 -0.00283260993 -0.0219733901 -0.00716544315 -0.0083332127 -0.0219733901 0.00683455681 -0.0083332127 -0.0193406306 -0.00716544315 -0.01334952 -0.0193406306 0.00683455681 -0.01334952 -0.0155838896 -0.00716544315 -0.0175899994 -0.0155838896 0.00683455681 -0.0175899994 -0.0109215099 -0.00716544315 -0.0208082106 -0.0109215099 0.00683455681 -0.0208082106 -0.00562442979 -0.00716544315 -0.0228171293 -0.00562442979 0.00683455681 -0.0228171293 -5.11960195e-07 -0.00716544315 -0.0234999992 -5.11960195e-07 0.00683455681 -0.0234999992 1.00302877e-05 -0.00898401905 -0.0259954426 -5.11960195e-07 -0.00166544295 -0.0260000005 0.00622169487 -0.00166544295 -0.0252444893 0.00622384669 -0.00879052747 -0.0252432674 0.0120822899 -0.00166544295 -0.0230218507 0.0120840864 -0.00879054051 -0.0230201501 0.0172406808 -0.00166544295 -0.0194612797 0.0172420181 -0.00879052188 -0.0194591973 0.0213970691 -0.00166544295 -0.0147696799 0.02139787 -0.00879053585 -0.0147673395 0.0243099108 -0.00166544295 -0.00921972468 0.0243101269 -0.00879056193 -0.00921726041 0.0258099195 -0.00166544295 -0.00313395099 0.0258095395 -0.00879055168 -0.00313150627 0.0258099195 -0.00166544295 0.00313395611 0.0258089658 -0.00879055541 0.00313623925 0.0243099108 -0.00166544295 0.00921972934 0.0243084393 -0.00879055262 0.00922171678 0.0213970691 -0.00166544295 0.0147696901 0.0213951636 -0.0087904986 0.0147712687 0.0172406808 -0.00166544295 0.0194612797 0.017238453 -0.00879051723 0.0194623563 0.0120822899 -0.00166544295 0.02302186 0.0120798703 -0.00879055168 0.0230223723 0.00622169487 -0.00166544295 0.0252444893 0.0062123267 -0.00895605143 0.025242947 -5.11960195e-07 -0.00166544295 0.0260000005 -1.10569963e-05 -0.00898402091 0.0259954426 0.00612957124 -0.0093944231 -0.0249875169 0.019242581 -0.00966468081 0.0164159723 0.0240659118 -0.00939442962 0.00909729581 0.0211894698 -0.00939441659 0.0145924278 0.0246672761 -0.00966468081 0.00559292408 0.0170815308 -0.00939441193 0.0192394983 0.000841070432 -0.00966413692 -0.0253055505 0.0221723821 -0.00966468081 -0.0121714137 0.0211577229 -0.00939441752 -0.0146384211 0.0240460858 -0.00939442962 -0.00914957467 0.0255369805 -0.00939442031 -0.00312896329 0.0119313551 -0.00939441007 -0.0227944087 0.0119808502 -0.00939442217 0.0227684211 0.0249331668 -0.00966440607 -0.0030935402 0.0255437195 -0.00939441752 0.00307348976 0.0139763262 -0.00966468081 -0.0210814755 0.017039692 -0.009394411 -0.0192765612 0.0117336083 -0.00966440607 0.0222164113 0.00605988968 -0.00965801161 0.0245879963 -5.11796316e-07 -0.00965934061 0.0252953675 -5.11960195e-07 -0.0096654417 0.0209999997 -0.00502614118 -0.0096654417 0.0203897804 -5.11960195e-07 -0.00716544315 0.0209999997 -0.00502614118 -0.00716544315 0.0203897804 -0.00975969899 -0.0096654417 0.0185945798 -0.00975969899 -0.00716544315 0.0185945798 -0.0139260897 -0.0096654417 0.0157187302 -0.0139260897 -0.00716544315 0.0157187302 -0.0172831696 -0.0096654417 0.0119293602 -0.0172831696 -0.00716544315 0.0119293602 -0.0196358506 -0.0096654417 0.0074467049 -0.0196358506 -0.00716544315 0.0074467049 -0.0208474007 -0.0096654417 0.00253127189 -0.0208474007 -0.00716544315 0.00253127189 -0.0208474007 -0.0096654417 -0.00253126794 -0.0208474007 -0.00716544315 -0.00253126794 -0.0196358506 -0.0096654417 -0.00744670117 -0.0196358506 -0.00716544315 -0.00744670117 -0.0172831696 -0.0096654417 -0.0119293602 -0.0172831696 -0.00716544315 -0.0119293602 -0.0139260897 -0.0096654417 -0.0157187209 -0.0139260897 -0.00716544315 -0.0157187209 -0.00975969899 -0.0096654417 -0.0185945705 -0.00975969899 -0.00716544315 -0.0185945705 -0.00502614118 -0.0096654417 -0.0203897804 -0.00502614118 -0.00716544315 -0.0203897804 -5.11960195e-07 -0.0096654417 -0.0209999997 -5.11960195e-07 -0.00716544315 -0.0209999997 -0.0125480397 0.00983455777 -0.0239073094 0.0168297794 0.00983455777 0.00638289005 0.0178682506 0.00983455777 0.00216966192 -0.00646203477 0.00983455777 -0.0262154303 -0.0222210791 0.00983455777 0.0153377503 -0.0179048199 0.00983455777 0.0202097893 -0.0252459496 0.00983455777 0.00957433414 -0.0125480397 0.00983455777 0.0239073094 0.0178682506 0.00983455777 -0.00216965796 -0.02680365 0.00983455777 0.003254493 -0.00646203477 0.00983455777 0.0262154303 -0.02680365 0.00983455777 -0.00325448811 0.00430716993 0.00983455777 -0.0174769498 0.00836450513 0.00983455777 -0.0159382094 0.0168297794 0.00983455777 -0.00638288585 0.00430716993 0.00983455777 0.0174769592 0.0119356997 0.00983455777 -0.0134731904 0.0148131996 0.00983455777 -0.01022516 -0.0252459496 0.00983455777 -0.00957432855 0.00836450513 0.00983455777 0.0159382094 -0.0222210791 0.00983455777 -0.0153377503 0.0119356997 0.00983455777 0.0134731997 -0.0179048199 0.00983455777 -0.0202097893 0.0148131996 0.00983455777 0.0102251703 0.00430716993 0.00683455681 -0.0174769498 0.00836450513 0.00683455681 -0.0159382094 0.0119356997 0.00683455681 -0.0134731904 0.0148131996 0.00683455681 -0.01022516 0.0168297794 0.00683455681 -0.00638288585 0.0178682506 0.00683455681 -0.00216965796 0.0178682506 0.00683455681 0.00216966192 0.0168297794 0.00683455681 0.00638289005 0.0148131996 0.00683455681 0.0102251703 0.0119356997 0.00683455681 0.0134731997 0.00836450513 0.00683455681 0.0159382094 0.00430716993 0.00683455681 0.0174769592 -0.00646203477 -0.00166544295 0.0262154303 -0.0125480397 -0.00166544295 0.0239073094 -0.0179048199 -0.00166544295 0.0202097893 -0.0222210791 -0.00166544295 0.0153377503 -0.0252459496 -0.00166544295 0.00957433414 -0.02680365 -0.00166544295 0.003254493 -0.02680365 -0.00166544295 -0.00325448811 -0.0252459496 -0.00166544295 -0.00957432855 -0.0222210791 -0.00166544295 -0.0153377503 -0.0179048199 -0.00166544295 -0.0202097893 -0.0125480397 -0.00166544295 -0.0239073094 -0.00646203477 -0.00166544295 -0.0262154303 0.0219723694 0.00683455681 -0.0083332127 0.0233281497 0.00683455681 -0.00283260993 0.0233281497 0.00683455681 0.00283261389 0.0056234058 0.00683455681 0.0228171293 0.0219723694 0.00683455681 0.00833321735 0.0109204799 0.00683455681 0.0208082199 0.0193396099 0.00683455681 0.01334952 0.0155828698 0.00683455681 0.0175899994 0.0056234058 0.00683455681 -0.0228171293 0.0109204799 0.00683455681 -0.0208082106 0.0155828698 0.00683455681 -0.0175899994 0.0193396099 0.00683455681 -0.01334952 -0.0120833097 -0.00166544295 0.02302186 -0.00622271886 -0.00166544295 0.0252444893 -0.0172416996 -0.00166544295 -0.0194612797 -0.0213980898 -0.00166544295 -0.0147696799 -0.0120833097 -0.00166544295 -0.0230218507 -0.0243109297 -0.00166544295 -0.00921972468 -0.00622271886 -0.00166544295 -0.0252444893 -0.0258109402 -0.00166544295 -0.00313395099 -0.0258109402 -0.00166544295 0.00313395611 -0.0243109297 -0.00166544295 0.00921972934 -0.0213980898 -0.00166544295 0.0147696901 -0.0172416996 -0.00166544295 0.0194612797 0.0056234058 -0.00716544315 -0.0228171293 0.0109204799 -0.00716544315 -0.0208082106 0.0155828698 -0.00716544315 -0.0175899994 0.0193396099 -0.00716544315 -0.01334952 0.0219723694 -0.00716544315 -0.0083332127 0.0233281497 -0.00716544315 -0.00283260993 0.0233281497 -0.00716544315 0.00283261389 0.0219723694 -0.00716544315 0.00833321735 0.0193396099 -0.00716544315 0.01334952 0.0155828698 -0.00716544315 0.0175899994 0.0109204799 -0.00716544315 0.0208082199 0.0056234058 -0.00716544315 0.0228171293 -0.00622486975 -0.00879056659 0.0252432674 -0.0120851062 -0.00879054517 0.0230201595 -0.017243037 -0.00879052095 0.0194591973 -0.0213988908 -0.0087905433 0.0147673488 -0.0243111458 -0.0087905582 0.00921726506 -0.0258105602 -0.00879054423 0.00313151116 -0.0258099865 -0.00879054517 -0.00313623389 -0.0243094582 -0.00879056472 -0.00922171306 -0.0213961843 -0.00879056752 -0.0147712575 -0.0172394719 -0.00879052561 -0.0194623563 -0.0120808901 -0.00879054144 -0.023022363 -0.00621334976 -0.00895603374 -0.025242947 0.0208463706 -0.00716544315 0.00253127189 0.0196348298 -0.00716544315 0.0074467049 0.0208463706 -0.00716544315 -0.00253126794 0.0196348298 -0.00716544315 -0.00744670117 0.00502511719 -0.00716544315 -0.0203897804 0.0172821507 -0.00716544315 -0.0119293602 0.00975867454 -0.00716544315 -0.0185945705 0.0139250597 -0.00716544315 -0.0157187209 0.00502511719 -0.00716544315 0.0203897804 0.00975867454 -0.00716544315 0.0185945798 0.0139250597 -0.00716544315 0.0157187302 0.0172821507 -0.00716544315 0.0119293602 -0.00613060407 -0.00939441938 0.0249875188 -0.0226130225 -0.00966468081 -0.0113337999 -0.0240669399 -0.0093944231 -0.00909730047 -0.0211904813 -0.00939442683 -0.0145924203 -0.0170825478 -0.00939441659 -0.0192394964 -0.0244419314 -0.00966468081 0.00651136227 -0.0186163299 -0.00966468081 0.0171240233 -0.0211587269 -0.00939442217 0.014638437 -0.0240471195 -0.00939442217 0.00914956536 -0.0255379993 -0.00939442497 0.00312896911 -0.00852609053 -0.00966468081 0.0238137618 -0.0119323693 -0.00939442683 0.0227943994 -0.0147558078 -0.00966468081 -0.0205441453 -0.0119818654 -0.009394411 -0.0227684379 -0.0255447347 -0.00939442776 -0.00307346834 -0.0170407146 -0.00939441845 0.0192765612 -0.0249499939 -0.00966440607 -0.00296336389 -0.0060609011 -0.00965801161 -0.0245879982 0.00502511719 -0.0096654417 -0.0203897804 0.00975867454 -0.0096654417 -0.0185945705 0.0139250597 -0.0096654417 -0.0157187209 0.0172821507 -0.0096654417 -0.0119293602 0.0196348298 -0.0096654417 -0.00744670117 0.0208463706 -0.0096654417 -0.00253126794 0.0208463706 -0.0096654417 0.00253127189 0.0196348298 -0.0096654417 0.0074467049 0.0172821507 -0.0096654417 0.0119293602 0.0139250597 -0.0096654417 0.0157187302 0.00975867454 -0.0096654417 0.0185945798 0.00502511719 -0.0096654417 0.0203897804 0.0478492118 0.0255345609 0.0130552901 0.0395517386 0.0255345609 0.0177352596 0.0450514592 0.0255345609 0.0177905504 0.045147229 0.0255345609 0.00826474931 0.0396475084 0.0255345609 0.00820945669 0.0368497707 0.0255345609 0.0129447104 0.0396769419 0.0215975754 0.00823026337 0.0451467372 0.021892231 0.00826659705 0.0478162877 0.0215970892 0.0130703663 0.0450500585 0.0218907204 0.0177891403 0.0395551473 0.0215970892 0.0176992081 0.0368518755 0.0218859985 0.0129437335 0.0449588597 0.021535635 0.00860730652 0.0448471978 0.0215356257 0.0174560882 0.0372485854 0.0215355176 0.0129471952 0.0173994899 0.0540345609 0.0309999995 0.0175912697 0.0524550714 0.0309999995 0.0173994899 0.0540345609 0.0264999997 0.0175912697 0.0524550714 0.0264999997 0.0181554798 0.0509673804 0.0309999995 0.0181554798 0.0509673804 0.0264999997 0.0190593209 0.0496579483 0.0309999995 0.0190593209 0.0496579483 0.0264999997 0.0202502608 0.0486028604 0.0309999995 0.0202502608 0.0486028604 0.0264999997 0.0216591004 0.0478634499 0.0309999995 0.0216591004 0.0478634499 0.0264999997 0.0232039504 0.0474826805 0.0309999995 0.0232039504 0.0474826805 0.0264999997 0.0247950293 0.0474826805 0.0309999995 0.0247950293 0.0474826805 0.0264999997 0.0263398793 0.0478634499 0.0309999995 0.0263398793 0.0478634499 0.0264999997 0.0277487095 0.0486028604 0.0309999995 0.0277487095 0.0486028604 0.0264999997 0.0289396606 0.0496579483 0.0309999995 0.0289396606 0.0496579483 0.0264999997 0.0298434999 0.0509673804 0.0309999995 0.0298434999 0.0509673804 0.0264999997 0.0304077007 0.0524550714 0.0309999995 0.0304077007 0.0524550714 0.0264999997 0.0305994898 0.0540345609 0.0309999995 0.0305994898 0.0540345609 0.0264999997 -0.0271005109 0.0638345629 0.0264999997 -0.027108429 0.0633266941 0.0309999995 -0.0267593693 0.0619104914 0.0264999997 -0.0262873173 0.0610110573 0.0309999995 -0.0258179195 0.0604526289 0.0264999997 -0.0244841371 0.0593423024 0.0309999995 -0.0242867041 0.0592386797 0.0264999997 -0.0226152502 0.0587717406 0.0309999995 -0.0218890179 0.0587026589 0.0264999997 -0.0208806451 0.058825098 0.0309999995 -0.0195168611 0.0593423173 0.0264999997 -0.0186808873 0.0599193461 0.0309999995 -0.0181831103 0.0604526289 0.0264999997 -0.0172416419 0.0619105212 0.0309999995 -0.0171625726 0.0621190071 0.0264999997 -0.0168925915 0.064342469 0.0309999995 -0.0169194695 0.0645638183 0.0264999997 -0.0368999802 0.0467576012 -0.0309999995 -0.03443297 0.0438565798 -0.0264999997 -0.0368999802 0.0467576012 -0.0264999997 -0.0344298482 0.0438543633 -0.0309999995 -0.0386537313 0.0499437004 -0.0309999995 -0.0386537313 0.0499437004 -0.0264999997 -0.039735131 0.0534160808 -0.0309999995 -0.039735131 0.0534160808 -0.0264999997 -0.0401005112 0.0570345595 -0.0309999995 -0.0401005112 0.0570345595 -0.0264999997 -0.0225083716 0.0587266386 -0.0264999997 -0.0239245836 0.059075702 -0.0309999995 -0.0248240102 0.0595477521 -0.0264999997 -0.0214926507 0.0587266386 -0.0309999995 -0.0253824405 0.0600171499 -0.0309999995 -0.026492767 0.0613509305 -0.0264999997 -0.0265963878 0.0615483634 -0.0309999995 -0.0270633306 0.0632198229 -0.0264999997 -0.0271324143 0.0639460534 -0.0309999995 -0.0270099733 0.0649544224 -0.0264999997 -0.0264927484 0.0663182214 -0.0309999995 -0.0259157363 0.0671541691 -0.0264999997 -0.0248240009 0.0681213588 -0.0309999995 -0.0239245556 0.0685934275 -0.0264999997 -0.0225084051 0.0689424798 -0.0309999995 -0.0214926172 0.0689424798 -0.0264999997 0.0247983858 0.0474553294 -0.0309999995 0.0224200003 0.0476263389 -0.0309999995 0.0239994898 0.047434561 -0.0264999997 0.0216493588 0.0478376746 -0.0264999997 0.0209323205 0.048190549 -0.0309999995 0.0196228791 0.0490943901 -0.0264999997 0.0196228791 0.0490943901 -0.0309999995 0.0185677893 0.0502853282 -0.0264999997 0.0185677893 0.0502853282 -0.0309999995 0.0178283807 0.0516941585 -0.0264999997 0.0178283807 0.0516941585 -0.0309999995 0.0174476095 0.0532390103 -0.0264999997 0.0174476095 0.0532390103 -0.0309999995 0.0174476095 0.0548301004 -0.0264999997 0.0174476095 0.0548301004 -0.0309999995 0.0178283807 0.0563749485 -0.0264999997 0.0178283807 0.0563749485 -0.0309999995 0.0185677893 0.0577837788 -0.0264999997 0.0185677893 0.0577837788 -0.0309999995 0.0196228791 0.0589747317 -0.0264999997 0.0196228791 0.0589747317 -0.0309999995 0.0209323205 0.0598785691 -0.0264999997 0.0209323205 0.0598785691 -0.0309999995 0.0224200003 0.0604427718 -0.0264999997 0.0224200003 0.0604427718 -0.0309999995 0.0239994898 0.0606345609 -0.0264999997 0.0239994898 0.0606345609 -0.0309999995 0.0419321582 0.0300345607 0.00952497683 0.0418490097 0.0345345587 0.00951301306 0.0411721617 0.0300345607 0.00967984181 0.0399051495 0.0345345587 0.0104065919 0.0397640541 0.0300345607 0.0106072826 0.0389482491 0.0300345607 0.0120828785 0.0389116295 0.0345345587 0.0122314524 0.0389116295 0.0300345607 0.0137685584 0.0390578359 0.0345345587 0.0143658686 0.0399051458 0.0300345607 0.0155934077 0.0407913886 0.0345345587 0.0162051376 0.0415168852 0.0300345607 0.0163995046 0.0428499691 0.0345345587 0.0164869893 0.0419254303 0.0300345607 -0.0164741836 0.041603718 0.0345345587 -0.0164848752 0.0410290807 0.0300345607 -0.0162658896 0.0397640578 0.0345345587 -0.0153927207 0.0396625809 0.0300345607 -0.0152781801 0.0389482491 0.0345345587 -0.0139171202 0.0389116295 0.0300345607 -0.0137685472 0.0389116295 0.0345345587 -0.0122314412 0.0389482491 0.0300345607 -0.0120828645 0.039905142 0.0345345587 -0.0104065947 0.0397640355 0.0300345607 -0.0106072975 0.0411031991 0.0300345607 -0.00971377548 0.0422396287 0.0345345587 -0.00943790656 0.0426589362 0.0300345607 -0.00946274307 0.051999487 0.030035777 0.0283561386 0.0435268246 0.0300345607 0.0163201597 0.0452186167 0.0300345607 0.0151139246 0.0458713807 0.0300345607 0.0130765103 0.0458713807 0.0300345607 -0.0130765149 0.0519994907 0.0300362539 -0.0283431411 0.0436699018 0.0300345607 0.00973410904 0.044413127 0.0300345607 -0.0101450076 0.0453434102 0.0300345607 0.011066881 0.045503512 0.0300345607 -0.0114310291 0.0283431597 0.0300345607 0.0264999997 0.0407473892 0.0300345607 0.0161118004 0.040103469 0.0300345607 0.0156843103 0.0435268283 0.0300345607 -0.0163201466 0.0452185981 0.0300345607 -0.0151139433 0.0396040305 0.0300345607 0.0151708499 0.0392622314 0.0300345607 0.0146498103 0.0390236601 0.0300345607 0.0140905501 0.0389009416 0.0300345607 0.0135990297 0.0388515405 0.0300345607 0.0131214196 0.0388880707 0.0300345607 0.0124805197 0.0283431597 0.0300345607 -0.0264999997 0.03909228 0.0300345607 0.0117184697 0.0283437856 0.0300377645 0.0284454674 0.0415131599 0.0300345607 -0.00960138533 0.0414925106 0.0300345607 0.0096065402 0.0407473892 0.0300345607 -0.00988820288 0.0283437371 0.0300392564 -0.0284128431 0.0414925106 0.0300345607 -0.0163934603 0.0407408699 0.0300345607 0.00989157427 0.040103469 0.0300345607 -0.0103156902 0.0407408699 0.0300345607 -0.0161084309 0.0400427617 0.0300345607 -0.0156322997 0.0394798517 0.0300345607 -0.0150039 0.0400427617 0.0300345607 0.0103676999 0.0396040305 0.0300345607 -0.0108291497 0.03909228 0.0300345607 -0.0142815299 0.0394798517 0.0300345607 0.0109960996 0.0392622314 0.0300345607 -0.0113501903 0.0388880707 0.0300345607 -0.0135194799 0.0390236601 0.0300345607 -0.0119094504 0.0388515405 0.0300345607 -0.01287858 0.0389009416 0.0300345607 -0.0124009699 0.0442871898 0.0345345587 -0.0100580808 0.0454324 0.0345345587 -0.0112955356 0.0458713807 0.0345345587 -0.0129234912 0.0453434065 0.0345345587 -0.0149331242 0.0436699055 0.0345345587 -0.016265884 0.044413127 0.0345345587 0.0158549938 0.045503512 0.0345345587 0.0145689696 0.0458713807 0.0345345587 0.0129234865 0.0452186018 0.0345345587 0.0108860629 0.0435268208 0.0345345587 0.00967984647 0.0519994907 0.0303316507 -0.0293016508 0.0282072108 0.0305343159 -0.0296902023 0.0519994907 0.0308640227 -0.0300963633 0.0277857687 0.0314996205 -0.0305963978 0.0519994907 0.0317329094 -0.0307029001 0.0519994795 0.0326352492 -0.0309978649 0.0270007569 0.0326828621 -0.0309993718 0.0519994907 0.0308690052 0.0301020294 0.0519994907 0.0303316507 0.0293016508 0.0519994907 0.0348534696 0.0256040972 0.0519994907 0.0354989916 0.0262241494 0.0519994907 0.0363046117 -0.0264987238 0.0519901328 0.0457528271 -0.0309999995 0.0519761629 0.045897916 -0.0264999997 0.0519994907 0.0354990363 -0.0262241736 0.0519994907 0.0348534733 -0.0256041065 0.0519994907 0.0345356427 -0.0247614328 0.0519994907 0.0345354043 0.0247605406 0.0519994907 0.0363045558 0.0264987238 0.0519761629 0.045897916 0.0264999997 0.0519901328 0.0457528271 0.0309999995 0.051999487 0.0326458551 0.0309976768 0.0519994907 0.0317329094 0.0307029095 0.0282005295 0.0305554327 0.0297216028 0.027766265 0.0315390155 0.0306203365 0.0269361176 0.0327408276 0.0309989657 0.0283431597 0.0345360152 -0.0248976648 0.0283431597 0.0352230892 -0.0260515269 0.0283431597 0.0362740979 -0.0264991634 0.0283431597 0.0345352292 0.0247273427 0.0283431597 0.0348104201 0.0255355835 0.0283431597 0.0354304761 0.0261810999 0.0283431597 0.0362740606 0.0264991671 0.0470847823 0.0509503148 -0.0309999995 0.0493117645 0.0500817448 -0.0309999995 0.0511719063 0.0481452122 -0.0309999995 0.043566063 0.0512707904 -0.0309999995 0.0283761006 0.0490943901 -0.0309999995 0.0421170518 0.0520709716 -0.0309999995 0.0294311792 0.0502853282 -0.0309999995 0.0408406258 0.0534288175 -0.0309999995 0.0270666592 0.048190549 -0.0309999995 0.0248603653 0.0342338942 -0.0310000014 0.0301706009 0.0516941585 -0.0309999995 0.0305513702 0.0532390103 -0.0309999995 0.0401388146 0.055378668 -0.0309999995 0.0220803972 0.0347047299 -0.030999992 0.00452367775 0.0283030737 -0.0309999995 0.00755027588 0.0309001524 -0.0309999995 0.00608882448 0.0289014373 -0.0309999995 0.0305513702 0.0548301004 -0.0309999995 0.0301706009 0.0563749485 -0.0309999995 0.03984892 0.0612597689 -0.0309999995 0.0400996394 0.0590345599 -0.0309999995 0.0294311792 0.0577837788 -0.0309999995 0.0379179604 0.0652694479 -0.0309999995 0.0391093306 0.0633733869 -0.0309999995 0.00904622953 0.031848073 -0.0309999995 0.0363345407 0.0668528676 -0.0309999995 0.0283761006 0.0589747317 -0.0309999995 -0.00391545426 0.0283052176 -0.0309999995 0.0344384797 0.0680442378 -0.0309999995 0.0323248506 0.068783842 -0.0309999995 0.0270666592 0.0598785691 -0.0309999995 0.0300996397 0.0690345466 -0.0309999995 0.0255789701 0.0604427718 -0.0309999995 0.0203328207 0.0690345466 -0.0309999995 0.0182042308 0.0692637265 -0.0309999995 0.0161732007 0.0699407384 -0.0309999995 0.0143328197 0.0710345507 -0.0309999995 0.0102993231 0.0739501864 -0.0309999995 0.00553282117 0.0751345605 -0.0309999995 0.00766141387 0.0749053881 -0.0309999995 -0.0182331838 0.0603480153 -0.0309999995 -0.0153596299 0.0313048102 -0.0309999995 -0.0196304191 0.0593187287 -0.0309999995 -0.0255151391 0.0365036018 -0.0309999995 -0.017044425 0.0624981448 -0.0309999995 -0.0169910602 0.0649544597 -0.0309999995 -0.0180852953 0.0671541691 -0.0309999995 -0.0220005102 0.0751345605 -0.0309999995 -0.0200764537 0.0685934201 -0.0309999995 -0.0396467112 0.0610621907 -0.0309999995 -0.0260281395 0.0746807605 -0.0309999995 -0.0383080505 0.0648878589 -0.0309999995 -0.0298538096 0.0733420923 -0.0309999995 -0.0361516587 0.0683197305 -0.0309999995 -0.0332856812 0.071185708 -0.0309999995 0.0218911413 0.0346758887 -0.0264999922 0.0238582809 0.0345179811 -0.0264999997 0.025660919 0.0338185616 -0.0265000109 0.0275888573 0.0319159031 -0.026499711 -0.0400234312 0.0553658903 0.0309999995 -0.0391243994 0.0511709116 0.0309999995 -0.0372633003 0.0473053604 0.0309999995 -0.0344440565 0.0438662469 0.0309999995 -0.0399098694 0.0596546307 0.0309999995 -0.0387901105 0.0637961701 0.0309999995 -0.0255151391 0.0365036018 0.0309999995 -0.0367270485 0.0675578192 0.0309999995 0.00755027588 0.0309001524 0.0309999995 -0.00392604386 0.0283053461 0.0309999995 0.0045702979 0.0283038653 0.0309999995 0.00614204444 0.028962357 0.0309999995 -0.0267593767 0.0657586083 0.0309999995 -0.0338366106 0.0707282275 0.0309999995 -0.0153596299 0.0313048102 0.0309999995 -0.0302811805 0.0731292963 0.0309999995 -0.0253201313 0.0677497759 0.0309999995 -0.0262605194 0.074626103 0.0309999995 -0.0238090008 0.0686031431 0.0309999995 -0.0218890198 0.0689664483 0.0309999995 -0.0220005102 0.0751345605 0.0309999995 -0.0195168629 0.0683268085 0.0309999995 -0.0177137181 0.0666580498 0.0309999995 0.00903324503 0.0318414979 0.0309999995 0.0220449418 0.0347066559 0.030999992 0.0248603653 0.0342338942 0.0310000014 0.0175912697 0.0556140393 0.0309999995 0.00553282117 0.0751345605 0.0309999995 0.0101935016 0.0740201548 0.0309999995 0.00766141387 0.0749053881 0.0309999995 0.0143328197 0.0710345507 0.0309999995 0.0181554798 0.0571017303 0.0309999995 0.0161732007 0.0699407384 0.0309999995 0.0190593209 0.0584111698 0.0309999995 0.0182042308 0.0692637265 0.0309999995 0.0202502608 0.0594662502 0.0309999995 0.0216591004 0.0602056682 0.0309999995 0.0203328207 0.0690345466 0.0309999995 0.0232039504 0.0605864413 0.0309999995 0.0247950293 0.0605864413 0.0309999995 0.040956188 0.0532509126 0.0309999995 0.0421170518 0.0520709716 0.0309999995 0.0437685102 0.051207412 0.0309999995 0.0401427411 0.0553029887 0.0309999995 0.0304077007 0.0556140393 0.0309999995 0.0470648371 0.0509575084 0.0309999995 0.0511719063 0.0481452122 0.0309999995 0.0300996397 0.0690345466 0.0309999995 0.0263398793 0.0602056682 0.0309999995 0.0277487095 0.0594662502 0.0309999995 0.0400996394 0.0590345599 0.0309999995 0.0298434999 0.0571017303 0.0309999995 0.0493117645 0.0500817448 0.0309999995 0.03984892 0.0612597689 0.0309999995 0.0323248506 0.068783842 0.0309999995 0.0391093306 0.0633733869 0.0309999995 0.0289396606 0.0584111698 0.0309999995 0.0344384797 0.0680442378 0.0309999995 0.0379179604 0.0652694479 0.0309999995 0.0363345407 0.0668528676 0.0309999995 0.0510427505 0.0483507589 0.0264999997 0.0491062179 0.0502109006 0.0264999997 0.0470079891 0.0509556681 0.0264999997 -0.0391243994 0.0511709116 0.0264999997 -0.0400234312 0.0553658903 0.0264999997 -0.0372633003 0.0473053604 0.0264999997 -0.0344461836 0.0438675582 0.0264999997 -0.0399098694 0.0596546307 0.0264999997 -0.0387901105 0.0637961701 0.0264999997 -0.0255151391 0.0365036018 0.0264999997 -0.0367270485 0.0675578192 0.0264999997 0.00766620645 0.0310097616 0.0264999997 0.00610775501 0.0289118122 0.0264999997 0.0045106425 0.0283002201 0.0264999997 -0.00394032802 0.0283113159 0.0264999997 -0.0268384442 0.0655501261 0.0264999997 -0.0338366106 0.0707282275 0.0264999997 -0.0153596299 0.0313048102 0.0264999997 -0.0302811805 0.0731292963 0.0264999997 -0.0254870337 0.0676019117 0.0264999997 -0.0262605194 0.074626103 0.0264999997 -0.0238090008 0.0686031431 0.0264999997 -0.022111997 0.0689664483 0.0264999997 -0.0220005102 0.0751345605 0.0264999997 -0.0197142996 0.0684304312 0.0264999997 -0.0178403817 0.0668415502 0.0264999997 0.0238582809 0.0345179811 0.0264999997 0.0219230577 0.0346757844 0.0264999922 0.025660919 0.0338185616 0.0265000109 0.0275942236 0.0319088027 0.0264997631 0.00910915993 0.0318624415 0.0264999997 0.0175912697 0.0556140393 0.0264999997 0.00553282117 0.0751345605 0.0264999997 0.0096924454 0.0742283836 0.0264999997 0.00766141387 0.0749053881 0.0264999997 0.0115328198 0.0731345564 0.0264999997 0.0156720821 0.070148997 0.0264999997 0.0181554798 0.0571017303 0.0264999997 0.0190593209 0.0584111698 0.0264999997 0.0182042308 0.0692637265 0.0264999997 0.0202502608 0.0594662502 0.0264999997 0.0216591004 0.0602056682 0.0264999997 0.0203328207 0.0690345466 0.0264999997 0.0232039504 0.0605864413 0.0264999997 0.0247950293 0.0605864413 0.0264999997 0.0408406258 0.0534288175 0.0264999997 0.0421170518 0.0520709716 0.0264999997 0.043566063 0.0512707904 0.0264999997 0.0401225574 0.05544829 0.0264999997 0.0304077007 0.0556140393 0.0264999997 0.0300996397 0.0690345466 0.0264999997 0.0263398793 0.0602056682 0.0264999997 0.0277487095 0.0594662502 0.0264999997 0.0400996394 0.0590345599 0.0264999997 0.0298434999 0.0571017303 0.0264999997 0.0323248506 0.068783842 0.0264999997 0.03984892 0.0612597689 0.0264999997 0.0391093306 0.0633733869 0.0264999997 0.0289396606 0.0584111698 0.0264999997 0.0344384797 0.0680442378 0.0264999997 0.0379179604 0.0652694479 0.0264999997 0.0363345407 0.0668528676 0.0264999997 -0.0383080505 0.0648878589 -0.0264999997 -0.0396467112 0.0610621907 -0.0264999997 -0.0361516587 0.0683197305 -0.0264999997 -0.0255151391 0.0365036018 -0.0264999997 0.00766620645 0.0310097616 -0.0264999997 -0.00395041658 0.0283115227 -0.0264999997 0.00455781678 0.0283006541 -0.0264999997 0.00615879381 0.0289724953 -0.0264999997 -0.0200764239 0.0590757057 -0.0264999997 -0.0332856812 0.071185708 -0.0264999997 -0.0153596299 0.0313048102 -0.0264999997 -0.0186185893 0.0600171499 -0.0264999997 -0.0174046196 0.0615483969 -0.0264999997 -0.0298538096 0.0733420923 -0.0264999997 -0.0260281395 0.0746807605 -0.0264999997 -0.0220005102 0.0751345605 -0.0264999997 -0.0196304191 0.0683503821 -0.0264999997 -0.018233154 0.0673210695 -0.0264999997 0.00909552537 0.0318561494 -0.0264999997 0.0255789701 0.0476263389 -0.0264999997 0.0270666592 0.048190549 -0.0264999997 0.0283761006 0.0490943901 -0.0264999997 0.0294311792 0.0502853282 -0.0264999997 0.00553282117 0.0751345605 -0.0264999997 -0.0170444213 0.0651709512 -0.0264999997 -0.0169376992 0.0632198229 -0.0264999997 0.0096924454 0.0742283836 -0.0264999997 0.00766141387 0.0749053881 -0.0264999997 0.0115328198 0.0731345564 -0.0264999997 0.0156720821 0.070148997 -0.0264999997 0.0182042308 0.0692637265 -0.0264999997 0.0203328207 0.0690345466 -0.0264999997 0.040956188 0.0532509126 -0.0264999997 0.0301706009 0.0516941585 -0.0264999997 0.0421170518 0.0520709716 -0.0264999997 0.0305513702 0.0532390103 -0.0264999997 0.0437685102 0.051207412 -0.0264999997 0.0401252918 0.0553665161 -0.0264999997 0.0305513702 0.0548301004 -0.0264999997 0.0301706009 0.0563749485 -0.0264999997 0.0469888486 0.050962761 -0.0264999997 0.0300996397 0.0690345466 -0.0264999997 0.0255789701 0.0604427718 -0.0264999997 0.0270666592 0.0598785691 -0.0264999997 0.0399896353 0.0606405511 -0.0264999997 0.0491062179 0.0502109006 -0.0264999997 0.0510427505 0.0483507589 -0.0264999997 0.0294311792 0.0577837788 -0.0264999997 0.0323248506 0.068783842 -0.0264999997 0.0283761006 0.0589747317 -0.0264999997 0.0391093306 0.0633733869 -0.0264999997 0.0344384797 0.0680442378 -0.0264999997 0.0363345407 0.0668528676 -0.0264999997 0.0379179604 0.0652694479 -0.0264999997 0.0425695255 0.0546444803 -0.0182100665 0.0434319973 0.0544306338 -0.0180520415 0.0425341241 0.0544880927 -0.0177578591 0.0424894989 0.0548822209 -0.017181959 0.0429553539 0.0554879196 -0.0167853292 0.042408485 0.0554840118 -0.0168186985 0.0443041176 0.055422537 -0.0162793882 0.0449388325 0.0545986667 -0.0175335743 0.045590777 0.0546889603 -0.0171307214 0.0447185561 0.0554449446 -0.0160926264 0.0443555079 0.0547913313 -0.0178373158 0.0573447123 0.0300345607 -0.018955376 0.0573488735 0.0255345609 0.0182700586 0.0573480986 0.0255345609 -0.0183247272 0.0573401935 0.0300345607 0.0189638324 0.0400695913 0.0255345609 -0.0157390926 0.0308505911 0.0255345609 -0.029696729 0.0325862989 0.0255345609 -0.0312984362 0.0473083816 0.0255345609 0.0164911654 0.0487871841 0.0255345609 0.0159419253 0.0570074692 0.0255345609 0.0195786208 0.0405181684 0.0255345609 0.00999608915 0.0418010242 0.0255345609 -0.00951822568 0.0419421904 0.0255345609 0.00950469729 0.0312979519 0.0255345609 0.0306114536 0.030849712 0.0255345609 0.0295582134 0.032445427 0.0255345609 0.0312961377 0.039905142 0.0255345609 -0.0104065947 0.0389482491 0.0255345609 -0.0139171202 0.0389116295 0.0255345609 -0.0122314412 0.0388375148 0.0255345609 0.0127185024 0.0393675119 0.0255345609 0.0111271171 0.0499324054 0.0255345609 -0.0147044435 0.0569817834 0.0255345609 -0.0196228735 0.0487872139 0.0255345609 -0.0159419011 0.0500035174 0.0255345609 -0.0114310384 0.0489131398 0.0255345609 0.0101450197 0.0489131212 0.0255345609 -0.0101450039 0.0473083444 0.0255345609 -0.0164911654 0.0500035174 0.0255345609 0.0114310533 0.0505836606 0.0255345609 -0.0305229984 0.0503713824 0.0255345609 -0.0130765149 0.0495167822 0.0255345609 -0.0312964134 0.0505836792 0.0255345609 0.0305229798 0.0473979414 0.0255345609 0.00951822847 0.0473694801 0.0255345609 -0.00951000862 0.0503713824 0.0255345609 0.0130765103 0.0499324054 0.0255345609 0.0147044556 0.0315380357 0.0255345609 -0.0308515392 0.0495167859 0.0255345609 0.0312964134 0.0418603532 0.0255345609 -0.0164837427 0.0416097641 0.0255345609 0.0164762642 0.03910999 0.0255345609 0.0143822841 0.0400172323 0.0255345609 0.0156325214 0.0308505911 0.0300345607 0.0296967383 0.0407627299 0.0300345607 0.0161307398 0.0400838293 0.0300345607 0.0156695303 0.039505709 0.0300345607 0.0150479795 0.0391059406 0.0300345607 0.0143435597 0.0500035174 0.0300345607 0.0145689612 0.0503713824 0.0300345607 0.0129234865 0.0388905816 0.0300345607 0.0135627398 0.0388597213 0.0300345607 0.0127144298 0.0390136205 0.0300345607 0.01190829 0.030849712 0.0300345607 -0.0295582172 0.0405275188 0.0300345607 -0.0159975104 0.0412571505 0.0300345607 -0.0163358692 0.0489131212 0.0300345607 0.0158549976 0.0325891264 0.0300345607 0.0312992036 0.041529011 0.0300345607 0.0164104849 0.0492278971 0.0300345607 0.0312987529 0.0417760499 0.0300345607 0.00954186916 0.0473083667 0.0300345607 0.00950883608 0.0415285863 0.0300345607 -0.00958964881 0.031538032 0.0300345607 0.0308515336 0.0398746096 0.0300345607 -0.0154748699 0.0393520296 0.0300345607 -0.0148216402 0.0412571505 0.0300345607 0.00966413412 0.0407627299 0.0300345607 -0.00986926258 0.0390136205 0.0300345607 -0.0140917096 0.0473979525 0.0300345607 0.0164817721 0.0388597213 0.0300345607 -0.0132855698 0.0405275188 0.0300345607 0.0100024901 0.0400838293 0.0300345607 -0.0103304703 0.0500035174 0.0300345607 -0.0145689482 0.0489131473 0.0300345607 -0.0158549752 0.0388905816 0.0300345607 -0.0124372598 0.0398746096 0.0300345607 0.0105251297 0.039505709 0.0300345607 -0.0109520201 0.047397919 0.0300345607 -0.0164817721 0.0393520296 0.0300345607 0.0111783603 0.050434377 0.0300345607 -0.0307711903 0.0391059406 0.0300345607 -0.0116564399 0.0503713824 0.0300345607 -0.0129234912 0.0492278524 0.0300345607 -0.0312987529 0.0487872064 0.0300345607 0.0100580929 0.0499324054 0.0300345607 -0.011295544 0.0487871878 0.0300345607 -0.0100580771 0.0499324054 0.0300345607 0.011295558 0.0504343919 0.0300345607 0.0307711773 0.0473386347 0.0300345607 -0.00951625407 0.0324504524 0.0300345607 -0.0312980227 0.0312979594 0.0300345607 -0.0306114629 0.0417970754 0.0300345607 -0.0164607167 0.0410290807 0.0300345607 -0.0162658896 0.0396625809 0.0300345607 -0.0152781801 0.0389116295 0.0300345607 -0.0137685472 0.0390578359 0.0300345607 -0.01163413 0.0404118001 0.0300345607 -0.0100580761 0.0404764712 0.0300345607 0.0159725007 0.0399970114 0.0300345607 0.0103788199 0.0390598923 0.0300345607 0.0117408335 0.0388513021 0.0300345607 0.0134182414 0.0394284837 0.0300345607 0.0149627225 0.0368497707 0.0255345609 -0.0129447104 0.0395521522 0.0218931139 -0.0177339539 0.0368825123 0.0215978045 -0.0129297189 0.0395517386 0.0255345609 -0.0177352503 0.0397610925 0.0215354599 -0.0174047146 0.0396475084 0.0255345609 -0.0082094539 0.0396486707 0.0218982473 -0.00821065716 0.0450514592 0.0255345609 -0.0177905392 0.0450489633 0.0215969793 -0.0177544132 0.0398482047 0.0215367582 -0.00853636209 0.0474730842 0.0215368848 -0.0130494013 0.0449474007 0.021536056 -0.00860296097 0.045147229 0.0255345609 -0.00826474465 0.045145981 0.0218915846 -0.00826685503 0.0478492118 0.0255345609 -0.0130552901 0.0478477329 0.0219046846 -0.0130546186 0.0478492118 0.0295345597 -0.0130552901 0.0478492118 0.0255345609 -0.0130552901 0.0450514592 0.0295345597 -0.0177905392 0.0395517386 0.0295345597 -0.0177352503 0.0395517386 0.0255345609 -0.0177352503 0.0368497707 0.0295345597 -0.0129447104 0.0396475084 0.0295345597 -0.0082094539 0.045147229 0.0295345597 -0.00826474465 0.045147229 0.0255345609 -0.00826474465 0.0368497707 0.0255345609 -0.0129447104 0.0396475084 0.0255345609 -0.0082094539 0.045147229 0.0255345609 -0.00826474465 0.0396475084 0.0255345609 -0.0082094539 0.0368497707 0.0255345609 -0.0129447104 0.0478492118 0.0255345609 -0.0130552901 0.0395517386 0.0255345609 -0.0177352503 0.0450514592 0.0255345609 -0.0177905392 0.0444411188 0.0355401225 0.00684567168 0.0456459261 0.0357488841 0.00878700987 0.0462379791 0.035188552 0.00785280671 0.0452918857 0.0353292152 0.00727696763 0.0449817963 0.0353272036 0.00960504077 0.042484995 0.035812851 0.0085621383 0.0423970968 0.0350051522 0.00922889635 0.0431809276 0.0349520668 0.00918334071 0.0440496095 0.0349845514 0.00949946977 0.0447502285 0.0349845588 0.00985633768 0.042509228 0.036080692 0.00774439564 0.0424607471 0.0355872288 0.00655173603 0.042187646 0.0539087579 0.00781167485 0.0406315848 0.0542238057 0.00706177531 0.0422985293 0.0549625754 0.00626501441 0.0412661582 0.0539269075 0.00794625003 0.0411267579 0.054979533 0.00641958322 0.0402769372 0.0549787991 0.00667029992 0.0385449752 0.0551227294 0.00792422891 0.039940428 0.0538874567 0.00834297575 0.0391120017 0.0542463101 0.00886281766 0.0386441387 0.0543899648 0.00818602741 0.0405084789 0.054047551 0.00814005546 0.0478492118 0.0255345609 -0.0130552901 0.0450514592 0.0255345609 -0.0177905392 0.0395517386 0.0255345609 -0.0177352503 0.045147229 0.0255345609 -0.00826474465 0.0368497707 0.0255345609 -0.0129447104 0.0396475084 0.0255345609 -0.0082094539</float_array>
          <technique_common>
            <accessor count="1623" source="#cubeverts-array0-array" stride="3">
              <param name="X" type="float" />
              <param name="Y" type="float" />
              <param name="Z" type="float" />
            </accessor>
          </technique_common>
        </source>
        <source id="cubenormals-array0">
          <float_array count="9393" id="cubenormals-array0-array">0.854503334 -0.519443631 0.00153724791 0.853951156 -0.520342648 0.0032969513 0.541002274 -0.325710386 0.775389791 0.551259816 -0.334854901 0.764189005 0 0 -1 0 -0 -1 -0 0 -1 0 -0 -1 0.876841307 0.480771989 0.00274577434 0.877119362 0.480269164 0.00178723095 -0.000963724684 -0.00160479965 0.999998152 0.00187222904 -3.25542387e-05 0.999998152 -0.000908504764 0.00163734832 0.999998152 -1.99146314e-07 -3.31619532e-07 1 -0.0220098812 -0.999753535 0.00290407729 -0.0226361528 -0.999742031 0.00186090637 -0.876862288 -0.480733693 0.00274630194 -0.87711966 -0.4802683 0.00186065189 0.0221054703 0.999751866 0.00274269306 0.0226346236 0.999742031 0.00186130591 -0.854757547 0.51902014 0.00274212752 -0.854484499 0.519473553 0.00186079601 0.548627973 0.304860115 0.778503478 0.569821239 0.311955392 0.760254979 -0.0102625061 -0.625138462 0.78044647 -0.0147212837 -0.64717561 0.762198806 -0.552673995 -0.305721611 0.775297284 -0.565192819 -0.309875935 0.764548302 -0.538276136 0.322663695 0.778554499 -0.553393364 0.336027354 0.762129545 0.0115747908 0.631424487 0.775351048 0.0142605705 0.644461095 0.764504194 -0.725216091 0.643958986 -0.243677109 -0.537286282 0.693376243 0.480159134 -0.728814304 0.399851233 -0.555831611 -0.871682107 0.399021864 0.284520566 -0.279062927 0.958544791 -0.0575833209 -0.14877896 0.964514494 0.218120754 -0.697144926 0.658576965 -0.283311397 -0.595384777 0.739764273 0.313473731 -0.588490427 0.666456819 0.457727283 -0.106332816 0.615837038 0.780665219 -0.518876374 0.406240523 -0.752154231 -0.0890518725 0.572754204 0.814875722 -0.512623608 0.413957179 -0.75223434 -0.908349395 0.412424415 -0.069335863 -0.274450243 0.961547375 -0.0101777893 -0.555852473 0.717690051 0.4194628 -0.365725547 0.771808922 -0.520149887 -0.74072504 0.663481295 0.105447277 -0.172545031 0.425273329 -0.888465464 -0.252602816 0.693376482 0.674848795 -0.262046546 0.412505567 -0.872451067 -0.524354219 0.80892086 -0.265894264 -0.904059172 0.39902249 -0.153159961 -0.00551002892 0.980276346 0.19755502 -0.767691135 0.638023436 0.0598022044 -0.460807055 0.575546443 0.67557615 -0.460817814 0.577584565 0.673827112 -0.0384833068 0.622835159 -0.781405985 -0.772081256 0.412424833 -0.483524889 -0.33243233 0.622490227 -0.708515882 -0.364584595 0.791198611 -0.491001874 -0.293103963 0.853872478 -0.430106759 -0.522098303 0.84206295 0.135437801 -0.0699635446 0.956952989 -0.281684458 -0.17353192 0.827768981 0.533558965 -0.0557520241 0.955963254 -0.288142055 0.126240611 -0.00109711045 -0.99199903 0.113107987 0.00148850272 -0.993581533 0.359982163 0.00112651358 -0.932958484 0.5682863 5.22701375e-05 -0.822830856 0.354343116 -5.20246795e-05 -0.935115457 0.748688817 5.2283187e-05 -0.662921607 0.567847431 -5.19978967e-05 -0.823133826 0.885581136 5.22753289e-05 -0.46448487 0.748335123 -5.20084541e-05 -0.663320839 0.971006036 5.22898808e-05 -0.239054799 0.88533324 -5.19820824e-05 -0.464956999 1 5.22417286e-05 0.000268554431 0.970878422 -5.20401118e-05 -0.239572883 0.970877349 5.23041926e-05 0.239577055 1 -5.19740388e-05 -0.000264464848 0.885331035 5.23520794e-05 0.46496135 0.971004903 -5.19187597e-05 0.239059493 0.748332202 5.22896771e-05 0.663324058 0.88557899 -5.19979112e-05 0.464488715 0.567843676 5.22742666e-05 0.823136389 0.748685956 -5.19979076e-05 0.662924886 0.356998444 5.10762329e-05 0.934104979 0.568282604 -5.19768219e-05 0.822833538 0.355087042 0.000438472984 0.934833109 0.124796078 0.000765900244 0.992182076 0.123046502 0.000438632036 0.992400825 0.884735525 0.410708994 0.220366195 0.888813615 0.402462631 0.219166964 0.34257111 0.935769618 -0.0835483372 0.31728062 0.945646107 -0.0713188574 0.0658422858 0.837165356 -0.542972267 0.683945537 0.410707861 -0.602940619 0.685275078 0.4024629 -0.606977403 0.184980884 0.942937791 0.27685827 0.199590459 0.935772896 0.290676415 0.122151062 0.9396047 -0.319721907 0.118917152 0.946599007 -0.299681515 0.0710771456 0.626323581 -0.776316166 0.810541928 0.402452171 0.425504476 0.806285918 0.410716921 0.425693214 0.517004967 0.85598141 0.0012659994 0.810624778 0.402450919 -0.425347924 0.808364093 0.41070953 -0.421740681 0.0567444414 0.94267118 0.328863442 0.29473716 0.855978251 -0.424771935 0.0538237393 0.934001625 0.353191048 0.175993681 0.871495962 0.457734644 0.13263984 0.410774857 -0.902036905 0.685156465 0.402459502 0.6071136 0.680978894 0.410724282 0.6062783 0.34214741 0.935773611 0.085222587 0.400198907 0.912296951 0.0869197026 0.885798812 0.410721034 -0.216029331 0.888860941 0.402452201 -0.218994409 0.07141269 0.627607107 0.775248051 0.264501125 0.9357723 -0.233172491 0.247798428 0.945644259 -0.210600913 0.516099811 0.410724252 0.751629293 0.519952834 0.402466655 0.753438592 0.325401485 0.41071257 -0.851721227 0.296284407 0.938504338 0.177271634 0.324701965 0.402457744 -0.855918467 0.131571144 0.427371949 0.894450843 0.325256765 0.40253225 0.855672717 0.315755039 0.426101089 0.847783327 0.366182834 0.91023767 0.193332493 0.911757767 0.410722166 0.00223282259 0.915436149 0.402463257 8.92658863e-05 0.458378732 0.855977833 -0.239146248 0.520101011 0.402455658 -0.753342092 0.519775331 0.410721183 -0.74909389 0.386147678 0.855979264 0.343786955 -0.521572232 -0.413959205 -0.746056378 -0.904061675 -0.399018109 0.153156623 -0.0452218615 -0.426091909 -0.903548896 -0.321831912 -0.406022698 -0.855318546 -0.332564354 -0.429334641 -0.839686155 -0.755383134 -0.643966258 -0.121259131 -0.541423976 -0.693377078 0.475487441 -0.265623182 -0.935620546 -0.232504919 -0.596943378 -0.783723712 0.171568036 -0.908348024 -0.412428021 0.0693325475 -0.392663151 0.00910020992 0.919637322 -0.737557054 -0.566710413 0.367217958 -0.65196985 -0.638015866 -0.409720689 -0.0953995511 -0.732843995 0.673675537 -0.222089529 -0.668438911 0.709835052 -0.283003718 -0.878269076 -0.385424852 -0.298416108 -0.853664577 -0.426854372 -0.871682227 -0.399018854 -0.284524262 -0.160730317 -0.959797502 0.230118543 -0.70472914 -0.663627028 0.250910282 -0.258438319 -0.693376958 0.672635138 -0.0397849567 -0.885361254 -0.463198245 -0.121682979 -0.71523881 -0.688205481 -0.120204598 -0.931411684 -0.34354502 -0.614657998 -0.778760314 -0.125411183 -0.836522698 -0.412428021 -0.36073947 -0.71610719 -0.67852509 -0.16368939 -0.772176445 -0.412434131 0.48336494 -0.633595228 -0.759986043 -0.144838884 -0.468268275 -0.575551569 0.67042166 -0.68405211 -0.405583858 -0.606279075 -0.684959352 -0.413959026 -0.599557042 -0.466639578 -0.577576697 0.669815361 -0.351728886 -0.925199389 -0.14245297 -0.14893657 -0.625376403 -0.765977979 -0.202969491 -0.965638757 0.16231221 -0.519278288 -0.40623641 -0.751878977 0.119647965 5.292067e-05 -0.992816448 0.120351866 0.00042353716 -0.992731214 0.354696751 5.25685173e-05 -0.934981406 0.354514569 -5.24250318e-05 -0.935050488 0.568144381 5.24394927e-05 -0.822928905 0.567984402 -5.23484377e-05 -0.823039353 0.74857533 5.25775249e-05 -0.663049698 0.748446047 -5.25163996e-05 -0.66319567 0.885501385 5.24045463e-05 -0.464636773 0.885411143 -5.22876289e-05 -0.464808792 0.970965028 5.24649258e-05 -0.239221394 0.970918477 -5.24862699e-05 -0.23941049 1 5.24447205e-05 9.76564043e-05 1 -5.2444997e-05 -9.69987668e-05 0.970918357 5.24839816e-05 0.239411041 0.970964909 -5.24707648e-05 0.239221916 0.885410607 5.24044299e-05 0.464809716 0.885500968 -5.24098978e-05 0.464637458 0.74844563 5.24946481e-05 0.663196206 0.748574853 -5.24860334e-05 0.663050294 0.567984939 5.25363685e-05 0.823038936 0.568145275 -5.2439882e-05 0.82292825 0.354442805 -0.000461152173 0.935077548 0.353708953 -5.28172786e-05 0.935355544 0.118483245 0.00111632876 0.992955387 0.122485489 -0.00105162675 0.992469847 0.241819903 -0.912355602 -0.330348969 0.199581727 -0.935778141 -0.290665507 0.685272753 -0.402465224 0.606978595 0.68394202 -0.41071713 0.602938354 0.342556238 -0.93577534 0.0835447237 0.10366606 -0.426684588 -0.898439527 0.317303419 -0.945637405 0.0713337064 0.884735346 -0.410709351 -0.220365956 0.88881427 -0.40246141 -0.219166502 0.111181609 -0.402534127 -0.908628047 0.386173546 -0.855958402 -0.343809873 0.321225941 -0.410716712 -0.853302836 0.324535549 -0.402455151 -0.855982721 0.51977402 -0.410725355 0.749092638 0.520099401 -0.402466178 0.753337622 0.458409816 -0.855956674 0.239162266 0.911757588 -0.410722643 -0.00223255041 0.915436685 -0.402462006 -8.85333211e-05 0.366245955 -0.910205185 -0.193365932 0.296327114 -0.938484251 -0.177306622 0.516103089 -0.410713375 -0.751632988 0.519953251 -0.402461857 -0.753440917 0.0866792426 -0.426837772 0.900164485 0.345063657 -0.410783529 0.843912363 0.0613417029 -0.871472001 -0.486594081 0.885798573 -0.410721451 0.216029182 0.888861537 -0.402450442 0.21899505 0.264487714 -0.935779154 0.233160213 0.247811496 -0.945635617 0.210624725 0.342132926 -0.935779214 -0.0852191746 0.400069028 -0.912354529 -0.0869137198 0.68097949 -0.410723388 -0.606278181 0.685160577 -0.402451754 -0.607114196 0.254497498 -0.627815306 0.735580623 0.11646226 -0.626039326 0.771045566 0.294755012 -0.855959237 0.424797803 0.145913094 -0.910205662 -0.387601554 0.107531749 -0.936460674 -0.333883554 0.810622454 -0.40245837 0.425345123 0.0236025192 -0.94266057 0.332917422 0.808363914 -0.410709321 0.421741158 0.0322819725 -0.933966815 0.355898529 0.139795139 -0.93868351 0.315167636 0.141377017 -0.933718145 0.328911811 0.517039478 -0.855960608 -0.00126597984 0.806288183 -0.410710871 -0.425694704 0.810542047 -0.402450293 -0.425505996 0.677749634 0.413955957 0.607697189 0.683801234 0.406239629 0.60612309 0.177151471 0.425946027 -0.88723582 0.885130644 0.413955986 -0.212565631 0.887272596 0.40624097 -0.218439266 0.357198626 0.934026003 0.00213351171 0.329693854 0.791307271 -0.514912307 0.298092216 0.854008973 -0.426391482 0.261271775 0.399851024 -0.87855351 0.51262331 0.413956195 0.752235055 0.518876791 0.406238675 0.752154946 0.0198003408 0.65957284 -0.751379848 0.913766325 0.406240165 0.000245211879 0.910279989 0.413957447 0.00543704955 0.302540779 0.950062394 0.0764888078 0.519280434 0.406240553 -0.751875341 0.52157253 0.413957119 -0.746057332 0.265575737 0.935644329 -0.23246339 0.262046814 0.412503481 0.872451901 0.356663197 0.771839619 -0.526360154 0.350075662 0.917986095 0.186409414 0.882528007 0.413956672 0.223123595 0.88715601 0.406238437 0.218916461 0.684126735 0.406238586 -0.605756402 0.684960127 0.413957268 -0.59955734 0.327158839 0.929694176 -0.169221193 0.0616294928 0.816757202 -0.573680699 0.492334604 0.795795023 0.352586001 0.329859614 0.89650172 0.295765579 0.06592457 0.709213555 0.701904655 0.803486943 0.413955152 0.427843332 0.318529844 0.578519583 0.750902057 0.208429068 0.928984046 0.305852979 0.808985591 0.40623939 0.424866945 0.808540285 0.413955301 -0.418214619 0.809214473 0.406239241 -0.424430966 0.625865281 0.767002165 -0.14142248 0.670410991 0.724312127 -0.161000237 0.161756963 0.877939522 0.450618237 -0.0153151751 0.982091129 0.187783226 -7.60603434e-05 1 3.01331454e-07 5.16431392e-05 1 3.64012931e-06 -2.88690917e-05 1 -6.75030606e-06 -2.8143133e-05 1 1.40406191e-05 3.16447731e-05 1 3.27895978e-05 0.000185441313 0.999999881 -0.000257187261 0.000454978348 0.999999762 0.000505904609 5.98972147e-05 1 -7.42589982e-05 -1.60943491e-05 0.999999523 -0.000894283061 -2.9817109e-05 1 -2.45693027e-05 -0.000374057912 0.99999994 8.40813373e-05 -2.49905734e-05 1 -1.70673284e-05 3.29534341e-05 1 -2.28774879e-05 -4.84591646e-06 1 -9.05528577e-05 2.70579731e-05 1 6.19266357e-05 -0.000611504831 0.999999583 -0.000618201972 0.000123724036 0.999999404 0.00104069978 -3.14885438e-05 1 1.48722302e-05 2.97757724e-05 1 -2.53060734e-05 -7.35155918e-05 1 3.86168722e-05 -0.000154187641 0.99999994 -0.000286386465 0.000601943815 0.999999821 -0.000290543801 -7.15771312e-05 1 -4.42815826e-06 7.65285495e-06 1 -2.67079886e-05 -0.000797980116 0.999999583 0.00035420846 -0.123175785 -0.000345126085 0.992384732 -0.117053166 0.000812893966 0.993125319 -0.350555688 0.000818275497 0.936541557 -0.358654141 -0.000818672008 0.93347019 -0.564498723 0.000818251108 0.825433493 -0.571626544 -0.000818602333 0.820513546 -0.745634675 0.000818231609 0.666354477 -0.751377821 -0.000818620436 0.659871757 -0.88331604 0.00148388057 0.46877566 -0.972308636 0.00112642313 0.233697742 -0.888920963 -0.000839298824 0.458059847 -0.96954304 -0.00112579495 0.244918451 -0.9999699 0.00148765207 0.00761034759 -0.969541311 0.00112644385 -0.244925186 -0.9999699 -0.00148838642 -0.00761682633 -0.972306967 -0.00112577924 -0.233704418 -0.888966143 0.00148770353 -0.45797044 -0.744679868 0.00112652988 -0.667420864 -0.881889582 -0.00148837327 -0.471453667 -0.567843437 5.22742994e-05 -0.823136568 -0.748696268 -5.2008807e-05 -0.662913144 -0.356998682 5.10760692e-05 -0.934104919 -0.568282306 -5.19873029e-05 -0.822833717 -0.35508725 0.000438482821 -0.93483299 -0.118114524 -0.00048343293 -0.992999852 -0.123046041 0.000438634306 -0.992400825 -0.888815761 0.402459532 -0.219164178 -0.884728611 0.410723984 -0.220365927 -0.0585520007 0.933752775 0.353096962 -0.502286553 0.855980396 0.122498192 -0.0602993444 0.938699007 0.339423269 -0.685272038 0.402468532 0.606977165 -0.683941782 0.410717696 0.602938294 -0.184299871 0.936475754 -0.298406869 -0.234389678 0.910239458 -0.341358542 -0.184517801 0.855978966 0.482962936 -0.0710658282 0.627622843 0.775267303 -0.806060791 0.41128242 -0.425573468 -0.810597122 0.402477801 -0.425374925 -0.35260585 0.935771585 -0.000863611582 -0.40936783 0.912298441 0.0113792503 -0.808358073 0.410724908 0.421737254 -0.81062001 0.402461976 0.425346404 -0.0468857214 0.972535372 -0.227983922 -0.190194041 0.945646286 0.263778836 -0.201011941 0.9357723 0.289696932 -0.175995529 0.871493638 -0.457738191 -0.0408692248 0.949533045 -0.310993016 -0.132495016 0.41066882 0.902106524 -0.685239494 0.402278364 -0.607139885 -0.681001067 0.410658658 -0.606297791 -0.33009389 0.938506126 -0.101213649 -0.401807398 0.910238862 -0.100080222 -0.885800838 0.410715401 0.2160317 -0.888855875 0.402465612 0.218989983 -0.0714405179 0.626306474 -0.776296616 -0.387827396 0.855978429 0.341892928 -0.52023083 0.401860416 -0.753570199 -0.516103804 0.410710514 -0.751634061 -0.3254022 0.410722971 0.851715922 -0.131692648 0.427402645 -0.89441818 -0.324650735 0.401866972 0.856215417 -0.315662414 0.426685631 -0.847523749 -0.325399697 0.402530402 -0.855619252 -0.457199872 0.855979145 -0.241387486 -0.915438533 0.402457863 -8.93653632e-05 -0.911761045 0.410714924 -0.00223244098 -0.312621027 0.935770094 0.163102388 -0.290992647 0.945646405 0.145176351 -0.520099223 0.402466446 0.753337562 -0.519773722 0.410727292 0.749091685 -0.313962519 0.912298322 -0.262943596 -0.263359576 0.935770392 -0.234468624 0.887158215 -0.406235367 -0.218913347 0.882527173 -0.413958609 -0.223123163 0.32431221 -0.40558362 -0.854589641 0.317705125 -0.413959026 -0.853054106 0.0452218018 -0.426092744 0.903548539 0.321831465 -0.406021208 0.85531944 0.332564861 -0.429335296 0.839685559 0.0066032717 -0.932707608 -0.360573113 0.265677333 -0.935593486 0.232552096 0.356926262 -0.929763675 -0.0902390182 0.910279572 -0.41395849 -0.00543705281 0.518880546 -0.40623638 -0.752153516 0.512623191 -0.413958877 -0.752233684 0.913768291 -0.406235874 -0.000241659596 0.12244197 -0.936442554 -0.328760445 0.153642282 -0.621121943 -0.76850605 0.283056647 -0.878246725 0.385436922 0.298535764 -0.853537321 0.427025199 0.353001028 -0.935620606 -0.00210845447 0.303802609 -0.841997981 -0.445806444 0.263508111 -0.87349695 -0.409349114 0.887273848 -0.406235665 0.218443856 0.683804333 -0.40623647 -0.606121838 0.885130167 -0.413957208 0.212565362 0.677749097 -0.413957387 -0.607696831 0.0295424405 -0.87808913 0.477584273 0.120203093 -0.931411862 0.343545198 0.506424248 -0.853664637 0.121618412 0.80853951 -0.413957775 0.418213844 0.558041394 -0.81618917 0.149749771 0.809214175 -0.406234533 0.424435914 0.275529802 -0.929004192 -0.247051641 0.80348587 -0.413957894 -0.427842617 0.808989763 -0.406234682 -0.424863368 0.0464545675 -0.412631422 -0.909712732 0.684125781 -0.406235188 0.60575968 0.68495965 -0.413957983 0.5995574 0.327085346 -0.929726899 0.169183433 0.160255834 -0.645610929 0.746662259 0.480186045 -0.849713087 -0.217736155 0.391328841 -0.896349013 -0.208375305 0.52157259 -0.413957506 0.746057212 0.519278705 -0.406235188 0.751879394 -0.118439347 0.00111633481 0.992960691 -0.120782711 -0.00015527934 0.992679 -0.35469985 5.25357354e-05 0.934980214 -0.354499847 -6.28267226e-05 0.935056031 -0.568146408 5.24383431e-05 0.822927535 -0.56798631 -5.23791241e-05 0.823038042 -0.748575151 5.2503332e-05 0.663049936 -0.748445928 -5.25163377e-05 0.663195729 -0.885501266 5.24866773e-05 0.464637041 -0.885410786 -5.24096104e-05 0.464809388 -0.970965087 5.24649513e-05 0.23922132 -0.970918417 -5.24399875e-05 0.239410326 -1 5.24447496e-05 -9.76564188e-05 -1 -5.24450406e-05 9.69988178e-05 -0.970918238 5.24410461e-05 -0.239411131 -0.970964849 -5.24708303e-05 -0.239222109 -0.748700857 0.000155129426 -0.662908018 -0.885404348 6.29499191e-05 -0.464821637 -0.885503829 -5.24969037e-05 -0.464632124 -0.748319447 -0.000155020738 -0.663338482 -0.567980349 5.24839052e-05 -0.823042154 -0.568156183 -6.27199915e-05 -0.822920799 -0.119708307 -0.000423715013 -0.992808938 -0.35442993 -0.000423596473 -0.935082436 -0.35376665 -5.28213168e-05 -0.935333729 -0.121365964 0.000423699734 -0.992607653 8.48535856e-05 -0.999999702 0.000687928754 2.90251155e-05 -1 1.01034238e-05 1.50027617e-07 -1 -1.28382626e-05 -4.6652458e-06 -1 -7.23538396e-05 -5.99748491e-05 -1 2.72816033e-05 -3.94422059e-05 -1 2.74384201e-05 -0.000370488793 -1 5.43684e-05 -0.000373335555 -0.999999642 -0.000816499989 -2.99703934e-05 -1 4.96975736e-06 4.40337462e-05 -1 5.43052956e-05 8.0240723e-05 -1 2.88216288e-05 2.62737535e-06 -1 -3.27611851e-05 -2.41939924e-05 -0.99999994 0.000410475885 2.85668411e-05 -1 6.42217628e-06 0.00105815788 -0.999999344 -0.000475427893 -1.24230983e-05 -1 6.19323037e-05 2.47148218e-05 -1 2.00898903e-05 2.39650126e-05 -1 2.03688087e-05 -3.01322052e-05 -1 8.08638106e-06 7.36574875e-05 -1 -1.64312514e-05 -0.000781439419 -0.999999583 0.000299159787 -3.85671701e-05 -1 3.05194447e-07 -1.03456441e-05 -1 -2.90407315e-05 -2.41520993e-05 -1 4.33985588e-05 -5.64859693e-05 -1 3.13982418e-05 -0.683966279 -0.410647094 -0.60295862 -0.685309708 -0.402287483 -0.607054651 -0.103689291 -0.426140904 0.898694873 -0.402242124 -0.910262525 -0.0980989337 -0.339360118 -0.938490987 -0.0637915581 -0.111108728 -0.402359754 0.908714116 -0.884727597 -0.410726011 0.22036618 -0.888817132 -0.402456731 0.219163716 -0.238981038 -0.945627391 0.220628172 -0.26334849 -0.935775995 0.2344587 -0.321136087 -0.411297202 0.853056967 -0.324669808 -0.40247637 0.855921924 -0.51962775 -0.411295891 -0.748880982 -0.519978583 -0.402464837 -0.753421724 -0.31260848 -0.93577534 -0.163096219 -0.356949389 -0.912435532 -0.200121567 -0.911761343 -0.410714388 0.00223212736 -0.915438831 -0.402457207 8.90221127e-05 -0.457230002 -0.855958521 0.241403356 -0.516099811 -0.410724252 0.751629293 -0.519952595 -0.402467281 0.753438354 -0.344656855 -0.410768032 -0.844086051 -0.0861839652 -0.427399725 -0.899945438 -0.0613406673 -0.871473908 0.486590624 -0.387854755 -0.855956435 -0.341917038 -0.888856053 -0.402464896 -0.218990833 -0.885800064 -0.41071704 -0.216031685 -0.342140168 -0.935776651 0.0852182359 -0.314107955 -0.945637703 0.0842950866 -0.68097806 -0.410726607 0.606277585 -0.685156465 -0.402460307 0.607113063 -0.116417125 -0.626305282 -0.770836353 -0.254794985 -0.626321554 -0.736750185 -0.187190071 -0.946589589 -0.262541562 -0.124233752 -0.935765624 0.330013275 -0.19511342 -0.939605951 -0.281196237 -0.113357238 -0.942931056 0.313099355 -0.808357596 -0.410726637 -0.42173636 -0.0347483978 -0.949528933 -0.311748743 -0.810784042 -0.401851714 -0.425610811 -0.00903610792 -0.972536087 -0.232576624 -0.193866089 -0.837174654 -0.511424065 -0.517043471 -0.855958104 0.00126600999 -0.806285322 -0.410719156 0.425692081 -0.810535371 -0.402466387 0.425503552 -0.29276368 -0.85586071 0.42637071 0.0215818025 0.999761581 -0.00329422229 0.0226346571 0.999742568 -0.00153797353 0.0170875527 0.631219566 -0.775415957 0.0148344319 0.645290077 -0.763793647 0 0 1 0 0 1 0 0 1 0 0 1 0.000718373165 -0.00159450539 -0.99999845 -6.0070266e-05 -0.000155082453 -1 -5.12876322e-05 0.000158200957 -1 0.00080633891 0.00155147444 -0.99999845 -0.854176164 0.519975662 -0.00289954268 -0.854502439 0.519444048 -0.00186079054 0.877376914 0.479793996 -0.00274651591 0.877102435 0.48029995 -0.00178619393 0.851594567 -0.524192095 -0.00307287904 0.851978183 -0.523573935 -0.00185232889 -0.0245426465 -0.999695003 -0.0027473981 -0.026523659 -0.999630094 -0.00601089001 -0.87735498 -0.47983405 -0.00274293474 -0.877102733 -0.480299205 -0.0018617434 -0.552443206 -0.298580498 -0.778239191 -0.566014111 -0.309571147 -0.764063954 -0.0179851428 -0.628080308 -0.777940571 -0.0176656637 -0.630145133 -0.77627635 0.543503523 -0.33356294 -0.770285428 0.550303757 -0.336227179 -0.764275432 0.552229583 0.297905922 -0.778649092 0.569764197 0.312053114 -0.760257602 -0.533189774 0.327987939 -0.779828608 -0.550855637 0.334775746 -0.764515042 0.0661376268 -0.997783005 -0.00740615977 0.142050788 -0.989725769 0.0162590798 0.383133411 -0.923548698 -0.0163229629 0.585618198 -0.810177207 0.0257727727 0.733684719 -0.679001033 -0.0257727876 0.895043373 -0.445233673 0.0257731471 0.956279635 -0.291945666 -0.0172305778 0.999726355 0.0217177663 0.0086904401 0.999451578 0.0307445135 0.0123023512 0.89932853 0.437273592 0 0.909492433 0.41565448 -0.0074059763 0.711154997 0.702996254 0.00740590412 0.727765024 0.6858266 0 0.334198177 0.942462683 0.0086904401 0.374812543 0.927059948 -0.00869042799 0.15101172 -0.988531947 0 0.174578041 -0.984616816 0.00722540123 0.585784197 -0.810422778 0.00847829971 0.550036728 -0.835097432 -0.00847830437 0.870748162 -0.491729289 0 0.858730078 -0.512377203 -0.00722567458 0.982537687 -0.185923636 0.00722548831 0.977841377 -0.209347233 0 0.96547991 0.260339648 0.00847853627 0.975875258 0.218164355 -0.00847844686 0.733905077 0.679199159 0.00847850833 0.762708962 0.646686256 -0.00847834162 0.334198058 0.942464769 0.00847837981 0.374812484 0.927061856 -0.00847846176 0.0961566865 0.0197408777 0.995170355 0.0948264897 0.0183300618 0.995325089 0.302758723 0 0.953067243 0.301398605 -0.00196100492 0.953496218 0.511783719 0 0.859114349 0.511783719 0 0.859114349 0.693932056 0 0.72004056 0.693932056 0 0.72004056 0.839634895 0 0.54315114 0.839634895 0 0.54315114 0.941239893 0 0.337738782 0.941239893 0 0.337738782 0.993413568 0 0.114583969 0.993413568 0 0.114583969 0.993413568 0 -0.114583977 0.993413568 -2.26157797e-14 -0.114583977 0.839634478 0 -0.543151915 0.941240013 0 -0.337738484 0.941240013 0 -0.337738484 0.693932056 0 -0.72004056 0.839634478 0 -0.543151915 0.511784792 0 -0.859113634 0.693932056 0 -0.72004056 0.302757353 0 -0.95306766 0.511784792 0 -0.859113634 0.299094558 -0.00527515355 -0.95420891 0.096114859 0.0283869281 -0.994965374 0.0567031279 -0.010970016 -0.998330832 0.988533139 0.151003912 0 0.984616995 0.174569681 0.00740585057 0.810423553 0.585779905 0.0086905146 0.835098565 0.550031602 -0.00869036466 0.445359915 0.895309508 0.00869064499 0.483822912 0.875122726 -0.00869085733 0.0307469182 0.999527156 0 0.0546131395 0.998480141 -0.0074058352 -0.291979611 0.956395924 0.00740566058 -0.269058317 0.963123858 0 -0.639794946 0.768545628 0 -0.621234834 0.783589482 -0.00740654022 -0.852756202 0.522256672 0.00740610249 -0.840059936 0.542493582 0 -0.988458335 0.150992587 -0.0123021221 -0.989819109 0.142065257 -0.00869038142 0.99264127 0.121092334 -2.58780869e-06 0.992709279 0.120533265 4.63910192e-06 0.934897304 0.354918629 -6.15059889e-06 0.93501389 0.35461098 -1.84815678e-06 0.821233094 0.57059294 -4.42553937e-05 0.822985411 0.568062544 -4.06577192e-06 0.664117038 0.747628629 -8.86284397e-07 0.663120866 0.748512387 -1.80751886e-05 0.464587539 0.885527194 -2.60911202e-06 0.464723319 0.885456026 -6.01710781e-07 0.238996208 0.97102052 -6.14759074e-06 0.239314228 0.970942259 -1.86434409e-06 0.000111853093 1 -2.60308775e-06 0 1 -4.06359868e-06 -0.239634424 0.970863163 -6.13932252e-06 -0.239316449 0.970941663 -1.85576516e-06 -0.464866519 0.885380745 -6.15831914e-06 -0.464723647 0.885455728 -4.05179662e-06 -0.663239956 0.748406887 -6.1492201e-06 -0.663120866 0.748512387 -4.07099742e-06 -0.82307148 0.567937791 -6.15576346e-06 -0.822980464 0.568069756 -4.0625514e-06 -0.935116887 0.354339689 -7.72652493e-06 -0.992650747 0.121014193 -7.71903524e-06 -0.935017407 0.354601741 -4.06697973e-06 -0.992709219 0.120534226 -1.39250665e-06 -0.869916081 0.0478391312 -0.490874141 -0.0431687497 0.877600074 -0.47744596 -0.164839253 0.854189754 -0.493140757 -0.330493063 0.629436791 -0.703266323 0.571357429 0.185938418 -0.799360752 0.265282303 0.622377038 -0.736391187 -0.362824589 0.466090083 -0.806918979 -0.349632889 0.394539297 -0.849762082 0.661641777 0.223952666 -0.715594471 0.168116316 0.156619251 -0.97324574 0.457501978 0.792879581 -0.402534366 -0.606375039 0.418409199 -0.676197469 0.233969867 0.691931665 -0.68299973 0.783892572 0.242230877 -0.571696281 -0.682394385 0.0707491115 -0.727552474 -0.714157701 0.279211104 -0.641887784 0 0 1 0 0 1 0 0 1 0 0 1 0 0 1 -0 0 1 0 0 1 0 0 1 -0 0 1 0 0 1 0 0 1 0 0 1 0 0 1 0 0 1 0 0 1 0 0 1 0 0 1 0 0 1 0 0 1 0 0 1 0 0 1 -0 0 1 0 0 1 0 0 1 0 0 1 -0 0 1 -0 0 1 0 0 1 -0 0 1 0 0 1 0 0 1 0 0 1 0 0 1 -0 0 1 0 0 1 0 0 1 0 0 1 0 0 1 0 0 1 0 0 1 0 0 1 0 0 1 0 0 1 0 0 1 0 0 1 0 0 1 0 0 1 0 0 1 0 0 1 0 0 1 -0 0 1 0 0 1 0 0 1 0 0 1 -0 0 1 0 0 1 0 0 1 0 0 1 0 0 1 -0 0 1 -0 0 1 0 0 1 0 0 1 -0 0 1 -0 0 1 0 0 1 0 0 1 -0 0 1 -0.0989477634 0.995054662 -0.00869057141 -0.14206858 0.989818692 0.00869019516 -0.542484283 0.840066016 0 -0.522247791 0.852761686 -0.00740591297 -0.78359127 0.621232569 0.00740602752 -0.768548846 0.639791191 0 -0.97587359 0.218163088 0.00869033486 -0.965478361 0.260338426 -0.00869051646 -0.977766931 -0.209333435 -0.0123016862 -0.975873709 -0.218162447 -0.00869031157 -0.858621061 -0.512321234 0.0172297768 -0.762485445 -0.646491885 -0.0257731229 -0.59302175 -0.805020988 0.0163223632 -0.303000003 -0.952961802 0.00740607036 -0.374780029 -0.926971197 -0.0162594933 -0.0989439115 0.995056927 -0.00847840309 -0.142063498 0.989821255 0.00847820751 -0.542491674 0.840061128 0 -0.522254586 0.852759004 -0.00722573465 -0.783594251 0.62123096 0.00722518843 -0.76855123 0.63978833 0 -0.975875556 0.218162626 0.00847837795 -0.965480208 0.260338128 -0.00847859308 -0.977841556 -0.209346578 0 -0.982537746 -0.18592304 -0.00722546363 -0.858730495 -0.512376428 0.00722552789 -0.870748162 -0.49172923 -0 -0.550035775 -0.835098147 0.0084782606 -0.585783958 -0.810422957 -0.00847842731 -0.15101172 -0.988531947 0 -0.174578041 -0.984616816 -0.00722540123 1 0 0 1 0 0 0.999999762 -0.000563757028 0 0.999963522 -0.00509447558 -0.00685270363 1 0 0 1 0 0 1 0 0 1 0 0 1 0 0 1 0 0 1 0 0 1 0 0 1 0 0 1 0 0 1 0 0 1 0 0 1 0 0 1 0 0 0.999999762 -0.000563757028 0 0.999963522 -0.00509447558 -0.00685270363 1 0 0 1 0 0 1 0 0 1 0 0 1 0 0 1 0 0 1 0 0 1 0 0 1 0 0 1 0 0 1 0 0 1 0 0 1 0 0 1 0 0 0.93976295 -0.340411425 0.0310759526 0.790502667 -0.61193943 -0.0252106041 0.656663537 -0.753742099 0.0258047879 0.395943135 -0.917719185 -0.0319452584 0.0627875552 -0.998015702 0.00473636715 0.0615854263 -0.9981004 0.00169836218 0.884843886 -0.465641588 0.0151409945 0.925673962 -0.377971798 -0.0162774641 0.551388204 -0.834231198 -0.0054119979 0.546138227 -0.837656975 -0.00798511971 1 -6.34127646e-05 0.000161156509 1 -4.12115878e-05 0.000254578103 0.356976688 0.933993876 0.0149361938 0.523882329 0.851370215 -0.0267592203 0.721012592 0.692565978 0.0222075917 0.946426392 0.322902292 0.00335523649 0.919850945 0.391904354 -0.016886007 0.49840644 0.866619349 -0.0237052236 0.313896775 0.94927305 0.0186956488 0.574176669 0.818694532 0.00777282286 0.818694532 0.574176669 -0.00777281402 0.950719237 0.31005317 0 0.831226587 0.555933774 0 0.954562485 0.297978431 0.00439343695 0.999995232 0.00260665617 0.00162938761 0.999998748 0.00158631883 -0 0.111957207 0.993713021 0 0.111957207 0.993713021 -0 0.330284417 0.943881452 -0 0.330284417 0.943881452 0 0.532030821 0.846724987 -0 0.532030821 0.846724987 0 0.707106769 0.707106769 -0 0.707106769 0.707106769 0 0.846724987 0.532030821 -0 0.846724987 0.532030821 0 0.943883002 0.330280036 -0 0.943883002 0.330280036 0 0.993712306 0.111963883 -0 0.993712306 0.111963883 0 0 1 0 -0 1 0 -0.827200949 0.561906219 0 -0.82769829 0.561172962 -0.000661046128 -0.686869562 0.726780772 0 -0.686869562 0.726780772 0 -0.514853656 0.857278049 0 -0.514853656 0.857278049 0 -0.318836182 0.947809815 0 -0.318836182 0.947809815 0 -0.107952647 0.994156063 0 -0.107952647 0.994156063 0 -0.932680428 0.360701114 0.0014231794 -0.848225892 0.529634595 0 -0.932829618 0.360317856 0 -0.732761681 0.680485368 0 -0.848225892 0.529634595 0 -0.732761681 0.680485368 0 -0.590948999 0.806708872 0.000157533403 -0.59090662 0.806739926 0 -0.943428338 0.331494898 0.0073515214 -0.951146424 0.308732957 -0.00211704522 -0.765728056 0.643164456 6.69113506e-05 -0.778543353 0.627555728 -0.00663984008 -0 0.111963317 0.993712306 0 0.111963317 0.993712306 0 0.330284208 0.943881512 -0 0.330284208 0.943881512 0 0.532034814 0.846722543 -0 0.532034814 0.846722543 0 0.707102597 0.707110941 -0 0.707102597 0.707110941 0 0.846723735 0.532032788 -0 0.846723735 0.532032788 -0.000282689929 0.993712127 0.111965068 0 0.943883777 0.330277652 -0 0.943883777 0.330277652 0 0.992751837 0.120182164 -5.60688386e-05 0.992487013 0.122349598 0.000329356059 0.993712068 0.11196506 0 0 -1 0 0 -1 0 0 -1 -0 0 -1 -0 -0 -1 0 0 -1 -0 0 -1 -0 -0 -1 -0 0 -1 -0 0 -1 0 -0 -1 -0 0 -1 0 0 -1 0 0 -1 0 0 -1 -0 0 -1 0 0 -1 -0 0 -1 0 0 -1 0 0 -1 -0 0 -1 0 0 -1 0 -0 -1 0 0 -1 0 0 -1 0 -0 -1 -0 0 -1 -0 0 -1 0 0 -1 0 0 -1 0 0 -1 -0 -0 -1 0 0 -1 0 0 -1 0 0 -1 0 0 -1 0 -0 -1 -0 0 -1 0 -0 -1 0 0 -1 0 -0 -1 0 0 -1 -0 0 -1 0 0 -1 -0 0 -1 0 0 -1 -0 -0 -1 0 -0 -1 -0 0 -1 -0 -0 -1 0 0 -1 -0 0 -1 -0 -0 -1 -0 -0 -1 0 0 -1 0 0 -1 -0 0 -1 0 0 -1 0 0 -1 0 -0 -1 0 -0 -1 -0 0 -1 0 -0 -1 0 0 -1 -0 0 -1 -0 0 -1 0 -0 -1 -0 0 -1 -0 -1 0 0 -1 0 0 -1 0 0 -1 0 0 -1 0 0 -1 0 0 -1 0 0 -1 0 0 -1 0 0 -1 0 0 -1 0 0 -1 0 0 -1 0 0 0 1 -0 0 1 0 0 1 0 0 1 0 0 1 -0 0 1 -0 0 1 0 0 1 -0 0 1 0 0 1 -0 0 1 0 0 1 0 0 1 0 0 1 0 0 1 0 0 1 -0 0 1 0 0 1 0 0 1 0 0 1 0 0 1 0 0 1 0 0 1 0 0 1 -0 0 1 0 0 1 0 0 1 0 0 1 0 0 1 0 0 1 0 0 1 0 0 1 -0 0 1 0 0 1 -0 0 1 0 0 1 0 0 1 0 0 1 0 0 1 -0 0 1 -0 0 1 0 0 1 0 0 1 0 0 1 0 0 1 0 0 1 0 0 1 0 0 1 -0 0 1 0 0 1 0 0 1 0.93976295 -0.340411425 0.0310759526 0.790502667 -0.61193943 -0.0252106041 0.656663537 -0.753742099 0.0258047879 0.395943135 -0.917719185 -0.0319452584 0 0 -1 0 0 -1 0 0 -1 -0 0 -1 -0 0 -1 -0 -0 -1 -0 0 -1 -0 -0 -1 0 0 -1 -0 -0 -1 -0 0 -1 -0 0 -1 0 -0 -1 -0 0 -1 -0 0 -1 0 0 -1 0 0 -1 0 0 -1 0 0 -1 0 0 -1 -0 0 -1 0 0 -1 0 0 -1 -0 0 -1 0 0 -1 0 0 -1 -0 0 -1 0 0 -1 -0 0 -1 0 0 -1 0 0 -1 0 0 -1 0 0 -1 0 -0 -1 0 0 -1 -0 0 -1 -0 0 -1 0 0 -1 -0 -0 -1 0 0 -1 0 0 -1 -0 0 -1 0 0 -1 -0 0 -1 0 0 -1 0 0 -1 0 0 -1 0 0 -1 0 -0 -1 0 0 -1 0 -0 -1 0 0 -1 0 -0 -1 0 0 -1 -0 0 -1 0 0 -1 -0 0 -1 0 0 -1 -0 -0 -1 0 -0 -1 -0 0 -1 -0 -0 -1 0 0 -1 0 0 -1 -0 -0 -1 -0 -0 -1 -0 -0 -1 0 0 -1 0 0 -1 -0 0 -1 0 -0 -1 0 0 -1 0 -0 -1 -0 0 -1 0 -0 -1 -0 0 -1 0 0 -1 0 -0 -1 -0 0 -1 0 -0 -1 -0.000189773389 0.993712187 -0.111964136 0.000481414871 0.993712127 -0.111964129 -0.00121408969 0.986925781 -0.161170751 0 0.993123353 -0.117072761 0 0.943882942 -0.330280244 0 0.943882942 -0.330280244 0 0.846723735 -0.532032788 0 0.846723735 -0.532032788 0 0.707106769 -0.707106769 0 0.707106769 -0.707106769 0 0.532034814 -0.846722543 0 0.532034814 -0.846722543 0 0.330276817 -0.943884134 0 0.330276817 -0.943884134 0 0.111963317 -0.993712306 0 0.111963317 -0.993712306 -0 1 0 0 1 -0 -0 1 0 0 1 -0 0.000343797903 0.999992907 -0.00374948187 0 1 -0 0 1 0 0 1 0 0 1 -0 -0 1 0 -0 1 0 -0 1 0 0.000492288091 0.999985456 0.00536889862 0.0432879627 0.998978972 -0.0129246712 0.0328234024 0.999438107 -0.00678088656 -0.999912679 0.0132173179 0 -0.999767184 0.0212459322 0.00377502409 -1 0 0 -1 0 -0 -1 0 0 -1 0 -0 -1 0 0 -1 -0 0 -1 0 0 -1 0 -0 -1 0 0 -1 -0 0 -1 -0 0 -1 0 -0 -1 0 -0 -1 -0 0 -0.99979192 0.0201887526 -0.00293579325 -0.999900043 0.0141385365 0 -1 -0 0 -1 0 0 -1 0 -0 -1 0 0 -1 -0 0 -1 -0 0 -1 0 -0 -1 -0 0 -1 0 0 -1 0 -0 -1 -0 0 -1 0 0 -1 0 -0 -1 0 0 -1 0 -0 -1 0 -0 0.00113354682 -0.999409854 0.0343309119 -0.000311988289 0.999994218 -0.00340256258 0 1 0 0 1 0 0 1 -0 0 1 -0 0 1 0 0 1 0 0 1 0 0 1 0 -0.000215755266 0.999997199 0.00235302793 0 1 0 0 1 -0 0 1 0 0 -0.111965731 -0.993712068 0 -0.33027932 -0.9438833 0 -0.111965731 -0.993712068 0 -0.532029986 -0.846725583 0 -0.33027932 -0.9438833 0 -0.707107663 -0.707105935 0 -0.532029986 -0.846725583 0 -0.84672451 -0.532031596 0 -0.707107663 -0.707105935 0 -0.943883061 -0.330279857 0 -0.84672451 -0.532031596 0 -0.993712187 -0.111964658 0.00377893262 -0.997854233 -0.0653670132 0 -0.990420341 -0.13808535 0 -0.943883061 -0.330279857 -0.00377893308 -0.997854114 -0.0653670281 0 -0.993712187 -0.111964658 -0.0961575583 0.0195451565 -0.99517411 -0.0950525254 0.0183726177 -0.995302796 -0.302757651 0 -0.953067601 -0.301461846 -0.00186833076 -0.953476429 -0.511784792 0 -0.859113634 -0.511784792 -0 -0.859113634 -0.693931282 0 -0.720041275 -0.693931282 -0 -0.720041275 -0.839634299 0 -0.543152094 -0.839634299 -0 -0.543152094 -0.941240549 0 -0.337736845 -0.941240549 -0 -0.337736845 -0.993413389 0 -0.114585757 -0.993413389 -0 -0.114585757 -0.993413389 0 0.11458575 -0.993413389 -5.08862937e-14 0.11458575 -0.941240489 0 0.337737203 -0.941240489 0 0.337737203 -0.839634776 0 0.543151379 -0.839634776 0 0.543151379 -0.693931282 0 0.720041275 -0.693931282 0 0.720041275 -0.511783719 0 0.859114349 -0.302759022 0 0.953067183 -0.511783719 0 0.859114349 -0.29917267 -0.00516530173 0.954185069 -0.0961159617 0.028179111 0.994971216 -0.0568856746 -0.0110060023 0.998320043 0 -0.993712187 0.111964658 0.00377893262 -0.997854114 0.0653670132 0 -0.993712187 0.111964658 -0.00377893238 -0.997854114 0.0653670132 0 -0.990420341 0.13808535 0 -0.943883538 0.330278456 0 -0.943883538 0.330278456 0 -0.846724749 0.532031178 0 -0.846724749 0.532031178 0 -0.707105041 0.707108557 0 -0.707105041 0.707108557 0 -0.532033741 0.846723199 0 -0.532033741 0.846723199 0 -0.330277771 0.943883777 0 -0.330277771 0.943883777 0 -0.111962281 0.993712544 0 -0.111962281 0.993712544 -0.984497309 -0.174551576 0.0172302127 -0.942185163 -0.334099859 -0.0257732552 -0.839947879 -0.542421579 0.0163227953 -0.621234834 -0.783589482 0.00740653742 -0.679134071 -0.733834088 -0.0162589587 -0.269058317 -0.963123858 0 -0.291979611 -0.956395924 -0.00740566431 0.0546131395 -0.998480141 0.0074058352 0.0307469182 -0.999527156 0 0.483822912 -0.875122726 0.00869085547 0.445359915 -0.895309508 -0.00869065151 0.835098565 -0.550031602 0.0086904848 0.810423315 -0.585780203 -0.00869049598 0.98853296 -0.151005119 0 0.984616637 -0.174571633 -0.00740603497 0.0627875552 -0.998015702 0.00473636715 0.0615854263 -0.9981004 0.00169836218 0.884460926 -0.466369539 0.015109078 0.925842285 -0.377549082 -0.016512515 0.551388204 -0.834231198 -0.0054119979 0.546138227 -0.837656975 -0.00798511971 0.999999225 -0.000287839997 0.00118941651 0.99999994 9.10420349e-05 -0.000383832899 0.356976688 0.933993876 0.0149361938 0.523882329 0.851370215 -0.0267592203 0.721012592 0.692565978 0.0222075917 0.94658649 0.322430253 0.00358044775 0.919659019 0.392356724 -0.0168333557 0.49840644 0.866619349 -0.0237052236 0.313896775 0.94927305 0.0186956488 0.574176669 0.818694532 0.00777282286 0.818694532 0.574176669 -0.00777281402 0.950719237 0.31005317 0 0.831226587 0.555933774 0 0.954562485 0.297978431 0.00439343695 0.999995232 0.00260665617 0.00162938761 0.999998748 0.00158631883 -0 0.111957207 0.993713021 0 0.111957207 0.993713021 -0 0.330284417 0.943881452 -0 0.330284417 0.943881452 0 0.532030821 0.846724987 -0 0.532030821 0.846724987 0 0.707106769 0.707106769 -0 0.707106769 0.707106769 0 0.846724987 0.532030821 -0 0.846724987 0.532030821 0 0.943883002 0.330280036 -0 0.943883002 0.330280036 0 0.993712306 0.111963883 -0 0.993712306 0.111963883 0 0 1 0 -0 1 0 -0.827535152 0.561413825 0.000336892117 -0.686869562 0.726780772 0 -0.827283859 0.561784148 0 -0.514853656 0.857278049 0 -0.686869562 0.726780772 0 -0.318836182 0.947809815 0 -0.514853656 0.857278049 0 -0.318836182 0.947809815 0 -0.107952647 0.994156063 0 -0.107952647 0.994156063 0 -0.932681262 0.360698789 0.00140824495 -0.932828784 0.360319793 0 -0.732761681 0.680485368 0 -0.848225892 0.529634595 0 -0.848225892 0.529634595 0 -0.59090656 0.806740046 0 -0.732761681 0.680485368 0 -0.590949237 0.806708813 -0.000158471186 -0.942205548 0.334957957 0.00720226672 -0.952569306 0.304279804 -0.0050433306 -0.765654385 0.643252194 0.00013315976 -0.77861768 0.62746352 -0.00663501024 -0.000178392394 -0.999422014 -0.0339952409 -0 -1 0 0 -1 0 -0 -1 0 0 -1 0 -0 -1 0 0 -1 0 0 -1 0 0 -1 0 0 -1 0 -0 -1 0 -0 -1 0 -0 -1 0 0 -1 0 0.0432879627 0.998978972 -0.0129246712 0.0328234024 0.999438107 -0.00678088656 -0.992709279 -0.120533071 -1.39247652e-06 -0.992645442 -0.121057883 -8.31032321e-06 -0.935461462 -0.353428721 -6.16329999e-06 -0.935017407 -0.354601711 -2.25797921e-05 -0.822887003 -0.568205178 -6.14274586e-06 -0.822977304 -0.568074286 -4.06577965e-06 -0.66050607 -0.750820756 -4.97114052e-05 -0.663127303 -0.748506606 -4.0549894e-06 -0.464495987 -0.885575235 -6.1497044e-06 -0.464723647 -0.885455728 -2.85151259e-06 -0.239426106 -0.970914602 -2.58965906e-06 -0.239316434 -0.970941603 -4.06459139e-06 0.00032963237 -0.999999881 -6.15586714e-06 -0 -1 -1.84468422e-06 0.24270536 -0.970100045 -4.9696162e-05 0.239314184 -0.970942199 -4.07094331e-06 0.464951932 -0.885335922 -6.1516821e-06 0.464723319 -0.885456026 -2.8391662e-06 0.663619399 -0.748070359 -1.26496561e-05 0.663127303 -0.748506606 -4.06257868e-06 0.822918236 -0.568159938 -6.15791987e-06 0.822982192 -0.568067014 -7.62756827e-06 0.935112536 -0.354350924 -7.69860799e-06 0.93501389 -0.354611039 -4.06696518e-06 0.993079424 -0.117444992 -4.44651159e-05 0.992709398 -0.120532118 -3.89548813e-06 -0.0535679273 -0.802223623 -0.594615698 0.0458893701 -0.771828115 -0.634173095 -0.590322793 -0.440426499 -0.676419497 -0.414961845 -0.0574371256 -0.908024073 0.297842056 -0.321150988 -0.898972809 0.489895731 -0.63516891 -0.59712863 -0.179335803 -0.691221535 -0.700036824 -0.615551651 -0.382546365 -0.68902427 -0.130977601 -0.768267155 -0.626586437 0.597998738 -0.330955058 -0.729976892 -0.610297859 -0.421399415 -0.670789838 0.757896006 -0.181528702 -0.626610696 0.708134234 -0.276855975 -0.649535656 -0.197853878 -0.406200051 -0.892107248 0.240652099 -0.289839864 -0.926325738 0.00360365538 -0.0174349416 -0.999841511 -0.00108478754 0.0011670182 -0.999998748 -0.000152237306 0.00437329942 -0.999990404 0.120535038 0 -0.9927091 0.120535038 0 -0.9927091 0.354606032 0 -0.935015738 0.354606032 0 -0.935015738 0.568063796 0 -0.822984517 0.568063796 0 -0.822984517 0.748511136 0 -0.663122296 0.748511136 0 -0.663122296 0.885456502 0 -0.464722365 0.885456502 0 -0.464722365 0.970941722 0 -0.239316076 0.970941722 0 -0.239316076 1 0 0 1 -0 0 0.970941722 0 0.239316076 0.970941722 -0 0.239316076 0.885456204 0 0.464722931 0.885456204 -0 0.464722931 0.748511195 0 0.663122177 0.748511195 -0 0.663122177 0.568065286 0 0.822983503 0.568065286 -0 0.822983503 0.354604125 0 0.935016513 0.354604125 -0 0.935016513 0.120537154 0 0.992708802 0.120537154 -0 0.992708802 0.120536603 0 -0.992708921 0.354605705 0 -0.935015917 0.120536603 0 -0.992708921 0.568064213 0 -0.822984219 0.354605705 0 -0.935015917 0.748510599 0 -0.663122773 0.568064213 0 -0.822984219 0.885455847 0 -0.464723498 0.748510599 0 -0.663122773 0.970941842 0 -0.239315301 0.885455847 0 -0.464723498 1 0 0 0.970941842 0 -0.239315301 0.970941842 -0 0.239315286 1 -0 0 0.885455668 -0 0.464723855 0.970941842 -0 0.239315286 0.748510599 -0 0.663122773 0.885455668 -0 0.464723855 0.568064213 -0 0.822984219 0.748510599 -0 0.663122773 0.354605705 -0 0.935015917 0.568064213 -0 0.822984219 0.354605705 -0 0.935015917 0.120536603 -0 0.992708921 0.120536603 0 0.992708921 0.120537139 0 -0.992708802 0.120537139 0 -0.992708802 0.354603618 0 -0.935016632 0.354603618 0 -0.935016632 0.568066239 0 -0.822982788 0.568066239 0 -0.822982788 0.748510361 0 -0.663123071 0.748510361 0 -0.663123071 0.885455966 0 -0.464723259 0.885455966 0 -0.464723259 0.970941722 0 -0.239316225 0.970941722 0 -0.239316225 1 0 0 1 -0 0 0.970941722 0 0.23931627 0.970941722 -0 0.23931627 0.885456145 0 0.464722902 0.885456145 -0 0.464722902 0.748510361 0 0.663123071 0.748510361 -0 0.663123071 0.568065166 0 0.822983623 0.568065166 -0 0.822983623 0.354605079 0 0.935016155 0.354605079 -0 0.935016155 0.120537139 0 0.992708802 0.120537139 -0 0.992708802 0.120536439 -0.000444613193 -0.992708862 0.354606003 -5.32544946e-05 -0.935015798 0.120175727 -0.000133955342 -0.992752671 0.568063736 -5.31957412e-05 -0.822984576 0.354691565 -0.000133726891 -0.934983313 0.748511255 -5.33140446e-05 -0.663122118 0.568139255 -0.000133877475 -0.822932422 0.885456026 -5.31150617e-05 -0.464723229 0.748571873 -0.000133648893 -0.663053691 0.970941842 -5.33257662e-05 -0.239315704 0.885498643 -0.000133847701 -0.464641958 1 -5.33296625e-05 0 0.970963717 -0.000133863126 -0.239226758 0.970941842 -5.32723825e-05 0.239315689 1 -0.000133817593 9.15311903e-05 0.885456145 -5.32384329e-05 0.464722872 0.970919967 -0.000133737733 0.239404544 0.74851054 -5.32593622e-05 0.663122892 0.885413647 -0.000133810536 0.464803994 0.568064749 -5.32569284e-05 0.822983921 0.748449802 -0.000133800917 0.663191497 0.354604721 -5.31994774e-05 0.935016334 0.567989469 -0.000133711961 0.823035777 0.120536439 -0.000364884734 0.992708802 0.3539671 -0.000652681571 0.935257733 0.120043352 -0.000791245664 0.992768347 0.122334726 -0.403174996 -0.906909108 0.260329187 -0.955854893 0.136272296 0.226343229 -0.967418551 0.113447055 0.682901978 -0.411364764 0.603675246 0.078588739 -0.660976768 -0.746279776 0.685263634 -0.402144343 0.607201397 0.648528457 -0.680399716 -0.341272801 0.884729922 -0.411404967 -0.219086617 0.888981223 -0.402168334 -0.219027191 0.322282463 -0.411382228 -0.852583468 0.324745983 -0.402146965 -0.856047809 0.549073219 -0.680390775 0.48537299 0.520033836 -0.402167052 0.753542542 0.51858741 -0.411369234 0.749561429 0.271359891 -0.958935857 -0.0824975967 0.401303172 -0.910538673 -0.0993740037 0.911456764 -0.411394566 -0.000990125001 0.915564895 -0.4021703 8.35621031e-05 0.103899635 -0.955854893 -0.274856836 0.0614614785 -0.979615688 -0.191247821 0.516957343 -0.411373734 -0.750684202 0.520174801 -0.402148396 -0.753455281 0.173370004 -0.958932042 0.224481985 0.235220894 -0.910539389 0.33998403 0.33273676 -0.411407471 0.848545909 0.408766329 -0.912553668 0.0124833835 0.293834746 -0.955856144 -0.000318826089 0.885208547 -0.41139394 0.21716553 0.888938367 -0.402174443 0.219190121 0.240613893 -0.689578354 0.683071434 0.0809996426 -0.716742456 0.692617714 0.415650666 -0.680391073 -0.603574812 0.0899626538 -0.68980819 0.718381047 0.685371161 -0.402153105 -0.60707432 0.681584954 -0.41137591 -0.605154335 0.156368837 -0.913102031 0.376554728 0.711740553 -0.680395007 0.174608439 0.807512641 -0.411402106 0.422695696 0.810665011 -0.402136952 0.425568104 0.186348245 -0.967414677 -0.171415254 0.219723448 -0.955857277 -0.195085555 0.80660224 -0.411377341 -0.424454361 0.810729206 -0.402174294 -0.425410569 0.120536178 0 -0.992708921 0.120536178 0 -0.992708921 0.354604691 0 -0.935016274 0.354604691 0 -0.935016274 0.568064451 0 -0.822984099 0.568064451 0 -0.822984099 0.748511672 0 -0.663121641 0.748511672 0 -0.663121641 0.885455847 0 -0.464723468 0.885455847 0 -0.464723468 0.970941603 0 -0.239316523 0.970941603 0 -0.239316523 1 0 0 1 -0 0 0.970941603 0 0.239316523 0.970941603 -0 0.239316523 0.885455966 0 0.46472317 0.885455966 -0 0.46472317 0.748510838 0 0.663122535 0.748510838 -0 0.663122535 0.568064451 0 0.822984099 0.568064451 -0 0.822984099 0.354606301 0 0.935015678 0.354606301 -0 0.935015678 0.120536178 0 0.992708921 0.120536178 -0 0.992708921 0 1 0 0 1 0 0 1 -0 0 1 0 0 1 -0 0 1 0 0 1 0 0 1 -0 0 1 0 0 1 0 0 1 0 0 1 0 0 1 0 0 1 -0 0 1 0 0 1 0 0 1 0 0 1 -0 0 1 0 0 1 -0 0 1 -0 0 1 0 0 1 -0 0 1 -0 0 1 0 0 1 -0 0 1 0 0 1 -0 0 1 -0 0 1 0 0 1 0 0 1 0 0 1 0 0 1 -0 0 1 0 0 1 0 0 1 0 0 1 -0 0 1 0 0 1 -0 0 1 0 0 1 0 0 1 0 0 1 0 0 1 -0 0 1 0 0 1 -0 0 1 -0 0 1 0 0 1 0 0 1 -0 0 1 -0 -0.120537169 0 0.992708862 -0.120537169 0 0.992708862 -0.354604125 0 0.935016572 -0.354604125 0 0.935016572 -0.568064928 0 0.822983742 -0.568064928 0 0.822983742 -0.748511195 0 0.663122177 -0.748511195 0 0.663122177 -0.885456204 0 0.464722931 -0.885456204 0 0.464722931 -0.970941603 0 0.239316493 -0.970941603 0 0.239316493 -1 0 0 -1 0 0 -0.970941603 0 -0.239316493 -0.970941603 0 -0.239316493 -0.885456502 0 -0.464722365 -0.885456502 0 -0.464722365 -0.748511136 0 -0.663122296 -0.748511136 0 -0.663122296 -0.568063498 0 -0.822984755 -0.568063498 0 -0.822984755 -0.354606003 0 -0.935015857 -0.354606003 0 -0.935015857 -0.120535053 0 -0.992709041 -0.120535053 0 -0.992709041 -0.120536588 0 0.992708921 -0.354605407 0 0.935015976 -0.120536588 0 0.992708921 -0.568064868 0 0.822983682 -0.354605407 0 0.935015976 -0.748510063 0 0.663123488 -0.568064868 0 0.822983682 -0.885456264 0 0.464722753 -0.748510063 0 0.663123488 -0.970941842 0 0.239315569 -0.885456264 0 0.464722753 -1 0 0 -0.970941842 0 0.239315569 -0.970941842 0 -0.239315599 -1 0 0 -0.885456443 0 -0.464722395 -0.970941842 0 -0.239315599 -0.748510063 0 -0.663123488 -0.885456443 0 -0.464722395 -0.568064868 0 -0.822983682 -0.748510063 0 -0.663123488 -0.354605407 0 -0.935015976 -0.568064868 0 -0.822983682 -0.120536588 0 -0.992708921 -0.354605407 0 -0.935015976 -0.120536588 0 -0.992708921 0 -1 -0 0 -1 -0 0 -1 0 0 -1 0 -0 -1 0 -0 -1 0 -0 -1 0 0 -1 -0 0 -1 -0 0 -1 0 0 -1 0 -0 -1 0 -0 -1 0 0 -1 -0 0 -1 0 -0 -1 0 -0 -1 0 0 -1 -0 0 -1 0 -0 -1 0 -0 -1 0 0 -1 -0 -0 -1 0 0 -1 -0 0 -1 -0 -0 -1 0 0 -1 0 -0 -1 0 -0 -1 0 0 -1 -0 -0 -1 -0 0 -1 0 -0 -1 0 0 -1 -0 0 -1 -0 0 -1 -0 0 -1 0 -0 -1 0 0 -1 -0 0 -1 0 0 -1 -0 -0 -1 0 0 -1 -0 0 -1 0 0 -1 -0 0 -1 0 0 -1 -0 -0 -1 0 0 -1 0 0 -1 -0 0 -1 -0 -0 -1 0 0 -1 -0 0 -1 0 0 -1 0 -0 -1 0 -0 -1 0 0 -1 -0 -0 -1 0 0 -1 0 0 -1 0 0 -1 -0 0 -1 0 0 -1 0 0 -1 -0 0 -1 -0 -0 -1 0 0 -1 0 0 -1 0 0 -1 0 -0 -1 0 0 -1 -0 0 -1 0 0 -1 -0 0 -1 -0 -0 -1 0 0 -1 0 0 -1 0 -0 -1 -0 -0 -1 0 0 -1 0 0 -1 -0 0 -1 0 -0 -1 0 0 -1 -0 -0 -1 0 0 -1 0 0 -1 -0 0 -1 0 -0 -1 0 0 -1 -0 0 -1 0 0 -1 0 -0 -1 0 0 -1 -0 0 -1 0 0 -1 0 0 -1 -0 0 -1 0 -0 -1 0 0 -1 0 0 -1 -0 0 -1 0 -0 -1 0 -0.120537147 0 0.992708802 -0.120537147 0 0.992708802 -0.354605407 0 0.935015976 -0.354605407 0 0.935015976 -0.568064272 0 0.822984159 -0.568064272 0 0.822984159 -0.74851042 0 0.663122952 -0.74851042 0 0.663122952 -0.885456145 0 0.464722902 -0.885456145 0 0.464722902 -0.970941722 0 0.23931627 -0.970941722 0 0.23931627 -1 0 0 -1 0 0 -0.970941722 0 -0.239316225 -0.970941722 0 -0.239316225 -0.885455966 0 -0.464723259 -0.885455966 0 -0.464723259 -0.74851042 0 -0.663122952 -0.74851042 0 -0.663122952 -0.568065405 0 -0.822983444 -0.568065405 0 -0.822983444 -0.354603976 0 -0.935016572 -0.354603976 0 -0.935016572 -0.120537147 0 -0.992708802 -0.120537147 0 -0.992708802 -0.120536432 -0.000444567093 0.992708743 -0.3546049 -5.33009479e-05 0.935016155 -0.120175801 -0.000133970301 0.992752671 -0.568064809 -5.31952464e-05 0.822983742 -0.354690433 -0.000133727168 0.93498373 -0.74851042 -5.33144921e-05 0.663123071 -0.568140328 -0.000133877082 0.822931707 -0.885456383 -5.31755286e-05 0.464722604 -0.748570979 -0.000133735797 0.663054585 -0.970941722 -5.33259044e-05 0.239316016 -0.885498941 -0.00013384757 0.464641392 -1 -5.33297134e-05 0 -0.970963657 -0.000133871174 0.239227057 -0.970941782 -5.3280186e-05 -0.239315987 -1 -0.000133817783 -9.1531263e-05 -0.885456145 -5.31775404e-05 -0.464723021 -0.970919847 -0.000133706126 -0.239404768 -0.748511136 -5.33458224e-05 -0.663122237 -0.885413468 -0.000133869908 -0.464804262 -0.568063855 -5.32564809e-05 -0.822984576 -0.748450458 -0.000133801077 -0.663190722 -0.354606241 -5.32001177e-05 -0.935015738 -0.567988515 -0.000133711786 -0.823036492 -0.120536439 -0.000364901032 -0.992708862 -0.353968561 -0.000652730057 -0.935257077 -0.120043427 -0.000791200262 -0.992768347 0 1 -0 0 1 0 0 1 0 0 1 0 0 1 0 0 1 -0 0 1 -0 0 1 0 0 1 0 0 1 0 0 1 -0 0 1 -0 0 1 0 0 1 0 0 1 0 0 1 0 0 1 0 0 1 0 0 1 -0 0 1 -0 0 1 0 0 1 0 0 1 0 0 1 -0 0 1 0 0 1 -0 0 1 0 0 1 0 0 1 -0 0 1 -0 0 1 0 0 1 0 0 1 0 0 1 -0 0 1 -0 0 1 0 0 1 -0 0 1 0 0 1 0 0 1 0 0 1 -0 0 1 0 0 1 0 0 1 -0 0 1 0 0 1 0 0 1 -0 0 1 0 0 1 0 0 1 0 0 1 -0 0 1 0 -0.122331999 -0.403194845 0.906900764 -0.649276912 -0.680388927 -0.339868069 -0.685259819 -0.402150035 -0.607202053 -0.682889342 -0.411403865 -0.603663027 -0.0658217967 -0.718651712 0.692247868 -0.221948951 -0.967416704 0.1218343 -0.260023773 -0.955858111 0.136831537 -0.884735405 -0.411392987 0.219087154 -0.88898325 -0.402163565 0.219027698 -0.0574267432 -0.94087851 0.333840936 -0.324744225 -0.402164996 0.856040061 -0.322280765 -0.411399901 0.852575719 -0.192618102 -0.967417836 -0.164319754 -0.220150501 -0.955855727 -0.194611281 -0.52003783 -0.402143866 -0.753552258 -0.518586993 -0.41137439 -0.749559045 -0.711368799 -0.680384696 0.176156506 -0.91145885 -0.411390066 0.00098995294 -0.915566802 -0.402165979 -8.37450862e-05 -0.259127021 -0.680391848 0.685507178 -0.520177901 -0.402141213 0.75345701 -0.516952157 -0.411389977 0.750678837 -0.416959971 -0.680392742 -0.602669179 -0.33274141 -0.411379665 -0.848557591 -0.283224106 -0.958933949 0.0151594998 -0.413417101 -0.910541654 0.000449346757 -0.885208905 -0.411394 -0.21716392 -0.888940275 -0.402170748 -0.219189361 -0.0899654701 -0.689798951 -0.71838963 -0.166653827 -0.95585686 0.242000103 -0.0689708069 -0.750723839 -0.657005906 -0.139904886 -0.967417598 0.211020753 -0.685366154 -0.402165055 0.607072175 -0.240615264 -0.689570487 -0.683078885 -0.681588173 -0.411367744 0.605156302 -0.126550928 -0.953460097 -0.273676455 -0.393894762 -0.912556529 -0.109942913 -0.285368472 -0.955857515 -0.0700086653 -0.810650647 -0.402177662 -0.425556779 -0.807513475 -0.411397725 -0.422698259 -0.548018754 -0.680389345 0.486565351 -0.810732186 -0.402167946 0.425410688 -0.806595147 -0.411393493 0.424452186 -0.120536186 0 0.992708921 -0.120536186 0 0.992708921 -0.35460633 0 0.935015678 -0.35460633 0 0.935015678 -0.568064928 0 0.822983682 -0.568064928 0 0.822983682 -0.748509705 0 0.663123786 -0.748509705 0 0.663123786 -0.885456204 0 0.464722902 -0.885456204 0 0.464722902 -0.97094202 0 0.239314795 -0.97094202 0 0.239314795 -1 0 0 -1 0 0 -0.97094202 0 -0.239314795 -0.97094202 0 -0.239314795 -0.885456026 0 -0.4647232 -0.885456026 0 -0.4647232 -0.74851054 0 -0.663122892 -0.74851054 0 -0.663122892 -0.568064928 0 -0.822983682 -0.568064928 0 -0.822983682 -0.354604721 0 -0.935016274 -0.354604721 0 -0.935016274 -0.120536186 0 -0.992708921 -0.120536186 0 -0.992708921 -6.0733968e-05 -1 0.000160142445 0.000205530261 -0.999999881 -5.06584656e-05 0.000247228367 -1 -4.49228646e-05 -0.000153832763 -1 -0.000131232548 -0.000158445182 -1 -0.000140370146 0.000253408944 -1 0 -0.000172465603 -0.999998987 0.00142038777 -9.72936323e-05 -1 -0.000140954275 0.000499096059 -0.999999583 0.000732393295 -0.00021870574 -1 -2.82385445e-05 -0.000151654036 -1 -7.95941742e-05 0.000166295533 -1 4.09880013e-05 0.000219108289 -0.999999881 -2.4921681e-05 -5.03209703e-05 -0.99999845 -0.0017574149 -7.50629988e-05 -1 -0.000197923961 -0.000246045907 -1 -6.06450994e-05 -0.000250795507 -0.999999881 -1.55487669e-05 0.000208649566 -0.99999851 0.00171839073 0.000385079649 -0.999998868 0.00142038777 -0.000938039564 -0.999999464 -0.000486399978 0.000187434227 -1 9.83730861e-05 -0.000208649493 -0.99999851 -0.0017183905 -0.000211680075 -1 -0 8.98600993e-05 -1 0.000236941691 -0.000351083843 -0.999998212 0.0018563529 0.000128199114 -1 0.000113574562 0.00018076862 -1 9.06042842e-05 0.000120248515 -1 0.00017420997 0.000129672131 -0.999999881 0.000215232765 3.59433106e-05 -0.99999994 -0.000296020997 -0.000166295285 -1 4.09882632e-05 3.68736728e-05 -0.99999994 -0.000243423128 0.000148647232 -0.999999881 -0.000391948706 -0.000177254493 -1 9.73002025e-05 -0.000187433063 -1 9.83725477e-05 9.72936905e-05 -1 -0.000140954173 -0.000128199259 -1 0.000113574322 0.000158444018 -1 -0.000140369579 0.000148818144 -1 -0.000136892631 -0.000111733556 -1 0.000168529499 -0.000120247809 -1 0.000174209141 0.000151654269 -1 -7.95942397e-05 0 1 0 0 1 0 0 1 0 0 1 -0 0.0100530703 -0.00520942872 -0.999935925 0.00666983193 -0.000508186349 -0.999977648 0.871007442 -0.000366833992 -0.491269618 0.873820305 -0.00916813407 -0.486162633 0.8609429 -0.005251328 0.508674324 0.862679422 -0.000527323515 0.505750775 -0.0100528672 -0.000383076025 0.999949336 -0.0158737879 -0.00916820485 0.999831975 -0.870997012 -0.00525196875 0.491260201 -0.869371057 -0.000633842894 0.49415952 -0.860955596 -0.000360496866 -0.508679807 -0.857945383 -0.00912878662 -0.513659716 0.0425300002 -0.701815903 -0.711087584 0.613918841 -0.689919591 -0.383555293 0.591981828 -0.704814792 0.390888184 0.0251354631 -0.691491604 0.721947074 -0.629936516 -0.709915221 0.314960867 -0.623329639 -0.708809495 -0.330226034 -0.0107763065 -0.999776542 0.0181847271 -0.0104029886 -0.999774635 -0.018509049 0.0210880619 -0.999777615 0.000265055802 1.47317396e-05 -1 -8.6658855e-07 0.992709279 0.120533623 0 0.992709279 0.120533623 0 0.935015559 0.354606718 0 0.935015559 0.354606718 0 0.822982252 0.568067014 0 0.822982252 0.568067014 0 0.663125217 0.748508513 0 0.663125217 0.748508513 0 0.464720458 0.885457456 0 0.464720458 0.885457456 0 0.239314511 0.97094208 0 0.239314511 0.97094208 0 0 1 0 -0 1 0 -0.239314511 0.97094208 0 -0.239314511 0.97094208 0 -0.464722842 0.885456204 0 -0.464722842 0.885456204 0 -0.6631217 0.748511612 0 -0.6631217 0.748511612 0 -0.822982848 0.568066239 0 -0.822982848 0.568066239 0 -0.935017467 0.354601622 0 -0.935017467 0.354601622 0 -0.992708564 0.12053939 0 -0.992708564 0.12053939 0 0.984417021 0.174539044 0.021430593 0.942016006 0.334033549 -0.0320532024 0.83988893 0.542378426 0.0203027595 0.621222913 0.783579767 0.00921183079 0.67908144 0.733784318 -0.0202237237 0.218127474 0.97571069 0.0202238634 0.291978151 0.956380546 -0.00921258051 -0.0307396259 0.999321163 -0.0203019995 -0.260219485 0.965017319 0.0320538618 -0.445150316 0.894881964 -0.0320530534 -0.639662266 0.768387973 0.0203019716 -0.852745414 0.522245705 0.00921219494 -0.810286462 0.585684836 -0.0202236362 -0.995034456 0.0989426151 0.0108100856 -0.989798665 0.142062917 -0.010809904 -0.761791348 -0.647822499 0 -0.761631131 -0.648010731 -0.00020916872 -0.876053751 -0.482213557 0 -0.876053751 -0.482213557 0 -0.954770565 -0.297343194 0 -0.954770565 -0.297343194 0 -0.994940579 -0.100465313 0 -0.994940579 -0.100465313 0 0.334033996 0.942015827 -0.0320532583 0.142004281 0.989346981 0.0320526026 0.733783603 0.679082215 -0.0202238485 0.542379141 0.839888453 0.0203023963 0.783579886 0.621222734 0.00921215303 0.956380546 0.29197824 -0.00921218004 0.999321163 -0.0307397265 -0.0203024168 0.975710273 0.218129337 0.0202236734 0.894882858 -0.445148498 -0.0320527479 0.965016842 -0.260221183 0.0320536382 0.585506082 -0.810034037 -0.0320530795 0.733550787 -0.678878427 0.0320531502 0.141999483 -0.989347577 -0.032053642 0.334042162 -0.942012966 0.032053832 0.0717055723 0.997275233 0.0173327103 0.169033781 0.985457838 -0.0173328891 0.526950836 0.849719048 -0.0173332896 0.354558915 0.934882462 0.0168141704 0.74850744 0.663126469 0 0.568064332 0.822984159 0 0.885456681 0.464721948 0 0.74850744 0.663126469 0 0.970941901 0.239315346 0 0.885456681 0.464721948 0 1 -0 0 0.970941901 0.239315346 0 0.970941722 -0.239315897 0 1 0 0 0.885456681 -0.464721948 0 0.970941722 -0.239315897 0 0.748511493 -0.66312176 0 0.885456681 -0.464721948 0 0.568062723 -0.822985291 0 0.748511493 -0.66312176 0 0.354604989 -0.935016215 0 0.568062723 -0.822985291 0 0.12053939 -0.992708564 0 0.354604989 -0.935016215 0 0.12053939 -0.992708564 0 0.19966352 0.00629430311 0.979844272 0.549942851 0.0199944265 0.834962904 0.417498142 -0.029126035 0.908210933 0.875140131 -0.00586160179 0.483834177 0.878238499 -0.00863979477 0.478144765 0.999736607 0.00741849141 0.0217182152 0.997390449 -0.0233369526 -0.0683207512 0.877735436 0.0349127427 -0.477872074 0.726800144 -0.050015755 -0.685025573 0.447063863 0.0334674269 -0.893875718 0.135620356 -0.0209191684 -0.990540028 0.226310492 0.0184931625 0.973879695 0.585783482 0.00741868187 0.810433686 0.510350108 -0.0233367104 0.859650016 0.895317614 0.0074185105 0.445366591 0.875130773 -0.00741943344 0.483829677 0.999736607 0.0074184793 -0.0217181798 0.999736607 -0.00741849607 0.0217182282 0.875140727 -0.00586255221 -0.483832926 0.878238499 -0.00864010025 -0.478144854 0.554913461 0.0196928047 -0.831674993 0.159265861 0.0202879403 -0.987027228 0.38295278 -0.0401334837 -0.92289567 4.79737282e-05 -1 6.72850656e-05 0.000198480135 -1 0 3.88144554e-06 -1 9.83236168e-05 0.000255340274 -0.99999994 -8.40991561e-06 0 -1 0 0 -1 0 0 -1 0 0 -1 0 6.68286521e-05 -1 -9.37310397e-05 0 -1 0 0 -1 0 0 -1 0 0 -1 0 0 -1 0 0 -1 -0 0 -1 0 0 -1 0 0 -1 0 0.0012622939 -0.999997795 0.00164636632 -8.33552622e-05 -1 0.000174805638 0.000153650297 -1 -4.92288455e-05 0 -1 -0 1.26859632e-05 -1 -0.000131885667 0 -1 0 0 -1 -0 0 -1 -0 0 -1 0 -6.05047826e-05 -0.99999994 -0.000324489461 -0.000126192346 -1 -0.000249761913 0 -1 -0 0 -1 0 0 -1 0 0.00188633532 -0.999995232 -0.00245426083 0 -1 0 0 -1 -0 0 -1 -0 0 -1 0 0 -1 -0 0 -1 -0 0 -1 0 0 -1 -0 0 -1 0 0 -1 0 0 -1 -0 0 -1 -0 0 -1 0 0 -1 0 0 -1 -0 0.000110337467 -1 3.53508658e-05 -0.36247167 0.00785862841 -0.931961656 -0.289811045 -0.0217234418 -0.956837356 -0.762717724 0.0074186041 -0.646688998 -0.733912349 -0.00741906976 -0.679203689 -0.975882471 0.00741895661 -0.218170583 -0.965487123 -0.00741838617 -0.260345101 -0.952219427 0.0141510069 0.305086702 -0.967142165 -0.00864037964 0.254089236 -0.580514014 0.00863944646 0.814204395 -0.622909367 -0.0141524943 0.782166004 -0.0957462192 -0.0044800886 0.99539572 -0.105393775 -0.00863975566 0.994392991 -0.0394264981 0.0310962778 -0.998738527 -0.580276608 0.0301600937 -0.813860774 -0.374739498 -0.0220033973 -0.926868975 -0.76239574 -0.0300142299 -0.646414578 -0.952057302 0.0233355705 -0.305028141 -0.975882351 -0.00741896825 -0.218170926 -0.967142463 0.0086403368 0.254088014 -0.952219784 -0.0141511038 0.305085778 -0.622911096 0.0141522298 0.782164574 -0.580515623 -0.00864000898 0.814203262 -0.119480841 0.00817258563 0.992802918 -0.0989471599 0.000817280554 0.995092392 -0.00204459671 -0.932492793 -0.361182809 0.000746492879 -0.955646753 -0.294514567 0.00201214221 -0.830809534 -0.556553066 -0.00294106919 -0.685111582 -0.728432178 0.0019081675 -0.572394311 -0.81997627 -0.00055759633 -0.322715878 -0.946495771 -0.001187174 -0.310709208 -0.950504303 1 0 0 1 0 0 0.999999583 0.000712441222 -0.000583529414 0.99999243 0.002432056 0.00302597112 1 -6.62447235e-07 -1.94372933e-06 1 9.71499321e-06 -8.16926331e-06 1 0 0 1 0 0 1 -0 0 1 -0 0 1 0 0 1 0 0 0.99999243 0.00243204203 -0.00302597135 1 -2.20980255e-07 6.4832625e-07 0.999999583 0.000713578309 0.000581134052 1 -6.3621917e-07 2.39888152e-07 1 -7.75413923e-07 6.56960779e-08 1 3.20922027e-06 2.69855673e-06 1 -2.56534213e-06 -3.13721284e-06 1 -0 0 0.00104755803 -0.954364061 0.298643678 0.00202906551 -0.830239892 0.557402611 -0.00208459771 -0.926738799 0.375700384 0.00177135889 -0.571001649 0.820947051 -0.00289351353 -0.675240755 0.737591803 -0.000784189382 -0.307256401 0.95162642 -0.00109220087 -0.30117476 0.95356828 -1 0 -0 -1 -0 0 -1 -0 0 -1 0 -0 -1 -0 0 -1 -0 0 -1 -0 0 0 1 0 0 1 0 5.30994475e-05 1 8.94424156e-05 8.73471581e-05 1 4.82912401e-05 0 1 0 5.86945571e-05 1 -4.02054229e-06 8.21766225e-05 1 1.58395196e-05 0.000134326649 1 2.91810534e-06 0 1 0 -1.22512902e-05 1 0.000115591276 1.48855834e-05 1 0.000149676562 0 1 0 3.27408488e-05 1 -3.08589952e-05 0 1 0 -5.7064306e-05 1 7.16536961e-05 -0.000117345386 1 3.08291783e-05 -2.85563347e-05 1 -7.06304054e-05 -5.58653228e-05 1 -4.73666696e-05 -9.63755374e-05 1 -2.15459859e-05 1.64911071e-05 1 -0.000120447279 -7.27600991e-06 1 -8.93108881e-05 -0.000167599297 1 4.81439974e-06 -5.19127425e-05 1 -1.39983458e-05 -0.000143000347 1 2.5919453e-06 0 1 0 0 1 0 0.000137823969 1 0 0 1 0 0 0 -1 0 0 -1 0 0 -1 -0.000106640131 -0.000162803524 -0.99999994 6.01119209e-05 -8.73407625e-05 -1 0 0 -1 5.54675944e-06 -3.87130385e-05 -1 0 0 -1 0 -0 -1 2.80217228e-05 -4.0596522e-05 -1 0.000263994763 -4.15993236e-05 -1 0 -0 -1 -4.55946392e-08 1.4066697e-07 -1 0 0 -1 0 -0 -1 -3.32890204e-06 1.25275463e-07 -1 0 0 -1 0 0 -1 -4.13800905e-08 -5.75510967e-07 -1 0 0 -1 0 0 -1 0 0 -1 -2.16519766e-07 -5.70908014e-07 -1 0 0 -1 0 0 -1 0 0 -1 -4.05153457e-07 -5.86966792e-07 -1 6.6037984e-07 -4.04991169e-07 -1 0 -0 -1 0 0 -1 0 0 -1 0 -0 -1 0 -0 -1 0 -0 -1 0 -0 -1 0 0 -1 0 0 -1 0 -0 -1 0 0 -1 0 0 -1 0 -0 -1 0 0 -1 0 0 -1 0 0 -1 0 0 -1 0 0 -1 0 0 -1 0 0 -1 0 0 -1 0 0 -1 0 0 -1 0 0 -1 0 0 -1 0 0 -1 0 0 -1 0 0 -1 0 0 -1 0 0 -1 0 -0 -1 0 0 -1 0 0 -1 0 -0 -1 0 -0 -1 0 0 -1 0 -0 -1 0 -0 -1 0 0 -1 0 0 -1 0 -0 -1 0 0 -1 0 0 -1 0 0 -1 0 0 -1 0 0 -1 0 0 -1 0 -0 -1 0 -0 -1 0 0 -1 0 0 -1 0 0 -1 0 -0 -1 0 0 -1 0 0 -1 0 0 -1 0 -0 -1 0 0 -1 0 -0 -1 -0.0800115541 -0.996746242 -0.00975333806 -0.3616395 -0.932065725 -0.0216901358 -0.166936696 -0.985649288 0.0250500795 -0.702116966 -0.711450398 -0.029499568 -0.586529016 -0.809385657 0.0296408851 -0.835630417 -0.549069643 0.015627984 -0.928175449 -0.372141004 -0.00119372585 -0.91539073 -0.402554542 -0.00309382193 -0.938437045 -0.343873203 -0.0329714157 0 0 1 0 0 1 0 0 1 0 0 1 0 0 1 0 0 1 0 0 1 0 0 1 0 0 1 0 0 1 0 0 1 0 0 1 0 0 1 0 0 1 0 0 1 0 0 1 0 0 1 0 0 1 0 0 1 0 0 1 0 0 1 0 0 1 0 0 1 0 0 1 0 0 1 0 0 1 0 0 1 0 0 1 6.7156958e-07 -4.49426864e-07 1 0 0 1 -3.01856517e-07 -5.75143872e-07 1 0 0 1 0 0 1 0 0 1 0 0 1 -1.40593869e-07 -5.70414613e-07 1 0 0 1 0 -5.83168969e-07 1 -3.28704505e-06 1.24379909e-07 1 0 0 1 -3.46100464e-08 1.40419189e-07 1 0.000435975409 -8.75069527e-05 0.999999881 -7.60590595e-08 1.44918559e-07 1 6.04826164e-05 -6.8270936e-05 1 0 0 1 0 0 1 0 0 1 0 0 1 0 0 1 0 0 1 0 0 1 0 0 1 0 0 1 0 0 1 0 0 1 0 0 1 0 0 1 0 0 1 0 0 1 0 0 1 0 0 1 0 0 1 0 0 1 0 0 1 5.1039242e-05 -0.000102503014 1 6.46514991e-06 -6.18734921e-05 1 0 0 1 0 0 1 0 0 1 -0.000117626194 -0.000177296373 0.99999994 0 0 1 0 0 1 0 0 1 0 0 1 0 0 1 0 0 1 0 0 1 0 0 1 0 0 1 0 0 1 0 0 1 0 0 1 0 0 1 0 0 1 0 0 1 0 0 1 0 0 1 0.934562624 0.355641365 -0.0105785169 0.946164131 0.323600322 0.00749624427 0.692697763 0.721144915 -0.010942583 0.721144915 0.692697763 0.0109425671 0.334499896 0.942384481 -0.00461108703 0.363132864 0.931681991 0.0101536456 0 0 -1 -0 0 -1 0 0 -1 0 0 -1 0 -0 -1 0 0 -1 -0 0 -1 -0 0 -1 0 0 -1 0 -0 -1 -0 0 -1 0 0 -1 0 0 -1 0 0 -1 -0 0 -1 0 0 -1 0 -0 -1 0 0 -1 0 0 -1 0 -0 -1 0 0 -1 0 -0 -1 0 -0 -1 0 0 -1 0 0 -1 0 -0 -1 0 0 -1 0 0 -1 -2.88114261e-05 -0.000400543679 -0.999999881 -8.92856333e-05 -0.000246097712 -1 -0.000224903211 -9.79571705e-05 -1 -1.80842617e-05 -0.000133440568 -1 -0 0 -1 -6.80943231e-07 4.53182054e-07 -1 0 -0 -1 2.99662645e-07 5.70963721e-07 -1 -0 0 -1 0 0 -1 0 -0 -1 0 0 -1 -0.000131956665 1.37795214e-05 -1 1.3994125e-07 5.67766847e-07 -1 -0 -0 -1 0 7.42823249e-05 -1 -0 0 -1 -1.69837331e-05 6.89060689e-05 -1 -3.45692824e-05 6.58663266e-05 -1 -5.73780271e-05 6.47665656e-05 -1 0 0 -1 0 0 -1 0 -0 -1 -0 0 -1 0 0 -1 -0 -0 -1 0 0 -1 -0 -0 -1 0 0 -1 0 0 -1 -0 -0 -1 0 0 -1 0 0 -1 0 0 -1 0 0 -1 -0 -0 -1 0 0 -1 0 0 -1 -1.14854065e-05 6.27211994e-05 -1 -0 0 -1 -0 0 -1 1.96462115e-05 3.55764241e-05 -1 0 -0 -1 -1.88357844e-05 7.46387886e-05 -1 -0 0 -1 0 0 -1 8.51002187e-05 0.000133206428 -1 -0 -0 -1 0 0 -1 0 0 -1 -0 0 -1 0 -0 -1 0 0 -1 -0 -0 -1 -0 0 -1 0 -0 -1 0 0 -1 0 -0 -1 -0 0 -1 0 0 -1 0 -0 -1 -0 0 -1 0 -0 -1 -0.000680964149 0.935695946 -0.352806687 0.000445306388 0.946633697 -0.322311103 -0.000693949114 0.692735732 -0.721191168 0.000693918555 0.721186101 -0.692741036 -0.000433626992 0.322621495 -0.946527958 0.00068096671 0.352798283 -0.935699105 -0.00043369396 0.32259199 0.946538031 0.00214360305 0.391849786 0.92002672 -0.00281703169 0.692718923 0.721202135 -0.00201755366 0.935658216 0.352901489 0.00374813541 0.85920465 0.511618376 0 0 1 0 0 1 0 0 1 0 0 1 0 0 1 0 0 1 0 0 1 0 0 1 0 0 1 0 0 1 0 0 1 0 0 1 0 0 1 0 0 1 0 0 1 0 0 1 0 0 1 0 0 1 0 0 1 0 0 1 0 0 1 0 0 1 0 0 1 0 0 1 0 0 1 0 0 1 0 0 1 0 0 1 0 0 1 4.8443253e-05 -0.000134036804 1 -0.000238768785 -8.43270755e-05 1 -8.96980346e-05 -0.000247160584 0.99999994 -2.85818605e-05 -0.000403242768 0.999999881 -6.72823205e-07 4.10891573e-07 1 0 0 1 3.5509612e-07 5.72599845e-07 1 0 0 1 0 0 1 0 0 1 0 0 1 -0.000134101734 2.27440414e-05 1 9.74050209e-08 5.67866039e-07 1 0 0 1 -8.68811912e-06 7.1555216e-05 1 -2.5577825e-05 6.74426919e-05 1 -4.51081978e-05 6.53505776e-05 1 -7.38489543e-05 6.54244359e-05 1 0 0 1 0 0 1 0 0 1 0 0 1 0 0 1 0 0 1 0 0 1 0 0 1 0 0 1 0 0 1 0 0 1 0 0 1 0 0 1 0 0 1 0 0 1 0 0 1 0 0 1 0 0 1 0 0 1 -8.49469325e-06 6.03494482e-05 1 0 0 1 1.90145347e-05 3.63631152e-05 1 0 0 1 0 0 1 -1.86792258e-05 7.52988417e-05 1 0 0 1 0 0 1 8.61728622e-05 0.000133209804 1 0 0 1 0 0 1 0 0 1 0 0 1 0 0 1 0 0 1 0 0 1 0 0 1 0 0 1 0 0 1 0 0 1 0 0 1 0 0 1 0 0 1 0 0 1 0.334618181 0.942342937 0.0045272382 0.363343656 0.931600034 -0.010141666 0.692697763 0.721144915 0.010942583 0.721144915 0.692697763 -0.0109425811 0.934562624 0.355641365 0.0105785169 0.946164131 0.323600322 -0.0074962331 -0.928606272 -0.371065527 0.000909790571 -0.939208269 -0.341739774 0.033194419 -0.914194107 -0.405272752 0.00179939345 -0.825069427 -0.564797997 -0.0162377954 -0.702468693 -0.711133361 0.0287565906 -0.58368963 -0.811460793 -0.0289442223 -0.36163944 -0.932065666 0.0216901395 -0.0812696517 -0.996651173 0.0090385722 -0.165546641 -0.985875428 -0.0253739022 -0.12054009 -0.992708445 -0 -0.354603052 -0.93501693 -0 -0.12054009 -0.992708445 0 -0.568062723 -0.822985291 -0 -0.354603052 -0.93501693 0 -0.74851501 -0.663117826 -0 -0.568062723 -0.822985291 0 -0.885453343 -0.464728355 -0 -0.74851501 -0.663117826 0 -0.97094208 -0.239314795 -0 -0.885453343 -0.464728355 0 -1 -0 -0 -0.97094208 -0.239314795 0 -0.97094214 0.239314228 0 -1 0 0 -0.885453343 0.464728355 0 -0.97094214 0.239314228 0 -0.748510897 0.663122475 0 -0.885453343 0.464728355 0 -0.568064332 0.822984159 0 -0.748510897 0.663122475 0 -0.354607135 0.93501538 0 -0.568064332 0.822984159 0 -0.120516129 0.99256897 -0.0168145988 -0.308292687 0.951133668 0.0173323471 -0.302938908 -0.952769041 -0.0214306228 -0.142001718 -0.989347339 0.0320541412 -0.593035758 -0.805030644 0.015302551 -0.585775256 -0.810401559 0.0108098909 -0.875102639 -0.483816653 -0.0108093908 -0.895287931 -0.445356786 0.010809429 -0.998465061 -0.0546136908 -0.00921239052 -0.962926686 0.268997937 -0.0203023963 -0.999559641 0.0217159782 0.0202237554 -0.783434272 0.621105134 -0.0214305967 -0.874700665 0.483602554 0.0320529006 -0.542431831 0.839960396 0.0153016942 -0.593034267 0.805031836 -0.0153010767 -0.142004907 0.989346862 -0.0320527442 -0.302930474 0.952771723 0.0214304477 0.0757522434 0.997125983 -0.00114294072 0.0906974301 0.995828807 0.00994501729 0.46336323 0.886129022 -0.00836559478 0.712845922 0.701320708 0 0.483413905 0.87539196 0 0.728588581 0.684900522 0.00836664252 0.930744886 0.365546942 -0.0094502978 0.940901637 0.338659465 0.00374198984 0.999937952 0.0107149566 0.00303381588 0.999552965 0.0257100705 0.0152588421 0.111957207 0.993713021 -0 0.111957207 0.993713021 0 0.330284387 0.943881392 -0 0.330284387 0.943881392 0 0.532030821 0.846724987 -0 0.532030821 0.846724987 0 0.707106769 0.707106769 -0 0.707106769 0.707106769 0 0.846724987 0.532030821 -0 0.846724987 0.532030821 0 0.951762795 0.306583107 0.0124253416 0.943883002 0.330280036 0 0.993590355 0.111950137 -0.0156648755 0 1 0 -0 1 0 0.107048772 0.994253755 0 0.330024421 0.943972349 0 0.107048772 0.994253755 0 0.316216618 0.948647261 -0.00868931785 0.510838985 0.85950613 0.0171091873 0.585772991 0.810359538 -0.0136878965 0.584925771 0.810957253 -0.0144939814 0.107045203 0.994254172 -0 0.316225231 0.948684156 -0 0.107045203 0.994254172 -0 0.510856867 0.859521389 0.0157580394 0.340446144 0.940184712 -0.0122105815 0 1 0 -0 1 0 -0.993712366 0.111963242 0 -0.993712366 0.111963242 0 -0.94388324 0.33027941 0 -0.94388324 0.33027941 0 -0.846723735 0.532032788 0 -0.846723735 0.532032788 0 -0.707106769 0.707106769 0 -0.707106769 0.707106769 0 -0.532031476 0.846724629 0 -0.532031476 0.846724629 0 -0.3302809 0.943882704 0 -0.3302809 0.943882704 0 -0.111963302 0.993712366 0 -0.111963302 0.993712366 0 -0.253768742 -0.967264891 0 -0.253541917 -0.967324197 -0.000614457007 -0.636165023 -0.77155304 0 -0.455680728 -0.890143335 0 -0.455680728 -0.890143335 0 -0.636183441 -0.77153784 -6.13072989e-05 -0.000254043203 -0.999999821 -0.000535756175 -0.00127741147 -0.999998212 0.00139119604 0.386939704 -0.922065437 0.0085436143 0.357096642 -0.934062004 -0.00321132597 0.807223022 -0.590237796 -0.00323104649 0.803857327 -0.594789565 -0.00622160686 0.509523809 -0.860447109 -0.00403735321 0.535234511 -0.844676256 0.0067853923 0.214084625 -0.97681129 0.00274319388 0.215204149 -0.976568878 -0.000604789238 -0.927037895 -0.374811679 0.0108097568 -0.942440808 -0.334198296 -0.0108097047 -0.646676958 -0.762687385 0.0108102169 -0.679188669 -0.733884096 -0.0108087808 -0.218156978 -0.97585392 0.0108097903 -0.260331005 -0.965458989 -0.010809903 0.209342614 -0.977842391 0 0.185916141 -0.982522428 -0.00921223871 0.512369573 -0.858715594 0.00921281613 0.491729677 -0.870747924 0 0.83507818 -0.550025046 0.010809538 0.810403943 -0.585771918 -0.0108096851 0.988417089 -0.150989026 -0.0153013878 0.989798248 -0.142065585 -0.0108094811 -0.992708445 -0.120540231 -0 -0.992708445 -0.120540231 0 -0.935017467 -0.354601622 0 -0.935017467 -0.354601622 -0 -0.822984338 -0.568064034 0 -0.822984338 -0.568064034 -0 -0.663119078 -0.748513997 0 -0.663119078 -0.748513997 -0 -0.464726508 -0.885454297 0 -0.464726508 -0.885454297 -0 -0.239316702 -0.970941544 0 -0.239316702 -0.970941544 -0 0 -1 0 -0 -1 -0 0.239316702 -0.970941544 0 0.239316702 -0.970941544 0 0.464724094 -0.885455489 0 0.464724094 -0.885455489 0 0.663122594 -0.748510838 0 0.663122594 -0.748510838 0 0.822983742 -0.568064868 0 0.822983742 -0.568064868 0 0.935015559 -0.354606718 0 0.935015559 -0.354606718 0 0.9927091 -0.120534457 0 0.9927091 -0.120534457 0 0.214446202 -0.976735353 0.000892363722 0.215046734 -0.976603329 -0.000917404657 0.50873524 -0.860910833 0.0045755622 0.535905719 -0.844250858 -0.00675773108 0.802733243 -0.596306503 0.00615569856 0.808949292 -0.587878287 0.000439053547 0.357609779 -0.933862686 -0.00398427574 0.386402667 -0.922300398 0.00741508929 -0.000174287037 -0.999999642 0.000812353799 -0.00131295668 -0.999998271 -0.00132244732 -0.636169314 -0.771549404 -0 -0.636192083 -0.771530688 7.5863325e-05 -0.455680728 -0.890143335 -0 -0.455680728 -0.890143335 0 -0.253575355 -0.967315495 -0.000478344009 -0.253751516 -0.967269421 0 -0.118514761 0.992952287 0 -0.118514761 0.992952287 0 -0.348886579 0.937164903 0 -0.348886579 0.937164903 0 -0.559657574 0.828723967 0 -0.559657574 0.828723967 0 -0.738982379 0.673724711 0 -0.738982379 0.673724711 0 -0.876790524 0.480872422 0 -0.876790524 0.480872422 0 -0.965338469 0.26100111 0 -0.965338469 0.26100111 0 -0.999649584 0.0264697652 0 -0.999649584 0.0264697652 0 -0.97779727 -0.209553093 -0 -0.97779727 -0.209553093 0 -0.901010036 -0.433798164 -0 -0.77347523 -0.633826494 -0 -0.901010036 -0.433798164 0 -0.773359179 -0.633968055 0.000180826697 0 1 0 0 1 0 0.510845542 0.859502316 -0.0171087012 0.31621328 0.948648334 0.0086878445 0.330019146 0.943974257 0 0.107045203 0.994254172 0 0.107045203 0.994254172 0 0.584926367 0.810956955 0.0144934235 0.584925771 0.810957253 0.0144939711 0.510838985 0.85950613 -0.0171091873 0.330024421 0.943972349 0 0.316216618 0.948647261 0.00868932158 0.107048772 0.994253755 0 0.107048772 0.994253755 0 0 1 0 0 1 0 0.993712306 0.111963876 0 0.993712306 0.111963876 0 0.943883002 0.330280036 0 0.943883002 0.330280036 0 0.846724987 0.532030821 0 0.846724987 0.532030821 0 0.707106769 0.707106769 0 0.707106769 0.707106769 0 0.532030821 0.846724987 0 0.532030821 0.846724987 0 0.330284387 0.943881392 0 0.330284387 0.943881392 0 0.111957207 0.993713021 0 0.111957207 0.993713021 0 0.999979615 0.00639034947 0 0.999924839 0.0115496572 -0.00411198335 0.942189276 0.33501634 0.00659144297 0.929585397 0.368489414 -0.00930419285 0.728588581 0.684900522 0.00836664159 0.483413905 0.87539196 -0 0.712845922 0.701320708 0 0.46336323 0.886129022 -0.0083656041 0.0911682621 0.99578613 0.00992322993 0.0755957514 0.997137547 -0.00136277382 -0.168755025 -0.92737031 -0.333925247 -0.0482796244 -0.520933628 0.852230728 -0.0339133926 -0.825994372 0.562657237 -0.346883655 -0.312322885 0.884379029 -0.17639935 -0.860301018 0.478294343 -0.169615492 -0.860893846 0.479679435 -0.0122404117 -0.838568807 0.544658244 0.33945784 -0.349185079 -0.873406053 0.020906277 -0.967308402 0.252739877 0.999999762 0.000749541039 -2.11740571e-05 0.999998152 0.00191049662 0.000119168333 0 -1 0 0 -1 0 0 -1 0 0 -1 -0 0 -1 -0 0 -1 -0 0 -1 0 0 -1 0 0 -1 -0 0 -1 0 0 -1 -0 0 -1 0 0 -1 0 0 -1 -0 0 -1 0 0 -1 -0 0 -1 0 0 -1 -0 0 -1 0 0 -1 0 0 -1 -0 0 -1 0 0 -1 -0 0 -1 -0 0 -1 0 0 -1 0 0 -1 -0 0 -1 0 0 -1 0 0 -1 0 0 -1 0 0 -1 -0 0 -1 -0 0 -1 0 0 -1 0 0 -1 0 0 -1 0 0 -1 -0 0 -1 0 0 -1 0 0 -1 0 0 -1 -0 0 -1 0 0.961746335 -0.0373098366 -0.271388769 0 1 0 0 1 0 0 1 0 -0 1 0 0 1 0 0 1 0 0 1 0 0 1 0 0 1 0 -0 1 0 0 1 0 0 1 0 0 1 0 0 1 0 -0 1 0 0 1 0 0 1 0 0 1 0 0 1 0 0 1 0 -0 1 0 0 1 0 0 1 0 0 1 0 0 1 0 0 1 0 0 1 0 0 1 0 -0 1 0 0 1 0 0 1 0 0 1 0 0 1 0 0 1 0 0 1 0 0 1 0 0 1 0 0 1 0 0 1 0 0 1 0 -0 1 0 0 1 0 0 1 0 0 1 0 -0 1 0 0 1 0 -0 1 0 0 1 0 0 1 0 0 1 0 0 1 0 0 1 0 0 1 0 0 1 0 0.966946423 -0.0370288603 0.25227657 0.400521725 0.0252363179 0.915939689 0.586749673 -0.0251757875 0.809376955 0.862418056 0.00069145672 0.506196141 0.863188267 0.00515017845 0.504855871 0.862407863 0.000690046989 -0.506213605 0.863201141 0.00526534813 -0.504832685 0.586745739 -0.0251755528 -0.809379756 0.400505096 0.0252388902 -0.915946841 0.000119478726 9.54973366e-05 -1 -4.35202564e-05 -0.000522679184 -0.999999821 -0.392142862 -0.0117535237 -0.919829249 -0.511699855 0.0185266715 -0.858964503 -0.859126151 -0.0185498316 -0.511427462 -0.920071602 0.0118729426 -0.39157027 -1 -0.000194914101 -1.48370491e-05 -1 0.000194914057 1.48370455e-05 -0.920073152 -0.0118739586 0.391566515 -0.859124541 0.0185498782 0.511430323 -0.512315214 -0.018474618 0.858598769 -0.391820788 0.0118853031 0.91996479 -1.61481821e-05 -0.000680798432 0.999999821 2.70909495e-05 -0.000518145738 0.999999881 -0.38042146 0.0072179758 -0.924785078 -0.350336134 -0.00370130036 -0.936616719 -0.762717664 0.00741873542 -0.646689057 -0.733913422 -0.0074185133 -0.679202437 -0.975882649 0.00741892215 -0.218169644 -0.965487301 -0.0074183573 -0.260344297 -0.965486586 0.00741821341 0.260347068 -0.975882113 -0.00741900411 0.218172118 -0.733918607 0.00741890399 0.679196894 -0.762723446 -0.0074185743 0.646682262 -0.348165423 0.00497362111 0.937419891 -0.382240891 -0.0071523753 0.924035013 0.00147545862 -0.015780488 -0.999874413 0.0126313604 -0.00130118441 -0.999919355 0.383823991 0.0262169987 0.923034072 0.245893702 -0.00150209141 0.969295621 0.585535705 -0.0300137624 0.81009084 0.85139966 0.0233358033 0.523998201 0.895317554 -0.00741850771 0.445366561 0.999736607 0.00741849327 0.0217182264 0.997390449 -0.0233369321 -0.0683207288 0.877735853 0.0349127091 -0.477871209 0.75806582 -0.0349133238 -0.651242912 0.424200296 0.0223526135 -0.905292511 0.386780322 0.00878049247 -0.922130048 0.00136243575 -0.00509766396 0.999986112 0.00375928055 -0.00216221507 0.999990642 0.00261458661 -0.0145691056 -0.999890447 0.0121455807 -0.00232899725 -0.999923468 0.384177953 -0.00660138484 -0.923235476 0.32619524 0.00423465157 0.94529289 0.425532758 -0.0276485495 0.904520571 0.700850189 0.0205246378 0.713013172 0.823652983 -0.020983303 0.566705763 0.94854176 0.0217588414 0.315903574 0.992111683 -0.0222236831 0.12337175 0.986612678 0.0221018717 -0.161576182 0.936517775 -0.0211404264 -0.349982142 0.809220016 0.018469099 -0.587215364 0.693764031 -0.016402889 -0.720015526 0.468079835 0.0189789552 -0.883482397 -0.00248015649 0.00203781785 0.999994814 0.00597063079 -0.00803956669 0.999949813 -0.34816584 0.00497334171 -0.937419772 -0.382242113 -0.00715239579 -0.924034536 -0.733913124 0.00741896452 -0.679202855 -0.762718141 -0.007418714 -0.646688521 -0.965487301 0.00741834845 -0.260344565 -0.975882649 -0.00741893053 -0.218169898 -0.975882113 0.00741900411 0.218172118 -0.965486586 -0.00741821341 0.260347068 -0.76272285 0.00741860224 0.646682918 -0.733918488 -0.00741875311 0.679197013 -0.382244438 0.00715244049 0.924033582 -0.348167449 -0.00497386185 0.937419176 -0.873834908 -0.00911884103 -0.486137211 -0.871008694 -0.000273784884 -0.491267681 -0.603879213 -0.701378584 -0.378679186 -0.862700582 -0.000443091471 0.505714834 -0.860944152 -0.00522331102 0.508672714 -0.00421594596 -0.00917152874 -0.999949098 -0.0100525292 -0.000357136101 -0.999949396 -0.0211034939 -0.999777198 0.000353655982 0.0104316017 -0.999781013 -0.0181442313 -0.000135781956 -1 0.000147726634 0.000219598718 -1 -6.16763573e-05 -0.603307068 -0.691299021 0.397650838 0.0102215512 -0.000582771492 0.999947608 0.0100528682 -0.000327674235 0.999949455 -0.0398243591 -0.689233541 -0.723443985 0.859203339 -0.000444728183 -0.511634111 0.860942662 -0.00521265995 -0.508675396 0.00936133321 -0.689704776 0.724030197 0.00680487556 -0.667287529 0.744769156 0.654174924 -0.661145508 0.36734426 0.629665077 -0.689702749 0.357536077 0.654834747 -0.671936274 -0.345966876 0.870904088 -0.000583058281 0.491452634 0.871007681 -0.000264000468 0.49126929 0.860954344 0 -0.508682251 0.860954344 0 -0.508682251 -0.0100525292 -0 -0.999949455 -0.0100525292 0 -0.999949455 0 1 -0 0 1 0 0 1 0 0 1 -0 0.8710078 0 0.49126935 0.8710078 0 0.49126935 -0.871008694 -0 -0.491267711 -0.871008694 0 -0.491267711 0.0100528682 0 0.999949455 0.0100528682 0 0.999949455 -0.860955894 0 0.508679688 -0.860955894 0 0.508679688 -0 -1 0 -0 -1 0 0 -1 0 0 -1 0 0.347242534 0.884826899 -0.310650736 0.469302773 0.632045567 -0.616663158 -0.188158438 0.637340069 0.74725765 -0.298244208 0.57714802 0.760230541 -0.00933281332 -0.726996064 0.686578214 -0.327383548 0.692626655 0.642719567 -0.0029062354 0.950344324 0.311186761 -0.0138800768 0.893314004 0.449218839 0.171625063 0.962516665 -0.210015744 0.0788586736 0.920016706 -0.383862644 0.100461312 -0.825563133 -0.555295467 -0.0596169606 -0.958450973 -0.278957665 -0.113212027 -0.599265039 -0.792505145 -0.511495292 -0.57251972 -0.640775859 -0.366803437 -0.928582966 0.056470219 -0.182140887 -0.977822185 -0.10338439 -0.18751432 -0.963902175 -0.18902652 -0.125823334 -0.576695204 -0.807211995 -0.238982081 -0.533088386 -0.81160599 -0.482991397 -0.351835907 -0.801829696 0 1 0 0 1 0 0 1 0 0 1 0</float_array>
          <technique_common>
            <accessor count="3131" source="#cubenormals-array0-array" stride="3">
              <param name="X" type="float" />
              <param name="Y" type="float" />
              <param name="Z" type="float" />
            </accessor>
          </technique_common>
        </source>
        <vertices id="cubeverts-array0-vertices">
          <input semantic="POSITION" source="#cubeverts-array0" />
        </vertices>
        <triangles count="3131" material="ref_Part__Feature">
          <input offset="0" semantic="VERTEX" source="#cubeverts-array0-vertices" />
          <input offset="1" semantic="NORMAL" source="#cubenormals-array0" />
          <p>0 0 1 0 2 0 3 1 0 1 2 1 4 2 2 2 5 2 4 3 3 3 2 3 0 4 6 4 7 4 8 5 0 5 7 5 9 6 0 6 8 6 9 7 1 7 0 7 2 8 9 8 10 8 2 9 1 9 9 9 4 10 11 10 12 10 13 11 4 11 5 11 13 12 14 12 11 12 13 13 11 13 4 13 15 14 0 14 3 14 15 15 6 15 0 15 16 16 6 16 15 16 16 17 7 17 6 17 10 18 8 18 17 18 10 19 9 19 8 19 17 20 7 20 16 20 17 21 8 21 7 21 5 22 10 22 13 22 5 23 2 23 10 23 12 24 3 24 4 24 12 25 15 25 3 25 11 26 15 26 12 26 11 27 16 27 15 27 14 28 16 28 11 28 14 29 17 29 16 29 13 30 17 30 14 30 13 31 10 31 17 31 18 32 19 32 20 32 21 33 22 33 23 33 24 34 25 34 26 34 27 35 28 35 29 35 30 36 27 36 19 36 31 37 32 37 21 37 33 38 18 38 25 38 34 39 23 39 28 39 34 40 21 40 23 40 32 41 35 41 36 41 37 42 26 42 38 42 32 43 36 43 39 43 37 44 24 44 26 44 20 45 27 45 29 45 30 46 19 46 18 46 34 47 31 47 21 47 24 48 33 48 25 48 27 49 34 49 28 49 40 50 41 50 42 50 32 51 39 51 43 51 40 52 37 52 38 52 33 53 30 53 18 53 18 54 20 54 44 54 45 55 35 55 32 55 19 56 27 56 20 56 21 57 32 57 43 57 21 58 43 58 22 58 46 59 40 59 42 59 25 60 18 60 44 60 46 61 37 61 40 61 47 62 33 62 24 62 47 63 24 63 37 63 30 64 34 64 27 64 47 65 46 65 42 65 31 66 45 66 32 66 47 67 37 67 46 67 48 68 49 68 41 68 41 69 49 69 50 69 50 70 49 70 51 70 51 71 52 71 53 71 49 72 52 72 51 72 53 73 54 73 55 73 52 74 54 74 53 74 55 75 56 75 57 75 54 76 56 76 55 76 57 77 58 77 59 77 56 78 58 78 57 78 59 79 60 79 61 79 58 80 60 80 59 80 61 81 62 81 63 81 60 82 62 82 61 82 63 83 64 83 65 83 62 84 64 84 63 84 65 85 66 85 67 85 64 86 66 86 65 86 67 87 68 87 69 87 66 88 68 88 67 88 69 89 70 89 71 89 68 90 70 90 69 90 70 91 72 91 71 91 71 92 73 92 36 92 72 93 73 93 71 93 74 94 75 94 76 94 74 95 77 95 75 95 78 96 79 96 80 96 78 97 80 97 81 97 82 98 83 98 84 98 85 99 86 99 87 99 85 100 88 100 86 100 89 101 90 101 91 101 89 102 92 102 90 102 93 103 82 103 84 103 93 104 84 104 94 104 82 105 95 105 83 105 96 106 74 106 76 106 96 107 76 107 97 107 75 108 78 108 81 108 98 109 85 109 87 109 98 110 87 110 79 110 99 111 91 111 100 111 86 112 93 112 94 112 99 113 100 113 101 113 99 114 89 114 91 114 102 115 95 115 82 115 103 116 96 116 97 116 103 117 97 117 92 117 76 118 75 118 81 118 76 119 81 119 104 119 105 120 79 120 78 120 105 121 98 121 79 121 99 122 101 122 106 122 87 123 86 123 94 123 87 124 94 124 80 124 107 125 92 125 89 125 107 126 103 126 92 126 108 127 82 127 93 127 97 128 104 128 90 128 108 129 102 129 82 129 109 130 99 130 106 130 109 131 107 131 89 131 109 132 89 132 99 132 97 133 76 133 104 133 77 134 78 134 75 134 77 135 105 135 78 135 79 136 87 136 80 136 88 137 108 137 93 137 88 138 93 138 86 138 92 139 97 139 90 139 110 140 111 140 112 140 113 141 114 141 115 141 116 142 117 142 48 142 116 143 110 143 112 143 116 144 112 144 117 144 118 145 119 145 120 145 121 146 122 146 123 146 111 147 124 147 125 147 126 148 115 148 127 148 128 149 113 149 119 149 129 150 130 150 127 150 115 151 121 151 123 151 124 152 118 152 120 152 131 153 73 153 130 153 131 154 130 154 129 154 112 155 125 155 132 155 112 156 111 156 125 156 118 157 128 157 119 157 123 158 129 158 127 158 113 159 115 159 126 159 133 160 131 160 129 160 117 161 132 161 134 161 117 162 134 162 135 162 117 163 112 163 132 163 120 164 119 164 126 164 136 165 118 165 124 165 120 166 126 166 125 166 114 167 121 167 115 167 119 168 113 168 126 168 122 169 129 169 123 169 137 170 136 170 124 170 137 171 124 171 111 171 122 172 133 172 129 172 124 173 120 173 125 173 117 174 135 174 48 174 115 175 123 175 127 175 110 176 137 176 111 176 138 177 95 177 102 177 138 178 139 178 95 178 140 179 102 179 108 179 140 180 138 180 102 180 141 181 108 181 88 181 141 182 140 182 108 182 142 183 88 183 85 183 142 184 141 184 88 184 143 185 85 185 98 185 143 186 142 186 85 186 144 187 98 187 105 187 144 188 143 188 98 188 145 189 105 189 77 189 145 190 144 190 105 190 146 191 77 191 74 191 146 192 145 192 77 192 147 193 74 193 96 193 147 194 146 194 74 194 148 195 96 195 103 195 148 196 147 196 96 196 149 197 103 197 107 197 149 198 148 198 103 198 150 199 107 199 109 199 150 200 149 200 107 200 151 201 109 201 106 201 151 202 150 202 109 202 152 203 153 203 154 203 152 204 154 204 155 204 156 205 147 205 148 205 156 206 157 206 147 206 158 207 159 207 160 207 161 208 162 208 139 208 158 209 163 209 159 209 164 210 165 210 143 210 164 211 143 211 144 211 161 212 139 212 138 212 152 213 155 213 166 213 154 214 161 214 138 214 154 215 138 215 140 215 167 216 156 216 148 216 167 217 148 217 149 217 158 218 160 218 157 218 159 219 164 219 144 219 159 220 144 220 145 220 168 221 166 221 165 221 168 222 152 222 166 222 155 223 154 223 140 223 155 224 140 224 141 224 150 225 151 225 169 225 150 226 167 226 149 226 170 227 162 227 161 227 160 228 159 228 145 228 160 229 145 229 146 229 171 230 157 230 156 230 171 231 158 231 157 231 163 232 165 232 164 232 163 233 168 233 165 233 166 234 155 234 141 234 166 235 141 235 142 235 172 236 167 236 150 236 172 237 150 237 169 237 171 238 156 238 167 238 153 239 161 239 154 239 153 240 170 240 161 240 157 241 146 241 147 241 173 242 169 242 174 242 157 243 160 243 146 243 173 244 172 244 169 244 173 245 171 245 167 245 173 246 167 246 172 246 163 247 164 247 159 247 165 248 166 248 142 248 165 249 142 249 143 249 175 250 176 250 65 250 175 251 65 251 67 251 50 252 42 252 41 252 177 253 178 253 57 253 177 254 57 254 59 254 179 255 177 255 180 255 181 256 182 256 183 256 181 257 183 257 184 257 183 258 50 258 51 258 185 259 175 259 67 259 185 260 67 260 69 260 182 261 42 261 50 261 180 262 59 262 61 262 180 263 177 263 59 263 179 264 180 264 186 264 184 265 51 265 53 265 184 266 183 266 51 266 181 267 184 267 187 267 71 268 185 268 69 268 183 269 182 269 50 269 179 270 186 270 176 270 186 271 180 271 61 271 186 272 61 272 63 272 187 273 53 273 55 273 187 274 184 274 53 274 181 275 187 275 178 275 182 276 47 276 42 276 188 277 179 277 176 277 188 278 176 278 175 278 35 279 71 279 36 279 176 280 186 280 63 280 35 281 185 281 71 281 188 282 175 282 185 282 176 283 63 283 65 283 178 284 187 284 55 284 178 285 55 285 57 285 179 286 181 286 178 286 179 287 178 287 177 287 45 288 188 288 185 288 45 289 185 289 35 289 189 290 190 290 188 290 104 291 30 291 90 291 189 292 188 292 45 292 181 293 191 293 192 293 81 294 30 294 104 294 182 295 192 295 193 295 182 296 181 296 192 296 84 297 189 297 45 297 81 298 34 298 30 298 179 299 194 299 191 299 80 300 34 300 81 300 179 301 191 301 181 301 94 302 45 302 31 302 94 303 84 303 45 303 47 304 193 304 100 304 47 305 182 305 193 305 80 306 31 306 34 306 179 307 195 307 194 307 94 308 31 308 80 308 47 309 100 309 91 309 33 310 91 310 90 310 33 311 47 311 91 311 190 312 179 312 188 312 190 313 195 313 179 313 30 314 33 314 90 314 73 315 131 315 36 315 36 316 131 316 39 316 39 317 133 317 43 317 131 318 133 318 39 318 43 319 122 319 22 319 133 320 122 320 43 320 22 321 121 321 23 321 122 322 121 322 22 322 23 323 114 323 28 323 28 324 114 324 29 324 121 325 114 325 23 325 114 326 113 326 29 326 29 327 128 327 20 327 20 328 128 328 44 328 113 329 128 329 29 329 128 330 118 330 44 330 44 331 136 331 25 331 25 332 136 332 26 332 118 333 136 333 44 333 26 334 137 334 38 334 136 335 137 335 26 335 38 336 110 336 40 336 137 337 110 337 38 337 110 338 116 338 40 338 40 339 48 339 41 339 116 340 48 340 40 340 196 341 197 341 198 341 196 342 198 342 199 342 200 343 101 343 100 343 201 344 202 344 191 344 200 345 100 345 193 345 203 346 204 346 205 346 203 347 205 347 206 347 207 348 190 348 189 348 207 349 208 349 190 349 209 350 200 350 193 350 200 351 106 351 101 351 210 352 199 352 211 352 210 353 196 353 199 353 198 354 201 354 191 354 198 355 191 355 194 355 212 356 206 356 202 356 212 357 203 357 206 357 213 358 84 358 83 358 205 359 193 359 192 359 205 360 209 360 193 360 213 361 207 361 189 361 213 362 189 362 84 362 214 363 106 363 200 363 215 364 210 364 211 364 215 365 211 365 208 365 199 366 194 366 195 366 199 367 198 367 194 367 216 368 202 368 201 368 216 369 212 369 202 369 213 370 83 370 95 370 206 371 205 371 192 371 217 372 215 372 208 372 217 373 208 373 207 373 218 374 200 374 209 374 219 375 213 375 95 375 218 376 214 376 200 376 219 377 207 377 213 377 219 378 217 378 207 378 211 379 199 379 195 379 197 380 216 380 201 380 197 381 201 381 198 381 202 382 206 382 192 382 202 383 192 383 191 383 204 384 218 384 209 384 204 385 209 385 205 385 208 386 195 386 190 386 208 387 211 387 195 387 60 388 58 388 220 388 60 389 220 389 221 389 52 390 49 390 222 390 52 391 222 391 223 391 72 392 224 392 73 392 72 393 70 393 225 393 72 394 225 394 224 394 222 395 135 395 134 395 226 396 227 396 228 396 221 397 220 397 229 397 62 398 221 398 230 398 54 399 52 399 223 399 54 400 223 400 231 400 62 401 60 401 221 401 223 402 222 402 134 402 222 403 48 403 135 403 225 404 228 404 232 404 225 405 226 405 228 405 230 406 221 406 229 406 231 407 223 407 134 407 231 408 134 408 233 408 64 409 62 409 230 409 56 410 54 410 231 410 64 411 230 411 234 411 56 412 231 412 235 412 224 413 232 413 130 413 224 414 225 414 232 414 234 415 230 415 229 415 66 416 234 416 227 416 234 417 229 417 228 417 66 418 64 418 234 418 235 419 231 419 233 419 58 420 235 420 220 420 58 421 56 421 235 421 49 422 48 422 222 422 68 423 66 423 227 423 68 424 227 424 226 424 227 425 234 425 228 425 224 426 130 426 73 426 220 427 233 427 229 427 220 428 235 428 233 428 70 429 226 429 225 429 70 430 68 430 226 430 151 431 106 431 214 431 236 432 151 432 214 432 237 433 214 433 218 433 237 434 236 434 214 434 238 435 218 435 204 435 238 436 237 436 218 436 239 437 204 437 203 437 239 438 238 438 204 438 240 439 203 439 212 439 240 440 239 440 203 440 241 441 212 441 216 441 241 442 240 442 212 442 242 443 216 443 197 443 242 444 241 444 216 444 243 445 197 445 196 445 243 446 242 446 197 446 244 447 210 447 215 447 244 448 196 448 210 448 244 449 243 449 196 449 245 450 244 450 215 450 246 451 215 451 217 451 246 452 245 452 215 452 247 453 219 453 95 453 247 454 217 454 219 454 247 455 246 455 217 455 139 456 247 456 95 456 168 457 126 457 127 457 168 458 127 458 152 458 228 459 248 459 249 459 232 460 249 460 250 460 174 461 251 461 134 461 232 462 228 462 249 462 163 463 126 463 168 463 163 464 125 464 126 464 229 465 252 465 248 465 173 466 134 466 132 466 173 467 174 467 134 467 229 468 248 468 228 468 130 469 250 469 170 469 158 470 125 470 163 470 130 471 232 471 250 471 171 472 173 472 132 472 171 473 132 473 125 473 171 474 125 474 158 474 229 475 253 475 252 475 127 476 170 476 153 476 127 477 130 477 170 477 233 478 253 478 229 478 127 479 153 479 152 479 251 480 253 480 233 480 134 481 251 481 233 481 254 482 255 482 244 482 254 483 244 483 245 483 256 484 169 484 151 484 248 485 257 485 258 485 248 486 252 486 257 486 256 487 151 487 236 487 259 488 260 488 240 488 259 489 240 489 241 489 253 490 251 490 261 490 253 491 261 491 262 491 263 492 256 492 236 492 263 493 236 493 237 493 264 494 254 494 245 494 264 495 245 495 246 495 249 496 258 496 255 496 249 497 248 497 258 497 257 498 259 498 241 498 257 499 241 499 242 499 253 500 262 500 260 500 261 501 263 501 237 501 261 502 237 502 238 502 247 503 264 503 246 503 247 504 139 504 162 504 174 505 169 505 256 505 249 506 255 506 254 506 258 507 242 507 243 507 258 508 257 508 242 508 252 509 260 509 259 509 252 510 253 510 260 510 262 511 261 511 238 511 262 512 238 512 239 512 265 513 247 513 162 513 265 514 264 514 247 514 250 515 249 515 254 515 251 516 256 516 263 516 250 517 254 517 264 517 251 518 174 518 256 518 255 519 258 519 243 519 250 520 162 520 170 520 255 521 243 521 244 521 250 522 265 522 162 522 250 523 264 523 265 523 252 524 259 524 257 524 260 525 262 525 239 525 260 526 239 526 240 526 251 527 263 527 261 527 266 528 267 528 268 528 266 529 269 529 267 529 270 530 267 530 271 530 270 531 268 531 267 531 266 532 272 532 273 532 266 533 273 533 274 533 275 534 266 534 274 534 269 535 266 535 275 535 276 536 277 536 278 536 276 537 278 537 279 537 276 538 279 538 270 538 271 539 276 539 270 539 280 540 266 540 268 540 272 541 266 541 280 541 267 542 275 542 281 542 269 543 275 543 267 543 281 544 274 544 282 544 275 545 274 545 281 545 282 546 273 546 283 546 274 547 273 547 282 547 283 548 272 548 280 548 273 549 272 549 283 549 278 550 280 550 279 550 278 551 283 551 280 551 277 552 283 552 278 552 277 553 282 553 283 553 276 554 282 554 277 554 276 555 281 555 282 555 271 556 281 556 276 556 271 557 267 557 281 557 279 558 268 558 270 558 279 559 280 559 268 559 284 560 285 560 286 560 286 561 285 561 287 561 285 562 288 562 287 562 287 563 288 563 289 563 288 564 290 564 289 564 289 565 290 565 291 565 290 566 292 566 291 566 291 567 293 567 294 567 292 568 293 568 291 568 294 569 295 569 296 569 293 570 295 570 294 570 296 571 297 571 298 571 295 572 297 572 296 572 298 573 299 573 300 573 297 574 299 574 298 574 301 575 302 575 303 575 303 576 302 576 304 576 304 577 305 577 306 577 302 578 305 578 304 578 306 579 307 579 308 579 305 580 307 580 306 580 308 581 309 581 310 581 307 582 309 582 308 582 310 583 311 583 312 583 309 584 311 584 310 584 312 585 313 585 314 585 311 586 313 586 312 586 314 587 315 587 316 587 313 588 315 588 314 588 317 589 318 589 319 589 320 590 318 590 317 590 319 591 321 591 322 591 318 592 321 592 319 592 322 593 323 593 324 593 321 594 323 594 322 594 324 595 325 595 326 595 323 596 325 596 324 596 326 597 327 597 328 597 325 598 327 598 326 598 328 599 329 599 330 599 327 600 329 600 328 600 330 601 331 601 332 601 329 602 331 602 330 602 332 603 333 603 334 603 331 604 333 604 332 604 335 605 336 605 337 605 334 606 336 606 335 606 333 607 336 607 334 607 337 608 338 608 339 608 336 609 338 609 337 609 339 610 340 610 341 610 338 611 340 611 339 611 341 612 342 612 343 612 340 613 342 613 341 613 342 614 344 614 343 614 343 615 344 615 345 615 344 616 346 616 345 616 347 617 348 617 349 617 349 618 348 618 350 618 350 619 351 619 352 619 348 620 351 620 350 620 352 621 353 621 354 621 351 622 353 622 352 622 354 623 355 623 356 623 353 624 355 624 354 624 356 625 357 625 358 625 355 626 357 626 356 626 358 627 359 627 360 627 357 628 359 628 358 628 360 629 361 629 362 629 359 630 361 630 360 630 362 631 363 631 364 631 361 632 363 632 362 632 365 633 366 633 367 633 365 634 368 634 366 634 369 635 367 635 370 635 369 636 365 636 367 636 371 637 370 637 372 637 371 638 369 638 370 638 373 639 372 639 374 639 373 640 371 640 372 640 375 641 374 641 376 641 375 642 373 642 374 642 377 643 376 643 378 643 377 644 375 644 376 644 379 645 378 645 380 645 379 646 377 646 378 646 381 647 380 647 382 647 381 648 379 648 380 648 383 649 382 649 384 649 383 650 381 650 382 650 385 651 384 651 386 651 385 652 383 652 384 652 387 653 386 653 388 653 387 654 385 654 386 654 389 655 388 655 390 655 389 656 390 656 391 656 389 657 387 657 388 657 392 658 389 658 391 658 390 659 393 659 391 659 380 660 378 660 394 660 382 661 380 661 394 661 384 662 382 662 394 662 372 663 366 663 395 663 376 664 372 664 394 664 386 665 394 665 396 665 386 666 384 666 394 666 370 667 366 667 372 667 372 668 395 668 394 668 376 669 374 669 372 669 388 670 386 670 396 670 378 671 376 671 394 671 370 672 367 672 366 672 390 673 396 673 393 673 390 674 388 674 396 674 397 675 398 675 399 675 400 676 398 676 397 676 401 677 402 677 403 677 404 678 405 678 406 678 407 679 404 679 406 679 408 680 405 680 404 680 409 681 402 681 401 681 410 682 407 682 406 682 315 683 405 683 408 683 411 684 402 684 409 684 410 685 406 685 412 685 411 686 400 686 397 686 411 687 397 687 402 687 413 688 412 688 400 688 413 689 410 689 412 689 414 690 413 690 400 690 415 691 400 691 411 691 415 692 414 692 400 692 416 693 415 693 417 693 418 694 417 694 419 694 418 695 416 695 417 695 420 696 415 696 416 696 420 697 414 697 415 697 420 698 421 698 414 698 422 699 418 699 419 699 299 700 421 700 420 700 422 701 419 701 423 701 299 702 301 702 421 702 424 703 422 703 423 703 297 704 302 704 301 704 297 705 301 705 299 705 424 706 425 706 426 706 424 707 423 707 425 707 427 708 424 708 426 708 427 709 426 709 428 709 295 710 302 710 297 710 429 711 427 711 428 711 430 712 427 712 429 712 431 713 427 713 430 713 432 714 284 714 427 714 432 715 285 715 284 715 432 716 427 716 431 716 433 717 315 717 313 717 433 718 405 718 315 718 434 719 313 719 311 719 434 720 433 720 313 720 435 721 307 721 305 721 435 722 309 722 307 722 435 723 311 723 309 723 435 724 434 724 311 724 436 725 433 725 434 725 436 726 437 726 438 726 436 727 438 727 433 727 439 728 295 728 293 728 439 729 302 729 295 729 439 730 305 730 302 730 439 731 435 731 305 731 440 732 288 732 285 732 440 733 290 733 288 733 440 734 285 734 432 734 441 735 290 735 440 735 442 736 293 736 292 736 442 737 439 737 293 737 443 738 290 738 441 738 444 739 290 739 443 739 445 740 292 740 290 740 445 741 442 741 292 741 445 742 290 742 444 742 299 743 420 743 300 743 300 744 420 744 446 744 446 745 416 745 447 745 420 746 416 746 446 746 447 747 418 747 448 747 416 748 418 748 447 748 448 749 422 749 449 749 418 750 422 750 448 750 449 751 424 751 450 751 422 752 424 752 449 752 450 753 424 753 451 753 424 754 427 754 451 754 451 755 427 755 452 755 452 756 284 756 286 756 427 757 284 757 452 757 315 758 408 758 316 758 316 759 408 759 453 759 453 760 404 760 454 760 408 761 404 761 453 761 454 762 407 762 455 762 404 763 407 763 454 763 455 764 410 764 456 764 407 765 410 765 455 765 456 766 413 766 457 766 410 767 413 767 456 767 457 768 414 768 458 768 413 769 414 769 457 769 458 770 421 770 459 770 414 771 421 771 458 771 459 772 301 772 303 772 421 773 301 773 459 773 460 774 461 774 462 774 460 775 462 775 463 775 464 776 460 776 463 776 465 777 460 777 464 777 466 778 467 778 468 778 466 779 468 779 469 779 470 780 469 780 471 780 470 781 466 781 469 781 472 782 473 782 467 782 472 783 467 783 466 783 474 784 471 784 475 784 474 785 470 785 471 785 476 786 477 786 473 786 476 787 473 787 472 787 478 788 474 788 475 788 405 789 475 789 479 789 405 790 478 790 475 790 480 791 477 791 476 791 481 792 405 792 479 792 406 793 405 793 481 793 482 794 483 794 484 794 482 795 484 795 477 795 482 796 477 796 480 796 485 797 483 797 482 797 486 798 487 798 483 798 486 799 483 799 485 799 488 800 489 800 487 800 488 801 487 801 486 801 490 802 489 802 488 802 491 803 489 803 490 803 492 804 491 804 490 804 493 805 491 805 492 805 461 806 492 806 462 806 461 807 493 807 492 807 481 808 494 808 406 808 406 809 494 809 412 809 494 810 495 810 412 810 412 811 495 811 400 811 496 812 400 812 495 812 398 813 400 813 496 813 497 814 397 814 399 814 497 815 498 815 397 815 497 816 399 816 398 816 496 817 497 817 398 817 499 818 397 818 498 818 499 819 402 819 397 819 500 820 409 820 401 820 501 821 500 821 401 821 501 822 401 822 403 822 499 823 403 823 402 823 499 824 501 824 403 824 411 825 502 825 415 825 503 826 502 826 411 826 502 827 504 827 415 827 415 828 504 828 417 828 417 829 505 829 419 829 504 830 505 830 417 830 505 831 506 831 419 831 507 832 419 832 506 832 507 833 423 833 419 833 508 834 509 834 432 834 508 835 432 835 431 835 510 836 431 836 430 836 510 837 508 837 431 837 511 838 430 838 429 838 511 839 510 839 430 839 512 840 429 840 428 840 512 841 511 841 429 841 513 842 428 842 426 842 513 843 512 843 428 843 514 844 426 844 425 844 514 845 513 845 426 845 507 846 425 846 423 846 507 847 514 847 425 847 515 848 432 848 509 848 440 849 432 849 515 849 516 850 442 850 445 850 516 851 517 851 442 851 518 852 445 852 444 852 518 853 516 853 445 853 519 854 444 854 443 854 519 855 518 855 444 855 520 856 443 856 441 856 520 857 519 857 443 857 515 858 441 858 440 858 515 859 520 859 441 859 442 860 517 860 439 860 439 861 521 861 435 861 517 862 521 862 439 862 435 863 522 863 434 863 521 864 522 864 435 864 522 865 523 865 434 865 434 866 524 866 436 866 523 867 524 867 434 867 525 868 438 868 437 868 525 869 526 869 438 869 524 870 437 870 436 870 524 871 525 871 437 871 433 872 527 872 405 872 405 873 527 873 478 873 478 874 528 874 474 874 527 875 528 875 478 875 474 876 529 876 470 876 528 877 529 877 474 877 470 878 530 878 466 878 529 879 530 879 470 879 466 880 531 880 472 880 530 881 531 881 466 881 476 882 532 882 480 882 472 883 533 883 476 883 531 884 533 884 472 884 476 885 533 885 532 885 533 886 318 886 532 886 533 887 534 887 318 887 524 888 526 888 525 888 524 889 535 889 526 889 523 890 535 890 524 890 314 891 535 891 523 891 312 892 314 892 523 892 312 893 523 893 522 893 316 894 535 894 314 894 310 895 312 895 522 895 308 896 310 896 522 896 306 897 308 897 522 897 521 898 306 898 522 898 304 899 306 899 521 899 479 900 535 900 316 900 479 901 453 901 454 901 479 902 316 902 453 902 481 903 479 903 454 903 481 904 454 904 455 904 494 905 481 905 455 905 494 906 455 906 456 906 495 907 456 907 457 907 495 908 494 908 456 908 495 909 457 909 458 909 296 910 298 910 304 910 296 911 304 911 521 911 298 912 303 912 304 912 294 913 296 913 521 913 294 914 521 914 517 914 300 915 303 915 298 915 300 916 459 916 303 916 498 917 496 917 495 917 498 918 497 918 496 918 291 919 294 919 517 919 291 920 517 920 516 920 446 921 459 921 300 921 446 922 458 922 459 922 291 923 516 923 518 923 519 924 291 924 518 924 289 925 291 925 519 925 520 926 289 926 519 926 515 927 287 927 289 927 515 928 289 928 520 928 504 929 495 929 458 929 504 930 458 930 446 930 504 931 446 931 447 931 502 932 495 932 504 932 505 933 447 933 448 933 505 934 504 934 447 934 503 935 498 935 495 935 503 936 495 936 502 936 506 937 505 937 448 937 506 938 448 938 449 938 499 939 498 939 503 939 500 940 499 940 503 940 501 941 499 941 500 941 509 942 286 942 287 942 509 943 452 943 286 943 509 944 287 944 515 944 507 945 450 945 451 945 507 946 449 946 450 946 507 947 506 947 449 947 514 948 507 948 451 948 508 949 452 949 509 949 513 950 514 950 451 950 510 951 451 951 452 951 510 952 452 952 508 952 511 953 451 953 510 953 512 954 513 954 451 954 512 955 451 955 511 955 484 956 536 956 537 956 484 957 537 957 538 957 484 958 538 958 539 958 540 959 484 959 539 959 541 960 484 960 540 960 477 961 542 961 543 961 477 962 543 962 544 962 477 963 544 963 545 963 477 964 545 964 546 964 477 965 546 965 547 965 477 966 484 966 548 966 548 967 484 967 541 967 477 968 548 968 542 968 549 969 550 969 551 969 552 970 553 970 554 970 555 971 556 971 348 971 555 972 347 972 557 972 555 973 348 973 347 973 558 974 557 974 552 974 559 975 560 975 561 975 562 976 563 976 564 976 565 977 557 977 558 977 566 978 555 978 557 978 566 979 557 979 565 979 567 980 559 980 561 980 550 981 563 981 562 981 359 982 549 982 568 982 569 983 559 983 567 983 570 984 559 984 569 984 357 985 549 985 359 985 361 986 359 986 568 986 361 987 568 987 571 987 572 988 559 988 570 988 572 989 573 989 559 989 572 990 574 990 573 990 357 991 550 991 549 991 355 992 575 992 550 992 355 993 550 993 357 993 576 994 577 994 578 994 579 995 580 995 460 995 363 996 361 996 571 996 581 997 579 997 460 997 353 998 465 998 575 998 581 999 460 999 465 999 353 1000 575 1000 355 1000 363 1001 571 1001 582 1001 583 1002 577 1002 576 1002 584 1003 580 1003 579 1003 584 1004 585 1004 586 1004 584 1005 586 1005 580 1005 551 1006 577 1006 583 1006 560 1007 582 1007 587 1007 556 1008 465 1008 353 1008 560 1009 363 1009 582 1009 551 1010 550 1010 562 1010 556 1011 351 1011 348 1011 556 1012 353 1012 351 1012 551 1013 562 1013 577 1013 556 1014 581 1014 465 1014 554 1015 553 1015 574 1015 560 1016 588 1016 561 1016 554 1017 574 1017 572 1017 560 1018 587 1018 588 1018 552 1019 557 1019 553 1019 464 1020 589 1020 465 1020 465 1021 589 1021 575 1021 589 1022 590 1022 575 1022 575 1023 590 1023 550 1023 591 1024 592 1024 593 1024 591 1025 594 1025 592 1025 595 1026 594 1026 591 1026 596 1027 594 1027 595 1027 597 1028 594 1028 596 1028 598 1029 596 1029 595 1029 599 1030 594 1030 597 1030 600 1031 598 1031 595 1031 600 1032 595 1032 601 1032 392 1033 600 1033 601 1033 389 1034 392 1034 601 1034 387 1035 389 1035 601 1035 602 1036 387 1036 601 1036 385 1037 387 1037 602 1037 383 1038 385 1038 602 1038 463 1039 603 1039 604 1039 463 1040 605 1040 603 1040 463 1041 606 1041 605 1041 463 1042 599 1042 606 1042 463 1043 594 1043 599 1043 381 1044 383 1044 602 1044 464 1045 607 1045 608 1045 464 1046 604 1046 607 1046 464 1047 463 1047 604 1047 464 1048 608 1048 609 1048 589 1049 609 1049 368 1049 589 1050 464 1050 609 1050 590 1051 368 1051 365 1051 590 1052 589 1052 368 1052 590 1053 365 1053 369 1053 590 1054 369 1054 371 1054 352 1055 381 1055 602 1055 352 1056 379 1056 381 1056 350 1057 352 1057 602 1057 354 1058 377 1058 379 1058 354 1059 379 1059 352 1059 350 1060 602 1060 610 1060 354 1061 375 1061 377 1061 349 1062 350 1062 610 1062 611 1063 612 1063 590 1063 611 1064 613 1064 612 1064 356 1065 375 1065 354 1065 356 1066 373 1066 375 1066 614 1067 349 1067 610 1067 614 1068 615 1068 616 1068 614 1069 610 1069 615 1069 358 1070 373 1070 356 1070 358 1071 371 1071 373 1071 617 1072 614 1072 616 1072 618 1073 619 1073 614 1073 618 1074 614 1074 617 1074 620 1075 621 1075 619 1075 620 1076 619 1076 618 1076 622 1077 590 1077 371 1077 622 1078 371 1078 358 1078 622 1079 358 1079 360 1079 623 1080 590 1080 622 1080 624 1081 360 1081 362 1081 624 1082 622 1082 360 1082 625 1083 611 1083 590 1083 625 1084 590 1084 623 1084 626 1085 624 1085 362 1085 626 1086 362 1086 364 1086 626 1087 364 1087 627 1087 628 1088 611 1088 625 1088 629 1089 628 1089 625 1089 630 1090 628 1090 629 1090 631 1091 632 1091 621 1091 631 1092 633 1092 632 1092 631 1093 621 1093 620 1093 634 1094 626 1094 627 1094 635 1095 627 1095 636 1095 635 1096 634 1096 627 1096 637 1097 633 1097 631 1097 638 1098 635 1098 636 1098 639 1099 633 1099 637 1099 640 1100 636 1100 633 1100 640 1101 638 1101 636 1101 641 1102 633 1102 639 1102 641 1103 640 1103 633 1103 642 1104 485 1104 482 1104 643 1105 644 1105 344 1105 344 1106 644 1106 642 1106 642 1107 644 1107 485 1107 485 1108 645 1108 486 1108 644 1109 645 1109 485 1109 486 1110 646 1110 488 1110 645 1111 646 1111 486 1111 488 1112 647 1112 490 1112 646 1113 647 1113 488 1113 490 1114 648 1114 492 1114 647 1115 648 1115 490 1115 492 1116 649 1116 462 1116 648 1117 649 1117 492 1117 462 1118 594 1118 463 1118 649 1119 594 1119 462 1119 650 1120 482 1120 651 1120 652 1121 651 1121 482 1121 653 1122 482 1122 650 1122 654 1123 652 1123 482 1123 642 1124 482 1124 653 1124 655 1125 654 1125 482 1125 480 1126 656 1126 657 1126 480 1127 657 1127 655 1127 480 1128 655 1128 482 1128 658 1129 656 1129 480 1129 659 1130 658 1130 480 1130 660 1131 659 1131 480 1131 532 1132 660 1132 480 1132 409 1133 503 1133 411 1133 409 1134 500 1134 503 1134 580 1135 592 1135 594 1135 586 1136 592 1136 580 1136 530 1137 661 1137 662 1137 530 1138 529 1138 661 1138 531 1139 662 1139 663 1139 531 1140 530 1140 662 1140 528 1141 664 1141 661 1141 528 1142 661 1142 529 1142 533 1143 663 1143 665 1143 533 1144 531 1144 663 1144 527 1145 666 1145 664 1145 527 1146 664 1146 528 1146 534 1147 665 1147 667 1147 534 1148 533 1148 665 1148 433 1149 535 1149 666 1149 433 1150 666 1150 527 1150 438 1151 526 1151 535 1151 438 1152 535 1152 433 1152 643 1153 667 1153 668 1153 643 1154 668 1154 669 1154 643 1155 534 1155 667 1155 644 1156 669 1156 670 1156 644 1157 643 1157 669 1157 645 1158 644 1158 670 1158 671 1159 645 1159 670 1159 646 1160 645 1160 671 1160 672 1161 647 1161 646 1161 672 1162 646 1162 671 1162 648 1163 647 1163 672 1163 673 1164 649 1164 648 1164 673 1165 648 1165 672 1165 674 1166 594 1166 649 1166 674 1167 649 1167 673 1167 580 1168 594 1168 674 1168 532 1169 318 1169 320 1169 643 1170 344 1170 342 1170 643 1171 342 1171 340 1171 643 1172 340 1172 338 1172 336 1173 643 1173 338 1173 333 1174 643 1174 336 1174 534 1175 329 1175 327 1175 534 1176 327 1176 325 1176 534 1177 325 1177 323 1177 534 1178 323 1178 321 1178 534 1179 321 1179 318 1179 534 1180 643 1180 331 1180 331 1181 643 1181 333 1181 534 1182 331 1182 329 1182 535 1183 479 1183 475 1183 666 1184 475 1184 471 1184 666 1185 535 1185 475 1185 664 1186 471 1186 469 1186 664 1187 666 1187 471 1187 661 1188 469 1188 468 1188 661 1189 664 1189 469 1189 662 1190 468 1190 467 1190 662 1191 661 1191 468 1191 663 1192 467 1192 473 1192 663 1193 662 1193 467 1193 547 1194 473 1194 477 1194 547 1195 317 1195 473 1195 665 1196 473 1196 317 1196 665 1197 663 1197 473 1197 319 1198 665 1198 317 1198 667 1199 665 1199 319 1199 345 1200 642 1200 536 1200 346 1201 642 1201 345 1201 536 1202 653 1202 537 1202 642 1203 653 1203 536 1203 537 1204 650 1204 538 1204 653 1205 650 1205 537 1205 538 1206 651 1206 539 1206 650 1207 651 1207 538 1207 539 1208 652 1208 540 1208 651 1209 652 1209 539 1209 540 1210 654 1210 541 1210 652 1211 654 1211 540 1211 541 1212 655 1212 548 1212 654 1213 655 1213 541 1213 548 1214 657 1214 542 1214 655 1215 657 1215 548 1215 542 1216 656 1216 543 1216 657 1217 656 1217 542 1217 543 1218 658 1218 544 1218 656 1219 658 1219 543 1219 544 1220 659 1220 545 1220 658 1221 659 1221 544 1221 545 1222 660 1222 546 1222 546 1223 660 1223 547 1223 659 1224 660 1224 545 1224 660 1225 532 1225 547 1225 547 1226 532 1226 317 1226 532 1227 320 1227 317 1227 483 1228 536 1228 484 1228 345 1229 536 1229 483 1229 669 1230 668 1230 343 1230 669 1231 343 1231 345 1231 669 1232 345 1232 483 1232 670 1233 483 1233 487 1233 670 1234 669 1234 483 1234 671 1235 487 1235 489 1235 671 1236 670 1236 487 1236 672 1237 489 1237 491 1237 672 1238 671 1238 489 1238 673 1239 491 1239 493 1239 673 1240 672 1240 491 1240 674 1241 493 1241 461 1241 674 1242 673 1242 493 1242 580 1243 461 1243 460 1243 580 1244 674 1244 461 1244 364 1245 363 1245 627 1245 363 1246 560 1246 627 1246 627 1247 560 1247 636 1247 636 1248 559 1248 633 1248 560 1249 559 1249 636 1249 633 1250 573 1250 632 1250 559 1251 573 1251 633 1251 632 1252 574 1252 621 1252 573 1253 574 1253 632 1253 621 1254 553 1254 619 1254 574 1255 553 1255 621 1255 619 1256 557 1256 614 1256 553 1257 557 1257 619 1257 614 1258 347 1258 349 1258 557 1259 347 1259 614 1259 612 1260 550 1260 590 1260 563 1261 550 1261 612 1261 613 1262 562 1262 564 1262 613 1263 611 1263 562 1263 613 1264 564 1264 563 1264 612 1265 613 1265 563 1265 577 1266 562 1266 611 1266 628 1267 577 1267 611 1267 629 1268 583 1268 576 1268 630 1269 629 1269 576 1269 630 1270 576 1270 578 1270 628 1271 578 1271 577 1271 628 1272 630 1272 578 1272 551 1273 623 1273 549 1273 625 1274 623 1274 551 1274 623 1275 622 1275 549 1275 549 1276 622 1276 568 1276 568 1277 624 1277 571 1277 622 1278 624 1278 568 1278 624 1279 626 1279 571 1279 634 1280 571 1280 626 1280 634 1281 582 1281 571 1281 637 1282 631 1282 572 1282 637 1283 572 1283 570 1283 639 1284 570 1284 569 1284 639 1285 637 1285 570 1285 641 1286 569 1286 567 1286 641 1287 639 1287 569 1287 640 1288 567 1288 561 1288 640 1289 641 1289 567 1289 638 1290 561 1290 588 1290 638 1291 640 1291 561 1291 635 1292 588 1292 587 1292 635 1293 638 1293 588 1293 634 1294 587 1294 582 1294 634 1295 635 1295 587 1295 554 1296 631 1296 620 1296 554 1297 572 1297 631 1297 610 1298 555 1298 566 1298 615 1299 566 1299 565 1299 615 1300 610 1300 566 1300 616 1301 565 1301 558 1301 616 1302 615 1302 565 1302 617 1303 558 1303 552 1303 617 1304 616 1304 558 1304 618 1305 617 1305 552 1305 620 1306 552 1306 554 1306 620 1307 618 1307 552 1307 555 1308 610 1308 556 1308 610 1309 602 1309 556 1309 581 1310 601 1310 579 1310 556 1311 601 1311 581 1311 602 1312 601 1312 556 1312 579 1313 595 1313 584 1313 601 1314 595 1314 579 1314 595 1315 591 1315 584 1315 593 1316 586 1316 585 1316 593 1317 592 1317 586 1317 591 1318 585 1318 584 1318 591 1319 593 1319 585 1319 344 1320 642 1320 346 1320 339 1321 668 1321 337 1321 335 1322 337 1322 668 1322 341 1323 668 1323 339 1323 334 1324 335 1324 668 1324 343 1325 668 1325 341 1325 332 1326 334 1326 668 1326 667 1327 330 1327 332 1327 667 1328 328 1328 330 1328 667 1329 332 1329 668 1329 326 1330 328 1330 667 1330 324 1331 326 1331 667 1331 322 1332 324 1332 667 1332 319 1333 322 1333 667 1333 583 1334 625 1334 551 1334 583 1335 629 1335 625 1335 600 1336 392 1336 391 1336 600 1337 391 1337 393 1337 598 1338 393 1338 675 1338 598 1339 600 1339 393 1339 596 1340 675 1340 676 1340 596 1341 598 1341 675 1341 597 1342 676 1342 677 1342 597 1343 596 1343 676 1343 599 1344 677 1344 678 1344 599 1345 597 1345 677 1345 606 1346 678 1346 679 1346 606 1347 599 1347 678 1347 605 1348 679 1348 680 1348 605 1349 606 1349 679 1349 603 1350 680 1350 681 1350 603 1351 605 1351 680 1351 604 1352 681 1352 682 1352 604 1353 603 1353 681 1353 607 1354 682 1354 683 1354 607 1355 604 1355 682 1355 608 1356 683 1356 684 1356 608 1357 607 1357 683 1357 609 1358 684 1358 685 1358 609 1359 608 1359 684 1359 368 1360 685 1360 366 1360 368 1361 609 1361 685 1361 680 1362 679 1362 686 1362 681 1363 680 1363 686 1363 677 1364 676 1364 687 1364 393 1365 396 1365 687 1365 683 1366 681 1366 395 1366 683 1367 682 1367 681 1367 686 1368 678 1368 677 1368 675 1369 393 1369 687 1369 679 1370 678 1370 686 1370 684 1371 683 1371 395 1371 676 1372 675 1372 687 1372 685 1373 395 1373 366 1373 685 1374 684 1374 395 1374 677 1375 687 1375 686 1375 681 1376 686 1376 395 1376 395 1377 686 1377 687 1377 395 1378 687 1378 396 1378 395 1379 396 1379 394 1379 688 1380 689 1380 690 1380 690 1381 689 1381 691 1381 691 1382 692 1382 693 1382 689 1383 692 1383 691 1383 693 1384 694 1384 695 1384 692 1385 694 1385 693 1385 695 1386 696 1386 697 1386 694 1387 696 1387 695 1387 697 1388 698 1388 699 1388 696 1389 698 1389 697 1389 699 1390 700 1390 701 1390 698 1391 700 1391 699 1391 701 1392 702 1392 703 1392 700 1393 702 1393 701 1393 703 1394 704 1394 705 1394 702 1395 704 1395 703 1395 705 1396 706 1396 707 1396 704 1397 706 1397 705 1397 707 1398 708 1398 709 1398 706 1399 708 1399 707 1399 709 1400 710 1400 711 1400 708 1401 710 1401 709 1401 711 1402 712 1402 713 1402 710 1403 712 1403 711 1403 713 1404 714 1404 715 1404 712 1405 714 1405 713 1405 716 1406 717 1406 718 1406 719 1407 718 1407 720 1407 719 1408 716 1408 718 1408 721 1409 720 1409 722 1409 721 1410 719 1410 720 1410 723 1411 722 1411 724 1411 723 1412 721 1412 722 1412 725 1413 724 1413 726 1413 725 1414 723 1414 724 1414 727 1415 726 1415 728 1415 727 1416 725 1416 726 1416 729 1417 728 1417 730 1417 729 1418 727 1418 728 1418 731 1419 730 1419 732 1419 731 1420 729 1420 730 1420 733 1421 732 1421 734 1421 733 1422 731 1422 732 1422 735 1423 734 1423 736 1423 735 1424 733 1424 734 1424 737 1425 736 1425 738 1425 737 1426 735 1426 736 1426 739 1427 738 1427 740 1427 739 1428 737 1428 738 1428 741 1429 739 1429 740 1429 742 1430 740 1430 743 1430 742 1431 741 1431 740 1431 744 1432 745 1432 746 1432 746 1433 745 1433 747 1433 747 1434 748 1434 749 1434 745 1435 748 1435 747 1435 749 1436 750 1436 751 1436 748 1437 750 1437 749 1437 751 1438 752 1438 753 1438 750 1439 752 1439 751 1439 753 1440 754 1440 755 1440 752 1441 754 1441 753 1441 755 1442 756 1442 757 1442 754 1443 756 1443 755 1443 757 1444 758 1444 759 1444 756 1445 758 1445 757 1445 759 1446 760 1446 761 1446 758 1447 760 1447 759 1447 761 1448 762 1448 763 1448 760 1449 762 1449 761 1449 763 1450 764 1450 765 1450 762 1451 764 1451 763 1451 765 1452 766 1452 767 1452 764 1453 766 1453 765 1453 767 1454 768 1454 769 1454 766 1455 768 1455 767 1455 769 1456 770 1456 771 1456 768 1457 770 1457 769 1457 772 1458 773 1458 774 1458 775 1459 774 1459 776 1459 775 1460 772 1460 774 1460 777 1461 776 1461 778 1461 777 1462 775 1462 776 1462 779 1463 778 1463 780 1463 779 1464 777 1464 778 1464 781 1465 780 1465 782 1465 781 1466 779 1466 780 1466 783 1467 782 1467 784 1467 783 1468 781 1468 782 1468 785 1469 784 1469 786 1469 785 1470 783 1470 784 1470 787 1471 786 1471 788 1471 787 1472 785 1472 786 1472 789 1473 788 1473 790 1473 789 1474 787 1474 788 1474 791 1475 790 1475 792 1475 791 1476 789 1476 790 1476 793 1477 792 1477 794 1477 793 1478 791 1478 792 1478 795 1479 794 1479 796 1479 795 1480 793 1480 794 1480 797 1481 796 1481 798 1481 797 1482 795 1482 796 1482 799 1483 797 1483 798 1483 800 1484 772 1484 775 1484 801 1485 802 1485 803 1485 801 1486 804 1486 802 1486 805 1487 803 1487 791 1487 800 1488 806 1488 772 1488 805 1489 791 1489 793 1489 807 1490 808 1490 809 1490 810 1491 809 1491 783 1491 810 1492 783 1492 785 1492 811 1493 800 1493 775 1493 811 1494 775 1494 777 1494 801 1495 803 1495 805 1495 812 1496 793 1496 795 1496 812 1497 805 1497 793 1497 813 1498 807 1498 809 1498 813 1499 809 1499 810 1499 814 1500 810 1500 785 1500 814 1501 785 1501 787 1501 815 1502 800 1502 811 1502 815 1503 806 1503 800 1503 816 1504 811 1504 777 1504 816 1505 777 1505 779 1505 817 1506 801 1506 805 1506 817 1507 805 1507 812 1507 797 1508 812 1508 795 1508 804 1509 813 1509 810 1509 804 1510 810 1510 814 1510 802 1511 814 1511 787 1511 802 1512 787 1512 789 1512 818 1513 812 1513 797 1513 818 1514 799 1514 819 1514 815 1515 811 1515 816 1515 818 1516 797 1516 799 1516 808 1517 779 1517 781 1517 808 1518 816 1518 779 1518 818 1519 817 1519 812 1519 804 1520 814 1520 802 1520 803 1521 802 1521 789 1521 803 1522 789 1522 791 1522 807 1523 815 1523 816 1523 807 1524 816 1524 808 1524 809 1525 808 1525 781 1525 809 1526 781 1526 783 1526 820 1527 821 1527 822 1527 822 1528 821 1528 823 1528 823 1529 824 1529 825 1529 821 1530 824 1530 823 1530 825 1531 826 1531 827 1531 824 1532 826 1532 825 1532 827 1533 828 1533 829 1533 826 1534 828 1534 827 1534 829 1535 830 1535 831 1535 828 1536 830 1536 829 1536 831 1537 832 1537 833 1537 830 1538 832 1538 831 1538 833 1539 834 1539 835 1539 832 1540 834 1540 833 1540 835 1541 836 1541 837 1541 834 1542 836 1542 835 1542 837 1543 838 1543 839 1543 836 1544 838 1544 837 1544 839 1545 840 1545 841 1545 838 1546 840 1546 839 1546 841 1547 842 1547 843 1547 840 1548 842 1548 841 1548 843 1549 844 1549 845 1549 842 1550 844 1550 843 1550 845 1551 846 1551 847 1551 844 1552 846 1552 845 1552 713 1553 848 1553 711 1553 732 1554 849 1554 734 1554 850 1555 849 1555 732 1555 851 1556 713 1556 715 1556 851 1557 848 1557 713 1557 695 1558 852 1558 853 1558 697 1559 854 1559 852 1559 697 1560 852 1560 695 1560 693 1561 853 1561 855 1561 693 1562 695 1562 853 1562 730 1563 856 1563 850 1563 730 1564 850 1564 732 1564 699 1565 857 1565 854 1565 699 1566 854 1566 697 1566 691 1567 855 1567 858 1567 691 1568 693 1568 855 1568 701 1569 859 1569 857 1569 701 1570 857 1570 699 1570 717 1571 715 1571 860 1571 717 1572 851 1572 715 1572 690 1573 858 1573 743 1573 690 1574 691 1574 858 1574 728 1575 856 1575 730 1575 718 1576 860 1576 861 1576 718 1577 717 1577 860 1577 703 1578 859 1578 701 1578 726 1579 862 1579 856 1579 726 1580 856 1580 728 1580 863 1581 743 1581 740 1581 863 1582 690 1582 743 1582 720 1583 861 1583 864 1583 720 1584 718 1584 861 1584 724 1585 865 1585 862 1585 724 1586 862 1586 726 1586 705 1587 866 1587 859 1587 722 1588 864 1588 865 1588 722 1589 720 1589 864 1589 722 1590 865 1590 724 1590 705 1591 859 1591 703 1591 867 1592 740 1592 738 1592 867 1593 863 1593 740 1593 707 1594 868 1594 866 1594 707 1595 866 1595 705 1595 869 1596 738 1596 736 1596 869 1597 867 1597 738 1597 709 1598 868 1598 707 1598 870 1599 868 1599 709 1599 871 1600 869 1600 736 1600 734 1601 871 1601 736 1601 711 1602 870 1602 709 1602 849 1603 871 1603 734 1603 848 1604 870 1604 711 1604 714 1605 872 1605 715 1605 715 1606 872 1606 860 1606 860 1607 873 1607 861 1607 872 1608 873 1608 860 1608 861 1609 874 1609 864 1609 873 1610 874 1610 861 1610 864 1611 875 1611 865 1611 874 1612 875 1612 864 1612 865 1613 876 1613 862 1613 875 1614 876 1614 865 1614 862 1615 877 1615 856 1615 876 1616 877 1616 862 1616 856 1617 878 1617 850 1617 877 1618 878 1618 856 1618 850 1619 879 1619 849 1619 878 1620 879 1620 850 1620 849 1621 880 1621 871 1621 879 1622 880 1622 849 1622 871 1623 881 1623 869 1623 880 1624 881 1624 871 1624 869 1625 882 1625 867 1625 881 1626 882 1626 869 1626 867 1627 883 1627 863 1627 882 1628 883 1628 867 1628 863 1629 688 1629 690 1629 883 1630 688 1630 863 1630 742 1631 743 1631 858 1631 884 1632 858 1632 855 1632 884 1633 742 1633 858 1633 885 1634 855 1634 853 1634 885 1635 884 1635 855 1635 886 1636 853 1636 852 1636 886 1637 885 1637 853 1637 887 1638 852 1638 854 1638 887 1639 886 1639 852 1639 888 1640 854 1640 857 1640 888 1641 887 1641 854 1641 889 1642 857 1642 859 1642 889 1643 888 1643 857 1643 890 1644 859 1644 866 1644 890 1645 889 1645 859 1645 891 1646 866 1646 868 1646 891 1647 890 1647 866 1647 892 1648 868 1648 870 1648 892 1649 891 1649 868 1649 893 1650 870 1650 848 1650 893 1651 892 1651 870 1651 894 1652 848 1652 851 1652 894 1653 893 1653 848 1653 895 1654 851 1654 717 1654 895 1655 894 1655 851 1655 716 1656 895 1656 717 1656 877 1657 876 1657 896 1657 747 1658 692 1658 689 1658 747 1659 749 1659 692 1659 897 1660 878 1660 877 1660 897 1661 877 1661 896 1661 708 1662 763 1662 765 1662 706 1663 761 1663 763 1663 746 1664 689 1664 688 1664 706 1665 763 1665 708 1665 746 1666 747 1666 689 1666 710 1667 765 1667 767 1667 710 1668 708 1668 765 1668 704 1669 759 1669 761 1669 704 1670 761 1670 706 1670 712 1671 767 1671 769 1671 898 1672 879 1672 878 1672 712 1673 710 1673 767 1673 898 1674 878 1674 897 1674 899 1675 688 1675 883 1675 899 1676 746 1676 688 1676 702 1677 757 1677 759 1677 702 1678 759 1678 704 1678 900 1679 880 1679 879 1679 714 1680 769 1680 771 1680 900 1681 879 1681 898 1681 714 1682 712 1682 769 1682 901 1683 883 1683 882 1683 901 1684 899 1684 883 1684 902 1685 881 1685 880 1685 902 1686 880 1686 900 1686 700 1687 757 1687 702 1687 903 1688 882 1688 881 1688 903 1689 901 1689 882 1689 903 1690 881 1690 902 1690 755 1691 757 1691 700 1691 872 1692 771 1692 904 1692 872 1693 714 1693 771 1693 698 1694 755 1694 700 1694 873 1695 904 1695 905 1695 873 1696 872 1696 904 1696 753 1697 755 1697 698 1697 696 1698 753 1698 698 1698 874 1699 905 1699 906 1699 874 1700 873 1700 905 1700 751 1701 753 1701 696 1701 751 1702 696 1702 694 1702 875 1703 874 1703 906 1703 907 1704 875 1704 906 1704 749 1705 751 1705 694 1705 749 1706 694 1706 692 1706 876 1707 875 1707 907 1707 896 1708 876 1708 907 1708 884 1709 908 1709 909 1709 884 1710 885 1710 908 1710 784 1711 782 1711 727 1711 910 1712 892 1712 893 1712 729 1713 784 1713 727 1713 911 1714 892 1714 910 1714 912 1715 893 1715 894 1715 912 1716 910 1716 893 1716 742 1717 884 1717 909 1717 742 1718 909 1718 798 1718 891 1719 892 1719 911 1719 786 1720 784 1720 729 1720 913 1721 891 1721 911 1721 731 1722 786 1722 729 1722 914 1723 894 1723 895 1723 914 1724 912 1724 894 1724 741 1725 798 1725 796 1725 890 1726 891 1726 913 1726 741 1727 742 1727 798 1727 915 1728 890 1728 913 1728 788 1729 786 1729 731 1729 733 1730 788 1730 731 1730 773 1731 895 1731 716 1731 773 1732 914 1732 895 1732 889 1733 890 1733 915 1733 790 1734 788 1734 733 1734 916 1735 889 1735 915 1735 739 1736 796 1736 794 1736 739 1737 741 1737 796 1737 774 1738 716 1738 719 1738 774 1739 773 1739 716 1739 735 1740 792 1740 790 1740 735 1741 790 1741 733 1741 737 1742 794 1742 792 1742 888 1743 889 1743 916 1743 737 1744 792 1744 735 1744 737 1745 739 1745 794 1745 917 1746 888 1746 916 1746 776 1747 719 1747 721 1747 776 1748 774 1748 719 1748 887 1749 888 1749 917 1749 918 1750 887 1750 917 1750 778 1751 721 1751 723 1751 778 1752 776 1752 721 1752 886 1753 887 1753 918 1753 886 1754 918 1754 919 1754 780 1755 778 1755 723 1755 725 1756 780 1756 723 1756 885 1757 886 1757 919 1757 885 1758 919 1758 908 1758 782 1759 780 1759 725 1759 727 1760 782 1760 725 1760 770 1761 920 1761 771 1761 771 1762 920 1762 904 1762 904 1763 921 1763 905 1763 920 1764 921 1764 904 1764 905 1765 922 1765 906 1765 921 1766 922 1766 905 1766 906 1767 923 1767 907 1767 922 1768 923 1768 906 1768 907 1769 924 1769 896 1769 923 1770 924 1770 907 1770 896 1771 925 1771 897 1771 924 1772 925 1772 896 1772 897 1773 926 1773 898 1773 925 1774 926 1774 897 1774 898 1775 927 1775 900 1775 926 1776 927 1776 898 1776 900 1777 928 1777 902 1777 927 1778 928 1778 900 1778 902 1779 929 1779 903 1779 928 1780 929 1780 902 1780 903 1781 930 1781 901 1781 929 1782 930 1782 903 1782 901 1783 931 1783 899 1783 930 1784 931 1784 901 1784 899 1785 744 1785 746 1785 931 1786 744 1786 899 1786 799 1787 798 1787 909 1787 932 1788 909 1788 908 1788 932 1789 799 1789 909 1789 933 1790 908 1790 919 1790 933 1791 932 1791 908 1791 934 1792 919 1792 918 1792 934 1793 933 1793 919 1793 935 1794 918 1794 917 1794 935 1795 934 1795 918 1795 936 1796 917 1796 916 1796 936 1797 935 1797 917 1797 937 1798 916 1798 915 1798 937 1799 936 1799 916 1799 938 1800 915 1800 913 1800 938 1801 937 1801 915 1801 939 1802 913 1802 911 1802 939 1803 938 1803 913 1803 940 1804 911 1804 910 1804 940 1805 939 1805 911 1805 941 1806 910 1806 912 1806 941 1807 940 1807 910 1807 942 1808 912 1808 914 1808 942 1809 941 1809 912 1809 943 1810 914 1810 773 1810 943 1811 942 1811 914 1811 772 1812 943 1812 773 1812 944 1813 945 1813 927 1813 926 1814 944 1814 927 1814 827 1815 752 1815 750 1815 946 1816 944 1816 926 1816 829 1817 754 1817 752 1817 770 1818 845 1818 847 1818 829 1819 752 1819 827 1819 770 1820 768 1820 845 1820 825 1821 750 1821 748 1821 825 1822 827 1822 750 1822 925 1823 946 1823 926 1823 831 1824 754 1824 829 1824 947 1825 946 1825 925 1825 756 1826 754 1826 831 1826 823 1827 748 1827 745 1827 920 1828 770 1828 847 1828 823 1829 825 1829 748 1829 920 1830 847 1830 948 1830 833 1831 756 1831 831 1831 822 1832 745 1832 744 1832 822 1833 823 1833 745 1833 924 1834 949 1834 947 1834 758 1835 756 1835 833 1835 924 1836 947 1836 925 1836 921 1837 948 1837 950 1837 835 1838 758 1838 833 1838 921 1839 920 1839 948 1839 923 1840 951 1840 949 1840 923 1841 949 1841 924 1841 952 1842 744 1842 931 1842 952 1843 822 1843 744 1843 922 1844 950 1844 951 1844 922 1845 921 1845 950 1845 922 1846 951 1846 923 1846 760 1847 758 1847 835 1847 837 1848 760 1848 835 1848 953 1849 931 1849 930 1849 953 1850 952 1850 931 1850 762 1851 760 1851 837 1851 839 1852 762 1852 837 1852 954 1853 930 1853 929 1853 954 1854 953 1854 930 1854 764 1855 762 1855 839 1855 764 1856 839 1856 841 1856 955 1857 954 1857 929 1857 928 1858 955 1858 929 1858 766 1859 841 1859 843 1859 766 1860 764 1860 841 1860 945 1861 955 1861 928 1861 927 1862 945 1862 928 1862 768 1863 843 1863 845 1863 768 1864 766 1864 843 1864 956 1865 799 1865 932 1865 957 1866 958 1866 959 1866 960 1867 940 1867 941 1867 960 1868 959 1868 940 1868 956 1869 819 1869 799 1869 961 1870 962 1870 963 1870 961 1871 963 1871 964 1871 965 1872 964 1872 936 1872 965 1873 936 1873 937 1873 966 1874 819 1874 956 1874 967 1875 932 1875 933 1875 967 1876 956 1876 932 1876 968 1877 957 1877 959 1877 968 1878 959 1878 960 1878 969 1879 941 1879 942 1879 969 1880 960 1880 941 1880 961 1881 964 1881 965 1881 970 1882 965 1882 937 1882 970 1883 937 1883 938 1883 966 1884 956 1884 967 1884 971 1885 933 1885 934 1885 971 1886 967 1886 933 1886 968 1887 960 1887 969 1887 943 1888 969 1888 942 1888 972 1889 961 1889 965 1889 972 1890 965 1890 970 1890 958 1891 970 1891 938 1891 958 1892 938 1892 939 1892 973 1893 943 1893 772 1893 962 1894 967 1894 971 1894 973 1895 772 1895 806 1895 962 1896 966 1896 967 1896 963 1897 934 1897 935 1897 973 1898 969 1898 943 1898 963 1899 971 1899 934 1899 973 1900 968 1900 969 1900 957 1901 972 1901 970 1901 957 1902 970 1902 958 1902 959 1903 939 1903 940 1903 959 1904 958 1904 939 1904 962 1905 971 1905 963 1905 964 1906 935 1906 936 1906 964 1907 963 1907 935 1907 846 1908 974 1908 847 1908 847 1909 974 1909 948 1909 948 1910 975 1910 950 1910 974 1911 975 1911 948 1911 950 1912 976 1912 951 1912 975 1913 976 1913 950 1913 951 1914 977 1914 949 1914 976 1915 977 1915 951 1915 949 1916 978 1916 947 1916 977 1917 978 1917 949 1917 947 1918 979 1918 946 1918 978 1919 979 1919 947 1919 946 1920 980 1920 944 1920 979 1921 980 1921 946 1921 944 1922 981 1922 945 1922 980 1923 981 1923 944 1923 945 1924 982 1924 955 1924 981 1925 982 1925 945 1925 955 1926 983 1926 954 1926 982 1927 983 1927 955 1927 954 1928 984 1928 953 1928 983 1929 984 1929 954 1929 953 1930 985 1930 952 1930 984 1931 985 1931 953 1931 952 1932 820 1932 822 1932 985 1933 820 1933 952 1933 966 1934 824 1934 821 1934 979 1935 978 1935 807 1935 813 1936 979 1936 807 1936 840 1937 957 1937 968 1937 838 1938 957 1938 840 1938 980 1939 979 1939 813 1939 819 1940 821 1940 820 1940 842 1941 840 1941 968 1941 819 1942 966 1942 821 1942 836 1943 972 1943 957 1943 836 1944 957 1944 838 1944 804 1945 981 1945 980 1945 804 1946 980 1946 813 1946 844 1947 968 1947 973 1947 844 1948 842 1948 968 1948 834 1949 972 1949 836 1949 961 1950 972 1950 834 1950 818 1951 820 1951 985 1951 818 1952 819 1952 820 1952 846 1953 973 1953 806 1953 804 1954 982 1954 981 1954 846 1955 844 1955 973 1955 832 1956 961 1956 834 1956 817 1957 985 1957 984 1957 817 1958 818 1958 985 1958 801 1959 983 1959 982 1959 801 1960 982 1960 804 1960 801 1961 984 1961 983 1961 801 1962 817 1962 984 1962 974 1963 846 1963 806 1963 830 1964 961 1964 832 1964 975 1965 806 1965 815 1965 975 1966 974 1966 806 1966 962 1967 961 1967 830 1967 828 1968 962 1968 830 1968 976 1969 975 1969 815 1969 962 1970 828 1970 826 1970 977 1971 976 1971 815 1971 807 1972 977 1972 815 1972 966 1973 962 1973 826 1973 966 1974 826 1974 824 1974 978 1975 977 1975 807 1975 986 1976 987 1976 988 1976 989 1977 990 1977 991 1977 989 1978 991 1978 987 1978 989 1979 987 1979 986 1979 989 1980 992 1980 990 1980 989 1981 993 1981 992 1981 986 1982 993 1982 989 1982 986 1983 994 1983 993 1983 988 1984 994 1984 986 1984 988 1985 995 1985 994 1985 987 1986 995 1986 988 1986 987 1987 996 1987 995 1987 991 1988 996 1988 987 1988 991 1989 997 1989 996 1989 990 1990 997 1990 991 1990 990 1991 992 1991 997 1991 993 1992 998 1992 992 1992 994 1993 998 1993 993 1993 995 1994 999 1994 994 1994 996 1995 999 1995 995 1995 997 1996 1000 1996 996 1996 992 1997 1000 1997 997 1997 999 1998 996 1998 1000 1998 998 1999 1000 1999 992 1999 998 2000 994 2000 999 2000 998 2001 999 2001 1000 2001 1001 2002 1002 2002 1003 2002 1003 2003 1002 2003 1004 2003 1004 2004 1005 2004 1006 2004 1002 2005 1005 2005 1004 2005 1006 2006 1007 2006 1008 2006 1005 2007 1007 2007 1006 2007 1008 2008 1009 2008 1010 2008 1007 2009 1009 2009 1008 2009 1010 2010 1011 2010 1012 2010 1009 2011 1011 2011 1010 2011 1012 2012 1013 2012 1014 2012 1011 2013 1013 2013 1012 2013 1014 2014 1015 2014 1016 2014 1013 2015 1015 2015 1014 2015 1016 2016 1017 2016 1018 2016 1015 2017 1017 2017 1016 2017 1018 2018 1019 2018 1020 2018 1017 2019 1019 2019 1018 2019 1020 2020 1021 2020 1022 2020 1019 2021 1021 2021 1020 2021 1022 2022 1023 2022 1024 2022 1021 2023 1023 2023 1022 2023 1024 2024 1025 2024 1026 2024 1023 2025 1025 2025 1024 2025 1026 2026 1027 2026 1028 2026 1025 2027 1027 2027 1026 2027 1029 2028 1030 2028 1031 2028 1030 2029 1032 2029 1031 2029 1031 2030 1032 2030 1033 2030 1033 2031 1034 2031 1035 2031 1032 2032 1034 2032 1033 2032 1035 2033 1036 2033 1037 2033 1034 2034 1036 2034 1035 2034 1036 2035 1038 2035 1037 2035 1037 2036 1038 2036 1039 2036 1038 2037 1040 2037 1039 2037 1039 2038 1040 2038 1041 2038 1041 2039 1042 2039 1043 2039 1040 2040 1042 2040 1041 2040 1043 2041 1044 2041 1045 2041 1042 2042 1044 2042 1043 2042 1046 2043 1047 2043 1048 2043 1046 2044 1049 2044 1047 2044 1050 2045 1048 2045 1051 2045 1050 2046 1046 2046 1048 2046 1052 2047 1051 2047 1053 2047 1052 2048 1050 2048 1051 2048 1054 2049 1053 2049 1055 2049 1054 2050 1052 2050 1053 2050 1056 2051 1057 2051 1058 2051 1059 2052 1057 2052 1056 2052 1058 2053 1060 2053 1061 2053 1057 2054 1060 2054 1058 2054 1060 2055 1062 2055 1061 2055 1061 2056 1062 2056 1063 2056 1063 2057 1064 2057 1065 2057 1062 2058 1064 2058 1063 2058 1065 2059 1066 2059 1067 2059 1064 2060 1066 2060 1065 2060 1067 2061 1068 2061 1069 2061 1066 2062 1068 2062 1067 2062 1069 2063 1070 2063 1071 2063 1068 2064 1070 2064 1069 2064 1072 2065 1073 2065 1074 2065 1074 2066 1073 2066 1075 2066 1075 2067 1076 2067 1077 2067 1073 2068 1076 2068 1075 2068 1077 2069 1078 2069 1079 2069 1076 2070 1078 2070 1077 2070 1079 2071 1080 2071 1081 2071 1078 2072 1080 2072 1079 2072 1081 2073 1082 2073 1083 2073 1080 2074 1082 2074 1081 2074 1083 2075 1084 2075 1085 2075 1082 2076 1084 2076 1083 2076 1085 2077 1086 2077 1087 2077 1084 2078 1086 2078 1085 2078 1087 2079 1088 2079 1089 2079 1086 2080 1088 2080 1087 2080 1089 2081 1090 2081 1091 2081 1088 2082 1090 2082 1089 2082 1091 2083 1092 2083 1093 2083 1090 2084 1092 2084 1091 2084 1093 2085 1094 2085 1095 2085 1092 2086 1094 2086 1093 2086 1095 2087 1096 2087 1097 2087 1094 2088 1096 2088 1095 2088 1096 2089 1098 2089 1097 2089 1099 2090 1100 2090 1101 2090 1101 2091 1102 2091 1103 2091 1100 2092 1102 2092 1101 2092 1103 2093 1102 2093 1104 2093 1102 2094 1105 2094 1104 2094 1104 2095 1105 2095 1106 2095 1105 2096 1107 2096 1106 2096 1106 2097 1107 2097 1108 2097 1107 2098 1109 2098 1108 2098 1108 2099 1109 2099 1110 2099 1109 2100 1111 2100 1110 2100 1112 2101 1113 2101 1114 2101 1114 2102 1115 2102 1116 2102 1113 2103 1115 2103 1114 2103 1116 2104 1117 2104 1118 2104 1115 2105 1117 2105 1116 2105 1118 2106 1119 2106 1120 2106 1117 2107 1119 2107 1118 2107 1120 2108 1121 2108 1122 2108 1119 2109 1121 2109 1120 2109 1122 2110 1121 2110 1123 2110 1123 2111 1124 2111 1125 2111 1121 2112 1124 2112 1123 2112 1126 2113 1127 2113 1128 2113 1126 2114 1129 2114 1130 2114 1126 2115 1110 2115 1127 2115 1126 2116 1130 2116 1131 2116 1132 2117 1133 2117 1134 2117 1134 2118 1135 2118 1130 2118 1136 2119 1137 2119 1110 2119 1136 2120 1138 2120 1137 2120 1139 2121 1131 2121 1140 2121 1136 2122 1141 2122 1138 2122 1136 2123 1142 2123 1141 2123 1136 2124 1143 2124 1142 2124 1136 2125 1144 2125 1143 2125 1136 2126 1145 2126 1144 2126 1132 2127 1125 2127 1133 2127 1136 2128 1146 2128 1145 2128 1136 2129 1147 2129 1148 2129 1136 2130 1148 2130 1146 2130 1149 2131 1136 2131 1110 2131 1149 2132 1110 2132 1126 2132 1130 2133 1140 2133 1131 2133 1129 2134 1134 2134 1130 2134 1112 2135 1131 2135 1139 2135 1099 2136 1125 2136 1132 2136 1099 2137 1150 2137 1125 2137 1151 2138 1152 2138 1150 2138 1151 2139 1150 2139 1099 2139 1153 2140 1112 2140 1154 2140 1153 2141 1131 2141 1112 2141 1155 2142 1156 2142 1152 2142 1147 2143 1157 2143 1158 2143 1147 2144 1154 2144 1157 2144 1147 2145 1153 2145 1154 2145 1155 2146 1152 2146 1151 2146 1159 2147 1147 2147 1158 2147 1160 2148 1161 2148 1156 2148 1160 2149 1156 2149 1155 2149 1162 2150 1147 2150 1159 2150 1163 2151 1164 2151 1161 2151 1163 2152 1161 2152 1160 2152 1165 2153 1147 2153 1162 2153 1148 2154 1147 2154 1166 2154 1148 2155 1164 2155 1163 2155 1148 2156 1166 2156 1164 2156 1167 2157 1147 2157 1165 2157 1168 2158 1147 2158 1167 2158 1166 2159 1147 2159 1168 2159 1134 2160 1133 2160 1135 2160 1126 2161 1128 2161 1129 2161 1125 2162 1169 2162 1133 2162 1124 2163 1169 2163 1125 2163 1133 2164 1170 2164 1135 2164 1169 2165 1170 2165 1133 2165 1135 2166 1171 2166 1130 2166 1170 2167 1171 2167 1135 2167 1130 2168 1172 2168 1140 2168 1171 2169 1172 2169 1130 2169 1140 2170 1173 2170 1139 2170 1172 2171 1173 2171 1140 2171 1139 2172 1113 2172 1112 2172 1173 2173 1113 2173 1139 2173 1110 2174 1111 2174 1127 2174 1127 2175 1174 2175 1128 2175 1111 2176 1174 2176 1127 2176 1174 2177 1175 2177 1128 2177 1128 2178 1175 2178 1129 2178 1175 2179 1176 2179 1129 2179 1129 2180 1176 2180 1134 2180 1176 2181 1177 2181 1134 2181 1134 2182 1177 2182 1132 2182 1177 2183 1178 2183 1132 2183 1132 2184 1178 2184 1099 2184 1178 2185 1100 2185 1099 2185 1179 2186 1153 2186 1180 2186 1179 2187 1131 2187 1153 2187 1181 2188 1179 2188 1180 2188 1181 2189 1180 2189 1182 2189 1183 2190 1181 2190 1182 2190 1184 2191 1182 2191 1185 2191 1184 2192 1183 2192 1182 2192 1186 2193 1187 2193 1188 2193 1186 2194 1188 2194 1189 2194 1190 2195 1184 2195 1191 2195 1190 2196 1191 2196 1192 2196 1193 2197 1184 2197 1190 2197 1193 2198 1183 2198 1184 2198 1193 2199 1181 2199 1183 2199 1181 2200 1193 2200 1194 2200 1179 2201 1181 2201 1194 2201 1131 2202 1179 2202 1194 2202 1131 2203 1194 2203 1195 2203 1196 2204 1131 2204 1195 2204 1197 2205 1198 2205 1199 2205 1200 2206 1189 2206 1197 2206 1200 2207 1197 2207 1199 2207 1126 2208 1196 2208 1188 2208 1126 2209 1131 2209 1196 2209 1201 2210 1189 2210 1200 2210 1187 2211 1126 2211 1188 2211 1186 2212 1189 2212 1201 2212 1149 2213 1126 2213 1187 2213 1202 2214 1187 2214 1186 2214 1202 2215 1149 2215 1187 2215 1203 2216 1186 2216 1201 2216 1203 2217 1202 2217 1186 2217 1203 2218 1201 2218 1200 2218 1204 2219 1203 2219 1200 2219 1205 2220 1206 2220 1147 2220 1207 2221 1147 2221 1206 2221 1208 2222 1147 2222 1136 2222 1208 2223 1205 2223 1147 2223 1209 2224 1208 2224 1136 2224 1210 2225 1209 2225 1136 2225 1211 2226 1210 2226 1136 2226 1100 2227 1124 2227 1121 2227 1100 2228 1121 2228 1102 2228 1113 2229 1205 2229 1115 2229 1117 2230 1115 2230 1205 2230 1178 2231 1124 2231 1100 2231 1208 2232 1107 2232 1105 2232 1208 2233 1105 2233 1205 2233 1119 2234 1117 2234 1205 2234 1178 2235 1169 2235 1124 2235 1195 2236 1113 2236 1173 2236 1195 2237 1205 2237 1113 2237 1177 2238 1169 2238 1178 2238 1109 2239 1107 2239 1208 2239 1177 2240 1170 2240 1169 2240 1172 2241 1195 2241 1173 2241 1171 2242 1195 2242 1172 2242 1196 2243 1174 2243 1111 2243 1196 2244 1175 2244 1174 2244 1196 2245 1176 2245 1175 2245 1196 2246 1111 2246 1109 2246 1196 2247 1109 2247 1208 2247 1196 2248 1195 2248 1171 2248 1196 2249 1171 2249 1170 2249 1196 2250 1170 2250 1176 2250 1176 2251 1170 2251 1177 2251 1102 2252 1121 2252 1119 2252 1105 2253 1119 2253 1205 2253 1105 2254 1102 2254 1119 2254 1212 2255 1213 2255 1214 2255 1212 2256 1214 2256 1191 2256 1215 2257 1212 2257 1191 2257 1215 2258 1191 2258 1184 2258 1215 2259 1184 2259 1185 2259 1216 2260 1217 2260 1215 2260 1216 2261 1215 2261 1185 2261 1218 2262 1219 2262 1217 2262 1218 2263 1217 2263 1216 2263 1220 2264 1216 2264 1185 2264 1220 2265 1185 2265 1221 2265 1222 2266 1219 2266 1218 2266 1072 2267 1220 2267 1221 2267 1223 2268 1224 2268 1219 2268 1223 2269 1219 2269 1222 2269 1072 2270 1221 2270 1225 2270 1226 2271 1227 2271 1228 2271 1229 2272 1224 2272 1223 2272 1073 2273 1072 2273 1225 2273 1230 2274 1231 2274 1232 2274 1230 2275 1232 2275 1224 2275 1230 2276 1224 2276 1229 2276 1076 2277 1073 2277 1225 2277 1233 2278 1231 2278 1230 2278 1233 2279 1234 2279 1235 2279 1233 2280 1235 2280 1231 2280 1078 2281 1076 2281 1225 2281 1078 2282 1225 2282 1236 2282 1237 2283 1234 2283 1233 2283 1238 2284 1237 2284 1233 2284 1239 2285 1227 2285 1226 2285 1080 2286 1078 2286 1236 2286 1240 2287 1237 2287 1238 2287 1082 2288 1080 2288 1236 2288 1084 2289 1082 2289 1236 2289 1084 2290 1236 2290 1227 2290 1241 2291 1238 2291 1242 2291 1241 2292 1240 2292 1238 2292 1243 2293 1242 2293 1244 2293 1243 2294 1244 2294 1098 2294 1243 2295 1241 2295 1242 2295 1245 2296 1098 2296 1096 2296 1245 2297 1096 2297 1094 2297 1245 2298 1243 2298 1098 2298 1246 2299 1094 2299 1092 2299 1246 2300 1245 2300 1094 2300 1247 2301 1092 2301 1090 2301 1247 2302 1246 2302 1092 2302 1248 2303 1090 2303 1088 2303 1248 2304 1247 2304 1090 2304 1249 2305 1248 2305 1088 2305 1250 2306 1088 2306 1086 2306 1250 2307 1249 2307 1088 2307 1250 2308 1251 2308 1249 2308 1252 2309 1239 2309 1253 2309 1252 2310 1227 2310 1239 2310 1252 2311 1084 2311 1227 2311 1254 2312 1252 2312 1253 2312 1254 2313 1253 2313 1255 2313 1256 2314 1086 2314 1084 2314 1256 2315 1250 2315 1086 2315 1256 2316 1084 2316 1252 2316 1059 2317 1254 2317 1255 2317 1059 2318 1255 2318 1049 2318 1257 2319 1250 2319 1256 2319 1057 2320 1059 2320 1049 2320 1057 2321 1049 2321 1046 2321 1258 2322 1250 2322 1257 2322 1060 2323 1057 2323 1046 2323 1050 2324 1060 2324 1046 2324 1052 2325 1060 2325 1050 2325 1052 2326 1062 2326 1060 2326 1054 2327 1062 2327 1052 2327 1259 2328 1250 2328 1258 2328 1259 2329 1258 2329 1260 2329 1259 2330 1260 2330 1070 2330 1261 2331 1062 2331 1054 2331 1262 2332 1070 2332 1068 2332 1262 2333 1259 2333 1070 2333 1263 2334 1064 2334 1062 2334 1263 2335 1062 2335 1261 2335 1264 2336 1068 2336 1066 2336 1264 2337 1262 2337 1068 2337 1265 2338 1066 2338 1064 2338 1265 2339 1064 2339 1263 2339 1266 2340 1264 2340 1066 2340 1266 2341 1066 2341 1265 2341 1267 2342 1225 2342 1268 2342 1268 2343 1221 2343 1269 2343 1225 2344 1221 2344 1268 2344 1269 2345 1185 2345 1270 2345 1221 2346 1185 2346 1269 2346 1185 2347 1182 2347 1270 2347 1270 2348 1153 2348 1147 2348 1182 2349 1180 2349 1270 2349 1270 2350 1180 2350 1153 2350 1032 2351 1271 2351 1272 2351 1034 2352 1272 2352 1273 2352 1034 2353 1273 2353 1274 2353 1034 2354 1032 2354 1272 2354 1032 2355 1275 2355 1271 2355 1030 2356 1276 2356 1275 2356 1030 2357 1275 2357 1032 2357 1036 2358 1274 2358 1277 2358 1036 2359 1034 2359 1274 2359 1030 2360 1278 2360 1276 2360 1038 2361 1036 2361 1277 2361 1279 2362 1280 2362 1281 2362 1279 2363 1281 2363 1282 2363 1283 2364 1278 2364 1030 2364 1283 2365 1284 2365 1278 2365 1038 2366 1277 2366 1285 2366 1040 2367 1038 2367 1285 2367 1040 2368 1285 2368 1280 2368 1040 2369 1280 2369 1279 2369 1286 2370 1283 2370 1287 2370 1286 2371 1284 2371 1283 2371 1288 2372 1287 2372 1289 2372 1288 2373 1289 2373 1290 2373 1288 2374 1286 2374 1287 2374 1291 2375 1290 2375 1292 2375 1291 2376 1292 2376 1293 2376 1291 2377 1288 2377 1290 2377 1009 2378 1007 2378 1294 2378 1009 2379 1294 2379 1295 2379 1005 2380 1294 2380 1007 2380 1011 2381 1009 2381 1295 2381 1002 2382 1042 2382 1040 2382 1002 2383 1294 2383 1005 2383 1002 2384 1279 2384 1294 2384 1002 2385 1040 2385 1279 2385 1013 2386 1011 2386 1295 2386 1001 2387 1042 2387 1002 2387 1015 2388 1013 2388 1295 2388 1015 2389 1295 2389 1296 2389 1297 2390 1042 2390 1001 2390 1017 2391 1015 2391 1296 2391 1019 2392 1296 2392 1204 2392 1019 2393 1017 2393 1296 2393 1021 2394 1019 2394 1204 2394 1298 2395 1044 2395 1042 2395 1298 2396 1293 2396 1044 2396 1298 2397 1291 2397 1293 2397 1298 2398 1042 2398 1297 2398 1299 2399 1300 2399 1298 2399 1299 2400 1298 2400 1297 2400 1301 2401 1297 2401 1302 2401 1301 2402 1299 2402 1297 2402 1303 2403 1302 2403 1304 2403 1303 2404 1301 2404 1302 2404 1305 2405 1304 2405 1306 2405 1305 2406 1306 2406 1307 2406 1305 2407 1303 2407 1304 2407 1308 2408 1305 2408 1307 2408 1308 2409 1307 2409 1309 2409 1308 2410 1309 2410 1310 2410 1311 2411 1025 2411 1023 2411 1312 2412 1023 2412 1021 2412 1312 2413 1311 2413 1023 2413 1311 2414 1027 2414 1025 2414 1313 2415 1204 2415 1200 2415 1313 2416 1021 2416 1204 2416 1313 2417 1312 2417 1021 2417 1314 2418 1027 2418 1311 2418 1314 2419 1315 2419 1027 2419 1199 2420 1313 2420 1200 2420 1199 2421 1316 2421 1313 2421 1317 2422 1316 2422 1199 2422 1318 2423 1310 2423 1319 2423 1318 2424 1319 2424 1320 2424 1318 2425 1308 2425 1310 2425 1321 2426 1315 2426 1314 2426 1321 2427 1322 2427 1315 2427 1323 2428 1316 2428 1317 2428 1324 2429 1322 2429 1321 2429 1325 2430 1318 2430 1320 2430 1326 2431 1327 2431 1322 2431 1326 2432 1322 2432 1324 2432 1328 2433 1320 2433 1327 2433 1328 2434 1325 2434 1320 2434 1329 2435 1327 2435 1326 2435 1330 2436 1327 2436 1329 2436 1330 2437 1328 2437 1327 2437 1317 2438 1198 2438 1331 2438 1317 2439 1199 2439 1198 2439 1323 2440 1331 2440 1332 2440 1323 2441 1317 2441 1331 2441 1316 2442 1332 2442 1333 2442 1316 2443 1323 2443 1332 2443 1033 2444 1334 2444 1335 2444 1035 2445 1334 2445 1033 2445 1035 2446 1336 2446 1334 2446 1035 2447 1337 2447 1336 2447 1031 2448 1033 2448 1335 2448 1031 2449 1335 2449 1338 2449 1031 2450 1338 2450 1339 2450 1037 2451 1337 2451 1035 2451 1037 2452 1340 2452 1337 2452 1029 2453 1031 2453 1339 2453 1029 2454 1339 2454 1341 2454 1342 2455 1343 2455 1344 2455 1342 2456 1344 2456 1345 2456 1346 2457 1341 2457 1347 2457 1346 2458 1029 2458 1341 2458 1039 2459 1340 2459 1037 2459 1039 2460 1348 2460 1340 2460 1041 2461 1345 2461 1348 2461 1041 2462 1342 2462 1345 2462 1041 2463 1348 2463 1039 2463 1349 2464 1350 2464 1346 2464 1349 2465 1346 2465 1347 2465 1351 2466 1350 2466 1349 2466 1351 2467 1352 2467 1350 2467 1351 2468 1353 2468 1352 2468 1354 2469 1355 2469 1353 2469 1354 2470 1356 2470 1355 2470 1354 2471 1353 2471 1351 2471 1211 2472 1357 2472 1358 2472 1211 2473 1359 2473 1357 2473 1211 2474 1360 2474 1359 2474 1211 2475 1136 2475 1360 2475 1010 2476 1361 2476 1008 2476 1010 2477 1358 2477 1361 2477 1006 2478 1008 2478 1361 2478 1012 2479 1358 2479 1010 2479 1004 2480 1342 2480 1041 2480 1004 2481 1041 2481 1043 2481 1004 2482 1006 2482 1361 2482 1004 2483 1361 2483 1342 2483 1014 2484 1211 2484 1358 2484 1014 2485 1358 2485 1012 2485 1003 2486 1004 2486 1043 2486 1016 2487 1211 2487 1014 2487 1362 2488 1003 2488 1043 2488 1018 2489 1211 2489 1016 2489 1020 2490 1211 2490 1018 2490 1022 2491 1211 2491 1020 2491 1363 2492 1043 2492 1045 2492 1363 2493 1045 2493 1356 2493 1363 2494 1362 2494 1043 2494 1363 2495 1356 2495 1354 2495 1364 2496 1363 2496 1365 2496 1366 2497 1362 2497 1363 2497 1366 2498 1363 2498 1364 2498 1367 2499 1362 2499 1366 2499 1367 2500 1368 2500 1362 2500 1367 2501 1369 2501 1368 2501 1370 2502 1369 2502 1367 2502 1370 2503 1371 2503 1369 2503 1370 2504 1372 2504 1371 2504 1373 2505 1374 2505 1372 2505 1373 2506 1375 2506 1374 2506 1373 2507 1372 2507 1370 2507 1376 2508 1024 2508 1026 2508 1377 2509 1022 2509 1024 2509 1377 2510 1211 2510 1022 2510 1377 2511 1024 2511 1376 2511 1376 2512 1026 2512 1028 2512 1378 2513 1211 2513 1377 2513 1379 2514 1376 2514 1028 2514 1378 2515 1197 2515 1211 2515 1379 2516 1028 2516 1380 2516 1198 2517 1378 2517 1333 2517 1198 2518 1197 2518 1378 2518 1331 2519 1198 2519 1333 2519 1381 2520 1382 2520 1375 2520 1381 2521 1383 2521 1382 2521 1381 2522 1375 2522 1373 2522 1384 2523 1379 2523 1380 2523 1384 2524 1380 2524 1385 2524 1332 2525 1331 2525 1333 2525 1386 2526 1383 2526 1381 2526 1387 2527 1384 2527 1385 2527 1388 2528 1385 2528 1389 2528 1388 2529 1387 2529 1385 2529 1390 2530 1383 2530 1386 2530 1390 2531 1389 2531 1383 2531 1391 2532 1388 2532 1389 2532 1392 2533 1389 2533 1390 2533 1392 2534 1391 2534 1389 2534 1196 2535 1209 2535 1188 2535 1208 2536 1209 2536 1196 2536 1188 2537 1210 2537 1189 2537 1209 2538 1210 2538 1188 2538 1189 2539 1211 2539 1197 2539 1210 2540 1211 2540 1189 2540 1190 2541 1207 2541 1193 2541 1207 2542 1206 2542 1193 2542 1193 2543 1206 2543 1194 2543 1194 2544 1205 2544 1195 2544 1206 2545 1205 2545 1194 2545 1058 2546 1053 2546 1051 2546 1058 2547 1051 2547 1048 2547 1061 2548 1055 2548 1053 2548 1061 2549 1053 2549 1058 2549 1058 2550 1048 2550 1047 2550 1061 2551 1393 2551 1394 2551 1061 2552 1394 2552 1055 2552 1056 2553 1058 2553 1047 2553 1063 2554 1393 2554 1061 2554 1063 2555 1395 2555 1393 2555 1056 2556 1047 2556 1396 2556 1065 2557 1395 2557 1063 2557 1397 2558 1398 2558 1399 2558 1397 2559 1399 2559 1400 2559 1401 2560 1056 2560 1396 2560 1065 2561 1402 2561 1395 2561 1401 2562 1396 2562 1403 2562 1067 2563 1402 2563 1065 2563 1404 2564 1403 2564 1398 2564 1404 2565 1401 2565 1403 2565 1405 2566 1404 2566 1398 2566 1405 2567 1398 2567 1397 2567 1406 2568 1402 2568 1067 2568 1069 2569 1406 2569 1067 2569 1407 2570 1406 2570 1069 2570 1408 2571 1071 2571 1409 2571 1408 2572 1409 2572 1410 2572 1408 2573 1069 2573 1071 2573 1408 2574 1407 2574 1069 2574 1207 2575 1270 2575 1147 2575 1207 2576 1269 2576 1270 2576 1207 2577 1268 2577 1269 2577 1207 2578 1267 2578 1268 2578 1077 2579 1411 2579 1267 2579 1079 2580 1411 2580 1077 2580 1075 2581 1077 2581 1267 2581 1081 2582 1411 2582 1079 2582 1083 2583 1405 2583 1397 2583 1083 2584 1397 2584 1411 2584 1083 2585 1411 2585 1081 2585 1074 2586 1267 2586 1207 2586 1074 2587 1075 2587 1267 2587 1085 2588 1405 2588 1083 2588 1412 2589 1074 2589 1207 2589 1413 2590 1412 2590 1207 2590 1414 2591 1413 2591 1207 2591 1415 2592 1414 2592 1207 2592 1416 2593 1410 2593 1417 2593 1416 2594 1417 2594 1418 2594 1416 2595 1418 2595 1405 2595 1416 2596 1408 2596 1410 2596 1416 2597 1085 2597 1087 2597 1416 2598 1405 2598 1085 2598 1419 2599 1420 2599 1416 2599 1421 2600 1416 2600 1087 2600 1421 2601 1419 2601 1416 2601 1422 2602 1087 2602 1089 2602 1422 2603 1421 2603 1087 2603 1422 2604 1089 2604 1091 2604 1423 2605 1422 2605 1091 2605 1423 2606 1091 2606 1093 2606 1424 2607 1423 2607 1093 2607 1424 2608 1093 2608 1095 2608 1424 2609 1095 2609 1097 2609 1425 2610 1426 2610 1415 2610 1427 2611 1425 2611 1415 2611 1427 2612 1415 2612 1207 2612 1425 2613 1428 2613 1426 2613 1429 2614 1427 2614 1207 2614 1430 2615 1431 2615 1428 2615 1430 2616 1428 2616 1425 2616 1429 2617 1207 2617 1190 2617 1430 2618 1432 2618 1431 2618 1192 2619 1433 2619 1429 2619 1192 2620 1429 2620 1190 2620 1434 2621 1424 2621 1097 2621 1434 2622 1097 2622 1435 2622 1434 2623 1435 2623 1436 2623 1437 2624 1432 2624 1430 2624 1438 2625 1433 2625 1192 2625 1438 2626 1192 2626 1439 2626 1437 2627 1440 2627 1432 2627 1441 2628 1434 2628 1436 2628 1441 2629 1436 2629 1442 2629 1443 2630 1440 2630 1437 2630 1444 2631 1441 2631 1442 2631 1445 2632 1442 2632 1440 2632 1445 2633 1444 2633 1442 2633 1446 2634 1440 2634 1443 2634 1446 2635 1445 2635 1440 2635 1212 2636 1433 2636 1438 2636 1213 2637 1212 2637 1438 2637 1213 2638 1438 2638 1439 2638 1214 2639 1213 2639 1439 2639 1214 2640 1439 2640 1192 2640 1191 2641 1214 2641 1192 2641 1149 2642 1360 2642 1136 2642 1149 2643 1202 2643 1360 2643 1202 2644 1203 2644 1360 2644 1203 2645 1204 2645 1360 2645 1360 2646 1204 2646 1359 2646 1204 2647 1296 2647 1359 2647 1359 2648 1296 2648 1357 2648 1357 2649 1295 2649 1358 2649 1296 2650 1295 2650 1357 2650 1097 2651 1098 2651 1435 2651 1435 2652 1244 2652 1436 2652 1098 2653 1244 2653 1435 2653 1436 2654 1242 2654 1442 2654 1244 2655 1242 2655 1436 2655 1442 2656 1238 2656 1440 2656 1242 2657 1238 2657 1442 2657 1440 2658 1233 2658 1432 2658 1238 2659 1233 2659 1440 2659 1432 2660 1230 2660 1431 2660 1233 2661 1230 2661 1432 2661 1431 2662 1229 2662 1428 2662 1230 2663 1229 2663 1431 2663 1428 2664 1223 2664 1426 2664 1229 2665 1223 2665 1428 2665 1426 2666 1222 2666 1415 2666 1223 2667 1222 2667 1426 2667 1415 2668 1218 2668 1414 2668 1222 2669 1218 2669 1415 2669 1414 2670 1216 2670 1413 2670 1218 2671 1216 2671 1414 2671 1413 2672 1220 2672 1412 2672 1216 2673 1220 2673 1413 2673 1412 2674 1072 2674 1074 2674 1220 2675 1072 2675 1412 2675 1071 2676 1260 2676 1409 2676 1070 2677 1260 2677 1071 2677 1409 2678 1260 2678 1410 2678 1260 2679 1258 2679 1410 2679 1410 2680 1258 2680 1417 2680 1258 2681 1257 2681 1417 2681 1417 2682 1257 2682 1418 2682 1418 2683 1256 2683 1405 2683 1257 2684 1256 2684 1418 2684 1405 2685 1252 2685 1404 2685 1256 2686 1252 2686 1405 2686 1404 2687 1252 2687 1401 2687 1252 2688 1254 2688 1401 2688 1401 2689 1059 2689 1056 2689 1254 2690 1059 2690 1401 2690 1433 2691 1212 2691 1429 2691 1212 2692 1215 2692 1429 2692 1429 2693 1215 2693 1427 2693 1427 2694 1217 2694 1425 2694 1215 2695 1217 2695 1427 2695 1217 2696 1219 2696 1425 2696 1425 2697 1219 2697 1430 2697 1219 2698 1224 2698 1430 2698 1232 2699 1430 2699 1224 2699 1232 2700 1437 2700 1430 2700 1241 2701 1434 2701 1441 2701 1241 2702 1243 2702 1434 2702 1240 2703 1441 2703 1444 2703 1240 2704 1241 2704 1441 2704 1237 2705 1444 2705 1445 2705 1237 2706 1240 2706 1444 2706 1234 2707 1445 2707 1446 2707 1234 2708 1237 2708 1445 2708 1235 2709 1446 2709 1443 2709 1235 2710 1234 2710 1446 2710 1231 2711 1443 2711 1437 2711 1231 2712 1235 2712 1443 2712 1232 2713 1231 2713 1437 2713 1424 2714 1243 2714 1245 2714 1424 2715 1434 2715 1243 2715 1424 2716 1245 2716 1423 2716 1423 2717 1246 2717 1422 2717 1245 2718 1246 2718 1423 2718 1246 2719 1247 2719 1422 2719 1247 2720 1248 2720 1422 2720 1421 2721 1248 2721 1249 2721 1421 2722 1422 2722 1248 2722 1250 2723 1416 2723 1420 2723 1251 2724 1420 2724 1419 2724 1251 2725 1250 2725 1420 2725 1249 2726 1419 2726 1421 2726 1249 2727 1251 2727 1419 2727 1408 2728 1250 2728 1259 2728 1408 2729 1416 2729 1250 2729 1261 2730 1054 2730 1055 2730 1261 2731 1055 2731 1394 2731 1263 2732 1394 2732 1393 2732 1263 2733 1261 2733 1394 2733 1265 2734 1393 2734 1395 2734 1265 2735 1263 2735 1393 2735 1266 2736 1395 2736 1402 2736 1266 2737 1265 2737 1395 2737 1264 2738 1402 2738 1406 2738 1264 2739 1266 2739 1402 2739 1262 2740 1406 2740 1407 2740 1262 2741 1264 2741 1406 2741 1259 2742 1407 2742 1408 2742 1259 2743 1262 2743 1407 2743 1253 2744 1398 2744 1403 2744 1253 2745 1239 2745 1398 2745 1255 2746 1396 2746 1047 2746 1255 2747 1403 2747 1396 2747 1255 2748 1253 2748 1403 2748 1049 2749 1255 2749 1047 2749 1399 2750 1239 2750 1226 2750 1399 2751 1398 2751 1239 2751 1228 2752 1400 2752 1399 2752 1226 2753 1228 2753 1399 2753 1228 2754 1227 2754 1400 2754 1400 2755 1227 2755 1397 2755 1397 2756 1236 2756 1411 2756 1227 2757 1236 2757 1397 2757 1267 2758 1236 2758 1225 2758 1267 2759 1411 2759 1236 2759 1045 2760 1293 2760 1356 2760 1044 2761 1293 2761 1045 2761 1356 2762 1292 2762 1355 2762 1293 2763 1292 2763 1356 2763 1355 2764 1290 2764 1353 2764 1292 2765 1290 2765 1355 2765 1353 2766 1289 2766 1352 2766 1290 2767 1289 2767 1353 2767 1352 2768 1287 2768 1350 2768 1289 2769 1287 2769 1352 2769 1350 2770 1283 2770 1346 2770 1287 2771 1283 2771 1350 2771 1346 2772 1030 2772 1029 2772 1283 2773 1030 2773 1346 2773 1027 2774 1315 2774 1028 2774 1028 2775 1315 2775 1380 2775 1380 2776 1322 2776 1385 2776 1315 2777 1322 2777 1380 2777 1385 2778 1327 2778 1389 2778 1322 2779 1327 2779 1385 2779 1389 2780 1320 2780 1383 2780 1327 2781 1320 2781 1389 2781 1383 2782 1319 2782 1382 2782 1320 2783 1319 2783 1383 2783 1382 2784 1310 2784 1375 2784 1319 2785 1310 2785 1382 2785 1375 2786 1309 2786 1374 2786 1310 2787 1309 2787 1375 2787 1374 2788 1307 2788 1372 2788 1309 2789 1307 2789 1374 2789 1372 2790 1306 2790 1371 2790 1307 2791 1306 2791 1372 2791 1371 2792 1304 2792 1369 2792 1306 2793 1304 2793 1371 2793 1369 2794 1302 2794 1368 2794 1304 2795 1302 2795 1369 2795 1368 2796 1297 2796 1362 2796 1302 2797 1297 2797 1368 2797 1362 2798 1001 2798 1003 2798 1297 2799 1001 2799 1362 2799 1361 2800 1358 2800 1295 2800 1294 2801 1361 2801 1295 2801 1361 2802 1294 2802 1342 2802 1294 2803 1279 2803 1342 2803 1342 2804 1279 2804 1343 2804 1279 2805 1282 2805 1343 2805 1281 2806 1344 2806 1343 2806 1282 2807 1281 2807 1343 2807 1280 2808 1344 2808 1281 2808 1280 2809 1345 2809 1344 2809 1277 2810 1337 2810 1340 2810 1277 2811 1274 2811 1337 2811 1285 2812 1340 2812 1348 2812 1285 2813 1277 2813 1340 2813 1280 2814 1348 2814 1345 2814 1280 2815 1285 2815 1348 2815 1288 2816 1354 2816 1351 2816 1288 2817 1291 2817 1354 2817 1286 2818 1351 2818 1349 2818 1286 2819 1288 2819 1351 2819 1284 2820 1349 2820 1347 2820 1284 2821 1286 2821 1349 2821 1278 2822 1347 2822 1341 2822 1278 2823 1284 2823 1347 2823 1276 2824 1341 2824 1339 2824 1276 2825 1278 2825 1341 2825 1275 2826 1339 2826 1338 2826 1275 2827 1276 2827 1339 2827 1271 2828 1338 2828 1335 2828 1271 2829 1275 2829 1338 2829 1272 2830 1335 2830 1334 2830 1272 2831 1271 2831 1335 2831 1273 2832 1334 2832 1336 2832 1273 2833 1336 2833 1337 2833 1273 2834 1272 2834 1334 2834 1274 2835 1273 2835 1337 2835 1298 2836 1354 2836 1291 2836 1298 2837 1363 2837 1354 2837 1299 2838 1366 2838 1364 2838 1299 2839 1364 2839 1365 2839 1300 2840 1299 2840 1365 2840 1298 2841 1365 2841 1363 2841 1298 2842 1300 2842 1365 2842 1301 2843 1366 2843 1299 2843 1301 2844 1367 2844 1366 2844 1301 2845 1303 2845 1367 2845 1367 2846 1305 2846 1370 2846 1303 2847 1305 2847 1367 2847 1370 2848 1308 2848 1373 2848 1305 2849 1308 2849 1370 2849 1318 2850 1373 2850 1308 2850 1318 2851 1381 2851 1373 2851 1324 2852 1384 2852 1387 2852 1324 2853 1321 2853 1384 2853 1326 2854 1387 2854 1388 2854 1326 2855 1324 2855 1387 2855 1329 2856 1388 2856 1391 2856 1329 2857 1326 2857 1388 2857 1330 2858 1391 2858 1392 2858 1330 2859 1329 2859 1391 2859 1328 2860 1392 2860 1390 2860 1328 2861 1330 2861 1392 2861 1325 2862 1390 2862 1386 2862 1325 2863 1328 2863 1390 2863 1318 2864 1386 2864 1381 2864 1318 2865 1325 2865 1386 2865 1321 2866 1379 2866 1384 2866 1321 2867 1314 2867 1379 2867 1379 2868 1314 2868 1376 2868 1314 2869 1311 2869 1376 2869 1376 2870 1311 2870 1377 2870 1377 2871 1312 2871 1378 2871 1311 2872 1312 2872 1377 2872 1312 2873 1313 2873 1378 2873 1378 2874 1313 2874 1333 2874 1313 2875 1316 2875 1333 2875 1447 2876 1448 2876 1449 2876 1450 2877 1451 2877 1452 2877 1450 2878 1449 2878 1453 2878 1453 2879 1451 2879 1450 2879 1454 2880 1455 2880 1456 2880 1454 2881 1456 2881 1453 2881 1454 2882 1453 2882 1449 2882 1454 2883 1448 2883 1457 2883 1454 2884 1449 2884 1448 2884 1458 2885 1459 2885 1460 2885 1458 2886 1461 2886 1459 2886 1462 2887 1463 2887 1464 2887 1465 2888 1466 2888 1467 2888 1468 2889 1469 2889 1470 2889 1471 2890 1472 2890 1473 2890 1468 2891 1474 2891 1469 2891 1475 2892 1463 2892 1462 2892 1472 2893 1463 2893 1476 2893 1472 2894 1476 2894 1477 2894 1476 2895 1463 2895 1475 2895 1478 2896 1474 2896 1468 2896 1478 2897 1476 2897 1474 2897 1477 2898 1476 2898 1478 2898 1479 2899 1480 2899 1460 2899 1479 2900 1481 2900 1480 2900 1459 2901 1482 2901 1460 2901 1483 2902 1484 2902 1482 2902 1485 2903 1480 2903 1481 2903 1486 2904 1483 2904 1482 2904 1486 2905 1482 2905 1459 2905 1485 2906 1487 2906 1480 2906 1488 2907 1479 2907 1460 2907 1485 2908 1489 2908 1487 2908 1490 2909 1465 2909 1467 2909 1491 2910 1492 2910 1484 2910 1491 2911 1484 2911 1483 2911 1482 2912 1488 2912 1460 2912 1493 2913 1486 2913 1459 2913 1491 2914 1469 2914 1492 2914 1494 2915 1493 2915 1459 2915 1463 2916 1495 2916 1464 2916 1494 2917 1459 2917 1467 2917 1496 2918 1465 2918 1490 2918 1497 2919 1464 2919 1489 2919 1466 2920 1494 2920 1467 2920 1497 2921 1489 2921 1485 2921 1496 2922 1498 2922 1465 2922 1473 2923 1498 2923 1496 2923 1470 2924 1469 2924 1491 2924 1472 2925 1498 2925 1473 2925 1472 2926 1477 2926 1499 2926 1472 2927 1499 2927 1500 2927 1462 2928 1464 2928 1497 2928 1472 2929 1500 2929 1498 2929 1458 2930 1460 2930 1480 2930 1501 2931 1502 2931 1503 2931 1501 2932 1503 2932 1504 2932 1501 2933 1504 2933 1505 2933 1506 2934 1461 2934 1507 2934 1501 2935 1505 2935 1508 2935 1501 2936 1508 2936 1509 2936 1501 2937 1509 2937 1510 2937 1501 2938 1510 2938 1511 2938 1512 2939 1513 2939 1511 2939 1514 2940 1461 2940 1506 2940 1515 2941 1516 2941 1502 2941 1515 2942 1502 2942 1501 2942 1515 2943 1517 2943 1516 2943 1518 2944 1519 2944 1520 2944 1521 2945 1515 2945 1501 2945 1522 2946 1512 2946 1511 2946 1523 2947 1522 2947 1511 2947 1524 2948 1520 2948 1525 2948 1526 2949 1523 2949 1511 2949 1524 2950 1518 2950 1520 2950 1527 2951 1461 2951 1514 2951 1528 2952 1526 2952 1511 2952 1529 2953 1525 2953 1530 2953 1531 2954 1458 2954 1532 2954 1533 2955 1528 2955 1511 2955 1529 2956 1524 2956 1525 2956 1534 2957 1529 2957 1530 2957 1534 2958 1530 2958 1535 2958 1536 2959 1532 2959 1458 2959 1537 2960 1534 2960 1535 2960 1536 2961 1458 2961 1538 2961 1537 2962 1535 2962 1539 2962 1540 2963 1458 2963 1531 2963 1510 2964 1537 2964 1539 2964 1536 2965 1538 2965 1541 2965 1510 2966 1539 2966 1533 2966 1510 2967 1533 2967 1511 2967 1542 2968 1543 2968 1544 2968 1545 2969 1543 2969 1542 2969 1545 2970 1458 2970 1543 2970 1545 2971 1461 2971 1458 2971 1543 2972 1458 2972 1540 2972 1546 2973 1461 2973 1527 2973 1519 2974 1544 2974 1547 2974 1519 2975 1542 2975 1544 2975 1511 2976 1548 2976 1549 2976 1507 2977 1461 2977 1545 2977 1550 2978 1536 2978 1541 2978 1519 2979 1547 2979 1520 2979 1550 2980 1541 2980 1548 2980 1517 2981 1527 2981 1516 2981 1513 2982 1548 2982 1511 2982 1517 2983 1546 2983 1527 2983 1513 2984 1550 2984 1548 2984 1461 2985 1467 2985 1459 2985 1546 2986 1517 2986 1496 2986 1546 2987 1496 2987 1490 2987 1467 2988 1546 2988 1490 2988 1461 2989 1546 2989 1467 2989 1538 2990 1480 2990 1487 2990 1538 2991 1458 2991 1480 2991 1538 2992 1487 2992 1489 2992 1541 2993 1538 2993 1489 2993 1548 2994 1489 2994 1464 2994 1548 2995 1541 2995 1489 2995 1548 2996 1464 2996 1495 2996 1549 2997 1548 2997 1495 2997 1549 2998 1495 2998 1463 2998 1511 2999 1549 2999 1463 2999 1472 3000 1511 3000 1463 3000 1501 3001 1511 3001 1472 3001 1501 3002 1472 3002 1471 3002 1521 3003 1501 3003 1471 3003 1521 3004 1471 3004 1473 3004 1515 3005 1521 3005 1473 3005 1496 3006 1515 3006 1473 3006 1517 3007 1515 3007 1496 3007 1492 3008 1544 3008 1484 3008 1547 3009 1544 3009 1492 3009 1484 3010 1543 3010 1482 3010 1544 3011 1543 3011 1484 3011 1482 3012 1540 3012 1488 3012 1543 3013 1540 3013 1482 3013 1488 3014 1531 3014 1479 3014 1540 3015 1531 3015 1488 3015 1479 3016 1532 3016 1481 3016 1531 3017 1532 3017 1479 3017 1481 3018 1536 3018 1485 3018 1532 3019 1536 3019 1481 3019 1520 3020 1492 3020 1469 3020 1520 3021 1547 3021 1492 3021 1497 3022 1551 3022 1462 3022 1550 3023 1551 3023 1497 3023 1551 3024 1552 3024 1462 3024 1462 3025 1552 3025 1475 3025 1552 3026 1553 3026 1475 3026 1475 3027 1553 3027 1476 3027 1553 3028 1554 3028 1476 3028 1476 3029 1554 3029 1474 3029 1554 3030 1555 3030 1474 3030 1474 3031 1555 3031 1469 3031 1555 3032 1520 3032 1469 3032 1485 3033 1550 3033 1497 3033 1536 3034 1550 3034 1485 3034 1516 3035 1465 3035 1498 3035 1516 3036 1527 3036 1465 3036 1516 3037 1498 3037 1556 3037 1518 3038 1468 3038 1470 3038 1557 3039 1468 3039 1518 3039 1557 3040 1478 3040 1468 3040 1558 3041 1478 3041 1557 3041 1558 3042 1477 3042 1478 3042 1559 3043 1477 3043 1558 3043 1559 3044 1499 3044 1477 3044 1560 3045 1499 3045 1559 3045 1560 3046 1500 3046 1499 3046 1556 3047 1500 3047 1560 3047 1556 3048 1498 3048 1500 3048 1519 3049 1470 3049 1491 3049 1519 3050 1518 3050 1470 3050 1465 3051 1527 3051 1466 3051 1527 3052 1514 3052 1466 3052 1466 3053 1514 3053 1494 3053 1514 3054 1506 3054 1494 3054 1494 3055 1506 3055 1493 3055 1506 3056 1507 3056 1493 3056 1493 3057 1507 3057 1486 3057 1507 3058 1545 3058 1486 3058 1486 3059 1545 3059 1483 3059 1545 3060 1542 3060 1483 3060 1483 3061 1542 3061 1491 3061 1542 3062 1519 3062 1491 3062 1561 3063 1562 3063 1563 3063 1561 3064 1564 3064 1562 3064 1562 3065 1565 3065 1563 3065 1566 3066 1563 3066 1567 3066 1566 3067 1561 3067 1563 3067 1562 3068 1568 3068 1569 3068 1564 3069 1568 3069 1562 3069 1570 3070 1563 3070 1565 3070 1571 3071 1565 3071 1569 3071 1572 3072 1570 3072 1565 3072 1572 3073 1565 3073 1571 3073 1563 3074 1570 3074 1567 3074 1573 3075 1567 3075 1574 3075 1573 3076 1566 3076 1567 3076 1569 3077 1565 3077 1562 3077 1569 3078 1575 3078 1576 3078 1568 3079 1575 3079 1569 3079 1570 3080 1572 3080 1574 3080 1567 3081 1570 3081 1574 3081 1574 3082 1571 3082 1576 3082 1574 3083 1572 3083 1571 3083 1576 3084 1571 3084 1569 3084 1576 3085 1573 3085 1574 3085 1575 3086 1573 3086 1576 3086 1568 3087 1577 3087 1578 3087 1579 3088 1577 3088 1568 3088 1580 3089 1568 3089 1581 3089 1580 3090 1579 3090 1568 3090 1580 3091 1582 3091 1583 3091 1580 3092 1583 3092 1584 3092 1577 3093 1580 3093 1584 3093 1579 3094 1580 3094 1577 3094 1577 3095 1585 3095 1578 3095 1577 3096 1584 3096 1585 3096 1582 3097 1581 3097 1586 3097 1582 3098 1580 3098 1581 3098 1585 3099 1583 3099 1587 3099 1584 3100 1583 3100 1585 3100 1587 3101 1582 3101 1586 3101 1583 3102 1582 3102 1587 3102 1588 3103 1589 3103 1590 3103 1591 3104 1590 3104 1592 3104 1591 3105 1588 3105 1590 3105 1593 3106 1591 3106 1592 3106 1594 3107 1595 3107 1596 3107 1597 3108 1594 3108 1596 3108 1598 3109 1599 3109 1600 3109 1598 3110 1601 3110 1602 3110 1598 3111 1600 3111 1601 3111 1598 3112 1602 3112 1603 3112 1595 3113 1604 3113 1599 3113 1595 3114 1599 3114 1598 3114 1594 3115 1604 3115 1595 3115 1594 3116 1605 3116 1604 3116 1606 3117 1607 3117 1608 3117 1606 3118 1609 3118 1607 3118 1608 3119 1607 3119 1610 3119 1611 3120 1607 3120 1612 3120 1613 3121 1614 3121 1615 3121 1615 3122 1609 3122 1616 3122 1615 3123 1607 3123 1609 3123 1615 3124 1616 3124 1613 3124 1607 3125 1611 3125 1610 3125 1607 3126 1615 3126 1612 3126 1617 3127 1618 3127 1619 3127 1620 3128 1619 3128 1621 3128 1620 3129 1621 3129 1622 3129 1620 3130 1617 3130 1619 3130</p>
        </triangles>
      </mesh>
    </geometry>
  </library_geometries>
  <library_materials>
    <material id="mat_Part__Feature" name="Part__Feature">
      <instance_effect url="#effect_Part__Feature" />
    </material>
  </library_materials>
  <library_visual_scenes>
    <visual_scene id="myscene">
      <node id="node0" name="node0">
        <instance_geometry url="#geometry0">
          <bind_material>
            <technique_common>
              <instance_material symbol="ref_Part__Feature" target="#mat_Part__Feature" />
            </technique_common>
          </bind_material>
        </instance_geometry>
      </node>
    </visual_scene>
  </library_visual_scenes>
  <scene>
    <instance_visual_scene url="#myscene" />
  </scene>
</COLLADA>