<?xml version='1.0' encoding='utf-8'?>
<COLLADA xmlns="http://www.collada.org/2005/11/COLLADASchema" version="1.4.1">
  <asset>
    <contributor />
    <created>2020-09-21T10:38:08.194638</created>
    <modified>2020-09-21T10:38:08.194638</modified>
    <unit meter="1.0" name="meter" />
    <up_axis>Z_UP</up_axis>
  </asset>
  <library_effects>
    <effect id="effect_Part__Feature" name="effect_Part__Feature">
      <profile_COMMON>
        <technique sid="common">
          <phong>
            <emission>
              <color>0.0 0.0 0.0 1.0</color>
            </emission>
            <ambient>
              <color>0.0 0.0 0.0 1.0</color>
            </ambient>
            <diffuse>
              <color>0.800000011920929 0.800000011920929 0.800000011920929 1.0</color>
            </diffuse>
            <specular>
              <color>1 1 1 1.0</color>
            </specular>
            <shininess>
              <float>0.0</float>
            </shininess>
            <reflective>
              <color>0.0 0.0 0.0 1.0</color>
            </reflective>
            <reflectivity>
              <float>0.0</float>
            </reflectivity>
            <transparent>
              <color>0.0 0.0 0.0 1.0</color>
            </transparent>
            <transparency>
              <float>1.0</float>
            </transparency>
          </phong>
        </technique>
        <extra>
          <technique profile="GOOGLEEARTH">
            <double_sided>0</double_sided>
          </technique>
        </extra>
      </profile_COMMON>
    </effect>
  </library_effects>
  <library_geometries>
    <geometry id="geometry0" name="Part__Feature">
      <mesh>
        <source id="cubeverts-array0">
          <float_array count="7464" id="cubeverts-array0-array">0.0410120115 0.0291000009 -0.0277197491 0.0328550823 0.0411739685 -0.0230103228 0.0340557471 0.0408354811 -0.021710271 0.0420110002 0.0291000064 -0.0261882953 0.0348468237 0.041178409 -0.0198702123 0.0431555957 0.0291000027 -0.0242528394 0.0445120111 0.0291000009 0.0216575693 0.0363550708 0.0411739685 0.0169481728 0.035829436 0.0408354886 0.0186381526 0.0439888202 0.0291000009 0.0227013994 0.0431555957 0.0291000027 0.0242528394 0.0346314795 0.041178409 0.0202431977 0.00350000011 0.0291000009 0.0493773185 0.00349998777 0.0411739498 0.0399585105 0.00177392818 0.0408354737 0.0403482765 0.00167428213 0.0291000064 0.0494767427 -0.000215191685 0.0411784165 0.0401133336 -0.00119608315 0.0291000158 0.0494947731 -0.0410120115 0.0291000009 0.0277197491 -0.0328550823 0.0411739685 0.0230103228 -0.0340557471 0.0408354811 0.021710271 -0.0420110002 0.0291000064 0.0261882953 -0.0348468237 0.041178409 0.0198702123 -0.0431555957 0.0291000027 0.0242528394 -0.0445120111 0.0291000009 -0.0216575693 -0.0363550708 0.0411739685 -0.0169481728 -0.035829436 0.0408354886 -0.0186381526 -0.0439888202 0.0291000009 -0.0227013994 -0.0431555957 0.0291000027 -0.0242528394 -0.0346314795 0.041178409 -0.0202431977 -0.0445120111 -0.0291000009 0.0216575693 -0.0363873132 -0.0411330983 0.0169667751 -0.0358209834 -0.0408448577 0.0186386369 -0.0439888202 -0.0291000009 0.0227013994 -0.0431555957 -0.0291000027 0.0242528394 -0.0348651335 -0.041169405 0.0198541004 -0.00350000011 -0.0291000009 0.0493773185 -0.00349999941 -0.0411523953 0.0399772376 -0.00177392818 -0.0408354737 0.0403482765 -0.00167428213 -0.0291000064 0.0494767427 0.000258019805 -0.0411764868 0.0401150137 0.00119608315 -0.0291000158 0.0494947731 0.0410120115 -0.0291000009 0.0277197491 0.0328713097 -0.0411523916 0.023019705 0.0340557471 -0.0408354811 0.021710271 0.0420110002 -0.0291000064 0.0261882953 0.0348696485 -0.0411764756 0.0198340472 0.0431555957 -0.0291000027 0.0242528394 0.0445120111 -0.0291000009 -0.0216575693 0.036371313 -0.0411523879 -0.0169575363 0.035829436 -0.0408354886 -0.0186381526 0.0439888202 -0.0291000009 -0.0227013994 0.0431555957 -0.0291000027 -0.0242528394 0.0346115641 -0.0411764793 -0.0202810559 0.00350000011 -0.0291000009 -0.0493773185 0.00349999941 -0.0411523953 -0.0399772376 0.00177392818 -0.0408354737 -0.0403482765 0.00167428213 -0.0291000064 -0.0494767427 -0.000258019805 -0.0411764868 -0.0401150137 -0.00119608315 -0.0291000158 -0.0494947731 -0.0410120115 -0.0291000009 -0.0277197491 -0.0328873098 -0.0411331058 -0.0230289437 -0.0340519287 -0.0408448651 -0.0217026994 -0.0420110002 -0.0291000064 -0.0261882953 -0.0346267 -0.0411694087 -0.0202670731 -0.0431555957 -0.0291000027 -0.0242528394 2.70647003e-18 -0.0421999991 -0.0209999997 0.0034998036 -0.0420000143 -0.0209273715 0.00502562895 -0.0421999991 -0.0203897804 -0.00127769553 -0.0420000143 -0.0211889446 0.0163578 -0.0419999994 -0.01348563 0.018363025 -0.0419999436 -0.0106559563 0.0172826592 -0.0421999991 -0.0119293602 0.018363025 -0.0419999436 0.0106559563 0.0163578 -0.0419999994 0.01348563 0.0172826592 -0.0421999991 0.0119293602 0.00502562895 -0.0421999991 0.0203897804 0.00350000011 -0.0419999994 0.0209090896 0.00127769553 -0.0420000143 0.0211889446 0 -0.0421999991 0.0209999997 0.00350000011 -0.0399999991 0.0229344703 0.00902480166 -0.0399999991 0.0213727094 0.00975918677 -0.0421999991 0.0185945798 0.0139969103 -0.0399999991 0.0185020696 0.0139255803 -0.0421999991 0.0157187302 0.0181118399 -0.0399999991 0.0144983204 0.0196353402 -0.0421999991 0.0074467021 0.0198577996 -0.0419999994 0.00742345583 0.0208468903 -0.0421999991 0.00253127003 0.0230217203 -0.0399999991 0.00287065003 0.0216118395 -0.0399999991 0.00843614712 0.0230217203 -0.0399999991 -0.00287065003 0.0208468903 -0.0421999991 -0.00253127003 0.0198577996 -0.0419999994 -0.00742345583 0.0196353402 -0.0421999991 -0.0074467021 0.0216118395 -0.0399999991 -0.00843614712 0.0139255803 -0.0421999991 -0.0157187302 0.0181118399 -0.0399999991 -0.0144983204 0.0139969103 -0.0399999991 -0.0185020696 0.00975918677 -0.0421999991 -0.0185945798 0.00902480166 -0.0399999991 -0.0213727094 0.00350000011 -0.0399999991 -0.0229344703 2.70647003e-18 0.0421999991 0.0209999997 0.0034998036 0.0420000143 0.0209273715 0.00502562895 0.0421999991 0.0203897804 -0.00127769553 0.0420000143 0.0211889446 0.0163578 0.0419999994 0.01348563 0.018363025 0.0419999436 0.0106559563 0.0172826592 0.0421999991 0.0119293602 0.018363025 0.0419999436 -0.0106559563 0.0163578 0.0419999994 -0.01348563 0.0172826592 0.0421999991 -0.0119293602 0.00502562895 0.0421999991 -0.0203897804 0.00350000011 0.0419999994 -0.0209090896 0.00127769553 0.0420000143 -0.0211889446 0 0.0421999991 -0.0209999997 0.00350000011 0.0399999991 -0.0229344703 0.00902480166 0.0399999991 -0.0213727094 0.00975918677 0.0421999991 -0.0185945798 0.0139969103 0.0399999991 -0.0185020696 0.0139255803 0.0421999991 -0.0157187302 0.0181118399 0.0399999991 -0.0144983204 0.0196353402 0.0421999991 -0.0074467021 0.0198577996 0.0419999994 -0.00742345583 0.0208468903 0.0421999991 -0.00253127003 0.0230217203 0.0399999991 -0.00287065003 0.0216118395 0.0399999991 -0.00843614712 0.0208468903 0.0421999991 0.00253127003 0.0230217203 0.0399999991 0.00287065003 0.0198577996 0.0419999994 0.00742345583 0.0196353402 0.0421999991 0.0074467021 0.0216118395 0.0399999991 0.00843614712 0.0139255803 0.0421999991 0.0157187302 0.0181118399 0.0399999991 0.0144983204 0.0139969103 0.0399999991 0.0185020696 0.00975918677 0.0421999991 0.0185945798 0.00902480166 0.0399999991 0.0213727094 0.00350000011 0.0399999991 0.0229344703 -0.00350000011 0.0291000009 -0.0493773185 -0.003499988 0.0411739498 -0.0399585105 -0.00177392818 0.0408354737 -0.0403482765 -0.00167428213 0.0291000064 -0.0494767427 0.000215191685 0.0411784165 -0.0401133336 0.00119608315 0.0291000158 -0.0494947731 -0.0139255803 0.0421999991 0.0157187302 -0.0196353402 0.0421999991 0.0074467021 -0.0172826592 0.0421999991 0.0119293602 -0.00975918677 0.0421999991 0.0185945798 -0.00502562895 0.0421999991 0.0203897804 -0.0208468903 0.0421999991 -0.00253127003 -0.0172826592 0.0421999991 -0.0119293602 -0.0196353402 0.0421999991 -0.0074467021 -0.00975918677 0.0421999991 -0.0185945798 -0.0139255803 0.0421999991 -0.0157187302 -0.00502562895 0.0421999991 -0.0203897804 -0.0208468903 0.0421999991 0.00253127003 -0.0139255803 -0.0421999991 -0.0157187302 -0.0196353402 -0.0421999991 -0.0074467021 -0.0172826592 -0.0421999991 -0.0119293602 -0.00502562895 -0.0421999991 -0.0203897804 -0.00975918677 -0.0421999991 -0.0185945798 -0.0208468903 -0.0421999991 0.00253127003 -0.0208468903 -0.0421999991 -0.00253127003 -0.0172826592 -0.0421999991 0.0119293602 -0.0196353402 -0.0421999991 0.0074467021 -0.0139255803 -0.0421999991 0.0157187302 -0.00502562895 -0.0421999991 0.0203897804 -0.00975918677 -0.0421999991 0.0185945798 0.00350000011 0.0419999994 -0.0378491096 0.00350000127 0.0399988256 -0.0380793735 0.00349981082 0.041910287 -0.0386104658 0.00349941826 0.0416522287 -0.039289888 0.00349998055 0.0396841131 -0.038586475 0.00349999988 0.0411331169 -0.0399957076 0.00350000011 0.0291000009 -0.0468379408 0.00350000011 0.0291000009 -0.0493773185 -0.00350000011 0.0291000009 -0.0468379408 -0.00349994889 0.0397815593 -0.0385095403 -0.00349969999 0.0419020504 -0.0387017801 -0.00350000011 0.0399995856 -0.03796269 -0.00349998428 0.041999992 -0.0379950367 -0.00350000011 0.0399999991 -0.0229344703 -0.0034998036 0.0420000143 -0.0209273715 0.00176939182 0.0408460423 -0.0403402559 -0.00128844322 0.0416357517 -0.0394344628 -0.0163578 0.0419999994 -0.01348563 -0.018363025 0.0419999436 -0.0106559563 -0.018363025 0.0419999436 0.0106559563 -0.0163578 0.0419999994 0.01348563 -0.00350000011 0.0419999994 0.0209090896 -0.00350000011 0.0399999991 0.0229344703 -0.00902480166 0.0399999991 0.0213727094 -0.0139969103 0.0399999991 0.0185020696 -0.0181118399 0.0399999991 0.0144983204 -0.0198577996 0.0419999994 0.00742345583 -0.0230217203 0.0399999991 0.00287065003 -0.0216118395 0.0399999991 0.00843614712 -0.0230217203 0.0399999991 -0.00287065003 -0.0198577996 0.0419999994 -0.00742345583 -0.0216118395 0.0399999991 -0.00843614712 -0.0181118399 0.0399999991 -0.0144983204 -0.0139969103 0.0399999991 -0.0185020696 -0.00902480166 0.0399999991 -0.0213727094 0.0116075659 0.0399993211 -0.0364088975 0.01917932 0.0399993286 -0.0330500901 0.0257415455 0.0399993844 -0.0282283388 0.0312191639 0.0399988778 -0.0220658444 0.0138394404 0.0291000009 -0.0448833182 0.0117021622 0.0397252552 -0.0369017571 0.0234842598 0.0291000009 -0.0406759419 0.0193532128 0.0397320576 -0.0335217677 0.0261007454 0.0397342294 -0.028581189 0.0319503695 0.0291000009 -0.0344269685 0.0316480584 0.0397116877 -0.0223134384 0.0388128497 0.0291000009 -0.0264500603 0.041972179 0.0291000009 0.0289712995 -0.0439888202 0.0291000009 0.0227013994 -0.041972179 0.0291000009 0.0289712995 0 0.0291000009 0.050999999 0.041972179 0.0291000009 -0.0289712995 -0.00350000011 0.0291000009 0.0493773185 0.0439888202 0.0291000009 -0.0227013994 0.0122050997 0.0291000009 0.0495180301 0.00350000011 0.0291000009 0.0468379408 0.0476858318 0.0291000009 0.0180848502 0.0423128493 0.0291000009 0.0203878805 -0.041972179 0.0291000009 -0.0289712995 -0.0410120115 0.0291000009 -0.0277197491 -0.0420110002 0.0291000064 -0.0261882953 -0.0388128497 0.0291000009 -0.0264500603 -0.00350000011 0.0291000009 0.0468379408 -0.0122050997 0.0291000009 0.0495180301 -0.0445120111 0.0291000009 0.0216575693 -0.0476858318 0.0291000009 0.0180848502 -0.0423128493 0.0291000009 0.0203878805 0.0457898192 0.0291000009 0.0104563497 -0.0319503695 0.0291000009 -0.0344269685 -0.0457898192 0.0291000009 0.0104563497 0.0138394404 0.0291000009 0.0448833182 -0.0138394404 0.0291000009 0.0448833182 0.0338192582 0.0291000009 -0.0381740518 0.0237008799 0.0291000009 0.0451582596 0.0234842598 0.0291000009 0.0406759419 0.0506281517 0.0291000009 0.00614737114 0.0469685309 0.0291000009 1.69741697e-16 -0.0234842598 0.0291000009 0.0406759419 -0.0237008799 0.0291000009 0.0451582596 -0.0234842598 0.0291000009 -0.0406759419 -0.0338192582 0.0291000009 -0.0381740518 -0.0469685309 0.0291000009 -5.09225196e-16 -0.0506281517 0.0291000009 0.00614737114 0.0338192582 0.0291000009 0.0381740518 0.0319503695 0.0291000009 0.0344269685 0.0237008799 0.0291000009 -0.0451582596 -0.0319503695 0.0291000009 0.0344269685 -0.0338192582 0.0291000009 0.0381740518 0.0506281517 0.0291000009 -0.00614737114 0.0457898192 0.0291000009 -0.0104563497 -0.0138394404 0.0291000009 -0.0448833182 -0.0237008799 0.0291000009 -0.0451582596 -0.0457898192 0.0291000009 -0.0104563497 -0.0506281517 0.0291000009 -0.00614737114 0.0476858318 0.0291000009 -0.0180848502 0.0423128493 0.0291000009 -0.0203878805 0.0420110002 0.0291000064 0.0261882953 0.0410120115 0.0291000009 0.0277197491 -0.0423128493 0.0291000009 -0.0203878805 -0.0476858318 0.0291000009 -0.0180848502 0.0445120111 0.0291000009 -0.0216575693 0.0388128497 0.0291000009 0.0264500603 -0.0388128497 0.0291000009 0.0264500603 -0.0122050997 0.0291000009 -0.0495180301 0.0122050997 0.0291000009 -0.0495180301 6.24569918e-18 0.0291000009 -0.050999999 0.0372263566 0.0399997905 0.00815736409 0.0347069651 0.0399989523 0.0159966219 0.0381180085 0.0399997719 7.41080075e-05 0.0372446403 0.0399997793 -0.00811048411 0.0346890502 0.0399991386 -0.0159862768 0.0351299681 0.0397383422 -0.0162408743 0.0378459096 0.039676439 -0.00832750835 0.038749598 0.0396786034 3.38330395e-08 0.0378445685 0.0396784768 0.00832602475 0.0351449884 0.0397162177 0.0162495412 0.0375843346 0.0398871489 -0.00826742221 0.0384798124 0.0398889855 5.85093039e-06 0.0375779867 0.0398941189 0.00823696144 0.0115486933 0.0399997905 0.036317654 0.00349999871 0.0399989523 0.038055487 0.0189947225 0.0399997719 0.0330483019 0.0256461464 0.0399997793 0.0281996559 0.0311890431 0.0399991386 0.022048451 0.0316299722 0.0397383682 0.0223029908 0.0261347741 0.0396764576 0.0286117475 0.0193747617 0.0396786109 0.0335581526 0.0117117232 0.0396785103 0.0369373374 0.00349997357 0.0397162028 0.0385612287 0.0259520076 0.0398871228 0.0284152944 0.0192348659 0.0398889631 0.0333274417 0.0116555644 0.039894104 0.0366619937 -0.0257428177 0.0399992876 0.0282321274 -0.0312190093 0.0399988182 0.0220657531 -0.0191925522 0.0399992168 0.0330486223 -0.011600324 0.0399991982 0.0364193134 -0.00350000104 0.0399996042 0.0379658826 -0.00349995191 0.039781522 0.0385095961 -0.0117029008 0.039718952 0.0369067639 -0.0193557125 0.039725665 0.0335261375 -0.026103694 0.0397292562 0.0285837986 -0.0316480435 0.0397117101 0.022313429 -0.0346890502 0.0399991386 0.0159862768 -0.0372446403 0.0399997793 0.00811048411 -0.0381180085 0.0399997719 -7.41080075e-05 -0.0372263566 0.0399997905 -0.00815736409 -0.0347069651 0.0399989523 -0.0159966219 -0.0351299681 0.0397383422 0.0162408743 -0.0378459096 0.039676439 0.00832750835 -0.038749598 0.0396786034 -3.38330395e-08 -0.0378445685 0.0396784768 -0.00832602475 -0.0351449884 0.0397162177 -0.0162495412 -0.0375843346 0.0398871489 0.00826742221 -0.0384798124 0.0398889855 -5.85093039e-06 -0.0375779867 0.0398941189 -0.00823696144 0.0457898192 -0.0291000009 -0.0104563497 0.0506281517 -0.0291000009 -0.00614737114 0.0469685309 -0.0291000009 1.69741697e-16 0.0234842598 -0.0291000009 0.0406759419 0.0237008799 -0.0291000009 0.0451582596 0.0138394404 -0.0291000009 0.0448833182 -0.0319503695 -0.0291000009 0.0344269685 -0.0234842598 -0.0291000009 0.0406759419 -0.0338192582 -0.0291000009 0.0381740518 0.0138394404 -0.0291000009 -0.0448833182 0.0237008799 -0.0291000009 -0.0451582596 0.0234842598 -0.0291000009 -0.0406759419 -0.0338192582 -0.0291000009 -0.0381740518 -0.0234842598 -0.0291000009 -0.0406759419 -0.0319503695 -0.0291000009 -0.0344269685 -0.0138394404 -0.0291000009 0.0448833182 -0.0237008799 -0.0291000009 0.0451582596 -0.0469685309 -0.0291000009 -5.09225196e-16 -0.0457898192 -0.0291000009 0.0104563497 -0.0506281517 -0.0291000009 0.00614737114 -0.0506281517 -0.0291000009 -0.00614737114 -0.0457898192 -0.0291000009 -0.0104563497 -0.0237008799 -0.0291000009 -0.0451582596 -0.0138394404 -0.0291000009 -0.0448833182 0.0319503695 -0.0291000009 0.0344269685 0.0338192582 -0.0291000009 0.0381740518 0.0338192582 -0.0291000009 -0.0381740518 0.0319503695 -0.0291000009 -0.0344269685 -0.0476858318 -0.0291000009 0.0180848502 -0.00350000011 -0.0291000009 0.0468379408 -0.0122050997 -0.0291000009 0.0495180301 -0.0476858318 -0.0291000009 -0.0180848502 -0.0439888202 -0.0291000009 -0.0227013994 -0.0445120111 -0.0291000009 -0.0216575693 -0.0122050997 -0.0291000009 -0.0495180301 -0.00350000011 -0.0291000009 -0.0468379408 -0.00350000011 -0.0291000009 -0.0493773185 0.0388128497 -0.0291000009 0.0264500603 0.041972179 -0.0291000009 0.0289712995 0.0410120115 -0.0291000009 -0.0277197491 0.041972179 -0.0291000009 -0.0289712995 0.0420110002 -0.0291000064 -0.0261882953 0.0388128497 -0.0291000009 -0.0264500603 -0.0423128493 -0.0291000009 0.0203878805 0 -0.0291000009 0.050999999 -0.0423128493 -0.0291000009 -0.0203878805 6.24569918e-18 -0.0291000009 -0.050999999 -0.041972179 -0.0291000009 0.0289712995 -0.0420110002 -0.0291000064 0.0261882953 -0.041972179 -0.0291000009 -0.0289712995 0.0439888202 -0.0291000009 0.0227013994 0.00350000011 -0.0291000009 0.0493773185 -0.0410120115 -0.0291000009 0.0277197491 -0.0388128497 -0.0291000009 0.0264500603 -0.0388128497 -0.0291000009 -0.0264500603 0.00350000011 -0.0291000009 0.0468379408 0.0122050997 -0.0291000009 0.0495180301 0.0122050997 -0.0291000009 -0.0495180301 0.00350000011 -0.0291000009 -0.0468379408 0.0445120111 -0.0291000009 0.0216575693 0.0476858318 -0.0291000009 0.0180848502 0.0423128493 -0.0291000009 0.0203878805 0.0457898192 -0.0291000009 0.0104563497 0.0423128493 -0.0291000009 -0.0203878805 0.0476858318 -0.0291000009 -0.0180848502 0.0506281517 -0.0291000009 0.00614737114 -0.0349539109 -0.0399999991 -0.0161392 -0.0216118395 -0.0399999991 -0.00843614712 -0.0376030318 -0.0399999991 -0.00826209038 -0.0230217203 -0.0399999991 -0.00287065003 -0.0384999998 -0.0399999991 -3.8321589e-16 -0.0230217203 -0.0399999991 0.00287065003 -0.0376030318 -0.0399999991 0.00826209038 -0.0216118395 -0.0399999991 0.00843614712 -0.0349539109 -0.0399999991 0.0161392 -0.0181118399 -0.0399999991 0.0144983204 -0.0259566996 -0.0399999991 0.0284341294 -0.0314539112 -0.0399999991 0.0222013798 -0.0139969103 -0.0399999991 0.0185020696 -0.00902480166 -0.0399999991 0.0213727094 -0.0192499999 -0.0399999991 0.0333419815 -0.00350000011 -0.0399999991 0.0229344703 -0.0116463397 -0.0399999991 0.0366962217 -0.00350000011 -0.0399999991 0.0383405797 0.0116463397 -0.0399999991 0.0366962217 0.00350000011 -0.0399999991 0.0383405797 0.0192499999 -0.0399999991 0.0333419815 0.0259566996 -0.0399999991 0.0284341294 0.0314539112 -0.0399999991 0.0222013798 0.0376030318 -0.0399999991 -0.00826209038 0.0349539109 -0.0399999991 -0.0161392 0.0384999998 -0.0399999991 1.39136901e-16 0.0376030318 -0.0399999991 0.00826209038 0.0349539109 -0.0399999991 0.0161392 0.0116463397 -0.0399999991 -0.0366962217 0.00350000011 -0.0399999991 -0.0383405797 0.0192499999 -0.0399999991 -0.0333419815 0.0259566996 -0.0399999991 -0.0284341294 0.0314539112 -0.0399999991 -0.0222013798 -0.0034998036 -0.0420000143 0.0209273715 -0.0163578 -0.0419999994 0.01348563 -0.018363025 -0.0419999436 0.0106559563 -0.018363025 -0.0419999436 -0.0106559563 -0.0163578 -0.0419999994 -0.01348563 -0.00350000011 -0.0419999994 -0.0209090896 -0.00350000011 -0.0399999991 -0.0229344703 -0.00902480166 -0.0399999991 -0.0213727094 -0.0139969103 -0.0399999991 -0.0185020696 -0.0181118399 -0.0399999991 -0.0144983204 -0.0198577996 -0.0419999994 -0.00742345583 -0.0198577996 -0.0419999994 0.00742345583 -0.0259566996 -0.0399999991 -0.0284341294 -0.0314539112 -0.0399999991 -0.0222013798 -0.0192499999 -0.0399999991 -0.0333419815 -0.0116463397 -0.0399999991 -0.0366962217 -0.00350000011 -0.0399999991 -0.0383405797 -0.0256225318 0.0399997234 -0.0282144286 -0.0311883483 0.0399990976 -0.0220480487 -0.018965574 0.0399997197 -0.0330588073 -0.0115451943 0.0399997532 -0.0363093428 -0.0316293128 0.0397393256 -0.0223026108 -0.0260707028 0.0397898629 -0.0285494588 -0.0193312317 0.0397904143 -0.0334812365 -0.01169091 0.0397963338 -0.0368465669 -0.0310282893 -0.0419999994 -0.0219556391 -0.0316744111 -0.0419102162 -0.0223286096 -0.0322792977 -0.0416393131 -0.0226777401 -0.036322087 -0.0412216745 -0.0169291832 -0.0352779105 -0.0419046097 -0.0163273271 -0.0346546806 -0.041999992 -0.0159664508 -0.0345469564 -0.041642189 -0.0190521739 -0.035820242 -0.0408460312 -0.0186380781 0.00350000011 -0.0419999994 -0.0378491096 0.0034999398 -0.0419102162 -0.0385951363 0.00349984691 -0.0416393131 -0.0392935686 -0.00349999312 -0.0411704704 -0.0399650224 -0.00349907484 -0.0419046097 -0.0387152284 -0.00349998451 -0.041999992 -0.0379950516 -0.00176939182 -0.0408460423 -0.0403402559 -0.000773950422 -0.0416421928 -0.0394446217 0.034528289 -0.0419999994 -0.0158934593 0.0351743475 -0.0419102162 -0.0162665341 0.0357791483 -0.0416393131 -0.0166158285 0.0328607149 -0.0411704928 -0.0230135825 0.0317788348 -0.0419046134 -0.0223878957 0.0311546959 -0.041999992 -0.0220286027 0.0340510756 -0.0408460386 -0.0217023361 0.0337731503 -0.041642189 -0.0203924533 0.0310282893 -0.0419999994 0.0219556391 0.0316744111 -0.0419102162 0.0223286096 0.0322792977 -0.0416393131 0.0226777401 0.0363607109 -0.041170489 0.0169514231 0.0352779105 -0.0419046097 0.0163273271 0.0346546806 -0.041999992 0.0159664508 0.035820242 -0.0408460312 0.0186380781 0.0345469564 -0.041642189 0.0190521739 -0.00350000011 -0.0419999994 0.0378491096 -0.0034999398 -0.0419102162 0.0385951363 -0.00349984691 -0.0416393131 0.0392935686 0.00349999312 -0.0411704704 0.0399650224 0.00349907484 -0.0419046097 0.0387152284 0.00349998451 -0.041999992 0.0379950516 0.00176939182 -0.0408460423 0.0403402559 0.000773950422 -0.0416421928 0.0394446217 -0.034528289 -0.0419999994 0.0158934593 -0.0351743475 -0.0419102162 0.0162665341 -0.0357791483 -0.0416393131 0.0166158285 -0.0328221396 -0.0412216783 0.0229912531 -0.0317788348 -0.0419046134 0.0223878957 -0.0311546959 -0.041999992 0.0220286027 -0.0337731503 -0.041642189 0.0203924533 -0.0340510756 -0.0408460386 0.0217023361 -0.0310282893 0.0419999994 -0.0219556391 -0.0316877402 0.041910287 -0.0223361552 -0.032276351 0.0416522287 -0.022675477 -0.0328873098 0.0411331058 -0.0230289437 -0.0352665745 0.0419020504 -0.0163200703 -0.0346546657 0.041999992 -0.0159664415 -0.0340510756 0.0408460386 -0.0217023361 -0.0347953588 0.0416357517 -0.0186015982 -0.034528289 0.0419999994 0.0158934593 -0.0351875536 0.041910287 0.0162743106 -0.0357757136 0.0416522287 0.0166144073 -0.0363873132 0.0411330983 0.0169667751 -0.0317668803 0.0419020504 0.0223817062 -0.031154681 0.041999992 0.0220285933 -0.035820242 0.0408460312 0.0186380781 -0.0335071534 0.0416357517 0.0208328441 -0.00350000011 0.0419999994 0.0378491096 -0.00349980756 0.041910287 0.0386104658 -0.00349936006 0.041652225 0.039289888 -0.00349999988 0.0411331169 0.0399957076 0.00349969114 0.0419020504 0.0387017839 0.00349998428 0.041999992 0.0379950367 -0.00176939182 0.0408460423 0.0403402559 0.00128844322 0.0416357517 0.0394344628 0.0310282893 0.0419999994 0.0219556391 0.0316877402 0.041910287 0.0223361552 0.032276351 0.0416522287 0.022675477 0.0328873098 0.0411331058 0.0230289437 0.0352665745 0.0419020504 0.0163200703 0.0346546657 0.041999992 0.0159664415 0.0340510756 0.0408460386 0.0217023361 0.0347953588 0.0416357517 0.0186015982 0.034528289 0.0419999994 -0.0158934593 0.0351875536 0.041910287 -0.0162743106 0.0357757136 0.0416522287 -0.0166144073 0.0363873132 0.0411330983 -0.0169667751 0.0317668803 0.0419020504 -0.0223817062 0.031154681 0.041999992 -0.0220285933 0.035820242 0.0408460312 -0.0186380781 0.0335071534 0.0416357517 -0.0208328441 -0.00846430939 0.0284461603 -0.0598506257 3.97830263e-06 0.0282361805 -0.0604955815 -0.00845554098 0.0281000007 -0.0599062108 -0.0165321175 0.0289663505 -0.0576906279 -0.0236418322 0.0290921312 -0.0548275858 -0.0167068448 0.0290997047 -0.0571879074 -0.0244049095 0.0287567023 -0.0551210269 -0.0167602338 0.0285572782 -0.0580358692 -0.0247481335 0.0280893184 -0.0552154854 -0.0167450998 0.0281000007 -0.0581364892 -0.00840215012 0.0289738271 -0.0594097562 -1.09618513e-05 0.0290992744 -0.0596319474 -1.08700799e-08 0.0289422739 -0.0600502305 -0.00798585173 0.0291011613 -0.0589616522 -0.00842433702 0.0287298299 -0.0596851297 -1.2573792e-09 0.0286199581 -0.0603604913 -0.00248484127 -0.0283265859 0.0604479611 2.57556252e-08 -0.0287962537 0.0602259673 -1.49679881e-05 -0.02829789 0.0604995936 -0.00498803426 -0.0283045433 0.060293939 -0.00366203021 -0.0289020333 0.0600231141 -0.000197208254 -0.029036602 0.0598645397 -0.00651900796 -0.0290986076 0.0593400821 0.00639357464 -0.0290991794 0.0593371503 -0.00742628332 -0.027983157 0.060044229 -0.00733856298 -0.0285223667 0.0599833801 -0.00697662868 -0.0289004054 0.0596931875 0.0362234302 0.00459459377 -0.0484573394 0.0384938903 0.00650896877 -0.0466740914 0.0368531011 0.00298345136 -0.0479839891 0.035586141 0.00554745318 -0.0489272587 0.0440894663 -0.0194990691 0.0414306112 0.043040894 -0.0207560435 0.0425189324 0.0437395126 -0.0202351082 0.04179864 0.0427799597 0.002057323 0.0427799597 0.0436872616 0.00219967798 0.0418529995 0.0445323698 0.0026210011 0.0409526303 0.0452860482 0.00329775107 0.0401176214 0.0479839891 0.00298345042 0.0368531011 0.0459140912 0.00421134615 0.0393972993 0.0463455096 0.00527708605 0.0388888717 0.0466740914 0.00650896877 0.0384938903 0.033753939 0.0284105521 -0.0502099544 0.0338215716 0.00685991487 -0.0501632504 0.03280323 0.00715122512 -0.0508349985 0.0347586088 0.00631935382 -0.0495185703 0.0484573394 0.00459459377 0.0362234302 0.0489272587 0.00554745318 0.035586141 0.0321209654 0.0283915307 -0.0512669347 0.0317388698 0.0071792379 -0.0515062511 0.0303352606 0.0281000007 -0.05234522 0.0306828208 0.00694343215 -0.0521422513 0.0296753906 0.00645730877 -0.0527221113 0.0189428218 -0.00329980999 -0.0574628636 0.0271854997 0.0030768651 -0.0540481098 0.0175140984 -0.0282993242 -0.0579130016 0.0180945098 -0.00488233194 -0.0577307418 0.0172848403 -0.0057866592 -0.0579783097 0.0162664093 -0.00649722107 -0.0582722388 0.0155727603 -0.0281000007 -0.0584614314 0.028582124 0.0282488056 -0.0533257276 0.0280564092 0.00488978485 -0.0536011904 0.0286603495 0.00564306509 -0.0532807112 0.0501825251 0.0282252003 0.0337940678 0.0501632504 0.00685991487 0.0338215716 0.0508349985 0.00715122512 0.03280323 0.0495185703 0.00631935382 0.0347586088 0.0151393097 -0.0069712 -0.0585751794 0.0139407096 -0.00719344616 -0.058871951 0.0135871088 -0.0282782167 -0.0589542612 0.0127131902 -0.00715205213 -0.0591491684 0.0115479901 -0.0282188393 -0.0593882501 0.0513019189 0.0282785073 0.0320675336 0.0515062511 0.0071792379 0.0317388698 0.0115204798 -0.00684893085 -0.0593929999 0.0523451306 0.0281000007 0.0303354207 0.0104063004 -0.0062993071 -0.0595983118 0.0521422513 0.00694343215 0.0306828208 0.0527221113 0.00645730877 0.0296753906 0.00930914283 -0.00542047992 -0.0597795099 0.0574610308 -0.00328912027 0.0189473387 0.0540481098 0.0030768651 0.0271854997 0.0579139851 -0.0283082314 0.0175113864 0.0577307791 -0.00488237711 0.0180943999 0.00578903593 -0.00650273822 -0.0602223985 0.00781494472 -0.00276194606 -0.0599931404 0.00867698621 -0.00462942477 -0.0598745309 0.0579783395 -0.00578670204 0.0172847304 0.00527535891 -0.00527163409 -0.0602695718 0.0582722686 -0.00649725879 0.0162663106 0.0584614389 -0.0281000007 0.0155727305 0.053317938 0.0283026844 0.0285984743 0.00460918993 -0.00420715194 -0.0603241697 0.0536011904 0.00488978485 0.0280564092 0.0532807112 0.00564306509 0.0286603495 0.00365435611 -0.003294555 -0.0603895299 0.0585752018 -0.0069712298 0.01513921 0.0588719696 -0.00719346898 0.0139406202 0.0589695014 -0.0283900909 0.0135146873 0.0591491908 -0.00715206983 0.0127130998 0.0593791641 -0.0284094159 0.011596486 0.0593930185 -0.00684894621 0.0115203997 0.0595983192 -0.00629932107 0.0104062296 0.0597795211 -0.00542049296 0.00930907205 0.0602223985 -0.00650275405 0.00578896981 0.0599931404 -0.00276196003 0.00781489816 0.0598745495 -0.00462943595 0.00867692195 0.0602695718 -0.00527164806 0.00527529977 0.0603241809 -0.00420716219 0.00460913684 0.00190334243 0.0193651058 -0.0604702383 0.00129628403 -0.00219741999 -0.0604861118 -1.01199396e-06 -0.0020559181 -0.0604999997 0.00253036502 -0.00261828792 -0.0604470596 0.0603895299 -0.00329455989 0.00365431001 -0.00787373353 -0.00297277048 -0.0599882863 -0.00532195112 -0.00528818415 -0.0602654703 -0.00578933302 -0.00650286581 -0.0602223687 -0.00459557911 -0.00420006178 -0.0603252091 -0.00365287811 -0.00329560507 -0.0603896193 -0.00865925569 -0.00459467387 -0.0598771013 0.000382928731 0.0207404345 -0.060499806 0.00129931059 0.0202765819 -0.0604863539 0.0604702272 0.0193651691 0.00190339808 -0.0094420379 -0.00554746715 -0.0597586706 -0.0115707591 -0.0282923616 -0.0593840368 0.0604861118 -0.00219741906 0.00129624398 0.0604999997 -0.0020559181 -1.051818e-06 0.0604470596 -0.00261828792 0.00253032311 -0.0104440497 -0.00631977106 -0.0595917106 0.0599882863 -0.00297278888 -0.00787373539 0.0602654703 -0.00528820418 -0.00532197393 0.0602223687 -0.00650288491 -0.00578935584 0.0603252091 -0.00420007994 -0.00459560612 0.0603896193 -0.00329561997 -0.00365291 -0.01156181 -0.00686250115 -0.0593849719 0.0598771013 -0.00459468504 -0.00865924545 0.060499806 0.0207404979 0.000382950122 0.0604863577 0.0202766601 0.0012993532 0.0597586706 -0.00554748578 -0.00944201928 0.059384007 -0.0282923672 -0.0115709119 -0.00187714025 0.0194785111 -0.0604712628 -0.00253989804 -0.00261847791 -0.060446661 -0.00129948102 -0.0021976491 -0.0604860485 -0.00138957379 0.0201969314 -0.0604841299 -0.000693628332 0.0206337273 -0.0604963377 0.0595917106 -0.0063197948 -0.0104440199 -0.0127561297 -0.00715738907 -0.0591399297 -0.0135677801 -0.0281000007 -0.058959011 -0.0139838904 -0.00719004497 -0.0588617101 -0.0155697977 -0.0282718707 -0.0584618896 -0.01518072 -0.00695934286 -0.0585644618 -0.0163040794 -0.00647803815 -0.0582617112 -0.017553281 -0.0282867737 -0.0579010285 0.0593849793 -0.00686252723 -0.0115617802 -0.0174198598 -0.00566658517 -0.0579378903 -0.0180746894 -0.00491451984 -0.0577369519 -0.0190069992 -0.00310195703 -0.0574367791 0.0604712628 0.019478552 -0.00187710428 0.060446661 -0.00261848909 -0.00253993389 0.060486041 -0.00219765492 -0.00129951898 0.0604841299 0.0201969948 -0.0013895178 0.0604963377 0.0206337702 -0.000693601964 -0.0271839797 0.003059234 -0.0540488809 0.0591399297 -0.0071574091 -0.0127561102 0.0589589886 -0.0281000007 -0.0135678798 0.0588617213 -0.00719005289 -0.0139838597 0.0584618784 -0.0282718744 -0.015569834 0.0585644618 -0.00695933681 -0.0151806902 0.0582617186 -0.00647801813 -0.0163040496 0.0579010285 -0.0282867774 -0.017553281 0.0579379015 -0.00566655304 -0.0174198207 0.0577369705 -0.0049144798 -0.0180746391 0.0574368089 -0.00310191093 -0.0190069303 0.0540488809 0.003059234 -0.0271839797 -0.0422878675 -0.020646695 -0.0432669073 -0.0414143726 -0.0193478595 -0.0441037379 -0.0418260656 -0.0202437919 -0.0437130667 -0.043040894 -0.0207560435 -0.0425189324 -0.0285760146 0.0282190572 -0.0533284284 -0.0287780501 0.00574747613 -0.0532172285 -0.0297041107 0.00646224711 -0.0527059287 -0.0279107783 0.00466566253 -0.0536779501 -0.0303567275 0.0282498077 -0.0523323938 -0.0307132602 0.00694107218 -0.0521243289 -0.031769339 0.00716910092 -0.0514874682 0.0432035178 -0.0206764713 -0.0423526205 0.0440985635 -0.0193761177 -0.0414196588 0.0436842404 -0.0202855859 -0.0418563709 -0.0384914391 0.00650315918 -0.0466761105 -0.0368996784 0.00275334902 -0.0479443818 -0.0388521217 0.00528828008 -0.0463763215 0.0426165201 -0.0207524616 -0.0429431796 -0.0362046398 0.00461999001 -0.04847138 -0.0356895886 0.00541028613 -0.0488518514 -0.0394075885 0.00420007622 -0.0459052511 -0.0320856683 0.0281000007 -0.0512909293 -0.0328340083 0.00713336188 -0.0508151315 -0.0401198082 0.00329603301 -0.0452841111 0.0533283614 0.028219033 -0.0285761021 -0.0409473293 0.00261907792 -0.04453725 -0.0337648913 0.0282786228 -0.050202433 -0.0347850993 0.0062869438 -0.0494999699 -0.0338504612 0.00683445018 -0.0501437485 0.0532172285 0.00574747613 -0.0287780501 0.0527059287 0.00646224711 -0.0297041107 0.0536779501 0.00466566253 -0.0279107783 -0.0418520682 0.00219840091 -0.0436881483 -0.0427799597 0.002057323 -0.0427799597 0.0414545909 -0.019623803 -0.0440663844 0.0420218296 -0.0204761215 -0.0435252637 0.052332364 0.0282498114 -0.0303567797 0.0521243289 0.00694107218 -0.0307132602 0.0514874682 0.00716910092 -0.031769339 0.0466761105 0.00650315918 -0.0384914391 0.04847138 0.00461999001 -0.0362046398 0.0479443818 0.00275334902 -0.0368996784 0.0488518514 0.00541028613 -0.0356895886 0.0463763215 0.00528826704 -0.0388521217 0.0459052399 0.00420005387 -0.0394075997 0.0512909107 0.0281000007 -0.0320857018 0.0508151315 0.00713336188 -0.0328340083 0.0452840887 0.00329600694 -0.0401198305 0.044537209 0.00261905394 -0.0409473591 0.050202433 0.0282786246 -0.0337648913 0.0494999699 0.0062869438 -0.0347850993 0.0501437485 0.00683445018 -0.0338504612 0.0436880998 0.00219838601 -0.0418521203 0.0427799001 0.002057323 -0.0427800193 0.041852951 0.00219969405 -0.0436873101 0.0409525894 0.00262102508 -0.0445324108 0.0401175991 0.00329777598 -0.0452860706 0.0393972918 0.00421136711 -0.0459140986 0.0388888605 0.00527709909 -0.0463455096 0.0388636515 -0.0215269402 0.0463666506 0.0363129936 -0.0283040833 0.0483904704 0.0394178815 -0.0226126295 0.0458964184 0.0401276313 -0.0235156808 0.0452771783 0.0385032594 -0.0203153193 0.0466663614 0.0293067899 -0.0282798856 0.0529284924 0.0409523398 -0.0241927803 0.0445326306 0.0427683815 -0.0283244494 0.0427793562 0.0418544114 -0.0246144608 0.0436859094 0.0427799597 -0.0247577801 0.0427799597 0.0305215009 0.00181006198 0.0522368513 0.0215956606 -0.0281165093 0.0565239824 0.0313087441 0.00294152414 0.0517692193 0.0307718962 0.00237785373 0.0520899445 0.0320098139 0.00318436837 0.051338505 0.0337405577 0.00181500486 0.0502194539 0.0326977782 0.00308940979 0.0509030782 0.0332518443 0.00270042778 0.0505428091 0.0422844775 0.00617080461 0.0432699397 0.0414105915 0.00744294608 0.0441073254 0.0418362543 0.00655289739 0.0437033698 0.0430380926 0.00606572255 0.0425218157 0.0391118713 0.0282719843 0.0461573228 0.0371936411 0.0280432459 0.047720518 0.0409897082 0.0281000007 0.0444982499 0.0427258164 0.0283187199 0.0428332351 -0.0483018532 0.0290983152 -0.0315827727 -0.0499901101 0.0290740766 -0.0327371843 -0.0519753546 0.0291000362 -0.0289999712 -0.0120635945 0.0291012935 0.0582642369 -0.0228088312 0.0291003529 0.0527826399 -0.0237786882 0.0290941373 0.0547034182 0.048339054 0.029098358 -0.0315186195 0.0447210409 0.0291000009 -0.0361424685 0.0237456933 0.0290961228 0.0547068641 0.0228205696 0.0291002691 0.0527775697 0.0120766936 0.0291009098 0.0582615137 -0.0447081104 0.0291000009 -0.0361584686 -0.0291016176 0.0290605146 0.0522499494 -0.0283478629 0.0290991012 0.0502854772 -0.0324125849 0.0291006342 0.0499152839 0.0408037677 0.0290990174 -0.0435433425 0.0465838015 0.0290917717 -0.0373469032 -0.0435433425 0.0290990174 -0.0408037677 -0.0466466732 0.0290729161 -0.0373471677 -1.13769856e-05 0.0290992912 0.0596360154 0.0361458473 0.0290982947 -0.0449782349 -0.036122188 0.0290987249 -0.0449497029 0.0373550504 0.0290858336 -0.0465973057 -0.0373350494 0.0290853661 -0.0466150045 0.032750193 0.0290704742 0.0499794222 0.0316248275 0.0290966891 0.048335541 0.0293072723 0.0290998761 0.0518230796 0.0283002518 0.0290996749 0.0501582399 0.0329484902 0.0291000009 -0.0471237414 -0.0313757397 0.0290997904 0.048341386 -0.0329317898 0.0291000009 -0.047135409 0.0315965749 0.029097598 -0.0483190268 -0.0315315835 0.0290975384 -0.0483536981 0.0329317898 0.0291004572 0.047135409 -0.0329484902 0.0291000009 0.0471237414 -0.0280761812 0.0290999971 -0.050265871 0.0279882215 0.0290979743 -0.0504951403 0.0373434611 0.0290936511 0.0465461388 0.0434802957 0.0290985964 0.0409668572 0.0362089574 0.0290996749 0.0448723882 0.0327371806 0.0290740766 -0.0499901138 0.028999744 0.0291000362 -0.0519754738 -0.0361388698 0.0290990639 0.0449884236 -0.042157542 0.0290993899 0.0422053151 -0.0374091193 0.0291003082 0.0463876761 -0.0325890929 0.0290967766 -0.0499580428 0.0464826748 0.0290969741 0.037441384 0.0447081104 0.0291000213 0.0361584686 -0.0447210409 0.0291005075 0.0361424685 -0.0465297811 0.0290945843 0.0373333953 -0.0288882237 0.0290674549 -0.052334208 -0.0225667395 0.0291000009 -0.0528866015 0.0225647707 0.0291000009 -0.0528874397 0.0158582591 0.0290994663 -0.0574674048 0.0236499663 0.0290918835 -0.0548246019 0.00798511785 0.0291016847 -0.0589617565 0.0482710712 0.0290998686 0.0313439518 -0.0483195446 0.0290978253 0.0316358432 -0.0499935597 0.0290962998 0.0326349176 -0.0505003594 0.0290980022 0.027956672 -0.0525298454 0.0290407483 0.0288352016 0.0523621179 0.0290700104 0.0288726054 0.0504531227 0.0290987045 0.0280619562 0.0499783382 0.0290991049 0.0325128399 -0.0511575788 0.0291000009 0.0262517091 0.0511585586 0.029100325 0.0262497906 0.0529893115 0.029099239 0.0227962825 -0.052994404 0.0290996227 0.0227500647 -0.0582908727 0.0291009694 0.0119341509 -0.054798834 0.029098697 0.0234761685 0.0548276119 0.0290840883 0.0236836877 0.0582912788 0.0291000009 0.01193217 -0.0595000014 0.0291000009 1.01756598e-06 0.0595000014 0.0291000009 -1.00312002e-06 -0.0582912862 0.0291013848 -0.0119321598 0.0582908802 0.0291000009 -0.0119341305 -0.0529631376 0.0290993117 -0.022769725 0.0530262478 0.0290987883 -0.0228367522 0.0548200794 0.0290925149 -0.0236437302 -0.0547815859 0.0290924814 -0.0236429833 -0.0511585698 0.0291000009 -0.0262497794 0.0511575714 0.0291000009 -0.0262517203 0.0505775325 0.0290964432 -0.0279308446 -0.0505144186 0.0290970784 -0.0279966835 0.0524213985 0.0290661864 -0.0288444012 0.0499580577 0.0290967654 -0.0325891525 -0.0532546565 0.0288293902 -0.0234884638 -0.0511784889 0.0288288929 -0.0277674589 -0.0521989204 0.0283073056 -0.026419051 -0.0533787087 0.0283905193 -0.0238423366 -0.0515614189 0.0282633398 -0.0276433025 -0.0533986501 0.027983008 -0.0239010118 -0.0550008975 0.0289395191 -0.0241112281 -0.0551630184 0.0285986736 -0.0245469771 -0.0552174821 0.0280617028 -0.0247421674 -0.0547903217 0.0277866293 -0.0244545192 -0.0600385368 0.0289543606 -6.67424092e-06 -0.0587211922 0.0289540272 0.012509753 -0.0603215992 0.0286700595 1.03161699e-06 -0.0590665862 0.028551165 0.01263751 -0.060487587 0.0283079483 -5.54962253e-06 -0.0591665693 0.0281000007 0.0126319705 -0.0597320013 0.0290727206 1.02153399e-06 -0.0588232726 0.0289488602 -0.012043234 -0.0590961911 0.0286700595 -0.0120969201 -0.0592228211 0.0284096394 -0.0121228397 -0.0591670014 0.0281000007 -0.0126299402 -0.0549953803 0.0289417356 0.0241178181 -0.0551616997 0.0286017656 0.0245472342 -0.0552201644 0.0280341972 0.0247346796 -0.0534075126 0.0278938767 0.0238767266 -0.0533757508 0.0285575036 0.0237833243 -0.0543389656 0.0277887173 0.024256045 -0.0532149747 0.0289309751 0.0233372618 -0.0522228926 0.0281197838 0.0263640005 -0.0511441603 0.0288238134 0.0277662091 -0.0515497364 0.0283337552 0.0276669413 -0.0531173982 0.0286303032 0.0286445711 -0.0501126684 0.028805336 0.0333944894 -0.0519724004 0.028621966 0.0307138506 -0.0502046905 0.0282937121 0.0337614566 -0.0533305332 0.0282034241 0.0285715126 -0.0512909181 0.0281000007 0.0320856906 -0.0523437299 0.0281774923 0.0303376801 -0.0484931022 0.0287647545 0.0323536992 -0.0454037376 0.0289859883 0.036093276 -0.0460000969 0.028547598 0.0359890647 -0.0485624187 0.0283976551 0.0326218344 -0.0477467701 0.0281000007 0.0338008292 -0.0461446866 0.0280601457 0.035959702 -0.0470915213 0.0289322715 0.0372784212 -0.0475564301 0.0285879672 0.037227165 -0.0466992296 0.0278269313 0.036466293 -0.0477206632 0.0280460641 0.0371929929 -0.0441355072 0.0285484418 0.0412451848 -0.04450313 0.0281000007 0.0409844108 -0.0409989059 0.0282613058 0.0444891006 -0.0408793986 0.0286700893 0.04435727 -0.0372188538 0.0279949233 0.0476994999 -0.037236318 0.0285021812 0.0475974269 -0.0407038666 0.0289418511 0.0441561379 -0.0372937731 0.0289237984 0.0471095517 -0.0439524353 0.0289484542 0.0409090146 -0.0360104814 0.0285112169 0.0460274778 -0.0360653065 0.028857369 0.0456743501 -0.0359984525 0.0279388838 0.0461132303 -0.03663693 0.027841717 0.0468896106 -0.0318582505 0.0290215295 0.0483646207 -0.0338454694 0.0282024983 0.047715392 -0.0324054547 0.0286983624 0.0484807491 -0.0326729082 0.0282422695 0.0485272631 -0.0335472636 0.028676223 0.0501270927 -0.0337929316 0.0282303803 0.0501833633 -0.0331073478 0.0289790668 0.0500525348 -0.0289422255 0.0288149342 0.0527925827 -0.0288402028 0.0283009764 0.0531875342 -0.0321742408 0.0281000007 0.0512354188 -0.0304930899 0.0281000007 0.0522534288 -0.0280760117 0.0289593451 0.0508241802 -0.027963521 0.0286548585 0.0512292832 -0.0237088799 0.0288801286 0.0531347729 -0.0266381931 0.0282368567 0.0520861819 -0.0241751578 0.0280705914 0.0532781444 -0.0278495923 0.0281698499 0.0514478795 -0.0243910886 0.028937269 0.0548907593 -0.0249531697 0.027915962 0.0551194809 -0.0246955007 0.0277521294 0.0546821095 -0.0248770732 0.0284672361 0.0550819151 -8.07740889e-07 0.028954301 0.0600386113 0.0126537159 0.0289539546 0.0586904399 6.81957408e-06 0.0286700502 0.0603216104 0.0127816368 0.0285511166 0.0590355955 5.66223903e-08 0.028308887 0.0604871698 0.0127766002 0.0281000007 0.0591355115 -0.0121758617 0.0289488416 0.0587959886 -0.01223017 0.0286700502 0.0590687692 -0.0122563699 0.0284096207 0.0591953397 -0.0127632301 0.0281000007 0.0591383986 0.0249671731 0.0279189087 0.0551129468 0.0249006078 0.0284532756 0.0550820678 0.0243886784 0.0289405286 0.0548861921 0.0245099012 0.0277669206 0.054225646 0.0241386108 0.0279099829 0.0532906577 0.0240036473 0.0285995565 0.0532447137 0.0235152282 0.0289987177 0.0530293882 0.0281043183 0.0289456993 0.0508082137 0.0279767904 0.0283701625 0.0513830818 0.0266205147 0.0282206684 0.0520942435 0.0290839896 0.028947385 0.0525537953 0.0289098751 0.0282990932 0.0531497672 0.0334234312 0.0287878811 0.05013033 0.0321846902 0.0281000007 0.0512288585 0.0337582678 0.0283081047 0.050207112 0.0305326693 0.0281000007 0.0522303097 0.0323536992 0.0287647545 0.0484931022 0.036093276 0.0289859883 0.0454037376 0.0359890647 0.028547598 0.0460000969 0.0326218344 0.0283976551 0.0485624187 0.0338008292 0.0281000007 0.0477467701 0.035959702 0.0280601457 0.0461446866 0.0373031124 0.0289428439 0.0471016616 0.0372386649 0.0286453944 0.0475270674 0.036466293 0.0278269313 0.0466992296 0.0461512357 0.0282569025 0.0391190648 0.0476139076 0.0284413137 0.0372352228 0.0450559333 0.0287547316 0.0400376059 0.0415817872 0.0289439261 0.0433446467 0.044499483 0.0282681752 0.0409872308 0.0418125391 0.0286717899 0.0434962362 0.0472369604 0.0288572572 0.0372657627 0.0477052219 0.0280285031 0.0372130945 0.0460274778 0.0285112169 0.0360104814 0.0456743501 0.028857369 0.0360653065 0.0452325866 0.029046122 0.0361162908 0.0461132303 0.0279388838 0.0359984525 0.0468896106 0.027841717 0.03663693 0.047715392 0.0282024983 0.0338454694 0.0483712964 0.0290021338 0.031900607 0.0484807491 0.0286983624 0.0324054547 0.0485272631 0.0282422695 0.0326729082 0.0501612201 0.0287106577 0.0335411355 0.050070066 0.0289894156 0.033075422 0.0529405661 0.0288017523 0.0286972988 0.0510012172 0.0289351419 0.0278229956 0.0513621271 0.0286543202 0.027723683 0.0522213504 0.0281387269 0.0263679177 0.0533988401 0.0279788114 0.023899965 0.0533147268 0.0287278239 0.0236385819 0.05155145 0.0283335689 0.0276652034 0.0551851466 0.0285445079 0.0245851669 0.0552278087 0.0279635377 0.0247125942 0.0547903106 0.0277866293 0.0244545192 0.0550224818 0.02890113 0.024173623 0.0604972541 0.0281692557 -3.19116623e-07 0.0590903983 0.0284869298 -0.01261569 0.0604221113 0.0284869298 -1.01866601e-06 0.0591654405 0.0281633027 -0.0126345614 0.0586084686 0.0290461294 0.0119971 0.0598237701 0.0290461294 -1.00857801e-06 0.0589587539 0.0288444925 0.0120742088 0.0601938963 0.0288346186 1.24202443e-05 0.0592488088 0.0283564012 0.0121422214 0.0591670014 0.0281000007 0.0126299504 0.0585052483 0.0290461294 -0.0124907596 0.0588726848 0.0288307797 -0.0125615485 0.0551089197 0.028778173 -0.0243753791 0.055209443 0.028133614 -0.0247649513 0.0533891581 0.0280651599 -0.0239251051 0.0543389432 0.027788952 -0.0242560916 0.0533801466 0.0285200644 -0.0237943325 0.0532670058 0.0288413372 -0.0234845225 0.0513116531 0.0286837183 -0.0277156755 0.0515614673 0.0282496568 -0.0276421793 0.0522279032 0.0281454176 -0.0263549406 0.053079728 0.0286773555 -0.0286598429 0.0501461625 0.0287744254 -0.0334532261 0.0520173907 0.0288110878 -0.0303806402 0.04846536 0.0287831761 -0.0323152542 0.0485403128 0.0282525346 -0.032653667 0.0454336032 0.0289843678 -0.0360758156 0.0477475747 0.028213786 -0.0338007584 0.0461213477 0.0279095024 -0.0359877795 0.0460298508 0.0285036154 -0.0359852724 0.0474939272 0.0288096052 -0.0337070413 0.0475746468 0.0285607241 -0.0372224636 0.0471438728 0.028900696 -0.0372740775 0.047713954 0.027999958 -0.0372007377 0.0467003509 0.0278358664 -0.0364641212 0.0409990065 0.0282937661 -0.0444890447 0.0372212082 0.0279838573 -0.0476974659 0.0372399427 0.0285218023 -0.0475924425 0.0444886982 0.0283045135 -0.0409990698 0.0408027917 0.0288307946 -0.0442604087 0.0372907892 0.0289005376 -0.0471309349 0.0437780917 0.0290461406 -0.0407720618 0.0440622754 0.0288433526 -0.0409960076 0.0366369039 0.0278418474 -0.0468896329 0.0360061526 0.0279003549 -0.0461069345 0.0360179991 0.0285364632 -0.0460153259 0.0360749066 0.0288901627 -0.0456120186 0.0338481553 0.0282079484 -0.0477134623 0.0322915874 0.0287957024 -0.0484492481 0.0326558165 0.0283198413 -0.0485385917 0.0332294293 0.0289209057 -0.0501050949 0.0288092103 0.0290033631 -0.0525756925 0.0286697596 0.0286998302 -0.0530558228 0.0277672447 0.0288289022 -0.0511785969 0.0276430752 0.0282633211 -0.0515615456 0.0232299343 0.0289838873 -0.0531527735 0.0237948038 0.0284929872 -0.0533641875 0.0264187716 0.0283072963 -0.0521990657 0.0239058081 0.0280040354 -0.0533968583 0.0245126225 0.0286252014 -0.0551614091 0.024746839 0.0280762091 -0.0552161187 0.0241495091 0.0277900808 -0.0541051812 0.0241743531 0.0289005768 -0.0550229438 0.01674366 0.0281000007 -0.0581369102 0.00810412411 0.0288985968 -0.0595801659 0.00805613585 0.0284349546 -0.0599096641 0.008454795 0.0281000007 -0.0599063113 0.0159794483 0.0289050881 -0.0579544492 0.0160308871 0.0284377113 -0.0582840964 -0.0230264198 0.0290436633 -0.0530993007 -0.0234655663 0.0288472846 -0.0532691479 -0.023814097 0.0284897815 -0.0533846468 -0.0239217449 0.0280513763 -0.0533904806 -0.0242528412 0.0277788732 -0.0543402247 -0.0278696511 0.0290101878 -0.050789468 -0.0277156215 0.0286837947 -0.0513116233 -0.0276420489 0.0282495543 -0.0515615568 -0.026354773 0.0281454138 -0.0522279926 -0.0286894906 0.0287868418 -0.0529774465 -0.0334532261 0.0287744235 -0.0501461625 -0.0303806849 0.028811099 -0.0520173572 -0.0323152542 0.0287831761 -0.04846536 -0.032653667 0.0282525346 -0.0485403128 -0.0338007584 0.028213786 -0.0477475747 -0.0359877795 0.0279095024 -0.0461213477 -0.0359852724 0.0285036154 -0.0460298508 -0.0337070413 0.0288096052 -0.0474939272 -0.0360386781 0.0288699213 -0.0456326194 -0.0372224636 0.0285607241 -0.0475746468 -0.0372740775 0.028900696 -0.0471438728 -0.0372007377 0.027999958 -0.047713954 -0.0364641212 0.0278358664 -0.0467003509 -0.0444890447 0.0282937661 -0.0409990065 -0.0476974659 0.0279838573 -0.0372212082 -0.0475924425 0.0285218023 -0.0372399427 -0.0409990698 0.0283045135 -0.0444886982 -0.0442604087 0.0288307946 -0.0408027917 -0.0471309349 0.0289005376 -0.0372907892 -0.0407720618 0.0290461406 -0.0437780917 -0.0409960076 0.0288433526 -0.0440622754 -0.0461069345 0.0279003549 -0.0360061526 -0.0460153259 0.0285364632 -0.0360179991 -0.0454256311 0.0289933328 -0.0361076407 -0.0468896329 0.0278418474 -0.0366369039 -0.0477134623 0.0282079484 -0.0338481553 -0.0484492481 0.0287957024 -0.0322915874 -0.0485385917 0.0283198413 -0.0326558165 -0.0501050912 0.0289209057 -0.0332294293 -0.0502099544 0.0284105521 -0.033753939 -0.0525755771 0.0290033631 -0.0288094338 -0.0530557036 0.0286998227 -0.0286699925 -0.0512668751 0.028391555 -0.0321210474 -0.0533255935 0.0282488205 -0.0285823513 -0.0523451306 0.0281000007 -0.0303354096 -0.0567453317 -0.0027997219 0.0142251104 -0.0566284284 -0.00695930887 0.0146789402 -0.0563354902 -0.00647760509 0.01576587 -0.0582316704 0.0202997103 -0.00559663307 -0.0574039891 -0.00184470392 -0.0112764686 -0.0580099002 -0.00276196096 -0.00755655393 -0.0565929972 -0.00195254805 0.0148245487 -0.0560225882 -0.00566653395 0.0168439802 -0.0566025376 -0.00203152164 -0.014796163 -0.0560617112 -0.00578672113 -0.0167133193 -0.0563461185 -0.00649764808 -0.0157278292 -0.0567153133 -0.00270467927 -0.0143341022 -0.0557917058 -0.00475252466 -0.0175955351 -0.05553893 -0.00310239592 -0.0183760095 -0.0584719293 0.0193453133 -0.00184528274 -0.0582734682 0.0215134099 -0.00514322007 -0.0583313107 0.0226005502 -0.00443940191 -0.0584865697 0.0246043298 -0.001253439 -0.0584486015 0.0241829306 -0.00245180097 -0.0584861599 0.0202401839 -0.00129251019 -0.0566389412 -0.00697136205 -0.0146383401 -0.0574008301 -0.00192944368 0.0112991836 -0.0577831715 -0.00554750394 0.00912989769 -0.0576216206 -0.00632019015 0.0100994399 -0.0569295026 -0.00319157075 -0.0134720001 -0.0569257699 -0.00719347689 -0.0134798596 -0.0584966466 0.0206576698 -0.000625920249 -0.0573143549 -0.00262155128 0.0117236124 -0.0574217588 -0.00686268182 0.0111799696 -0.0579118505 -0.00445857411 0.00827749074 -0.0558283105 -0.00491447607 0.0174771305 -0.058009591 -0.00276170601 0.00755895721 -0.0571938716 -0.00715206703 -0.0122927297 -0.0571602881 -0.00311260251 -0.0124538401 -0.0584999993 0.0247460101 2.12175996e-06 -0.0584990121 0.0207191557 0.000428905885 -0.0574296303 -0.00684891315 -0.0111394702 -0.0584865101 0.0246043 0.00125632505 -0.0584853664 0.0202061497 0.00134549371 -0.0571363084 -0.00316248322 0.0125653371 -0.0571848713 -0.00715741422 0.01233452 -0.0572922677 -0.00272520352 -0.0118323341 -0.0555380695 -0.00310191489 0.0183786005 -0.0576282591 -0.00629888801 -0.0100614801 -0.0584486611 0.0241841003 0.00245033391 -0.0583929718 0.0235085599 0.00353698595 -0.0584742501 0.0194777567 0.00181405619 -0.0583935305 0.0235048905 -0.00352779101 -0.0582314506 0.0202992391 0.00559901493 -0.0578033403 -0.00542046595 -0.00900130812 -0.0569159016 -0.00719004823 0.0135214897 -0.0582769997 0.0215304997 0.00510311406 -0.0583297797 0.0225958005 0.00445943978 -0.0578952208 -0.00462942896 -0.00839007366 -0.0569011085 -0.00314727519 0.0135873444 -0.0574629046 -0.00329989917 -0.01894271 -0.0585168004 -0.00184021494 -0.0153633896 -0.0587463528 -0.00296776067 -0.0144616244 -0.0585941561 -0.00243467442 -0.0150665045 -0.0589346699 -0.00321710063 -0.0136745544 -0.0603898913 0.0235048905 -0.00364839891 -0.060446851 0.0241828896 -0.0025357299 -0.0604861118 0.0246043708 -0.00129623502 -0.0604999997 0.0247460101 2.19429899e-06 -0.0604860485 0.0246043 0.00129934598 -0.0604469292 0.0241843592 0.00253361999 -0.0602222607 0.0202992391 0.00579043385 -0.0593629293 -0.00195064361 0.011689879 -0.0585174449 -0.00186152291 0.0153612699 -0.0603893213 0.0235085599 0.00365790795 -0.0603239611 0.0225957707 0.00461191777 -0.0602693707 0.0215304792 0.00527758989 -0.0593687147 -0.00180230639 -0.0116501004 -0.059130542 -0.00308408099 -0.0128002753 -0.0592573099 -0.00268656248 -0.0121988328 -0.0602224991 0.0202997103 -0.00578797096 -0.0602657199 0.0215132199 -0.00531911198 -0.0590316132 -0.00320342393 0.0132507868 -0.0592375696 -0.00279724435 0.0122970147 -0.0603256114 0.0226019006 -0.00459057512 -0.0588265955 -0.00312374579 0.0141315963 -0.0586741231 -0.0027633158 0.0147508746 -0.0574368089 -0.00310191489 0.0190069303 0.0157389883 -0.029099999 0.0553305 0.0119244698 -0.029099429 0.0565804839 0.0120437965 -0.0290923342 0.0585281774 0.012310612 -0.0290990919 -0.0583399013 0.0166426189 -0.0290700179 -0.0574323237 0.0158648603 -0.0290987026 -0.0555092692 -0.0594631694 -0.0291004423 -0.00209329301 -0.0573276989 -0.0290989019 0.00621300424 -0.0593749732 -0.0290809534 0.00654566241 0.0166441742 -0.0290692858 0.0574104376 0.0195674393 -0.0291000474 -0.0540681519 -0.0593620464 -0.0290872585 -0.00651111919 -0.0574209429 -0.0290976465 -0.00624406571 0.0195999909 -0.0291000009 0.0540563613 0.0214240402 -0.0290989373 0.0536257662 0.0213550497 -0.0290989019 -0.0536780953 0.0220828746 -0.0290936027 -0.0554191619 0.0327853821 -0.0291013513 -0.049652487 0.0328146517 -0.0291000009 0.0496331416 0.0220986474 -0.0290909577 0.0554707088 -0.0583818443 -0.0290968847 0.0122256195 -0.0553763807 -0.0290999971 0.0157589931 -0.0574097671 -0.0290691629 0.0166443884 -0.0574323237 -0.0290700179 -0.0166426189 -0.055509191 -0.029098738 -0.015864715 -0.0583399162 -0.0290990919 -0.012310518 0.0420604497 -0.0291000009 -0.0420852602 0.0420852602 -0.0291000009 0.0420604497 0.0501053222 -0.0290995874 -0.0322478414 0.049959667 -0.0290988125 0.0326289646 -0.0562421493 -0.0291000009 0.0119612403 0.0533296354 -0.0291015673 -0.0214988403 -0.0562429689 -0.029100541 -0.0119573502 0.0533423088 -0.0291000009 0.0214673802 0.0553223677 -0.0290990081 -0.0222112387 0.0553818271 -0.029099958 -0.015779281 0.0553852469 -0.0290999822 0.0157337002 0.0554736517 -0.0290934369 0.0220717583 0.0562421493 -0.0291003771 -0.0119612301 0.0562429689 -0.0291000009 0.0119573604 -0.0553988852 -0.0290978923 -0.0220913291 -0.0497597158 -0.0290993378 -0.0328457728 -0.0533423088 -0.0291003995 -0.0214673802 -0.0533296317 -0.0291000009 0.0214988403 -0.0496331416 -0.0291000009 0.0328146517 -0.0554483421 -0.02909429 0.0221156012 0.057358373 -0.0290986262 0.00623108214 0.0572421551 -0.0290996358 -0.00611856254 -0.0420604497 -0.0291000009 0.0420852602 -0.0420852602 -0.0291000009 -0.0420604497 -0.0328146555 -0.0291009471 -0.0496331453 -0.0327853784 -0.0291000009 0.0496524796 0.0573657602 -0.0290855058 -0.0165684391 0.0584386401 -0.029096568 -0.0122201266 -0.0213858318 -0.0290993731 0.0535656102 -0.0220488645 -0.0290843621 0.0555045865 0.0573471338 -0.0290956572 0.0164897908 -0.0222103447 -0.0290986989 -0.0553239547 -0.0214499179 -0.0290996749 -0.0535428636 -0.0195999909 -0.0291001517 -0.0540563613 -0.0195674393 -0.0291000009 0.0540681519 0.0585069582 -0.0290738773 0.0121596912 0.0594631806 -0.02910023 0.00209300802 0.0594805665 -0.0290543474 -0.00671458524 0.0586358942 -0.0290990211 0.00626594154 0.059422899 -0.0290667992 0.00666158972 -0.0157033075 -0.0291000009 0.0553319938 -0.0159101207 -0.0290989857 -0.055430755 -0.0164898224 -0.0290956423 0.0573470965 -0.0118839666 -0.0290993843 0.0563824363 -0.0121851712 -0.0290739238 0.0585012101 -0.0121464049 -0.0290774982 -0.058512792 -0.0119524477 -0.029099647 -0.0563677549 -0.0165172014 -0.0290977247 -0.0573274009 -0.0060361051 -0.0291002002 -0.0571823008 -0.00606313581 -0.0291000009 0.0571794398 -0.00647048047 -0.0290921107 -0.0593101196 4.18829222e-05 -0.0290993843 -0.0596533865 0.00594977383 -0.0291004758 0.0571913496 0.00603139494 -0.0291000251 -0.0571828 0.00633412646 -0.0291003175 -0.0592546947 0.0119312759 -0.0290998667 -0.0563043542 -0.0162189957 -0.0290251207 0.0556020439 -0.0171380825 -0.0288377721 0.0576910786 -0.017511772 -0.0283069964 0.0579138435 -0.0171867292 -0.0284101292 0.0569637492 -0.0166564249 -0.0287805945 0.0558467582 -0.0211110041 -0.0288796201 0.0541652851 -0.020935297 -0.0284929536 0.0545494668 -0.0182593614 -0.0283072982 0.0555813611 -0.0169704296 -0.0281759202 0.0559865385 -0.0208799969 -0.0280041713 0.0546510369 -0.0217630491 -0.0288003497 0.0561604612 -0.0216132179 -0.0279353391 0.056512028 -0.0212085694 -0.0277909096 0.0553242005 -0.0216309857 -0.0283605307 0.056469366 -0.0427648984 -0.0281693693 0.0427911356 -0.0506803617 -0.0284869298 0.0328988098 -0.0427122787 -0.0284869298 0.0427374803 -0.0507467315 -0.0281633306 0.0329385847 -0.0329637788 -0.0290461294 0.0499226712 -0.0422893204 -0.0290461294 0.0423142612 -0.03315695 -0.0288445037 0.0502248518 -0.0425414443 -0.028834613 0.0425855666 -0.0333140604 -0.028356554 0.0504779108 -0.0329113007 -0.0281000007 0.0507651083 -0.0501784906 -0.0290461294 0.0325730294 -0.0504882075 -0.0288307853 0.0327830203 -0.0561795346 -0.0287781954 0.0217947103 -0.0565261617 -0.0281343851 0.0215908214 -0.0545471683 -0.0285199489 0.0209812429 -0.0546459928 -0.028065972 0.0208954178 -0.0542484932 -0.028840974 0.0211198218 -0.0538066439 -0.0290433671 0.0213228036 -0.0555514582 -0.0277909618 0.0213332567 -0.0556008369 -0.029010132 0.0162746217 -0.0558609441 -0.0286811516 0.0167575087 -0.055984579 -0.0282509942 0.016982872 -0.055544693 -0.028145602 0.018360937 -0.0578933284 -0.0282166656 0.0175746009 -0.0577004626 -0.0288591292 0.0171728451 -0.0589589886 -0.0281000007 0.0135678798 -0.0593849346 -0.0282746051 0.0115662925 -0.0591229498 -0.0287751723 0.011747079 -0.0584547743 -0.0283963494 0.0155922743 -0.0566609502 -0.0290468615 0.0117115173 -0.0571348816 -0.0287802014 0.0113628097 -0.0574236438 -0.0282424781 0.0111767137 -0.0576719381 -0.0282114949 0.00981119182 -0.0580633022 -0.0279210415 0.00713819964 -0.0580093116 -0.0284655262 0.00708786491 -0.0574283488 -0.0288071893 0.00970216095 -0.0577518046 -0.0288728643 0.00674613798 -0.0599771403 -0.0285416413 0.00729633495 -0.060047742 -0.0279793534 0.0073973476 -0.0596963353 -0.0289005078 0.00694837654 -0.058809679 -0.0278460309 0.00721021509 -0.06044963 -0.0283045229 0.00245147501 -0.0598329306 -0.0290532298 -4.46800368e-05 -0.060148742 -0.0288308021 -0.00244527473 -0.0599090233 -0.0286937635 -0.00721316552 -0.0604491681 -0.028293753 -0.00246827817 -0.0601458699 -0.0288433433 0.00215236796 -0.0600475781 -0.0280265771 -0.00740454067 -0.0578046143 -0.0288541038 -0.00677071558 -0.0579914898 -0.0285528917 -0.00704335561 -0.0580614246 -0.02802529 -0.00715880841 -0.0590637811 -0.0278448258 -0.00723591354 -0.0567707196 -0.0290013161 -0.0116068879 -0.0572060347 -0.0286948364 -0.0113263503 -0.0574245602 -0.0282405615 -0.0111722313 -0.0576774105 -0.0282042772 -0.00977698341 -0.0591963939 -0.0287096594 -0.0117114922 -0.0593882725 -0.0282188207 -0.0115478849 -0.0588032305 -0.0289887916 -0.0119765578 -0.0577171259 -0.0288013592 -0.0171760451 -0.0579130016 -0.0282993168 -0.0175141003 -0.0589542687 -0.0282782186 -0.0135870585 -0.0584614389 -0.0281000007 -0.0155727305 -0.0557278283 -0.0289350227 -0.0164215323 -0.0559104197 -0.0286630336 -0.0167361517 -0.0569610819 -0.0283919871 -0.0171920173 -0.0555610806 -0.028138645 -0.0183112677 -0.0546365529 -0.0278894417 -0.0209117103 -0.0545253046 -0.0285607427 -0.0209487099 -0.0539824218 -0.0289753377 -0.0211987495 -0.056004975 -0.0283350237 -0.0169228744 -0.0565146692 -0.0279547088 -0.0216077119 -0.0553242005 -0.0277909096 -0.0212085694 -0.0559355095 -0.0289357137 -0.0218693595 -0.0563875586 -0.0285558458 -0.0216662195 -0.04247161 -0.0289543699 -0.0424356647 -0.0327124596 -0.0289540421 -0.050344456 -0.0426663794 -0.0286700707 -0.0426412411 -0.0328665078 -0.028551206 -0.0506789833 -0.0427884646 -0.0283079464 -0.0427538939 -0.0329412185 -0.0281000007 -0.0507456996 -0.0422493517 -0.0290727206 -0.0422244482 -0.0501071587 -0.0289488677 -0.0330830328 -0.0503381006 -0.0286700707 -0.0332380906 -0.0504459701 -0.0284096394 -0.0333093107 -0.0507651083 -0.0281000007 -0.0329113007 -0.0218962561 -0.0289417226 -0.0559170581 -0.0217106845 -0.0286017321 -0.0563385077 -0.0216197278 -0.0280348882 -0.0565123595 -0.0213333126 -0.0277907699 -0.0555514321 -0.0209427718 -0.0278934184 -0.0546246544 -0.0209859535 -0.0285573639 -0.0545362756 -0.021187162 -0.0289308596 -0.054107096 -0.0183510259 -0.0281198062 -0.055547554 -0.0166259129 -0.0288283639 -0.055787079 -0.0169446189 -0.0283805151 -0.0559976473 -0.0170072317 -0.0289494917 -0.0576240495 -0.0117624868 -0.0288026575 -0.0590630658 -0.015162982 -0.0286951922 -0.0583730824 -0.011653021 -0.0290359277 -0.0567241348 -0.0113331787 -0.0287210569 -0.057220228 -0.00658421637 -0.0289824214 -0.0576306954 -0.00705797272 -0.0285259578 -0.0579874329 -0.00983820762 -0.0283314623 -0.0576674566 -0.0111402897 -0.0281000007 -0.0574294999 -0.00717569981 -0.0280726105 -0.0580598153 -0.00740772532 -0.0280211326 -0.0600472689 -0.00690614479 -0.0289332792 -0.0596607886 -0.00726036401 -0.0285983533 -0.0599505231 -0.00721010705 -0.0278460402 -0.0588097014 -0.0020275393 -0.0285484381 -0.0603738278 -0.00247206702 -0.0281000007 -0.0604494698 0.00246848888 -0.0282613169 -0.0604491346 0.0024572236 -0.0288543385 -0.0601382628 0.00739623513 -0.0279949624 -0.0600480735 0.00731161702 -0.0285022389 -0.0599882975 0.00692612724 -0.0289237872 -0.0596838892 -0.00213612337 -0.0289484654 -0.060006652 0.00706904102 -0.02851055 -0.0580113754 0.0067805103 -0.0288572107 -0.0578002892 0.00643301336 -0.0290457886 -0.0575246178 0.00713819498 -0.0279403049 -0.0580634028 0.00723596755 -0.027844714 -0.0590637699 0.00977709983 -0.0282042362 -0.0576773919 0.0116069783 -0.0290013179 -0.0567706935 0.0113264509 -0.0286948476 -0.0572060086 0.0111723151 -0.0282405391 -0.0574245416 0.0117115984 -0.0287096761 -0.059196353 0.0119766621 -0.0289887954 -0.0588031933 0.017176047 -0.0288013574 -0.0577171296 0.0164215323 -0.0289350227 -0.0557278283 0.0167361517 -0.0286630336 -0.0559104197 0.0171920173 -0.0283919871 -0.0569610819 0.0183112677 -0.028138645 -0.0555610806 0.0209117103 -0.0278894417 -0.0546365529 0.0209487099 -0.0285607427 -0.0545253046 0.0169228744 -0.0283350237 -0.056004975 0.0216077119 -0.0279547088 -0.0565146692 0.0212085694 -0.0277909096 -0.0553242005 0.0218693595 -0.0289357137 -0.0559355095 0.0216662195 -0.0285558458 -0.0563875586 0.0424356647 -0.0289543699 -0.04247161 0.050344456 -0.0289540421 -0.0327124596 0.0426412411 -0.0286700707 -0.0426663794 0.0506789833 -0.028551206 -0.0328665078 0.0427538939 -0.0283079464 -0.0427884646 0.0507456996 -0.0281000007 -0.0329412185 0.0422244482 -0.0290727206 -0.0422493517 0.0330830328 -0.0289488677 -0.0501071587 0.0332380906 -0.0286700707 -0.0503381006 0.0333093107 -0.0284096394 -0.0504459701 0.0329113007 -0.0281000007 -0.0507651083 0.0559170581 -0.0289417226 -0.0218962561 0.0563385077 -0.0286017321 -0.0217106845 0.0565123595 -0.0280348882 -0.0216197278 0.0555514321 -0.0277907699 -0.0213333126 0.0546246544 -0.0278934184 -0.0209427718 0.0545362756 -0.0285573639 -0.0209859535 0.054107096 -0.0289308596 -0.021187162 0.055547554 -0.0281198062 -0.0183510259 0.0556106158 -0.029007582 -0.0162923131 0.0558918528 -0.0286234319 -0.0168020334 0.055984959 -0.0282543693 -0.0169818681 0.0576240532 -0.0289494898 -0.0170072336 0.0590630434 -0.0288026575 -0.0117626321 0.0583730564 -0.0286952145 -0.0151630063 0.056724105 -0.0290359277 -0.0116531579 0.0572202094 -0.0287210364 -0.0113333063 0.0576334856 -0.0289822053 -0.00656028371 0.0579787455 -0.0285476334 -0.0070491042 0.0576674081 -0.0283314586 -0.0098384684 0.0574294701 -0.0281000007 -0.0111404303 0.0580602102 -0.0280601066 -0.00717183063 0.0599548258 -0.0285879057 -0.00727319811 0.0588103645 -0.0278316084 -0.00720686652 0.060046725 -0.0280470084 -0.00741336634 0.0603738055 -0.0285484456 -0.00202796212 0.0604494587 -0.0281000007 -0.00247252709 0.0604491457 -0.0282612927 0.00246810331 0.0601382889 -0.0288543273 0.00245687249 0.0597388856 -0.0290779229 4.08433079e-05 0.0598673336 -0.0287321359 0.00714655127 0.060006652 -0.0289484579 -0.00213656924 0.0600460172 -0.0281378627 0.00742920442 0.057980936 -0.02859414 0.00701187178 0.0580611043 -0.0280418862 0.00716338214 0.0577609874 -0.0288921371 0.00673002657 0.0590638146 -0.0278445482 0.00723561971 0.0567906164 -0.0290055349 0.011594709 0.0574147291 -0.028410513 0.0112146512 0.0576753281 -0.0282123592 0.00978898909 0.0589371212 -0.0289200116 0.0118922982 0.0576910824 -0.0288377907 0.0171380658 0.0556020439 -0.0290251207 0.0162189957 0.0569637492 -0.0284101292 0.0171867292 0.0558467582 -0.0287805945 0.0166564249 0.0540002882 -0.0289839637 0.0211849958 0.0545494668 -0.0284929536 0.020935297 0.0555813611 -0.0283072982 0.0182593614 0.0559865385 -0.0281759202 0.0169704296 0.0546510369 -0.0280041713 0.0208799969 0.05620832 -0.0287658609 0.0217520315 0.0565348491 -0.0280983597 0.0215666331 0.0553242005 -0.0277909096 0.0212085694 0.0333231986 -0.0284869298 0.0504023395 0.0291635301 -0.0288324878 0.0526609793 0.033232905 -0.0288359709 0.050187055 0.0362316072 -0.0288286656 0.0480753146 0.0352132171 -0.0290460587 0.0484330766 0.0423017889 -0.0290461294 0.0423017889 0.0425774641 -0.028834315 0.0425499454 0.0477924608 -0.0290461294 0.0359828286 0.0481067896 -0.0288394764 0.0361739136 0.0483985022 -0.028316237 0.0363022536 0.0502520874 -0.0288326461 0.0331397988 0.0523473211 -0.0290461294 0.0289593004 0.0504219793 -0.0284869298 0.0332934707 0.0529396944 -0.0282911882 0.0292865541 0.0526769385 -0.0288418438 0.0291113425 0.0289798807 -0.0290461294 0.0523359403 0.0217957031 -0.0287790298 0.0561798923 0.0209812429 -0.0285199489 0.0545471683 0.0208954178 -0.028065972 0.0546459928 0.0211198218 -0.028840974 0.0542484932 0.0213332567 -0.0277909618 0.0555514582 0.0162746217 -0.029010132 0.0556008369 0.0167575087 -0.0286811516 0.0558609441 0.016982872 -0.0282509942 0.055984579 0.018360937 -0.028145602 0.055544693 0.0175747722 -0.0282160975 0.0578932539 0.0171717387 -0.0288603362 0.0577005818 0.011640762 -0.0287644062 0.0591181144 0.015556029 -0.028395867 0.0584644228 0.0114666624 -0.0282870177 0.0594041012 0.0134999901 -0.0281000007 0.058974579 0.0114601264 -0.0289876424 0.0568976365 0.0111248475 -0.0284265857 0.0574330613 0.00971577968 -0.0282112565 0.0576880649 0.00704855798 -0.0279144887 0.0580741689 0.00698477076 -0.0285035819 0.0580076724 0.0065003885 -0.0289840978 0.0576499812 0.00721740024 -0.0285317432 0.0599907637 0.00685785618 -0.0289006438 0.0597066469 0.0073074284 -0.0279876404 0.0600587465 0.00711840158 -0.0278345942 0.0588211417 0.00487603294 -0.0281000007 0.0603031889 0.00410894724 -0.0289735254 0.0598597042 0.00432567718 -0.0285861623 0.0602379851 0.00244000205 -0.0281000007 0.0604507811 -0.00726846699 -0.027843656 0.0590598211 -0.00716059934 -0.0279016662 0.0580604337 -0.00708759995 -0.0285352524 0.0580042191 -0.00660726009 -0.0289929155 0.057651259 -0.00980086066 -0.028208727 0.0576733425 -0.0114053218 -0.0288199279 0.0571004562 -0.0111969896 -0.0282379501 0.0574196875 -0.0119179869 -0.0289201606 0.0589312986 -0.0116227958 -0.0284103006 0.0593740158 -0.0135412775 -0.0283905864 0.0589634627 -0.01558105 -0.0281000007 0.0584592186 -0.0271854997 0.0030768651 0.0540481098 -0.0262867995 0.0030768651 0.052261401 -0.0289561301 0.00661501195 0.0508310199 -0.030170856 0.00290563516 0.0501200147 -0.0295368228 0.00190584036 0.0504977889 -0.0407686271 -0.0205897279 0.0419567674 -0.0404620394 -0.0246157199 0.0422501303 -0.0395926312 -0.0241946392 0.0430659316 -0.0299762804 0.00704281311 0.0502361692 -0.0356798582 0.00276106992 0.0463594384 -0.0401036032 -0.0196986068 0.0425967425 -0.0372157395 -0.0203099996 0.0451357812 -0.0279399604 0.00586930988 0.0513965786 -0.0387858488 -0.0235177092 0.0437939316 -0.0270533785 0.00481273001 0.0518697873 -0.0504014418 0.00694092689 0.0296975505 -0.0502080321 0.00272551668 0.0300215464 -0.0498571545 0.00310376356 0.0306038447 -0.0509639382 0.0064618839 0.02872153 -0.0522350706 0.00326478179 0.0263464134 -0.0325973369 0.00195709476 0.0485796407 -0.0347120091 0.00514007499 0.0470885001 -0.0351619609 0.00431735348 0.0467537642 -0.0339575186 0.00602582982 0.0476354584 -0.0322005674 0.00266416441 0.0488416553 -0.0504769795 0.00204001204 0.0295796525 -0.0518412888 0.00484054722 0.0271059107 -0.038090229 -0.0226048194 0.044400271 -0.0421642028 -0.0204166248 0.0405549146 -0.0426432155 -0.0193635374 0.0400492065 -0.0437775403 -0.0235191397 0.0388043411 -0.0430560298 -0.0241959598 0.039603401 -0.0330663882 0.00667830277 0.0482583009 -0.0497851409 0.00716908788 0.0307195392 -0.0494364612 0.00318170246 0.0312778354 -0.0451236703 -0.0203153193 0.0372304283 -0.0448334217 -0.0215283092 0.0375794508 -0.0443775319 -0.0226157196 0.0381167307 -0.0422357209 -0.0246165097 0.0404770896 -0.0375984497 -0.0215400904 0.0448174812 -0.0491355583 0.00713337492 0.0317481682 -0.0489328243 0.00282999384 0.0320618264 -0.0484861583 0.00683448417 0.0327313691 -0.05145799 0.0057474752 0.0278267097 -0.0414858796 -0.0207608361 0.0412463769 -0.0413579382 -0.0247577894 0.0413735509 -0.0478639901 0.00628733402 0.0336346216 -0.0485554934 0.00179248548 0.0326295942 -0.0463594384 0.00275334902 0.0356798507 -0.0472369082 0.00541028706 0.0345097706 -0.0468690209 0.00461999001 0.0350077897 -0.0320806503 0.00707646692 0.0489191413 -0.0316458568 0.00308219786 0.0492017418 -0.0310319997 0.00719917985 0.0495909788 -0.0309788939 0.00320408843 0.049625311 -0.0305321515 0.00186277868 0.0522308014 -0.0326089971 0.0031515623 0.0509614609 -0.0333501287 0.00260621845 0.0504780859 -0.0337191634 0.00192620163 0.0502353795 -0.0463660993 -0.0215285998 0.0388643183 -0.0458948314 -0.0226155203 0.0394197218 -0.0452742018 -0.0235191397 0.0401309915 -0.0466663614 -0.0203153193 0.0385032594 -0.0445280187 -0.0241959598 0.0409573615 -0.0436795503 -0.0246165004 0.0418610387 -0.0427718796 -0.0247577894 0.0427880287 -0.0384880714 -0.0203099996 0.0466788895 -0.0316812322 0.00313474075 0.0515419208 -0.0418454893 -0.0246157199 0.0436944515 -0.0409459583 -0.0241944492 0.0445385017 -0.0522368513 0.00181006198 0.0305215009 -0.0310988799 0.00278238417 0.0518952869 -0.0401118584 -0.0235177092 0.0452911519 -0.0517692193 0.00294152414 0.0313087441 -0.0520899445 0.00237785373 0.0307718962 -0.051338505 0.00318436837 0.0320098139 -0.0502194539 0.00181500486 0.0337405577 -0.0509030782 0.00308940979 0.0326977782 -0.0505428091 0.00270042778 0.0332518443 -0.0393924713 -0.0226048194 0.04591823 -0.0388838686 -0.0215400998 0.0463497005 -0.0540488809 0.003059234 0.0271839797 -0.0362234302 0.00459459377 0.0484573394 -0.0384938903 0.00650896877 0.0466740914 -0.0368531011 0.00298345136 0.0479839891 -0.035586141 0.00554745318 0.0489272587 -0.0440894663 -0.0194990691 -0.0414306112 -0.0437395126 -0.0202351082 -0.04179864 -0.0436872616 0.00219967798 -0.0418529995 -0.0445323698 0.0026210011 -0.0409526303 -0.0452860482 0.00329775107 -0.0401176214 -0.0479839891 0.00298345042 -0.0368531011 -0.0459140912 0.00421134615 -0.0393972993 -0.0463455096 0.00527708605 -0.0388888717 -0.0466740914 0.00650896877 -0.0384938903 -0.0484573394 0.00459459377 -0.0362234302 -0.0338215716 0.00685991487 0.0501632504 -0.03280323 0.00715122512 0.0508349985 -0.0347586088 0.00631935382 0.0495185703 -0.0489272587 0.00554745318 -0.035586141 -0.0317388698 0.0071792379 0.0515062511 -0.0306828208 0.00694343215 0.0521422513 -0.0188863575 -0.00335329701 0.0574819408 -0.0180454198 -0.00492345123 0.0577461086 -0.0172367897 -0.00582562992 0.0579926111 -0.0162193701 -0.00653267279 0.0582853518 -0.0280564092 0.00488978485 0.0536011904 -0.0286603495 0.00564306509 0.0532807112 -0.0296753906 0.00645730877 0.0527221113 -0.0501632504 0.00685991487 -0.0338215716 -0.0508349985 0.00715122512 -0.03280323 -0.0495185703 0.00631935382 -0.0347586088 -0.0150929801 -0.00700122677 0.0585871302 -0.0138962297 -0.00721671619 0.0588824712 -0.0126707396 -0.00716859102 0.0591582917 -0.0515062511 0.0071792379 -0.0317388698 -0.0114822704 -0.00685992092 0.0594003983 -0.0103729796 -0.00630637584 0.0596041195 -0.0521422513 0.00694343215 -0.0306828208 -0.0527221113 0.00645730877 -0.0296753906 -0.00928297825 -0.0054252129 0.0597835816 -0.0540481098 0.0030768651 -0.0271854997 -0.0577307791 -0.00488237897 -0.0180943999 -0.0579783395 -0.0057867039 -0.0172847304 -0.00578213716 -0.00651333295 0.0602230616 -0.00779577391 -0.0027687361 0.0599956289 -0.00865458883 -0.00463306997 0.0598777793 -0.00527042709 -0.00528254593 0.0602700002 -0.0582722686 -0.00649726205 -0.0162663106 -0.00460648304 -0.00421772292 0.0603243783 -0.0536011904 0.00488978485 -0.0280564092 -0.0532807112 0.00564306509 -0.0286603495 -0.00365425111 -0.00330423098 0.0603895411 -0.0585752018 -0.00697123306 -0.01513921 -0.0588719696 -0.00719347177 -0.0139406202 -0.0591491908 -0.00715207215 -0.0127130998 -0.0593930185 -0.00684894808 -0.0115203997 -0.0595983192 -0.00629932201 -0.0104062296 -0.0597795211 -0.00542049389 -0.00930907205 -0.0602223985 -0.00650275499 -0.00578896981 -0.0599931404 -0.00276196096 -0.00781489816 -0.0598745495 -0.00462943688 -0.00867692288 -0.0602695718 -0.00527164899 -0.00527530117 -0.00189920503 0.0194223113 0.0604703538 -0.0603241809 -0.00420716312 -0.00460913777 -0.00129929103 -0.00220406312 0.060486041 -3.46080401e-06 -0.00206270907 0.0604999997 -0.00253228005 -0.00262639509 0.0604469813 -0.0603895299 -0.00329455989 -0.00365431095 0.00784312282 -0.00299909082 0.0599922277 0.0052984911 -0.00531378621 0.0602675416 0.00576051418 -0.00652967812 0.0602251291 0.00457771914 -0.00422283588 0.0603265688 0.00363999302 -0.00331566297 0.0603904016 0.00862015504 -0.00462261401 0.0598827414 -0.000635264674 0.0207099784 0.0604969263 -0.00129163265 0.0203372743 0.0604865253 -0.0604702272 0.019365171 -0.00190339098 -0.0604861118 -0.00219741906 -0.00129624503 -0.0604999997 -0.0020559181 1.05074901e-06 0.00939573534 -0.00557928206 0.059765961 -0.0604470596 -0.00261828909 -0.00253032404 0.01039006 -0.00635691592 0.0596011505 0.000409250468 0.020797953 0.0604996383 -0.0599882863 -0.00297278468 0.00787373353 -0.0602654703 -0.00528820278 0.005321973 -0.0602223687 -0.00650288397 0.00578935491 -0.0603252091 -0.00420007901 0.00459560519 -0.0603896193 -0.00329561997 0.00365290907 0.0115022603 -0.00690673711 0.0593965314 -0.0598771013 -0.00459468504 0.00865924265 -0.060499806 0.0207404979 -0.000382942613 -0.0604863577 0.0202766601 -0.0012993461 -0.0597586706 -0.00554748578 0.00944201834 0.00190853479 0.0194994994 0.0604701862 0.00142542098 0.0202522315 0.0604833812 0.00253030006 -0.0026334601 0.0604470596 0.00129363802 -0.00220757211 0.0604861602 -0.0595917106 -0.0063197948 0.0104440199 0.0126929004 -0.00721047213 0.0591535307 0.0139180804 -0.00725287804 0.0588773005 0.0151147097 -0.00703126518 0.058581531 0.0162389409 -0.00655722618 0.0582799017 -0.0593849793 -0.00686252583 0.0115617802 0.0173562802 -0.00575191015 0.0579569601 0.0180123504 -0.00500316778 0.0577564314 0.0189464595 -0.00319559406 0.0574567802 -0.0604712628 0.0194785483 0.00187711336 -0.0604841299 0.0201969929 0.00138952862 -0.0604963377 0.0206337702 0.000693609647 -0.060446661 -0.00261848909 0.00253993296 -0.060486041 -0.00219765492 0.00129951804 0.0271839797 0.003059234 0.0540488809 -0.0591399297 -0.0071574091 0.0127560999 -0.0588617213 -0.00719005289 0.0139838597 -0.0585644618 -0.00695933821 0.0151806902 -0.0582617186 -0.00647801999 0.0163040403 -0.0579379015 -0.00566655491 0.0174198207 -0.0577369705 -0.00491448306 0.0180746391 0.0422878675 -0.020646695 0.0432669073 0.0414143726 -0.0193478595 0.0441037379 0.0418260656 -0.0202437919 0.0437130667 0.0297041107 0.00646224711 0.0527059287 0.0307132602 0.00694107218 0.0521243289 0.0287780501 0.00574747613 0.0532172285 0.0279107727 0.00466565136 0.0536779538 0.031769339 0.00716910092 0.0514874682 -0.0432035178 -0.0206764713 0.0423526205 -0.0440985635 -0.0193761177 0.0414196588 -0.0436842404 -0.0202855859 0.0418563709 0.0384914391 0.00650315918 0.0466761105 0.0362046398 0.00461999001 0.04847138 0.0368996784 0.00275334902 0.0479443818 0.0356895886 0.00541028613 0.0488518514 0.0388521217 0.00528828008 0.0463763215 -0.0426165201 -0.0207524616 0.0429431796 0.0394075885 0.00420007622 0.0459052511 0.0328340083 0.00713336188 0.0508151315 0.0401198082 0.00329603301 0.0452841111 0.0409473293 0.00261907792 0.04453725 0.0347850993 0.0062869438 0.0494999699 0.0338504612 0.00683445018 0.0501437485 0.0418520682 0.00219840091 0.0436881483 -0.0532172285 0.00574747613 0.0287780501 -0.0527059287 0.00646224711 0.0297041107 -0.0536779501 0.00466566253 0.0279107783 -0.0414545909 -0.019623803 0.0440663844 -0.0420218296 -0.0204761215 0.0435252637 -0.0521243289 0.00694107218 0.0307132602 -0.0514874682 0.00716910092 0.031769339 -0.0466761105 0.00650315918 0.0384914391 -0.04847138 0.00461999001 0.0362046398 -0.0479443818 0.00275334902 0.0368996784 -0.0488518514 0.00541028613 0.0356895886 -0.0463763215 0.00528826704 0.0388521217 -0.0459052399 0.00420005387 0.0394075997 -0.0508151315 0.00713336188 0.0328340083 -0.0452840887 0.00329600694 0.0401198305 -0.044537209 0.00261905394 0.0409473591 -0.0494999699 0.0062869438 0.0347850993 -0.0501437485 0.00683445018 0.0338504612 -0.0436880998 0.00219838601 0.0418521203 -0.0427799001 0.002057323 0.0427800193 -0.041852951 0.00219969405 0.0436873101 -0.0409525894 0.00262102508 0.0445324108 -0.0401175991 0.00329777598 0.0452860706 -0.0393972918 0.00421136711 0.0459140986 -0.0388888605 0.00527709909 0.0463455096 -0.05823154 -0.00650288397 0.00559797091 -0.0584484413 -0.00261845393 0.0024558669 -0.0584864989 -0.00219768891 0.00125684799 -0.058490295 -0.0063986117 0.00115136662 -0.0582732111 -0.00528849708 0.00514616817 -0.0584712401 -0.00744843157 0.0018466044 -0.0583932698 -0.00329561904 0.00353215192 -0.0583310015 -0.00419986807 0.00444349414 -0.058231581 -0.00650275499 -0.00559759978 -0.0584774688 -0.00711124251 -0.00175354036 -0.0582771897 -0.00527164992 -0.00510091102 -0.0583299883 -0.00420716312 -0.00445677014 -0.0583931915 -0.00329456106 -0.00353350793 -0.0584967546 -0.00622503227 -0.000834128645 -0.0584488288 -0.00261812308 -0.00244637602 -0.0584865697 -0.00219741906 -0.00125358696 -0.0584999993 -0.0020559181 1.01555702e-06 -0.0585005097 -0.00605301652 0.000180583811 -0.0604698583 -0.00743741449 0.00190756249 -0.0604734793 -0.00717986654 -0.00183513749 -0.0604911931 -0.00633657677 -0.00105307798 -0.0604998283 -0.00606107945 -0.000219965339 -0.0604970157 -0.0061376025 0.000613729178 -0.0604860634 -0.00652862806 0.00130513753 -0.052261401 0.0030768651 -0.0262867995 -0.0508310199 0.00661501195 -0.0289561301 -0.0501200147 0.00290563516 -0.030170856 -0.0504977889 0.00190584036 -0.0295368228 -0.0421001911 -0.0204579979 -0.0406194329 -0.0422501303 -0.0246157199 -0.0404620394 -0.0430659316 -0.0241946392 -0.0395926312 -0.0502361692 0.00704281311 -0.0299762804 -0.0463594384 0.00276106992 -0.0356798582 -0.0426050313 -0.0196518283 -0.0400939174 -0.0451357812 -0.0203099996 -0.0372157395 -0.0513965786 0.00586930988 -0.0279399604 -0.0437939316 -0.0235177092 -0.0387858488 -0.0518697873 0.00481273001 -0.0270533785 -0.0296975505 0.00694092689 -0.0504014418 -0.0300215464 0.00272551668 -0.0502080321 -0.0306038447 0.00310376356 -0.0498571545 -0.02872153 0.0064618839 -0.0509639382 -0.0263464134 0.00326478179 -0.0522350706 -0.0485796407 0.00195709476 -0.0325973369 -0.0470885001 0.00514007499 -0.0347120091 -0.0467537642 0.00431735348 -0.0351619609 -0.0476354584 0.00602582982 -0.0339575186 -0.0488416553 0.00266416441 -0.0322005674 -0.0295796525 0.00204001204 -0.0504769795 -0.0271059107 0.00484054722 -0.0518412888 -0.044400271 -0.0226048194 -0.038090229 -0.040475104 -0.0202876143 -0.042238906 -0.0400558375 -0.0193961747 -0.042637568 -0.0388043411 -0.0235191397 -0.0437775403 -0.039603401 -0.0241959598 -0.0430560298 -0.0482583009 0.00667830277 -0.0330663882 -0.0307195392 0.00716908788 -0.0497851409 -0.0312778354 0.00318170246 -0.0494364612 -0.0372304283 -0.0203153193 -0.0451236703 -0.0375794508 -0.0215283092 -0.0448334217 -0.0381167307 -0.0226157196 -0.0443775319 -0.0404770896 -0.0246165097 -0.0422357209 -0.0448174812 -0.0215400904 -0.0375984497 -0.0317481682 0.00713337492 -0.0491355583 -0.0320618264 0.00282999384 -0.0489328243 -0.0409521237 -0.0206764545 -0.041775275 -0.0327313691 0.00683448417 -0.0484861583 -0.0278267097 0.0057474752 -0.05145799 -0.0413735509 -0.0247577894 -0.0413579382 -0.0336346216 0.00628733402 -0.0478639901 -0.0326295942 0.00179248548 -0.0485554934 -0.0356798507 0.00275334902 -0.0463594384 -0.0415485427 -0.02075148 -0.0411829576 -0.0345097706 0.00541028706 -0.0472369082 -0.0350077897 0.00461999001 -0.0468690209 -0.0489191413 0.00707646692 -0.0320806503 -0.0492017418 0.00308219786 -0.0316458568 -0.0495909788 0.00719917985 -0.0310319997 -0.049625311 0.00320408843 -0.0309788939 -0.0522308014 0.00186277868 -0.0305321515 -0.0509614609 0.0031515623 -0.0326089971 -0.0504780859 0.00260621845 -0.0333501287 -0.0502353795 0.00192620163 -0.0337191634 -0.0388643183 -0.0215285998 -0.0463660993 -0.0394197218 -0.0226155203 -0.0458948314 -0.0401309915 -0.0235191397 -0.0452742018 -0.0385032594 -0.0203153193 -0.0466663614 -0.0409573615 -0.0241959598 -0.0445280187 -0.0418610387 -0.0246165004 -0.0436795503 -0.0427880287 -0.0247577894 -0.0427718796 -0.0466788895 -0.0203099996 -0.0384880714 -0.0515419208 0.00313474075 -0.0316812322 -0.0436944515 -0.0246157199 -0.0418454893 -0.0445385017 -0.0241944492 -0.0409459583 -0.0305215009 0.00181006198 -0.0522368513 -0.0518952869 0.00278238417 -0.0310988799 -0.0452911519 -0.0235177092 -0.0401118584 -0.0313087441 0.00294152414 -0.0517692193 -0.0307718962 0.00237785373 -0.0520899445 -0.0320098139 0.00318436837 -0.051338505 -0.0337405577 0.00181500486 -0.0502194539 -0.0326977782 0.00308940979 -0.0509030782 -0.0332518443 0.00270042778 -0.0505428091 -0.04591823 -0.0226048194 -0.0393924713 -0.0463497005 -0.0215400998 -0.0388838686 -0.00559794996 -0.00650286581 -0.05823154 -0.0024558329 -0.00261844392 -0.0584484413 -0.00125681201 -0.00219768402 -0.0584864989 -0.00115131214 -0.00639859587 -0.058490295 -0.00514614722 -0.00528847799 -0.0582732111 -0.00184655434 -0.00744841667 -0.0584712401 -0.00353212189 -0.00329560507 -0.0583932698 -0.00444346806 -0.00419985084 -0.0583310015 0.00559766218 -0.00650273822 -0.058231581 0.00175360951 -0.00711123412 -0.0584774651 0.0051009669 -0.00527163502 -0.0582771786 0.00445681997 -0.00420715287 -0.0583299808 0.003533551 -0.003294555 -0.0583931804 0.000834192324 -0.00622502808 -0.0584967546 0.0024464149 -0.00261812191 -0.0584488288 0.00125362398 -0.00219741999 -0.0584865585 -9.78082198e-07 -0.0020559181 -0.0584999993 -0.000180521805 -0.00605300907 -0.0585005097 -0.00190750894 -0.007437394 -0.0604698583 0.00183520955 -0.0071798563 -0.0604734793 0.00105314073 -0.00633657165 -0.0604911931 0.000220023896 -0.00606107339 -0.0604998283 -0.000613673998 -0.00613759318 -0.0604970157 -0.00130508002 -0.00652860943 -0.0604860634 0.0262867995 0.0030768651 -0.052261401 0.0289561301 0.00661501195 -0.0508310199 0.030170856 0.00290563516 -0.0501200147 0.0295368228 0.00190584036 -0.0504977889 0.0407686271 -0.0205897279 -0.0419567674 0.0404620394 -0.0246157199 -0.0422501303 0.0395926312 -0.0241946392 -0.0430659316 0.0299762804 0.00704281311 -0.0502361692 0.0356798582 0.00276106992 -0.0463594384 0.0401036032 -0.0196986068 -0.0425967425 0.0372157395 -0.0203099996 -0.0451357812 0.0279399604 0.00586930988 -0.0513965786 0.0387858488 -0.0235177092 -0.0437939316 0.0270533785 0.00481273001 -0.0518697873 0.0504014418 0.00694092689 -0.0296975505 0.0502080321 0.00272551668 -0.0300215464 0.0498571545 0.00310376356 -0.0306038447 0.0509639382 0.0064618839 -0.02872153 0.0522350706 0.00326478179 -0.0263464134 0.0325973369 0.00195709476 -0.0485796407 0.0347120091 0.00514007499 -0.0470885001 0.0351619609 0.00431735348 -0.0467537642 0.0339575186 0.00602582982 -0.0476354584 0.0322005674 0.00266416441 -0.0488416553 0.0504769795 0.00204001204 -0.0295796525 0.0518412888 0.00484054722 -0.0271059107 0.038090229 -0.0226048194 -0.044400271 0.0421642028 -0.0204166248 -0.0405549146 0.0426432155 -0.0193635374 -0.0400492065 0.0437775403 -0.0235191397 -0.0388043411 0.0430560298 -0.0241959598 -0.039603401 0.0330663882 0.00667830277 -0.0482583009 0.0497851409 0.00716908788 -0.0307195392 0.0494364612 0.00318170246 -0.0312778354 0.0451236703 -0.0203153193 -0.0372304283 0.0448334217 -0.0215283092 -0.0375794508 0.0443775319 -0.0226157196 -0.0381167307 0.0422357209 -0.0246165097 -0.0404770896 0.0375984497 -0.0215400904 -0.0448174812 0.0491355583 0.00713337492 -0.0317481682 0.0489328243 0.00282999384 -0.0320618264 0.0484861583 0.00683448417 -0.0327313691 0.05145799 0.0057474752 -0.0278267097 0.0414858796 -0.0207608361 -0.0412463769 0.0413579382 -0.0247577894 -0.0413735509 0.0478639901 0.00628733402 -0.0336346216 0.0485554934 0.00179248548 -0.0326295942 0.0463594384 0.00275334902 -0.0356798507 0.0472369082 0.00541028706 -0.0345097706 0.0468690209 0.00461999001 -0.0350077897 0.0320806503 0.00707646692 -0.0489191413 0.0316458568 0.00308219786 -0.0492017418 0.0310319997 0.00719917985 -0.0495909788 0.0309788939 0.00320408843 -0.049625311 0.0305321515 0.00186277868 -0.0522308014 0.0326089971 0.0031515623 -0.0509614609 0.0333501287 0.00260621845 -0.0504780859 0.0337191634 0.00192620163 -0.0502353795 0.0463660993 -0.0215285998 -0.0388643183 0.0458948314 -0.0226155203 -0.0394197218 0.0452742018 -0.0235191397 -0.0401309915 0.0466663614 -0.0203153193 -0.0385032594 0.0445280187 -0.0241959598 -0.0409573615 0.0436795503 -0.0246165004 -0.0418610387 0.0427718796 -0.0247577894 -0.0427880287 0.0384880714 -0.0203099996 -0.0466788895 0.0316812322 0.00313474075 -0.0515419208 0.0418454893 -0.0246157199 -0.0436944515 0.0409459583 -0.0241944492 -0.0445385017 0.0522368513 0.00181006198 -0.0305215009 0.0310988799 0.00278238417 -0.0518952869 0.0401118584 -0.0235177092 -0.0452911519 0.0517692193 0.00294152414 -0.0313087441 0.0520899445 0.00237785373 -0.0307718962 0.051338505 0.00318436837 -0.0320098139 0.0502194539 0.00181500486 -0.0337405577 0.0509030782 0.00308940979 -0.0326977782 0.0505428091 0.00270042778 -0.0332518443 0.0393924713 -0.0226048194 -0.04591823 0.0388838686 -0.0215400998 -0.0463497005 0.05823154 -0.00650288491 -0.00559797185 0.0584484413 -0.00261845393 -0.00245586806 0.0584864989 -0.00219768891 -0.00125684903 0.058490295 -0.0063986117 -0.00115136756 0.0582732111 -0.00528849708 -0.0051461691 0.0584712401 -0.00744842365 -0.00184660126 0.0583932698 -0.00329561997 -0.00353215309 0.0583310015 -0.004199869 -0.00444349507 0.058231581 -0.00650275405 0.00559759885 0.0584774688 -0.00711125182 0.00175354618 0.0582771897 -0.00527164899 0.00510091009 0.0583299883 -0.00420716312 0.00445676921 0.0583931915 -0.00329455989 0.003533507 0.0584967546 -0.0062250318 0.000834126549 0.0584488288 -0.00261812308 0.00244637509 0.0584865697 -0.00219741906 0.00125358603 0.0584999993 -0.0020559181 -1.01658998e-06 0.0585005097 -0.00605301652 -0.000180584713 0.0604698583 -0.00743740937 -0.00190755993 0.0604734756 -0.00717987539 0.00183514191 0.0604911931 -0.00633657631 0.00105307624 0.0604998283 -0.00606107945 0.000219964451 0.0604970157 -0.00613760296 -0.000613731681 0.0604860634 -0.00652863039 -0.00130514044 0.052261401 0.0030768651 0.0262867995 0.0508310199 0.00661501195 0.0289561301 0.0501200147 0.00290563516 0.030170856 0.0504977889 0.00190584036 0.0295368228 0.0421001911 -0.0204579979 0.0406194329 0.0422501303 -0.0246157199 0.0404620394 0.0430659316 -0.0241946392 0.0395926312 0.0502361692 0.00704281311 0.0299762804 0.0463594384 0.00276106992 0.0356798582 0.0426050313 -0.0196518283 0.0400939174 0.0451357812 -0.0203099996 0.0372157395 0.0513965786 0.00586930988 0.0279399604 0.0437939316 -0.0235177092 0.0387858488 0.0518697873 0.00481273001 0.0270533785 0.0296975505 0.00694092689 0.0504014418 0.0300215464 0.00272551668 0.0502080321 0.0306038447 0.00310376356 0.0498571545 0.02872153 0.0064618839 0.0509639382 0.0263464134 0.00326478179 0.0522350706 0.0485796407 0.00195709476 0.0325973369 0.0470885001 0.00514007499 0.0347120091 0.0467537642 0.00431735348 0.0351619609 0.0476354584 0.00602582982 0.0339575186 0.0488416553 0.00266416441 0.0322005674 0.0295796525 0.00204001204 0.0504769795 0.0271059107 0.00484054722 0.0518412888 0.044400271 -0.0226048194 0.038090229 0.040475104 -0.0202876143 0.042238906 0.0400558375 -0.0193961747 0.042637568 0.0388043411 -0.0235191397 0.0437775403 0.039603401 -0.0241959598 0.0430560298 0.0482583009 0.00667830277 0.0330663882 0.0307195392 0.00716908788 0.0497851409 0.0312778354 0.00318170246 0.0494364612 0.0372304283 -0.0203153193 0.0451236703 0.0375794508 -0.0215283092 0.0448334217 0.0381167307 -0.0226157196 0.0443775319 0.0404770896 -0.0246165097 0.0422357209 0.0448174812 -0.0215400904 0.0375984497 0.0317481682 0.00713337492 0.0491355583 0.0320618264 0.00282999384 0.0489328243 0.0409521237 -0.0206764545 0.041775275 0.0327313691 0.00683448417 0.0484861583 0.0278267097 0.0057474752 0.05145799 0.0413735509 -0.0247577894 0.0413579382 0.0336346216 0.00628733402 0.0478639901 0.0326295942 0.00179248548 0.0485554934 0.0356798507 0.00275334902 0.0463594384 0.0415485427 -0.02075148 0.0411829576 0.0345097706 0.00541028706 0.0472369082 0.0350077897 0.00461999001 0.0468690209 0.0489191413 0.00707646692 0.0320806503 0.0492017418 0.00308219786 0.0316458568 0.0495909788 0.00719917985 0.0310319997 0.049625311 0.00320408843 0.0309788939 0.0522279404 0.00187951524 0.0305370223 0.043688111 -0.0246177595 0.0418521091 0.0445338711 -0.0241976399 0.0409509987 0.0452881493 -0.0235211309 0.0401152484 0.04591671 -0.0226076804 0.0393942408 0.0463491604 -0.0215418395 0.0388845205 0.0466788895 -0.0203099996 0.0384880714 0.0509614609 0.0031515623 0.0326089971 0.0504780859 0.00260621845 0.0333501287 0.0502353795 0.00192620163 0.0337191634 0.0515419208 0.00313474075 0.0316812322 0.0518952869 0.00278238417 0.0310988799 0.00557008386 -0.00652967812 0.0582342185 0.0024472021 -0.00263365591 0.0584488101 0.001250503 -0.00220737606 0.0584866405 0.00113776769 -0.00641509285 0.0584905446 0.00512319012 -0.00531364093 0.0582752302 0.00182859541 -0.00746704545 0.0584717952 0.00351966196 -0.00331566297 0.0583940186 0.00442640902 -0.00422297092 0.0583323017 -0.00559099205 -0.00651333295 0.0582322218 -0.00176193763 -0.00712600118 0.0584772527 -0.00509619899 -0.00528254686 0.0582775995 -0.00445420388 -0.00421772385 0.0583301783 -0.00353344996 -0.00330423191 0.0583931915 -0.000843388902 -0.0062390673 0.0584966242 -0.0024483439 -0.00262627099 0.0584487505 -0.00125652296 -0.00220406312 0.0584864989 -3.3468591e-06 -0.00206270907 0.0584999993 0.000168965795 -0.00606702082 0.0585005581 0.00188831694 -0.00745377922 0.0604705252 -0.00184426201 -0.00719587784 0.060472101 -0.00106302614 -0.00635116594 0.0604910254 -0.000230587451 -0.00607488304 0.0604997911 0.000600847299 -0.00615237094 0.0604971461 0.00129080343 -0.00654579559 0.0604863726 -0.045133099 0.00650315918 0.0372189917 -0.0372213684 0.00650896877 0.0451311395 -0.0421731174 0.00640482176 0.0405446514 -0.0443875603 0.00419980614 0.0381050408 -0.0437870994 0.00329600601 0.0387935601 -0.0430648997 0.00261904509 0.0395937599 -0.0426509418 0.00745457411 0.0400399268 -0.04484329 0.005288532 0.0375676714 -0.0422439799 0.00219839392 0.0404684618 -0.0414936692 0.00605927315 0.0412385426 -0.0413656905 0.002057323 0.0413658097 -0.040773876 0.00623266352 0.0419530384 -0.0404692814 0.00219969405 0.0422431901 -0.0395990908 0.00262079993 0.0430599898 -0.0387913994 0.00329777692 0.0437890105 -0.0401107818 0.00711963605 0.0425889455 -0.0380948894 0.00421136804 0.0443962701 -0.0376032814 0.00527710002 0.0448134318 -0.0441072956 0.00744374795 0.0414100215 -0.0432117023 0.00614366494 0.0423439965 -0.0436931327 0.00653501321 0.0418470763 -0.0426244326 0.00606776215 0.0429352559 -0.0420292169 0.00634469977 0.0435182564 -0.0414643921 0.00718850596 0.0440580957 -0.0183258392 -0.00314680394 0.0555555001 0.0183201395 -0.00319559406 0.0555573814 0.0141772628 -0.00286347303 0.0567572862 0.0135390144 -0.0032076186 0.0569126084 0.0146150496 -0.00703126518 0.0566449501 0.0157021098 -0.00655722618 0.0563532896 -0.0056031039 0.0203523599 0.0582310483 -0.0112457536 -0.00185857038 0.0574100353 -0.00753806299 -0.0027687361 0.0580123104 0.0147737656 -0.00202307082 0.0566065758 -0.0147498408 -0.0020697962 0.0566151999 -0.0170467701 -0.00544298394 0.0559612215 -0.0161074009 -0.00626752991 0.0562387891 0.0167825297 -0.00575189013 0.0560410284 -0.0142972544 -0.00272962917 0.0567274131 -0.0150276301 -0.00684812013 0.0565368906 -0.0176258162 -0.00465685828 0.055781886 -0.00184127491 0.0194022246 0.0584720559 -0.00515173981 0.0215738304 0.0582727194 -0.00444729393 0.0226680301 0.058330711 -0.0134352194 -0.00321471575 0.0569380037 -0.0138584701 -0.00716945017 0.0568347797 0.0112633128 -0.00197307952 0.0574077964 0.0090851523 -0.00557930395 0.057790231 0.0100466097 -0.00635693083 0.0576308593 -0.00124406104 0.0246773995 0.0584867783 -0.00245011505 0.0242564101 0.0584486686 -0.00113967049 0.0204656012 0.05849123 0.0116836028 -0.00266704615 0.0573225394 -0.0126436297 -0.0072135618 0.0571173206 0.01112202 -0.00690673478 0.0574330091 -0.000203194242 0.0208013188 0.0585003197 -0.0124186734 -0.00313112605 0.0571662225 -0.0114463801 -0.0069809272 0.0573692508 0.0174169093 -0.0050031608 0.0558471307 0.00824097265 -0.004486633 0.0579170547 0.00753026502 -0.00278890901 0.05801332 1.749279e-05 0.0248177107 0.0584999993 0.000644290412 0.0207141601 0.0584964715 -0.0118001234 -0.00274159759 0.0572967567 -0.0103155402 -0.00648187008 0.0575833283 0.00127801998 0.0246748403 0.0584860407 0.0125208385 -0.00321514974 0.0571460575 0.01227332 -0.00721047493 0.0571980402 0.00137040764 0.0202489384 0.0584847443 0.00247763307 0.0242527407 0.05844751 -0.00921670534 -0.00566659123 0.0577693917 0.00356877502 0.0235731993 0.0583910383 -0.00353166205 0.0235771108 0.0583932996 0.00182589795 0.0195704941 0.0584743209 0.00563298818 0.0203432906 0.0582281686 -0.00828828104 -0.00455060694 0.0579106845 0.00513808802 0.0215818603 0.0582739189 0.0134579698 -0.00725287618 0.0569309518 0.00448930217 0.0226595402 0.0583274886 -0.0153211001 -0.00186717999 0.0585278906 0.0153113231 -0.00192708464 0.0585305505 0.0132028237 -0.00325799501 0.0590423681 0.0140815973 -0.00318458583 0.0588385835 -0.0144220255 -0.00299304584 0.058756087 -0.0150253493 -0.00246170047 0.058604721 -0.0136352675 -0.003239349 0.0589437634 -0.0036524029 0.0235771108 0.0603896491 -0.00253329007 0.0242566094 0.0604469515 -0.00128723204 0.0246772096 0.0604863092 1.80908301e-05 0.0248177107 0.0604999997 0.00132178306 0.0246748403 0.0604855604 0.00256172894 0.0242530592 0.0604457408 0.00582556892 0.0203432906 0.0602188706 0.0116526997 -0.00199423241 0.0593701452 0.00369078503 0.0235731993 0.0603873208 -0.0116186105 -0.00181674934 0.0593748577 -0.0127636371 -0.00310191582 0.0591384619 -0.0121650873 -0.00270186947 0.0592642538 0.00464731595 0.0226543397 0.0603212416 0.0053137592 0.0215818398 0.0602661893 -0.00579466298 0.0203523599 0.0602218583 -0.00532793719 0.0215736292 0.0602649413 0.0122546349 -0.00284418347 0.0592463389 -0.00459905388 0.02266909 0.0603249408 0.0147014232 -0.0028272348 0.0586865284 0.0372189917 0.00650315918 0.045133099 0.0451311395 0.00650896877 0.0372213684 0.040544156 0.0064061014 0.0421735682 0.0381050408 0.00419980614 0.0443875603 0.0387935601 0.00329600601 0.0437870994 0.0395937599 0.00261904509 0.0430648997 0.0400386564 0.00746099697 0.0426520333 0.0375676714 0.005288532 0.04484329 0.0404684618 0.00219839392 0.0422439799 0.0412387438 0.00605950784 0.041493468 0.0413658097 0.002057323 0.0413656905 0.0418321416 0.00617291173 0.0408953838 0.0422431901 0.00219969405 0.0404692814 0.0430599898 0.00262079993 0.0395990908 0.0423230529 0.00663829455 0.0403856263 0.0437890105 0.00329777692 0.0387913994 0.0443962701 0.00421136804 0.0380948894 0.0426258035 0.00732457126 0.0400693156 0.0448134318 0.00527710002 0.0376032814 0.0440811776 0.00731428573 0.041439116 0.0437344648 0.00658876356 0.041803427 0.05553893 -0.00310239405 0.0183760095 0.0567453317 -0.00279971748 -0.0142251123 0.0566284284 -0.00695930794 -0.0146789402 0.0563354902 -0.00647760415 -0.01576587 0.0582316704 0.0202997103 0.00559664005 0.0574039891 -0.00184470299 0.0112764686 0.0580099002 -0.00276196003 0.00755655393 0.0565929972 -0.00195254572 -0.0148245487 0.0560225882 -0.00566653302 -0.0168439802 0.0566025376 -0.00203152024 0.014796162 0.0560617112 -0.0057867188 0.0167133193 0.0563461185 -0.00649764482 0.0157278292 0.0567153133 -0.00270468043 0.0143341003 0.0584719293 0.0193453152 0.00184528844 0.0582734682 0.0215134099 0.00514322799 0.0557917058 -0.0047525214 0.0175955351 0.0583313107 0.0226005502 0.00443940889 0.0584865697 0.0246043298 0.00125344796 0.0584486015 0.0241829306 0.00245180889 0.0584861599 0.0202401839 0.00129251718 0.0566389412 -0.00697135879 0.0146383401 0.0569295026 -0.00319156819 0.0134720011 0.0574008301 -0.00192944263 -0.0112991836 0.0577831715 -0.00554750394 -0.00912989955 0.0576216206 -0.00632019015 -0.0100994399 0.0569257699 -0.0071934741 0.0134798596 0.0584966466 0.0206576698 0.000625927292 0.0573143549 -0.00262155058 -0.0117236134 0.0574217588 -0.00686268182 -0.0111799696 0.0558282994 -0.00491447421 -0.0174771305 0.0584999993 0.0247460101 -2.11336305e-06 0.0579118505 -0.00445857411 -0.00827749167 0.0571938716 -0.00715206377 0.0122927297 0.058009591 -0.00276170601 -0.00755895814 0.0571602844 -0.00311260321 0.0124538466 0.0584990121 0.0207191557 -0.000428898435 0.0574296303 -0.00684891082 0.0111394702 0.0584865101 0.0246043 -0.00125631702 0.0572922677 -0.00272520352 0.011832335 0.0584853664 0.0202061515 -0.00134548487 0.0571363084 -0.00316248112 -0.0125653371 0.0571848713 -0.00715741422 -0.01233452 0.0555380695 -0.00310191093 -0.0183786005 0.0584486611 0.0241841003 -0.00245032599 0.0576282591 -0.00629888708 0.0100614801 0.0583935305 0.0235048905 0.00352779892 0.0583929792 0.0235085599 -0.00353697711 0.0584742501 0.0194777586 -0.00181404827 0.0582314506 0.0202992391 -0.00559900701 0.0578033403 -0.00542046502 0.00900130719 0.0569159016 -0.00719004683 -0.0135214897 0.0582769997 0.0215304997 -0.00510310521 0.0583297797 0.0225958005 -0.00445943093 0.0578952208 -0.00462942803 0.00839007273 0.0569011085 -0.00314727239 -0.0135873631 0.0585168004 -0.00184021296 0.0153633896 0.0587463528 -0.0029677588 0.0144616263 0.0585941523 -0.00243467139 0.0150665045 0.0589346699 -0.0032170983 0.0136745516 0.0603898913 0.0235048905 0.00364840706 0.060446851 0.0241828896 0.00253573805 0.0604861118 0.0246043708 0.00129624305 0.0604999997 0.0247460101 -2.1856149e-06 0.0604860485 0.0246043 -0.00129933795 0.0604469292 0.0241843704 -0.00253361091 0.0602222607 0.0202992391 -0.00579042593 0.0593629293 -0.00195064303 -0.011689879 0.0585174449 -0.00186152081 -0.0153612699 0.0603893213 0.0235085599 -0.0036578991 0.0603239611 0.02259578 -0.00461190892 0.0593687147 -0.00180230534 0.0116501004 0.059130542 -0.00308408123 0.0128002781 0.0592573099 -0.00268656155 0.0121988328 0.0602693707 0.0215304792 -0.00527758105 0.0602224991 0.0202997103 0.00578797795 0.0602657199 0.0215132199 0.00531911803 0.0590316132 -0.00320342346 -0.0132507915 0.0592375696 -0.00279724365 -0.0122970147 0.0603256114 0.0226019006 0.0045905821 0.0588265918 -0.00312374113 -0.0141316056 0.0586741231 -0.0027633151 -0.0147508737 0.045133099 0.00650315918 -0.0372189917 0.0372213684 0.00650896877 -0.0451311395 0.0421731174 0.00640482176 -0.0405446514 0.0443875603 0.00419980614 -0.0381050408 0.0437870994 0.00329600601 -0.0387935601 0.0430648997 0.00261904509 -0.0395937599 0.0426509418 0.00745457411 -0.0400399268 0.04484329 0.005288532 -0.0375676714 0.0422439799 0.00219839392 -0.0404684618 0.0414936692 0.00605927315 -0.0412385426 0.0413656905 0.002057323 -0.0413658097 0.040773876 0.00623266352 -0.0419530384 0.0404692814 0.00219969405 -0.0422431901 0.0395990908 0.00262079993 -0.0430599898 0.0387913994 0.00329777692 -0.0437890105 0.0401107818 0.00711963605 -0.0425889455 0.0380948894 0.00421136804 -0.0443962701 0.0376032814 0.00527710002 -0.0448134318 0.0441072956 0.00744374795 -0.0414100215 0.0432117023 0.00614366494 -0.0423439965 0.0436931327 0.00653501321 -0.0418470763 0.0426244326 0.00606776215 -0.0429352559 0.0420292169 0.00634469977 -0.0435182564 0.0414643921 0.00718850596 -0.0440580957 0.0183761101 -0.00310234004 -0.055538889 -0.0142251356 -0.00279974448 -0.056745328 -0.01467897 -0.00695931492 -0.0566284209 -0.0157659091 -0.00647762278 -0.056335479 0.00559658697 0.0202996507 -0.0582316816 0.0112765292 -0.00184467784 -0.057403978 0.00755660003 -0.00276194606 -0.0580099002 -0.0148245879 -0.00195257587 -0.056592986 -0.0168440193 -0.00566656422 -0.0560225807 0.0147963446 -0.00203200756 -0.0566025265 0.0167134199 -0.00578667596 -0.0560616814 0.0157279298 -0.0064976071 -0.0563460886 0.0143341869 -0.00270463619 -0.0567152947 0.00184523663 0.0193452425 -0.0584719367 0.00514316978 0.0215133391 -0.0582734793 0.0175956227 -0.00475250604 -0.0557916686 0.00443935115 0.0226004701 -0.0583313107 0.00125341595 0.0246042609 -0.0584865697 0.00245176302 0.0241828393 -0.0584486015 0.00129247701 0.0202401038 -0.0584861599 0.0146384304 -0.00697132898 -0.0566389114 0.01347207 -0.00319154398 -0.056929484 -0.0112992097 -0.00192945753 -0.0574008189 -0.00912991818 -0.00554748485 -0.0577831715 -0.0100994697 -0.00632016687 -0.0576216206 0.0134799499 -0.00719345082 -0.0569257513 0.000625909131 0.0206576027 -0.0584966466 -0.0117236348 -0.00262154615 -0.0573143549 -0.0111800004 -0.00686265714 -0.0574217513 -0.0174771901 -0.00491451286 -0.0558282882 -2.13655903e-06 0.0247459505 -0.0584999993 -0.0082775047 -0.00445856992 -0.0579118505 0.01229282 -0.00715204701 -0.0571938492 -0.00755896 -0.00276169996 -0.058009591 0.0124539109 -0.00311257783 -0.0571602769 -0.000428949716 0.0207190961 -0.0584990121 0.0111395502 -0.00684889685 -0.0574296117 -0.00125633203 0.0246042497 -0.0584865101 0.0118324161 -0.00272519304 -0.0572922491 -0.00134553621 0.0202060901 -0.0584853664 -0.0125653539 -0.00316247786 -0.0571363084 -0.0123345396 -0.0071573942 -0.0571848713 -0.0183786694 -0.00310195703 -0.0555380508 -0.0024503381 0.0241840594 -0.0584486611 0.01006155 -0.00629887311 -0.0576282516 0.00352774491 0.0235047992 -0.0583935417 -0.00353698293 0.0235085208 -0.0583929792 -0.00181407947 0.0194777288 -0.0584742427 -0.00559902005 0.0202992298 -0.0582314394 0.00900137611 -0.00542045292 -0.0578033291 -0.0135215204 -0.00719003985 -0.0569158904 -0.00510310894 0.0215304699 -0.0582769997 -0.00445943 0.0225957595 -0.0583297797 0.00839013513 -0.00462941593 -0.0578952096 -0.0135873714 -0.00314728729 -0.0569011047 0.0153634697 -0.00184017501 -0.0585167818 -0.0153576536 -0.00187283696 -0.0585183911 -0.0132508138 -0.00320342346 -0.0590316132 -0.0141316308 -0.0031237558 -0.0588265806 0.00253569195 0.0241828095 -0.060446851 0.00364835095 0.0235047992 -0.0603898987 0.0144617064 -0.00296772947 -0.0587463304 0.0150665799 -0.00243464299 -0.0585941374 0.0136746308 -0.00321707386 -0.0589346513 0.00129620801 0.0246043 -0.0604861118 -2.20960396e-06 0.0247459505 -0.0604999997 -0.00129935401 0.0246042404 -0.0604860485 -0.00253362395 0.0241843201 -0.0604469292 -0.0057904399 0.0202992298 -0.0602222607 -0.0116898818 -0.00195060822 -0.0593629293 0.0116501683 -0.00180226576 -0.0593687035 0.0128003424 -0.00308405422 -0.0591305234 0.0121988803 -0.00268651871 -0.0592573024 -0.00365790492 0.0235085208 -0.0603893213 -0.00461190799 0.0225957409 -0.0603239611 -0.00527758477 0.0215304494 -0.0602693707 0.005787923 0.0202996507 -0.0602224991 -0.0122970399 -0.00279724202 -0.0592375621 0.0053190589 0.0215131491 -0.0602657311 0.00459052389 0.0226018205 -0.0603256114 -0.0147509258 -0.00276332116 -0.058674112 -0.0372189917 0.00650315918 -0.045133099 -0.0451311395 0.00650896877 -0.0372213684 -0.0405446514 0.00640482176 -0.0421731174 -0.0381050408 0.00419980614 -0.0443875603 -0.0387935601 0.00329600601 -0.0437870994 -0.0395937599 0.00261904509 -0.0430648997 -0.0400399268 0.00745457411 -0.0426509418 -0.0375676714 0.005288532 -0.04484329 -0.0404684618 0.00219839392 -0.0422439799 -0.0412385426 0.00605927315 -0.0414936692 -0.0413658097 0.002057323 -0.0413656905 -0.0419530384 0.00623266352 -0.040773876 -0.0422431901 0.00219969405 -0.0404692814 -0.0430599898 0.00262079993 -0.0395990908 -0.0437890105 0.00329777692 -0.0387913994 -0.0425889455 0.00711963605 -0.0401107818 -0.0443962701 0.00421136804 -0.0380948894 -0.0448134318 0.00527710002 -0.0376032814 -0.0414100215 0.00744374795 -0.0441072956 -0.0423439965 0.00614366494 -0.0432117023 -0.0418470763 0.00653501321 -0.0436931327 -0.0429352559 0.00606776215 -0.0426244326 -0.0435182564 0.00634469977 -0.0420292169 -0.0440580957 0.00718850596 -0.0414643921</float_array>
          <technique_common>
            <accessor count="2488" source="#cubeverts-array0-array" stride="3">
              <param name="X" type="float" />
              <param name="Y" type="float" />
              <param name="Z" type="float" />
            </accessor>
          </technique_common>
        </source>
        <source id="cubenormals-array0">
          <float_array count="14604" id="cubenormals-array0-array">0.653042078 0.614065886 -0.443237126 0.661619186 0.613183498 -0.43158567 0.677262723 0.613861859 -0.405572206 0.679751694 0.613465369 -0.401992321 0.7103737 0.614065707 0.343936801 0.706037164 0.613416076 0.353881598 0.689732909 0.614106357 0.383590817 0.695889652 0.613235593 0.373737395 0.0573360659 0.614065826 0.787169456 0.0429565124 0.613183498 0.788771689 0.0126067707 0.613862038 0.789312661 0.00496408856 0.613157034 0.789945483 -0.653042078 0.614065886 0.443237126 -0.661619186 0.613183498 0.43158567 -0.677262723 0.613861859 0.405572206 -0.679751694 0.613465369 0.401992321 -0.7103737 0.614065707 -0.343936801 -0.706037164 0.613416076 -0.353881598 -0.689732909 0.614106357 -0.383590817 -0.695889652 0.613235593 -0.373737395 -0.709412217 -0.613931358 0.346153885 -0.706035376 -0.613418758 0.353880703 -0.69187212 -0.613810539 0.38019684 -0.695891321 -0.613233209 0.373738319 -0.0564935356 -0.614017665 0.787267923 -0.0429565124 -0.613183498 0.788771689 -0.012410813 -0.613864601 0.789313793 -0.00496407133 -0.61316061 0.789942741 0.653548598 -0.614017725 0.442556828 0.661619186 -0.613183498 0.43158567 0.677360952 -0.613864303 0.405404359 0.679744482 -0.613476217 0.401988059 0.710037708 -0.614017665 -0.344715685 0.706037164 -0.613416076 -0.353881598 0.689629614 -0.614120126 -0.383754402 0.695889652 -0.613235593 -0.373737395 0.0564935356 -0.614017665 -0.787267923 0.0429565124 -0.613183498 -0.788771689 0.012410813 -0.613864601 -0.789313793 0.00496407133 -0.61316061 -0.789942741 -0.654482901 -0.613931537 -0.441293776 -0.661617756 -0.613185585 -0.431584775 -0.67520386 -0.613799274 -0.409084707 -0.67990315 -0.613238752 -0.402081877 0.0598309264 -0.868109226 -0.492754042 0.047000248 -0.510763705 -0.858435512 0.660268426 -0.587479234 -0.467882216 0.660268426 -0.587479234 0.467882216 0.0655456483 -0.851374567 0.520447016 0.0609009862 -0.862972617 0.501566768 0.144362167 -0.704097509 0.695274293 0.243051216 -0.728153229 0.64087373 0.199748904 -0.678812981 0.706620991 0.389891148 -0.727270901 0.564855695 0.366737902 -0.679713845 0.635210574 0.379735619 -0.861757219 0.33641541 0.510814548 -0.680767298 0.52499938 0.512847543 -0.700828254 0.495809615 0.425730228 -0.876828492 0.223440513 0.654507458 -0.692828238 0.302669644 0.668892562 -0.724845707 0.164867863 0.69424665 -0.69791919 0.17587018 0.68798399 -0.70602268 0.16795823 0.711163223 -0.703026831 0 0.711163223 -0.703026891 0 0.668892622 -0.724845767 -0.164867908 0.68798399 -0.706022739 -0.16795823 0.654507577 -0.692828119 -0.302669734 0.694246709 -0.69791919 -0.175870195 0.425730258 -0.876828492 -0.223440528 0.379735619 -0.861757219 -0.33641541 0.512847543 -0.700828195 -0.495809615 0.510814548 -0.680767298 -0.52499938 0.389891148 -0.727270901 -0.564855695 0.366737902 -0.679713845 -0.635210574 0.243051186 -0.728153229 -0.64087373 0.199748904 -0.67881304 -0.706620991 0.153988406 -0.699914455 -0.697429121 0.0598309264 0.868109226 0.492754042 0.047000248 0.510763705 0.858435512 0.660268426 0.587479234 0.467882216 0.660268426 0.587479234 -0.467882216 0.0655456483 0.851374567 -0.520447016 0.0609009862 0.862972617 -0.501566768 0.144362167 0.704097509 -0.695274293 0.243051216 0.728153229 -0.64087373 0.199748904 0.678812981 -0.706620991 0.389891148 0.727270901 -0.564855695 0.366737902 0.679713845 -0.635210574 0.379735619 0.861757219 -0.33641541 0.510814548 0.680767298 -0.52499938 0.512847543 0.700828254 -0.495809615 0.425730228 0.876828492 -0.223440513 0.654507458 0.692828238 -0.302669644 0.668892562 0.724845707 -0.164867863 0.69424665 0.69791919 -0.17587018 0.68798399 0.70602268 -0.16795823 0.711163223 0.703026891 0 0.711163223 0.703026891 0 0.668892622 0.724845767 0.164867908 0.68798399 0.706022739 0.16795823 0.654507577 0.692828119 0.302669734 0.694246709 0.69791919 0.175870195 0.425730258 0.876828492 0.223440528 0.379735619 0.861757219 0.33641541 0.512847543 0.700828195 0.495809615 0.510814548 0.680767298 0.52499938 0.389891148 0.727270901 0.564855695 0.366737902 0.679713845 0.635210574 0.243051186 0.728153229 0.64087373 0.199748904 0.67881304 0.706620991 0.153988406 0.699914455 0.697429121 -0.0573360585 0.614065766 -0.787169456 -0.0429565124 0.613183498 -0.788771689 -0.0126067707 0.613862038 -0.789312661 -0.00496408856 0.613157034 -0.789945483 0 1 0 -0 1 0 -0 1 0 0 1 0 0 1 0 0 1 0 0 1 0 0 1 0 0 1 0 0 1 0 0 1 0 0 1 0 0 1 0 0 1 0 0 1 0 0 1 0 0 1 0 0 1 0 -0 1 0 0 1 0 -0 1 0 0 1 -0 0 1 0 0 1 0 0 -1 0 0 -1 0 0 -1 0 0 -1 0 -0 -1 0 0 -1 0 0 -1 0 0 -1 0 0 -1 0 0 -1 0 0 -1 0 0 -1 0 0 -1 0 -0 -1 0 -0 -1 0 0 -1 0 -0 -1 -0 0 -1 0 0 -1 0 0 -1 0 0 -1 0 -0 -1 -0 -0 -1 -0 0 -1 0 1 0 -0 1 5.72895544e-07 7.68232624e-08 0.99999994 2.95906993e-05 -0.000252110563 1 0.000221878276 -0.000178563554 0.999999821 -5.50808727e-05 -0.000556853076 1 -4.90838966e-06 8.66618393e-06 1 1.93491587e-08 0 0.999999821 0.000459438073 0.000486117351 -1 1.00275327e-06 0 -1 -9.29131238e-06 1.80669067e-05 -1 0.000105086379 -0.000135566079 -1 0.000131258959 0.000153128945 -0.99999994 1.40710347e-06 -0.000402443053 -1 7.91463026e-06 -2.1777409e-10 -1 8.76304985e-05 1.05857835e-05 0.0357526504 0.672116935 -0.739581287 0.0323084854 0.805174112 -0.592157781 0.00243849633 0.993126154 -0.117023073 0.0133500928 0.842737913 -0.538158476 -0.0312708952 0.681970537 -0.730710804 0.00653149793 0.945994735 -0.3241162 0.000625189219 0.99053359 -0.137269422 0.00353212724 0.934832871 -0.355070502 -0.0617773496 0.863624513 -0.50033617 -0.0258545429 0.801610768 -0.59728694 0.0161381513 0.614153266 -0.78902173 0.0549338683 0.613931417 -0.787445545 0.0402303413 0.613003492 -0.789055228 -0.0598309264 0.868109226 -0.492754042 -0.047000248 0.510763705 -0.858435512 -0.660268426 0.587479234 -0.467882216 -0.660268426 0.587479234 0.467882216 -0.0655456483 0.851374567 0.520447016 -0.0609009862 0.862972617 0.501566768 -0.144362167 0.704097509 0.695274293 -0.243051216 0.728153229 0.64087373 -0.199748904 0.678812981 0.706620991 -0.389891148 0.727270901 0.564855695 -0.366737902 0.679713845 0.635210574 -0.379735619 0.861757219 0.33641541 -0.510814548 0.680767298 0.52499938 -0.512847543 0.700828254 0.495809615 -0.425730228 0.876828492 0.223440513 -0.654507458 0.692828238 0.302669644 -0.668892562 0.724845707 0.164867863 -0.69424665 0.69791919 0.17587018 -0.68798399 0.70602268 0.16795823 -0.711163223 0.703026891 0 -0.711163223 0.703026891 0 -0.668892622 0.724845767 -0.164867908 -0.68798399 0.706022739 -0.16795823 -0.654507577 0.692828119 -0.302669734 -0.694246709 0.69791919 -0.175870195 -0.425730258 0.876828492 -0.223440528 -0.379735619 0.861757219 -0.33641541 -0.512847543 0.700828195 -0.495809615 -0.510814548 0.680767298 -0.52499938 -0.389891148 0.727270901 -0.564855695 -0.366737902 0.679713845 -0.635210574 -0.243051186 0.728153229 -0.64087373 -0.199748904 0.67881304 -0.706620991 -0.153988406 0.699914455 -0.697429121 -7.1701713e-08 1 -1.30959506e-06 6.70527379e-06 1 0 -1.04282549e-06 1 -1.03352147e-06 -4.51468186e-05 1 -7.7482604e-05 1.21562571e-05 1 -4.30033251e-05 2.20718739e-05 1 -3.82297185e-05 1.76718804e-05 1 -4.20559081e-05 2.82725305e-05 1 -2.90576318e-05 8.79035942e-05 1 4.07906055e-06 2.00928807e-05 1 -3.89346933e-05 0.147461027 0.608118594 -0.780030191 0.155992225 0.613122702 -0.774433255 0.319339603 0.611314058 -0.72409755 0.467398733 0.611320198 -0.638612509 0.316967279 0.609573483 -0.726603031 0.592654526 0.61313504 -0.522327602 0.470774084 0.60957104 -0.637804806 0.601788759 0.60812968 -0.517714798 0.103489734 0.845106006 -0.524486125 0.0966765806 0.877637208 -0.469474792 0.19684951 0.872426331 -0.447350532 0.190659121 0.882562876 -0.429804504 0.38266179 0.860787451 -0.335581511 0.278697133 0.882300675 -0.379306704 0.285686642 0.875127375 -0.390557617 0.348635256 0.884571671 -0.309816539 5.57308385e-06 1 1.79251822e-06 -5.57308385e-06 1 1.79251822e-06 3.29037471e-06 1 7.28501891e-06 3.4680379e-06 1 7.48029743e-06 0 1 0 6.81055189e-06 1 -2.10288226e-06 -7.26681674e-06 1 1.56739789e-05 -2.57047395e-06 1 -1.97202235e-06 5.57308249e-06 1 -1.79251788e-06 0 1 0 0 1 0 0 1 0 -5.57308385e-06 1 -1.79251822e-06 2.57047373e-06 1 -1.97202235e-06 -6.81055099e-06 1 -2.10288204e-06 0 1 0 0 1 0 0 1 -0 0 1 0 0 1 0 0 1 0 0 1 0 0 1 0 0 1 0 0 1 0 0 1 0 0 1 0 0 1 0 0 1 0 0 1 0 0 1 0 0 1 0 0 1 0 0 1 0 0 1 0 0 1 0 0 1 0 0 1 0 -2.57047373e-06 1 1.97202235e-06 0 1 0 2.57047373e-06 1 1.97202235e-06 0 1 0 0 1 0 0 1 0 0 1 -0 0 1 0 0 1 0 0 1 0 0 1 0 0 1 0 0 1 -0 0 1 0 0 1 0 6.81055144e-06 1 2.10288204e-06 -6.81055099e-06 1 2.10288204e-06 -3.29037471e-06 1 -7.28501891e-06 -3.4680379e-06 1 -7.48029652e-06 7.26681674e-06 1 -1.56739789e-05 1.34211059e-05 1 3.3999047e-06 1.53575256e-05 1 0.000111857771 1.50528867e-05 1 0 1.49311236e-05 1 -6.57295175e-07 1.4134268e-05 1 -3.5805665e-06 1.51915292e-05 1 -7.10752317e-07 1.58617277e-05 1 -8.65038019e-05 0.749245703 0.608133316 -0.262306482 0.748688161 0.61309123 -0.252160847 0.786778629 0.611279488 -0.0855385065 0.786779284 0.611279547 0.0855316445 0.787755668 0.609553337 -0.088801235 0.748682439 0.61309886 0.252159476 0.787758172 0.609550178 0.0888015181 0.749248862 0.608129025 0.262307554 0.275908202 0.95699811 -0.0896064043 0.437155902 0.886600435 -0.151110575 0.587585866 0.785183787 -0.195522815 0.287356049 0.957332969 -0.0306625571 0.300871223 0.953101397 -0.0327771045 0.612686992 0.787523746 -0.0664904863 0.616515398 0.784477711 -0.067106925 0.298163593 0.953975737 0.0320727564 0.281218976 0.959142148 0.0310186371 0.268723696 0.959328592 0.0864653662 0.467768222 0.869002402 0.161330774 0.614461362 0.78611356 0.0668034852 0.577332437 0.793390632 0.192920864 0.613929212 0.786531746 0.066773437 -8.91924283e-05 1 6.92285757e-05 8.0347636e-06 1 1.26020805e-05 3.76615822e-06 1 1.33229587e-05 7.52641336e-06 1 1.30361668e-05 8.21122558e-06 1 1.28008787e-05 1.01679743e-05 1 1.04503297e-05 8.28449047e-05 1 -2.95144073e-05 0.601786435 0.608133674 0.517712772 0.592721701 0.61309129 0.522302568 0.46746856 0.611279309 0.638600588 0.319316179 0.611279249 0.724137247 0.470782071 0.609553576 0.637815595 0.155964851 0.613099098 0.774457574 0.316974372 0.609550357 0.726619244 0.147459507 0.608129203 0.780022144 0.215588823 0.956984818 0.194169015 0.349425673 0.886612475 0.303018153 0.463129997 0.785173893 0.411111355 0.170252517 0.95732224 0.233555675 0.178859785 0.953080773 0.244225696 0.363925725 0.787523985 0.49735713 0.366378665 0.78447181 0.500370443 0.121330112 0.953957081 0.274307698 0.113755949 0.959134459 0.259076476 0.0594876185 0.959321618 0.275976896 0.0941816494 0.868966699 0.485825777 0.249374807 0.786118329 0.565535188 0.121587634 0.793400586 0.596432745 0.249130413 0.786544144 0.565050721 -8.86114431e-05 1 2.57309785e-06 -2.276134e-05 1 4.56500748e-05 -3.2719814e-05 1 3.36284138e-05 -1.96833425e-05 1 4.98612535e-05 -2.57414558e-05 1 4.45856531e-05 -5.51441663e-05 1 2.6270367e-05 -1.43528023e-05 1 5.07736804e-05 -0.147454858 0.608161986 0.779997528 -0.155999511 0.61311543 0.774437606 -0.319335639 0.611310661 0.724102259 -0.467404753 0.611316919 0.638611376 -0.316967815 0.609571755 0.726604223 -0.592661619 0.613131166 0.522324085 -0.470774651 0.609569848 0.637805521 -0.6017887 0.608129621 0.517714798 -0.0709444508 0.925784171 0.371336132 -0.100425482 0.871537983 0.4799335 -0.193966374 0.878348351 0.436899543 -0.200757027 0.866946459 0.456180394 -0.382338881 0.860900104 0.335660458 -0.282764882 0.878723562 0.384563327 -0.291458517 0.869593084 0.398572356 -0.353506744 0.881201982 0.313872784 -1.58617313e-05 1 8.65038019e-05 -1.51915292e-05 1 7.10752374e-07 -1.4134268e-05 1 3.5805665e-06 -1.49311245e-05 1 6.57295345e-07 -1.50528867e-05 1 0 -1.5357522e-05 1 -0.000111857764 -1.34211059e-05 1 -3.3999047e-06 -0.749245703 0.608133316 0.262306482 -0.748688161 0.61309123 0.252160847 -0.786778629 0.611279488 0.0855385065 -0.786779284 0.611279547 -0.0855316445 -0.787755668 0.609553337 0.088801235 -0.748682439 0.61309886 -0.252159476 -0.787758172 0.609550178 -0.0888015181 -0.749248862 0.608129025 -0.262307554 -0.275908202 0.95699811 0.0896064043 -0.437155902 0.886600435 0.151110575 -0.587585866 0.785183787 0.195522815 -0.287356049 0.957332969 0.0306625571 -0.300871223 0.953101397 0.0327771045 -0.612686992 0.787523746 0.0664904863 -0.616515398 0.784477711 0.067106925 -0.298163593 0.953975737 -0.0320727564 -0.281218976 0.959142148 -0.0310186371 -0.268723696 0.959328592 -0.0864653662 -0.467768222 0.869002402 -0.161330774 -0.614461362 0.78611356 -0.0668034852 -0.577332437 0.793390632 -0.192920864 -0.613929212 0.786531746 -0.066773437 0 -1 0 0 -1 0 0 -1 0 0 -1 0 0 -1 0 0 -1 0 0 -1 0 0 -1 0 0 -1 0 0 -1 0 0 -1 0 -0 -1 0 0 -1 0 0 -1 0 0 -1 0 0 -1 0 0 -1 0 0 -1 0 -0 -1 0 -2.57047395e-06 -1 1.97202235e-06 -2.57047373e-06 -1 -1.97202235e-06 0 -1 0 0 -1 0 0 -1 0 0 -1 0 -3.4680379e-06 -1 7.48029652e-06 0 -1 0 0 -1 0 -3.29037471e-06 -1 7.28501891e-06 -7.26681674e-06 -1 -1.56739789e-05 6.81055099e-06 -1 2.10288204e-06 6.81055144e-06 -1 -2.10288204e-06 -5.57308385e-06 -1 1.79251822e-06 -6.81055099e-06 -1 2.10288204e-06 3.29037471e-06 -1 -7.28501891e-06 -6.81055189e-06 -1 -2.10288226e-06 -5.57308249e-06 -1 -1.79251788e-06 5.57308385e-06 -1 1.79251822e-06 7.26681674e-06 -1 1.56739789e-05 5.57308385e-06 -1 -1.79251822e-06 2.57047395e-06 -1 1.97202235e-06 2.57047373e-06 -1 -1.97202235e-06 0 -1 0 3.4680379e-06 -1 -7.48029743e-06 0 -1 0 0 -1 0 0 -1 0 0 -1 0 0 -1 0 0 -1 0 0 -1 0 0 -1 0 0 -1 0 0 -1 0 0 -1 0 0 -1 0 0 -1 0 0 -1 0 0 -1 0 0 -1 0 0 -1 0 0 -1 0 0 -1 0 0 -1 0 0 -1 0 -0.748794377 -0.613099933 -0.25182423 -0.749268413 -0.608101964 -0.262314409 -0.786790609 -0.611280918 -0.0854173899 -0.786790609 -0.611280918 0.0854173899 -0.787759662 -0.609548271 -0.0888016894 -0.748794377 -0.613099933 0.25182423 -0.787759662 -0.609548271 0.0888016894 -0.749268413 -0.608101964 0.262314409 0 -1 0 0 -1 0 -0 -1 0 0 -1 0 -0 -1 0 0 -1 0 0 -1 0 -0.601804912 -0.608101845 0.517728686 -0.592483282 -0.613099694 0.522563159 -0.467369527 -0.61128062 0.638671815 -0.319421291 -0.61128068 0.724089742 -0.470784575 -0.609548151 0.637818992 -0.15631184 -0.613099873 0.774386883 -0.316975087 -0.609548151 0.726620853 -0.147463441 -0.608101606 0.780042887 0 -1 0 0 -1 0 0 -1 0 0 -1 0 0 -1 0 -0 -1 0 0 -1 0 0.147463441 -0.608101606 0.780042887 0.15631184 -0.613099873 0.774386883 0.319421291 -0.61128068 0.724089742 0.467369527 -0.61128062 0.638671815 0.316975087 -0.609548151 0.726620853 0.592483282 -0.613099694 0.522563159 0.470784515 -0.609548092 0.637818933 0.601804912 -0.608101845 0.517728686 0 -1 0 0 -1 0 0 -1 0 0 -1 0 0 -1 0 0 -1 0 0 -1 0 0.749268413 -0.608101964 0.262314409 0.748794377 -0.613099933 0.25182423 0.786790609 -0.611280918 0.0854173899 0.786790609 -0.611280918 -0.0854173899 0.787759662 -0.609548271 0.0888016894 0.748794377 -0.613099933 -0.25182423 0.787759662 -0.609548271 -0.0888016894 0.749268413 -0.608101964 -0.262314409 -0 -1 0 -0 -1 0 0 -1 0 0 -1 0 0 -1 0 0 -1 0 0 -1 0 0.601804912 -0.608101845 -0.517728686 0.592483282 -0.613099694 -0.522563159 0.467369527 -0.61128062 -0.638671815 0.319421291 -0.61128068 -0.724089742 0.470784575 -0.609548151 -0.637818992 0.15631184 -0.613099873 -0.774386883 0.316975087 -0.609548151 -0.726620853 0.147463441 -0.608101606 -0.780042887 -0.0598309264 -0.868109226 0.492754042 -0.047000248 -0.510763705 0.858435512 -0.660268426 -0.587479234 0.467882216 -0.660268426 -0.587479234 -0.467882216 -0.0655456483 -0.851374567 -0.520447016 -0.0609009862 -0.862972617 -0.501566768 -0.144362167 -0.704097509 -0.695274293 -0.243051216 -0.728153229 -0.64087373 -0.199748904 -0.678812981 -0.706620991 -0.389891148 -0.727270901 -0.564855695 -0.366737902 -0.679713845 -0.635210574 -0.379735619 -0.861757219 -0.33641541 -0.510814548 -0.680767298 -0.52499938 -0.512847543 -0.700828254 -0.495809615 -0.425730228 -0.876828492 -0.223440513 -0.654507458 -0.692828238 -0.302669644 -0.668892562 -0.724845707 -0.164867863 -0.69424665 -0.69791919 -0.17587018 -0.68798399 -0.70602268 -0.16795823 -0.711163223 -0.703026831 0 -0.711163223 -0.703026891 -0 -0.668892622 -0.724845767 0.164867908 -0.68798399 -0.706022739 0.16795823 -0.654507577 -0.692828119 0.302669734 -0.694246709 -0.69791919 0.175870195 -0.425730258 -0.876828492 0.223440528 -0.379735619 -0.861757219 0.33641541 -0.512847543 -0.700828195 0.495809615 -0.510814548 -0.680767298 0.52499938 -0.389891148 -0.727270901 0.564855695 -0.366737902 -0.679713845 0.635210574 -0.243051186 -0.728153229 0.64087373 -0.199748904 -0.67881304 0.706620991 -0.153988406 -0.699914455 0.697429121 0 -1 0 0 -1 0 0 -1 0 0 -1 0 0 -1 0 0 -1 0 0 -1 0 -0.147463441 -0.608101606 -0.780042887 -0.15631184 -0.613099873 -0.774386883 -0.319421291 -0.61128068 -0.724089742 -0.467369527 -0.61128062 -0.638671815 -0.316975087 -0.609548151 -0.726620853 -0.592483282 -0.613099694 -0.522563159 -0.470784515 -0.609548092 -0.637818933 -0.601804912 -0.608101845 -0.517728686 -8.38457054e-05 1 2.58140062e-05 -1.27580297e-05 1 -1.31123088e-05 -9.25714357e-06 1 -1.60338914e-05 -1.07401529e-05 1 -1.55276939e-05 -4.44132411e-06 1 -1.571139e-05 -1.09217563e-05 1 -1.46178882e-05 1.51824261e-05 1 -2.75153852e-05 -0.601786077 0.608134329 -0.517712474 -0.592609107 0.613152325 -0.522358835 -0.467367142 0.611349702 -0.638607442 -0.319390327 0.611358523 -0.724037707 -0.470761508 0.609598517 -0.637787759 -0.156109616 0.613180101 -0.774364173 -0.31696111 0.609593451 -0.726588845 -0.147454679 0.608163238 -0.779996574 -0.261699051 0.93582195 -0.236116379 -0.348064005 0.887311757 -0.302538127 -0.215678424 0.930954576 -0.294629097 -0.20706825 0.936032176 -0.284545898 -0.0733173713 0.92639184 -0.369354546 -0.0691944137 0.939031899 -0.336795479 -0.147638232 0.931101561 -0.333545834 -0.139068902 0.938018858 -0.317459285 0.49999994 2.14756437e-06 -0.866025507 0.499929011 -2.34760246e-05 -0.866066396 0.499885947 -1.68382976e-05 -0.866091251 0.500000536 -3.1952527e-06 -0.86602509 0.500085115 -0.000150541993 -0.865976274 0.499997169 -2.16941908e-06 -0.866027057 0.500000656 8.92929108e-08 -0.866025031 -0.499654204 -0.000563159585 0.866224766 -0.501123905 -0.00022926071 0.865375459 -0.500000656 -5.48093658e-06 0.86602509 -0.500019431 -1.79252493e-05 0.866014183 -0.500000238 -4.95893391e-06 0.866025329 -0.500000536 -2.36875758e-06 0.86602509 -0.450489968 -0.869035184 -0.204540044 -0.648706913 -0.680790544 -0.340152413 -0.52405262 -0.804767668 -0.278779089 -0.623090982 -0.671389878 -0.401239574 -0.468305796 -0.833370745 -0.293569177 -0.490448654 -0.810775757 -0.319535285 -0.10223069 -0.992833018 -0.061898388 -0.306451321 -0.932236373 -0.192413554 -0.277056664 -0.94649744 -0.165475786 -0.11297597 -0.991342247 -0.0669108331 -0.689796388 -0.614092767 -0.383498371 -0.695891142 -0.613233507 -0.373738199 -0.710499227 -0.614088535 -0.343636692 -0.706035316 -0.613418758 -0.353880674 -8.09099311e-06 -1 1.40140146e-05 2.14396164e-06 -1 2.54215161e-06 7.47998683e-06 -1 -1.38278274e-05 1 -8.65999173e-05 1.1612743e-05 1 -2.0468693e-05 -8.32957958e-05 1 -1.31631914e-05 -0.000138117 1 0 -0 1 -0.000157798073 0.000110681307 1 -2.14800238e-07 -2.75535228e-07 1 -5.79546189e-08 0 -0.999999762 -0.000565045048 0.000402836071 -0.999999166 -0.000231314916 -0.00129375444 -1 -5.78678339e-07 -0 -1 -2.14641477e-06 -2.75331581e-06 -1 -7.79985385e-06 -0 -1 -9.24596634e-07 -9.13010354e-07 0.00145869295 -0.991342306 -0.131294429 -0.0355932154 -0.668904901 -0.742495418 -0.0524527654 -0.86107558 -0.505764306 -0.0285707638 -0.81050849 -0.585029602 0.0311067458 -0.683929622 -0.728884518 0.020343693 -0.828378558 -0.559799135 0.0264805667 -0.814248502 -0.579912305 0.00249009859 -0.99283272 -0.119486168 0.0134082604 -0.93223983 -0.361592501 0.00477837306 -0.946498454 -0.322673023 -0.0166829433 -0.614131212 -0.789027631 -0.0556205176 -0.613971412 -0.787366152 -0.0402303413 -0.613003492 -0.789055228 7.33486942e-08 -1 -1.33967637e-06 -1.04601145e-06 -1 -8.80604944e-07 -6.76018772e-06 -1 -4.36070593e-07 0.499999672 -1.28853867e-06 0.866025567 0.500075042 -1.79309609e-05 0.865982115 0.500124276 -1.03611474e-05 0.865953684 0.500000238 3.29118484e-06 0.866025269 0.499902338 -0.000159324394 0.866081774 0.499999553 6.58290489e-08 0.866025627 0.500000656 -6.8348379e-07 0.866025031 -0.500347972 -0.000569571741 -0.865824223 -0.49887526 -0.00023512858 -0.866673708 -0.500000596 -3.85737451e-07 -0.866025031 -0.499995261 -4.01261423e-06 -0.86602813 -0.500000536 -1.06262851e-05 -0.86602509 -0.499999136 1.19768629e-06 -0.866025925 0.114431016 -0.991342723 -0.0643821284 0.625229418 -0.668896198 -0.402077228 0.411776096 -0.861078799 -0.298301518 0.492363244 -0.810510993 -0.317254364 0.646784306 -0.683930635 -0.33750397 0.494980901 -0.828372538 -0.26228404 0.515456319 -0.814250171 -0.267023295 0.104721308 -0.992833018 -0.0575853698 0.319857746 -0.932237566 -0.169186264 0.281834364 -0.94649756 -0.157199547 0.679891706 -0.613255978 -0.402075112 0.675255895 -0.613800943 -0.408996075 0.654070139 -0.613971472 -0.441849738 0.661617696 -0.613185644 -0.431584716 -7.87739282e-06 -1 -1.36440594e-05 -3.26799568e-06 -1 5.82594964e-07 8.44831084e-06 -1 1.37608067e-05 -0.49999994 2.14756437e-06 0.866025507 -0.499929011 -2.34760246e-05 0.866066396 -0.499885947 -1.68382976e-05 0.866091251 -0.500000536 -3.1952527e-06 0.86602509 -0.500088513 -0.000152797627 0.865974247 -0.499996811 -2.43568002e-06 0.866027236 -0.500000656 2.97166753e-08 0.866024971 0.499651194 -0.000563855632 -0.866226554 0.501123905 -0.00022926071 -0.865375459 0.500000656 -1.24622909e-06 -0.866025031 0.500001788 -2.0391933e-06 -0.866024315 0.500000238 -4.95893391e-06 -0.866025329 0.500000536 -2.36875758e-06 -0.86602509 0.11297597 -0.991342247 0.0669108331 0.660822332 -0.668897033 0.340426952 0.46422416 -0.861078978 0.207458064 0.520932138 -0.810510397 0.267773449 0.615678012 -0.683930993 0.391380787 0.47463277 -0.828374326 0.297522485 0.4889763 -0.814250588 0.312886924 0.10223069 -0.992833018 0.061898388 0.306451321 -0.932236373 0.192413554 0.277056664 -0.94649744 0.165475786 0.691818535 -0.613818109 0.380281925 0.695891142 -0.613233507 0.373738199 0.709686935 -0.613971412 0.345519185 0.706035316 -0.613418758 0.353880674 8.09099311e-06 -1 -1.40140146e-05 -2.14396164e-06 -1 -2.54215161e-06 -7.47998683e-06 -1 1.38278274e-05 -1 -8.65999173e-05 -1.1612743e-05 -1 -2.0468693e-05 8.32957958e-05 -1 -1.31631914e-05 0.000138117 -1 0 -0 -1 -0.000157798073 -0.000110681307 -1 -2.14800238e-07 2.75535228e-07 -1 -5.79546189e-08 -0 0.999999762 -0.000565045048 -0.000402836071 0.999999166 -0.000231314916 0.00129375444 1 -5.78678339e-07 0 1 -2.14641477e-06 2.75331581e-06 1 -7.79985385e-06 0 1 -9.24596634e-07 9.13010354e-07 -0.00145869295 -0.991342306 0.131294429 0.0355932154 -0.668904901 0.742495418 0.0524527654 -0.86107558 0.505764306 0.0285707638 -0.81050849 0.585029602 -0.0311067458 -0.683929622 0.728884518 -0.020343693 -0.828378558 0.559799135 -0.0264805667 -0.814248502 0.579912305 -0.00249009859 -0.99283272 0.119486168 -0.0134082604 -0.93223983 0.361592501 -0.00477837306 -0.946498454 0.322673023 0.0166829433 -0.614131212 0.789027631 0.0556205176 -0.613971412 0.787366152 0.0402303413 -0.613003492 0.789055228 -7.33486942e-08 -1 1.33967637e-06 1.04601145e-06 -1 8.80604944e-07 6.76018772e-06 -1 4.36070593e-07 -0.499999672 -1.28853867e-06 -0.866025567 -0.500075042 -1.79309609e-05 -0.865982115 -0.500124276 -1.03611474e-05 -0.865953684 -0.500000238 3.29118484e-06 -0.866025269 -0.499907583 -0.000155760383 -0.866078794 -0.499999732 -1.9721962e-07 -0.866025567 -0.500000596 -7.44108036e-07 -0.866025031 0.500346005 -0.000569121097 0.865825295 0.49887526 -0.00023512858 0.866673708 0.500000656 -4.50588959e-06 0.866025031 0.499977946 -1.94410404e-05 0.866038144 0.500000536 -1.06262851e-05 0.86602509 0.499999136 1.19768629e-06 0.866025925 -0.402382463 -0.869034529 0.287866861 -0.618932009 -0.680792391 0.391720504 -0.5034585 -0.804765284 0.314455509 -0.659027874 -0.671391189 0.338992894 -0.488395005 -0.833367944 0.258782029 -0.521952808 -0.810773313 0.26497516 -0.104721308 -0.992833018 0.0575853698 -0.319857746 -0.932237566 0.169186264 -0.281834364 -0.94649756 0.157199547 -0.114431016 -0.991342723 0.0643821284 -0.679767072 -0.613442302 0.402001411 -0.677206576 -0.613855004 0.405676425 -0.652845204 -0.614088655 0.443495512 -0.661617696 -0.613185644 0.431584716 7.87739282e-06 -1 1.36440594e-05 3.26799568e-06 -1 -5.82594964e-07 -8.44831084e-06 -1 -1.37608067e-05 0.49999994 -2.14756437e-06 -0.866025507 0.500000179 -2.44590154e-07 -0.866025329 0.49978283 2.2926748e-05 -0.866150796 0.499847531 0.000248888507 -0.866113365 0.499462932 -8.84503897e-05 -0.866335273 0.500009537 -5.92501783e-06 -0.866019905 0.500000656 -1.19057212e-07 -0.866025031 0.500444949 0.000518234621 -0.865768254 -0.500000596 1.72048703e-06 0.86602509 -0.499996006 -1.36935432e-06 0.866027713 -0.500099063 0.000123917926 0.865968227 -0.49986726 0.000141130367 0.86610198 -0.50036633 1.90878927e-05 0.865813792 -0.50000006 6.25215398e-06 0.866025388 -0.500000477 2.34214463e-06 0.86602509 -0.622625649 0.672108173 -0.40075925 -0.496665001 0.805176914 -0.324058682 -0.100125238 0.993126273 -0.0606232136 -0.459383607 0.842737377 -0.280642897 -0.64844662 0.681972325 -0.338276207 -0.277423978 0.945995748 -0.167713881 -0.11856626 0.990533531 -0.069176279 -0.305737764 0.934831202 -0.180596665 -0.464183241 0.863628387 -0.19667238 -0.530186474 0.801614463 -0.276254416 -0.67987448 0.613281727 -0.402064949 -0.675533593 0.613809168 -0.40852493 -0.654482484 0.613931477 -0.441294521 -0.661617696 0.613185644 -0.431584716 7.47998592e-06 1 -1.38278274e-05 -8.09099311e-06 1 1.40140146e-05 2.14396709e-06 1 2.54214524e-06 -0.499999672 1.28853867e-06 -0.866025567 -0.49999994 -8.57918337e-07 -0.866025448 -0.500223696 2.31167705e-05 -0.865896225 -0.500160098 0.000249936129 -0.865932882 -0.500547051 -8.94079349e-05 -0.865709364 -0.499990553 -5.89194997e-06 -0.866030872 -0.500000596 7.7387233e-07 -0.86602509 -0.499548674 0.00052509387 -0.866285682 0.500000715 9.49234447e-07 0.866025031 0.500004053 -1.28536624e-06 0.866023123 0.499896556 0.00012431349 0.866085052 0.500133693 0.000141446988 0.8659482 0.499635547 2.41880407e-05 0.866235733 0.500000238 8.64830054e-06 0.866025269 0.499999136 -1.14445697e-06 0.866025925 -0.658379495 0.672108889 0.338830471 -0.528977454 0.805175245 0.268096417 -0.102563038 0.993126333 0.056398917 -0.472738266 0.842735589 0.257517427 -0.617178142 0.681972384 0.392434508 -0.283952713 0.945997357 0.156397015 -0.119192474 0.990533352 0.0680940226 -0.309271216 0.934830606 0.174479544 -0.402413487 0.863628685 0.30365923 -0.504337132 0.80161339 0.321029693 -0.691533387 0.613857448 0.380736887 -0.695891142 0.613233507 0.373738199 -0.709412515 0.613931417 0.3461532 -0.706035316 0.613418758 0.353880674 -8.44830993e-06 1 -1.37608058e-05 7.87739464e-06 1 1.36440585e-05 3.26799272e-06 1 -5.82602866e-07 -1 0 -0 -1 4.61953192e-07 -6.19462881e-08 -1 6.23453088e-05 0.00011536161 -0.99999994 1.5334379e-05 0.000254712068 -0.999999762 3.5955014e-05 0.000672305177 -1 -1.20834129e-05 -2.12845625e-05 -1 1.93491587e-08 0 -0.999999762 0.000531453465 -0.000515622785 1 1.02203705e-06 0 1 -2.99130966e-06 -7.04374452e-06 1 0.000121635567 0.000117724347 1 0.000139197145 -0.000155385176 0.99999994 1.98268099e-05 0.000417512289 1 7.2168059e-06 9.28865163e-08 1 8.76304985e-05 -1.05857835e-05 -0.0357526504 0.672116935 0.739581287 -0.0323083736 0.805177391 0.592153311 -0.00243849633 0.993126154 0.117023073 -0.0133508723 0.842738688 0.538157284 0.0312708952 0.681970477 0.730710804 -0.006532297 0.945994973 0.324115604 -0.000625253888 0.99053359 0.137268707 -0.00353238569 0.934831023 0.35507524 0.0617770813 0.863624096 0.500337005 0.0258545429 0.801610768 0.59728694 -0.0161381513 0.614153266 0.78902173 -0.0549338683 0.613931417 0.787445545 -0.0402303413 0.613003492 0.789055228 7.1701713e-08 1 1.30959506e-06 -6.70527379e-06 1 0 1.04282549e-06 1 1.03352147e-06 -0.49999994 -2.14756437e-06 0.866025507 -0.500000238 2.70921703e-07 0.866025329 -0.499782771 2.35602402e-05 0.866150796 -0.499844879 0.000247323653 0.866114855 -0.499462694 -8.77380298e-05 0.866335392 -0.500009775 -6.0770958e-06 0.866019726 -0.500000656 -1.19057212e-07 0.866025031 -0.500445306 0.000517611275 0.865767956 0.500000596 1.72048703e-06 -0.86602509 0.499996006 -1.36935432e-06 -0.866027713 0.500099063 0.000123917926 -0.865968227 0.49986726 0.000141130367 -0.86610198 0.50036633 1.90878927e-05 -0.865813792 0.50000006 6.25215398e-06 -0.866025388 0.500000477 2.34214463e-06 -0.86602509 0.622625649 0.672108173 0.40075925 0.496665001 0.805176914 0.324058682 0.100125238 0.993126273 0.0606232136 0.459383607 0.842737377 0.280642897 0.64844662 0.681972325 0.338276207 0.277423978 0.945995748 0.167713881 0.11856626 0.990533531 0.069176279 0.305737764 0.934831202 0.180596665 0.464183241 0.863628387 0.19667238 0.530186474 0.801614463 0.276254416 0.67987448 0.613281727 0.402064949 0.675533593 0.613809168 0.40852493 0.654482484 0.613931477 0.441294521 0.661617696 0.613185644 0.431584716 -7.47998592e-06 1 1.38278274e-05 8.09099311e-06 1 -1.40140146e-05 -2.14396709e-06 1 -2.54214524e-06 0.499999672 1.28853867e-06 0.866025567 0.49999994 -8.57918337e-07 0.866025448 0.500223696 2.31167705e-05 0.865896225 0.500160098 0.000249936129 0.865932882 0.500547051 -8.94079349e-05 0.865709364 0.499990553 -5.89194997e-06 0.866030872 0.500000596 7.7387233e-07 0.86602509 0.499548674 0.00052509387 0.866285682 -0.500000715 9.49234447e-07 -0.866025031 -0.500003815 -1.13315434e-06 -0.866023183 -0.49989447 0.000124442464 -0.866086304 -0.500133574 0.000141717755 -0.865948319 -0.499635458 2.51018864e-05 -0.866235793 -0.500000358 9.36915876e-06 -0.86602515 -0.499999136 -1.14445697e-06 -0.866025925 0.658379495 0.672108889 -0.338830471 0.528977454 0.805175245 -0.268096417 0.102563038 0.993126333 -0.056398917 0.472738266 0.842735589 -0.257517427 0.617178142 0.681972384 -0.392434508 0.283952713 0.945997357 -0.156397015 0.119192474 0.990533352 -0.0680940226 0.309271216 0.934830606 -0.174479544 0.402413487 0.863628685 -0.30365923 0.504337132 0.80161339 -0.321029693 0.691533387 0.613857448 -0.380736887 0.695891142 0.613233507 -0.373738199 0.709412515 0.613931417 -0.3461532 0.706035316 0.613418758 -0.353880674 8.44830993e-06 1 1.37608058e-05 -7.87739464e-06 1 -1.36440585e-05 -3.26799272e-06 1 5.82602866e-07 -0.0711510107 0.156386301 -0.985129833 -0.0987435058 0.952807724 -0.287066311 -0.183776379 0.849986851 -0.493708968 -0.238209322 0.700546861 -0.672674119 -0.333286613 0.298005641 -0.894490123 -0.336729884 0.191707447 -0.921879232 -0.0233061872 0.93576771 -0.351846009 -0.0212044064 0.966707945 -0.25500235 -0.0473633967 0.971544206 -0.23207435 -0.0590484105 0.959608138 -0.275073677 -0.0486546345 0.692683339 -0.71959883 -0.154827267 0.686188817 -0.710755587 -0.138249025 0.746775627 -0.650548637 -0.0475170724 0.749511838 -0.660283387 -0.0621589422 0.509466946 -0.858242214 -0.176670089 0.514449239 -0.839124322 -0.0635092854 0.330775261 -0.941570044 -0.206420019 0.150031418 -0.9668926 -0.206612214 0.203736484 -0.956975818 -0.0127250785 -0.481534064 0.876335025 -0.057170596 -0.514648438 0.855493188 -0.0301463511 -0.553037763 0.832610607 -1.72728614e-05 -0.993059158 0.117615655 -0.117992193 -0.130286634 0.984430373 -0.0446679965 -0.894743502 0.444340885 -0.0201478656 -0.935242534 0.353433818 -0.0754489303 -0.651624382 0.754780173 -0.00681289192 -0.830953836 0.556299627 -0.0634229481 -0.525360227 0.848512948 0.61357224 0.00781512633 -0.789599895 0.60906142 0.0162910149 -0.792955756 0.713927627 0.0106375003 0.700138688 0.719965518 0.000294042489 0.694009781 0.714672267 -0.00036863517 0.699459374 0.729083419 0.000191152867 0.684424758 0.74249202 -0.00039215805 0.669854879 0.76936096 -0.0256239939 0.63830024 0.773180425 -0.0104814917 0.634099543 0.776285887 -0.00494552171 0.630361676 0.770644248 -0.00374746183 0.637254596 0.550621986 -8.10341226e-05 -0.834754705 0.566805065 -6.61826607e-06 -0.823851943 0.582008064 0.00101871742 -0.813182354 0.789599836 0.00781512354 0.613572299 0.611552596 0.00462017674 -0.791190267 0.792955756 0.0162910149 0.60906142 0.543375075 0.000382265134 -0.839489996 0.533437848 -6.60492369e-05 -0.845839262 0.516871035 0.000347716792 -0.856063247 0.498893976 -0.000118626427 -0.866662979 0.515867174 0.00025609092 -0.856668532 0.386337876 -0.00547167333 -0.922341108 0.301195323 -4.36036898e-05 -0.953562498 0.29219541 0.000201230345 -0.956358612 0.271832377 -0.000300323038 -0.962344587 0.277268678 3.63609361e-05 -0.960792363 0.379078001 0.00552303763 -0.925348222 0.488150328 0.000315107085 -0.872759521 0.45618403 0.000227220778 -0.889885366 0.468872666 -0.00013640993 -0.883265734 0.482182443 -7.6024895e-05 -0.876070797 0.834749877 -4.42355995e-05 0.550629318 0.82385385 -1.35859973e-05 0.566802323 0.813200474 0.00097772968 0.581982851 0.25951761 0.000124817059 -0.965738356 0.240908235 -0.000251331425 -0.970547915 0.791176915 0.00453489739 0.611570477 0.240392342 -0.000294111291 -0.970675766 0.208157539 -0.000412996858 -0.978095174 0.22029148 0.000113495007 -0.975434124 0.845839918 -0.000117968266 0.533436835 0.839070976 0.000400216639 0.544021785 0.200301901 4.00977406e-05 -0.979734242 0.856643081 0.000259673689 0.515909612 0.181227803 1.47186429e-05 -0.983441114 0.866662979 -0.000118740951 0.498894095 0.856668532 0.000255805789 0.515867174 0.162157089 -0.00101043761 -0.986764431 0.922340274 -0.00547532085 0.386339903 0.953427494 -5.02109287e-05 0.301622391 0.12344978 -0.00604090281 -0.992332458 0.956363082 0.000207727484 0.292180687 0.129531503 -0.0155799957 -0.991452932 0.126231909 -0.00462804409 -0.99198997 0.103324316 0.00499961805 -0.994635224 0.960793197 4.49676299e-05 0.277265966 0.962373197 -0.000296947401 0.271731049 0.925352693 0.00555204926 0.379066586 0.0980926231 0.0103474231 -0.995123446 0.872466266 0.00029400675 0.488674432 0.889864922 0.000203022064 0.456223994 0.883248031 -0.000170650077 0.468905985 0.876055062 -0.000122501719 0.482211053 0.0916884467 0.0246354658 -0.995482922 0.965739965 0.000124858896 0.259511441 0.970675945 -0.000294022961 0.240391418 0.970842481 -0.00034985735 0.239718094 0.975433886 6.16148827e-05 0.220292464 0.977945507 -0.000391134818 0.20885995 0.979732633 7.73291395e-05 0.200309694 0.98344332 7.56469126e-06 0.181216314 0.986769319 -0.00105303631 0.162127122 0.992333591 -0.00603649579 0.123440579 0.991452754 -0.0155902067 0.129531667 0.991986632 -0.00471322658 0.126254693 0.994635105 0.00499904435 0.103324361 0.995122969 0.0103404075 0.0980990008 0.0107519068 0.000433414301 -0.999942124 0.0315767489 -0.000153200308 -0.999501288 0.0513637178 0.000412040739 -0.998679936 0.995482862 0.0246455297 0.0916872174 0.0943670422 0.00374631886 -0.995530367 -0.103813358 0.00465325126 -0.994585931 -0.0981894135 0.0109137837 -0.995107889 -0.0926760584 0.0257106069 -0.995364249 -0.124498479 -0.00771951256 -0.992189825 0.00862114318 -0.0119656539 -0.999891281 0.995530427 0.00374637637 0.0943670645 -0.130119637 -0.0163231492 -0.991363883 -0.127078399 -0.00444400031 -0.991882741 0.999942064 0.000433882058 0.0107519599 0.999501288 -0.000152826862 0.031576924 0.998679876 0.000412329682 0.0513640791 -0.163659856 -0.000931909482 -0.986516416 0.994585872 0.00465349713 -0.103813976 0.99510783 0.010913874 -0.0981901288 0.995364249 0.0257107168 -0.0926767141 -0.181888789 3.30513831e-05 -0.983319104 0.992189527 -0.00771970814 -0.124500059 0.999891043 -0.0119938282 0.00860281102 0.991882563 -0.00444420427 -0.127079874 0.991363764 -0.0163229909 -0.130121067 -0.0943685025 0.00378917856 -0.995530188 -0.051445704 0.000431135762 -0.998675764 -0.031682346 -0.000162544646 -0.99949795 -0.0107868025 0.00039461421 -0.999941766 -0.0109737851 -0.0104607595 -0.999885023 -0.00119084993 -0.0204812437 -0.999789536 0.00031183043 0.00136162853 -0.999998987 -0.000386652566 -0.0219208635 -0.999759614 0.986516058 -0.00093179004 -0.163661718 -0.200995997 4.11933179e-05 -0.979592085 -0.208202541 -0.000380388985 -0.978085697 -0.221007541 0.000140186996 -0.975272119 -0.240969211 -0.000279105938 -0.970532715 -0.241089135 -0.000269520737 -0.970502973 -0.272094607 -0.00032891304 -0.962270498 -0.260179013 0.000102768216 -0.965560377 0.983320296 3.28885872e-05 -0.181882367 -0.2786659 7.8618752e-05 -0.960388064 -0.293175668 0.000171257852 -0.956058562 -0.306758314 -0.000161739401 -0.951787412 0.999998987 0.00136188231 0.000314784556 0.999759495 -0.0219257455 -0.000383711915 0.998675644 0.000431310647 -0.0514459908 0.999498188 -0.000162620563 -0.0316763744 0.999941707 0.000394154427 -0.0107925069 0.995530069 0.00378950126 -0.0943691432 0.999885023 -0.010458746 -0.0109758209 -0.386160135 -0.00528638344 -0.922416568 0.999789536 -0.0204816572 -0.00119042723 0.978085279 -0.000380175858 -0.208204314 0.979591191 4.12039371e-05 -0.201000229 0.970532179 -0.00027920329 -0.240971267 0.975273609 0.000140138407 -0.221000999 0.970500886 -0.000269120326 -0.241097406 0.965562105 0.000102950733 -0.260172963 0.962270558 -0.000328895345 -0.27209419 0.960388362 7.86209421e-05 -0.278665066 0.956060171 0.000171257678 -0.293170244 0.951788962 -0.000161719974 -0.306753486 0.922416568 -0.00528641418 -0.386160225 -0.699032485 0.00942708645 -0.71502769 -0.705960035 0.0186092909 -0.708007216 -0.483337373 1.34888724e-05 -0.87543416 -0.469288439 -0.000150482476 -0.883044958 -0.453873962 0.000403905346 -0.891065836 -0.379213333 0.00551479915 -0.92529285 -0.516366363 0.000277885498 -0.856367767 -0.499371886 -0.000104301012 -0.866387725 0.713860989 0.011014184 -0.700200856 -0.488164246 0.000340514671 -0.872751713 -0.629850805 -0.00466759643 -0.776702225 0.707862079 0.0193651095 -0.706085145 -0.614413083 0.0060319663 -0.78896153 -0.609456718 0.0155823706 -0.792666197 -0.634522736 -0.0106609128 -0.772830606 -0.533940971 -0.000130109169 -0.845521748 -0.516004145 0.000244863477 -0.856586039 -0.639171243 -0.0245810878 -0.768671572 -0.637274563 -0.00373766385 -0.770627737 0.925293088 0.00551599171 -0.379212737 -0.669814944 -0.000412537949 -0.742528021 -0.612148881 0.00482145883 -0.790727854 -0.543906748 0.000370282505 -0.839145601 -0.583167493 0.00110521296 -0.812351167 -0.567259431 9.85621591e-06 -0.823539197 0.875434399 1.42132494e-05 -0.483336926 -0.551124573 -8.43122689e-05 -0.834422946 0.883045316 -0.000149685249 -0.469287664 0.891066611 0.000404812221 -0.453872412 -0.684370756 0.000161261749 -0.729134083 -0.699445546 -0.000423654186 -0.714685738 -0.69776684 -0.000215187611 -0.716324925 0.706220806 0.022834938 -0.707623243 0.703416049 0.0170102045 -0.710574806 0.872755408 0.000340798084 -0.488157749 0.856367767 0.000277818792 -0.516366422 0.866387784 -0.000104311344 -0.499371886 0.78896153 0.0060319663 -0.614413083 0.792666197 0.0155823706 -0.609456718 0.776702166 -0.00466756662 -0.629850805 0.772830129 -0.0106617333 -0.634523392 0.856585979 0.000244798866 -0.516004145 0.845521748 -0.000130212095 -0.533940971 0.770625412 -0.00375989662 -0.637277305 0.768671155 -0.0245819055 -0.63917172 0.742527783 -0.000425227947 -0.669815123 0.812351227 0.00110521284 -0.583167434 0.823539138 9.85621318e-06 -0.567259431 0.834422946 -8.43122543e-05 -0.551124573 0.790727854 0.00482145837 -0.612148881 0.839144945 0.000370214053 -0.543907821 0.729141235 0.00015412808 -0.684363246 0.707535863 -0.00132189679 -0.706676245 0.714684248 -0.000423278601 -0.699447155 0.699460447 -0.000353914395 -0.714671254 0.684419572 0.000171062333 -0.729088247 0.669832885 -0.000439334603 -0.742511749 0.637258947 -0.0038360944 -0.770640194 0.638299704 -0.0256226473 -0.769361317 0.634097636 -0.0104755471 -0.773182094 0.630366087 -0.00494889589 -0.776282191 0.636404097 -0.00918892492 0.771301091 0.644942462 -0.0170281846 0.764041364 0.543438137 0.0320416652 0.838837445 0.629555643 -0.00492759096 0.776939809 0.655635417 -0.03195104 0.754401267 0.655410171 -0.0314952172 0.754616141 0.681643665 -0.010845284 0.73160398 0.699308932 -0.00239106244 0.714815617 0.422654986 0.00376932928 0.906282902 0.565105677 -0.00384944375 0.825009525 0.518667877 -0.00752926059 0.854942739 0.527383208 -0.015851194 0.849479675 0.532976091 -0.0176806934 0.845945597 0.530935526 -0.0217463989 0.84713316 0.530940831 -0.0212314818 0.847142816 0.540824592 -0.00865448918 0.841090858 0.69966495 0.0103784287 0.714395761 0.705697119 0.0185539052 0.708270729 0.632171392 -0.00648883032 0.774801493 0.662069917 -0.000693272857 0.749441743 0.697704077 -0.000234582927 0.716386139 0.692145765 0.000443429628 0.721757531 -0.00704691699 0.999918044 -0.0106890909 -0.00138229516 0.999995887 0.0025380298 0.000304771995 1 0.000116825606 0.000929171161 0.999998093 0.00170354615 -0.000315935235 1 0.000120266712 -0.00136385136 0.999816358 0.0191152934 2.74737649e-05 1 -0.000147428378 0.00322727906 0.999993145 -0.00184108026 -4.10968823e-05 0.99999994 -0.000222019051 -0.0119962292 0.999922872 -0.00321964687 0.000156762326 1 8.23818846e-05 -0.000124578524 1 8.20112546e-05 -7.04856939e-05 1 -0.000274856517 -5.52959355e-05 1 -0.000169514242 6.62458478e-06 1 -0.00010386252 0.00180129532 0.999978244 -0.0063509848 -1.224264e-05 1 -0.000147600367 -0.00315737235 0.999978662 -0.00572217768 0.0124964379 0.999894679 0.00739046466 0.000624695851 0.999999702 -0.00049869495 0.000570895441 0.999999881 -5.55457882e-05 0.000401852507 0.99999994 -0.000271376804 -0.000429030566 0.99999994 -4.24881036e-05 -0.000344451953 0.999998629 -0.00162064971 0.000347398542 0.999998629 -0.00162193342 -0.000585389615 0.999996722 0.00250225514 0.000620775681 0.999999642 -0.000505845121 9.69617322e-05 1 -2.40001373e-05 7.26646686e-05 1 0.000241325644 2.88256979e-05 1 0.000135625174 -0.000216585759 1 -2.08324982e-05 -0.000482993404 0.999999762 0.000413014292 0.000224508447 0.99999994 -0.000199369912 0.00152585504 0.99999553 0.00256470684 0.0105841774 0.999920607 -0.00685017742 0.000327759073 0.999999762 -0.000591680757 -0.000713913178 0.999999762 -4.27078885e-06 0.000218492307 0.99999994 -2.92860786e-05 0.000146402177 1 -3.56718033e-06 -8.13772294e-06 1 0.000134720278 -0.000314123055 0.99999994 3.05628819e-05 -0.000521036272 0.999999344 0.00103686564 0.00126874761 0.999998987 0.000620313687 -0.00246667373 0.999996245 0.00122729456 -0.00174001348 0.999885261 -0.0150485998 5.5600678e-05 1 0.000310538744 1.3158714e-05 0.99999994 0.000178769915 -7.26907558e-07 1 -1.06674271e-07 0.000399573037 0.999999881 -5.87330906e-05 -0.00207990175 0.999993503 -0.00290241255 1.55134221e-05 1 -4.77188914e-05 -2.5715528e-05 1 -7.9065605e-05 0.00201214361 0.999993324 -0.00306313252 -0.000156224924 1 5.3080923e-05 0.000270903722 0.999999881 5.72466888e-05 0.00022950217 1 -8.44476017e-05 -0.000294408383 1 -8.37822881e-05 2.5763442e-05 1 -1.2658129e-05 -0.000443826953 0.999999821 -0.000240777837 -0.02678716 0.999635875 0.00326566026 0.0144146411 0.999895036 0.00144767249 -0.000651948969 0.999999702 0.000434535643 -0.000258291664 0.99999994 0.000201196817 0.000123641948 0.99999994 -0.000272504956 0.000474277738 0.999999881 -3.93829614e-05 -0.000391787093 0.999999106 0.0013232585 0.000259576424 0.999999523 0.000995281502 0.000287561095 0.99999994 -0.000162000142 -0.000113706366 1 -4.83367912e-05 -0.000386726024 0.999999821 0.000313886965 2.67019332e-05 1 0.000111434543 0.00664271601 0.999972403 0.00331193767 5.67480674e-05 1 9.78173193e-05 6.04771922e-05 1 -8.72947785e-05 0 1 0 8.64407994e-05 1 0.000124730213 0 1 0 2.73058376e-05 1 -0.000177866008 8.95976991e-05 1 -0.00015448402 0.00283196568 0.999994874 -0.00147871173 -0.00296437042 0.999994278 -0.00164868368 -0.000209813676 0.99999994 8.92387325e-05 0.000365193671 0.99999994 0.000155243964 0.000698780874 0.99999696 -0.00236013602 -0.000556403189 0.999998093 -0.00187811826 0.0154253878 0.999879122 -0.00198214455 0.000377361313 0.999999881 0.000298258296 0.000946205691 0.999999583 -5.66542876e-05 -0.000325700181 0.99999994 0.000143934929 0.00125573017 0.999998569 0.00111965416 -0.387787819 0.90359062 -0.182056427 -0.0124881035 0.999902248 -0.00627763709 -0.42700839 0.8801682 -0.207286671 -0.772014558 0.516692638 -0.37016502 -0.789528489 0.440850168 -0.426961303 -0.760706663 0.533899486 -0.369156778 -0.90299809 0.10420309 -0.416816741 0.204131335 0.886320472 -0.415651709 0.376385242 0.113964565 -0.919427156 0.365604877 0.51942569 -0.77235359 0.277572632 0.703874409 -0.653845787 0.388811231 -0.30523935 -0.869283974 0.179241225 0.90730989 -0.380343527 0.413454682 0.27373156 -0.868404448 -0.286602199 0.957573891 0.0301901754 -0.744037867 0.663314283 0.0801363811 -0.705682993 0.70462203 0.0742913783 -0.971184015 0.21393545 0.105039492 -0.905679345 0.413447827 0.0938391238 -0.116775125 0.993089318 -0.0117130131 -0.380553901 0.916776121 -0.121244974 -0.259568751 0.962526977 -0.0785237923 -0.359158397 0.932555199 -0.0366883688 -0.269638062 0.962486804 -0.0302419495 -0.72776556 0.644812822 -0.233610019 -0.707796276 0.702769279 -0.0716930628 -0.676892459 0.704000533 -0.214941531 -0.705846071 0.704738736 -0.0715873763 -0.994547248 -0.0091571724 -0.103884667 -0.904652655 0.416335344 -0.0909309015 -0.854356468 0.442549616 -0.272442371 -0.892072499 0.442766309 -0.0903585106 -0.904153466 0.3130638 -0.290684581 -0.930374026 0.20487836 -0.304021448 -0.359496623 0.925862253 0.116367109 -0.23543933 0.96926105 0.0714230239 -0.723125279 0.649751961 0.234333232 -0.702861309 0.674366355 0.226309717 -0.931924045 0.196633041 0.304718047 -0.930707693 0.202515513 0.304582715 -0.116774693 0.993088901 0.0117516285 -0.360797971 0.931726158 0.0413668565 0.432083726 0.105379269 0.895655632 0.388590276 -0.302237213 0.870431125 0.385746181 0.253259748 0.887163699 0.29382959 0.690766156 0.660686255 0.3048096 0.673312485 0.673603177 0.124876745 0.954250932 0.271681905 0.127361089 0.939598441 0.317701131 -0.901670873 0.102289036 0.420150578 -0.00920399372 0.999946535 0.00472007692 -0.43746987 0.870472133 0.225606695 -0.314589202 0.937143087 0.150984719 -0.748252928 0.541673362 0.383024186 -0.662363768 0.67452693 0.326017857 -0.885119438 0.185373768 0.426848978 -0.394908726 0.48489669 -0.780334771 -0.331318796 0.743862331 -0.580428004 -0.22611627 0.855062842 -0.466625184 -0.418766677 0.868005872 0.266833842 -0.610193491 0.715338349 0.340521455 -0.557443142 0.759730041 0.334764689 -0.737408757 0.476209044 0.479012758 -0.824380815 0.333303332 0.457498848 -0.825111032 0.251871377 0.505719781 -0.822478712 0.258194417 0.506817997 -0.831508219 0.297780573 0.468957186 0.225455344 0.897455394 0.379135579 0.317131579 0.828701258 0.461174279 0.491372347 0.447536051 0.747171104 -0.173513144 0.975119472 0.137968481 -0.420162737 0.857688785 0.296366692 -0.58068043 0.6855281 0.439159781 -0.698206186 0.503533244 0.508883417 -0.789887309 0.169707254 0.589302599 -0.784374416 0.197238639 0.588093162 -0.146232173 0.965090752 -0.217292577 -0.238096237 0.924663424 -0.297166079 -0.442977786 0.684363663 -0.579151928 -0.421005547 0.707609773 -0.567488134 -0.596401751 -0.243382856 -0.764898539 -0.600978494 0.230398715 -0.765337408 -0.60301739 0.224971354 -0.765348256 -0.700604439 0.171577245 0.692614377 -0.641340077 0.398867637 0.655429244 -0.738311172 0.238353342 0.630939245 -0.636373937 0.131054819 0.760166287 -0.750258505 0.187397301 0.634030402 -0.224698618 0.937652886 0.265174627 -0.198007852 0.954121947 0.224597722 -0.503282726 0.623605013 0.598183334 -0.464921117 0.700760603 0.541094244 -0.29123491 0.924030423 0.247689039 -0.225842714 0.953045785 0.20173943 -0.282498956 0.916112006 0.284487605 -0.599045217 0.399010926 0.694215417 -0.556209147 0.679899037 0.477879345 -0.50701952 0.699852824 0.503127396 -0.563954473 0.667134106 0.486710727 -0.520022035 0.676372945 0.521628976 0.778931201 0.149375424 0.609059274 0.598243177 0.639798522 0.482455134 0.627328396 0.602594197 0.493294299 0.27034533 0.944290042 0.187696025 0.3150298 0.905222714 0.285180897 0.789844751 0.107080579 0.603886545 0.762676954 -0.251993746 0.595670342 -0.148146525 0.970243931 0.191518709 -0.60195297 0.105934702 0.791473567 -0.101718716 0.983202457 0.151546597 -0.355503619 0.784529328 0.508065939 -0.256205142 0.902740657 0.345569313 -0.532063603 0.388715208 0.75220257 -0.474750876 0.590544224 0.652586579 -0.536502779 0.373918861 0.756537735 -0.773799062 0.360655844 -0.520732522 -0.758519888 0.391684264 -0.520798385 -0.566916883 0.72912842 -0.383375794 -0.529261172 0.762322187 -0.372488379 -0.195660546 0.972094715 -0.129417479 -0.163884193 0.981740355 -0.0965806991 -0.130126297 0.970863223 0.201225609 -0.270485312 0.844755292 0.461764306 -0.448494315 0.486928225 0.749502361 -0.375326991 0.695929885 0.61221832 -0.498238027 0.273436934 0.822794676 -0.486486495 0.366382033 0.793155134 -0.485762477 0.367746234 0.792967498 0.258779049 0.958686829 0.118122496 0.443534136 0.858275533 0.258148313 0.647142529 0.684811532 0.335021943 0.764216423 0.481471151 0.429137319 -0.124918811 0.952829003 0.276608557 -0.152007893 0.935358942 0.319370151 -0.317474544 0.71358341 0.624506712 -0.384116888 0.370980084 0.845475078 -0.460257769 0.272674888 0.844873488 -0.386688977 0.437828749 0.81165123 -0.287498295 0.947119057 -0.142513961 -0.864758134 -0.314185113 -0.391766757 -0.820700705 0.400547981 -0.407445252 -0.721511006 0.623744488 -0.300607175 -0.286007583 0.947745144 -0.141346663 -0.919450104 0.10102351 -0.380007714 0.0305905193 0.957474947 0.286889881 0.0810731873 0.663225055 0.744015932 0.0751968473 0.704559743 0.705649316 0.106227964 0.213891387 0.971064389 0.095013231 0.413353324 0.905600071 -0.12074203 0.919149697 0.374947071 -0.0793735236 0.962555408 0.259204417 -0.0350658596 0.939973474 0.339440942 -0.0305153765 0.96251452 0.269507974 -0.253792435 0.577860415 0.77567184 -0.0724629387 0.702712893 0.707773805 -0.216882423 0.703971088 0.676303804 -0.0723535717 0.704691708 0.705814719 -0.104903705 -0.0111485422 0.994419873 -0.0919165015 0.416366905 0.904538453 -0.276073724 0.44245398 0.853239536 -0.0913246498 0.442707181 0.892003477 -0.29296878 0.313484341 0.903270125 0.313232154 0.093629539 0.945049763 -0.312762499 0.107482202 0.943730474 0.120410345 0.921926081 0.368176132 0.0720378235 0.969279408 0.235176295 0.256780833 0.580435157 0.772760391 0.228436112 0.674257815 0.702277243 0.305181921 0.20268032 0.930475533 0.0382726565 0.940476537 0.337696791 0.864495337 -0.315205634 -0.391526639 0.906535864 0.0890821591 -0.412622035 0.89347887 0.146588355 -0.424508363 0.678307176 0.68058598 -0.276951492 0.714720249 0.623617053 -0.316665053 0.266300291 0.955666542 -0.125640899 0.160282314 0.986067772 -0.0444959626 0.0816831961 0.981938422 0.17065987 0.1408301 0.953009427 0.268216223 0.362807751 0.617073953 0.698276639 0.310493559 0.716749012 0.624391317 0.420048743 0.286092073 0.861226141 0.415488154 0.141188502 0.898574114 -0.720487237 0.564187527 0.403225154 -0.250097841 0.956347704 0.15116246 -0.720801592 0.563237309 0.403990954 -0.233100459 0.96373862 0.129892096 0.268288225 0.86528343 0.423445314 0.138106614 0.960247695 0.242592305 0.448256433 0.437584013 0.779478252 0.422782123 0.549160242 0.720887244 0.484551638 0.38321048 0.786358297 0.499693573 0.266125351 0.824307978 0.423984498 0.862430573 -0.276497483 0.448525935 0.840145826 -0.304925382 0.747776747 0.442682326 -0.494835466 0.166536719 0.956170857 0.240837738 0.0930699706 0.99016428 0.10446351 0.298415363 0.855823874 0.422508955 0.439159781 0.6855281 0.58068043 0.508883417 0.503533244 0.698206186 0.589302599 0.169707254 0.789887309 0.588093162 0.197238639 0.784374416 -0.225854546 0.96149987 0.156549424 -0.29096055 0.928451061 0.230912685 -0.562746763 0.715063989 0.414728254 -0.56640631 0.708134294 0.421580166 -0.764899492 -0.243543237 0.596335113 -0.761188984 0.249263063 0.598714709 -0.760879517 0.22623305 0.608178377 0.685444593 0.445637435 0.575823784 0.404174864 0.833411634 0.376918763 0.689004362 0.396321297 0.606796861 0.508204281 0.705820084 0.493504256 0.62750268 0.495811999 0.600342214 0.649667025 0.451182663 0.611855388 0.245206803 0.930958509 0.270536184 0.182781413 0.960804284 0.208437294 0.470555186 0.698975563 0.538526714 0.482604951 0.681762815 0.549810827 0.604012847 0.202477604 0.770825148 0.634955585 0.337219477 0.695064306 0.654063106 0.248131037 0.714585483 0.577767193 0.481891006 0.658761024 0.352785707 0.882775307 0.310242027 0.379644305 0.86694628 0.322915435 0.647472262 0.547874808 0.529729009 0.775632143 0.138562381 0.615788281 0.606424391 0.175710872 -0.775483727 0.532397211 0.530892432 -0.659322619 0.488072932 0.598523676 -0.635259271 0.226439282 0.928384423 -0.294665128 0.333942562 0.875743568 -0.348648012 0.0915422067 0.988015831 -0.124276899 0.599335551 0.106473185 -0.793385386 0.596197128 -0.249806538 -0.762984753 0.791473567 0.105934702 0.60195297 0.10827288 0.990889311 0.0800954103 0.19541572 0.971334577 0.135357872 0.511964202 0.780545712 0.358665824 0.404090196 0.866923809 0.291812062 0.75220257 0.388715208 0.532063603 0.652586579 0.590544224 0.474750876 0.756537735 0.373918861 0.536502779 -0.516586423 0.377695233 0.768430114 -0.516800344 0.393226177 0.760454178 -0.363649726 0.766206563 0.529798508 -0.365539432 0.760413527 0.536798 -0.144741505 0.966482937 0.212039545 -0.126609996 0.97287488 0.193608701 0.238190532 0.959828436 0.148305833 0.471626133 0.838382304 0.273283601 0.566112757 0.751413047 0.338961244 0.755284905 0.483494431 0.442467809 0.793921709 0.307984263 0.524246097 0.852437079 0.163737535 0.496528894 0.754644215 0.484978944 0.441936076 0.145524293 0.939720511 -0.30943194 0.260795593 0.8551386 -0.448021889 0.34225291 0.67208004 -0.656636357 0.428942949 0.476333201 -0.767538011 0.882018328 0.24046655 0.405239999 0.00858174171 0.999954224 0.00423487555 0.452845603 0.867128372 0.207410529 0.348400503 0.922185898 0.167899206 0.635252059 0.704556167 0.316315413 0.819608152 0.410998911 0.39915207 0.870419085 0.275334626 0.408119231 -0.416092575 0.257600337 0.872071683 -0.38863042 -0.306497753 0.868921995 -0.399063289 0.168389067 0.901328862 -0.216254935 0.859755099 0.46266067 -0.283663154 0.666367412 0.689557612 -0.220106944 0.881908774 0.416881144 0.968100846 0.228770107 -0.102201045 0.967734218 0.230351523 -0.10212031 0.157727107 0.986323953 0.0478243865 0.164110437 0.986301959 0.0166229047 0.164109692 0.986302018 0.0166228488 0.458491832 0.87678045 0.145055786 0.468536466 0.870830715 0.148752883 0.494173646 0.867930353 0.0498935096 0.490040898 0.870284975 0.0496367775 0.747976482 0.618642926 0.240441442 0.834397733 0.544337273 0.086472176 0.85106796 0.517843485 0.0867265165 0.916679025 0.269251436 0.295301944 0.814318717 0.519882441 0.25808382 0.987562656 -0.118473873 0.103363037 0.968599081 0.229324311 0.0960528851 0.94135654 0.136779279 0.308446556 0.139562964 0.989322066 -0.0419998392 0.504990935 0.84727329 -0.164657816 0.477331966 0.865101457 -0.154122233 0.89985472 0.319692075 -0.296746314 0.797822177 0.545557022 -0.256607294 0.924609542 0.232013598 -0.302104175 0.16410917 0.986302078 -0.0166283194 0.193468571 0.98089391 -0.0204241481 0.497392654 0.865933836 -0.0525279716 0.496907711 0.866216421 -0.0524577051 0.83525908 0.542740226 -0.0881771296 0.831236899 0.548987389 -0.0875099376 -0.390435755 -0.299284667 -0.870625496 -0.344275862 0.445733398 -0.826314628 -0.413833916 0.243933484 -0.877062142 -0.33497113 0.590260744 -0.734429359 -0.200517505 0.868935943 -0.452485502 -0.171735257 0.891918898 -0.418315232 0.0122600747 0.999904692 -0.00635368889 0.531177938 0.801278293 -0.275323749 0.41372624 0.888321877 -0.199285939 0.817344964 0.40023005 -0.414443135 0.720221758 0.596009195 -0.355040282 0.866312921 0.258177817 -0.427605003 0.89522922 0.139403731 -0.423239022 0.283357024 0.788554549 0.545793414 0.300610036 0.773682892 0.557717085 0.435881346 0.38833645 0.811912715 0.435808182 0.385057688 0.813511968 0.792057872 0.386774719 -0.472281426 0.387904882 0.88803333 -0.246833131 0.390892684 0.885862827 -0.249899924 0.544926107 0.792157829 -0.274848342 0.808337212 0.352336019 -0.471646547 0.774997175 0.414632916 -0.476926625 0.798030674 0.32305938 -0.508703887 0.792612195 0.42625922 -0.435968935 -0.511478901 0.409525514 -0.755432487 -0.259854555 0.883123517 -0.390600294 -0.254464597 0.886641085 -0.386154532 -0.508271635 0.4162395 -0.753926039 0.170894533 0.976220727 -0.13337262 0.787951827 0.123894379 -0.603143513 0.41880694 0.865151167 -0.275888205 0.37766996 0.887806833 -0.26299125 0.596073687 0.650670409 -0.470450938 0.743788898 0.430922985 -0.510963202 0.747086525 0.401386112 -0.529859364 0.745205522 0.401041776 -0.532760918 0.452463001 0.663732529 0.595597446 0.610625267 0.181557715 0.770826519 0.137866691 0.968662679 0.206604257 0.448580205 0.668142855 0.593600035 0.268444389 0.908697903 0.319696218 0.600282073 0.0890929401 0.794810534 0.595218956 -0.253174335 0.762638271 0.636087716 0.126454338 -0.761184394 0.758400083 0.163963705 -0.630828977 0.29961136 0.889516771 -0.344953597 0.293472767 0.895246744 -0.335271657 0.490548164 0.646344066 -0.584467173 0.125630751 0.985267758 -0.116036177 0.572698236 0.489276528 -0.6577425 0.342692941 0.891109765 -0.297464222 0.328401119 0.884526372 -0.33130914 0.343647808 0.870545983 -0.352215558 0.372660786 0.872186124 -0.316883653 0.576240659 0.65617919 -0.487212062 0.61637187 0.488239199 -0.617825389 0.64643693 0.51477325 -0.563140988 0.615639985 0.490705132 -0.616600275 -0.762728989 -0.251366287 -0.595868647 -0.793127775 0.101262443 -0.600578368 -0.596993327 0.651161909 -0.468601197 -0.601473331 0.640786111 -0.477098584 -0.351109743 0.896823108 -0.26912871 -0.332969695 0.9062832 -0.260349691 -0.781404257 0.145675972 -0.606783152 0.603366971 0.102653928 -0.790828943 0.00780926831 0.999910712 -0.0108426549 0.294005096 0.858278513 -0.420617461 0.240015581 0.914026856 -0.327028155 0.494772136 0.510714889 -0.703115106 0.451614141 0.638237357 -0.623456299 0.563256323 0.286286861 -0.775101364 0.426958114 0.850866735 0.306157827 0.335788578 0.91676867 0.216289505 0.728907466 0.463276774 0.504052103 0.673033893 0.603996992 0.426864237 0.108536206 0.975460351 -0.19156453 0.206487998 0.917920887 -0.338797688 0.333183289 0.750246584 -0.571068227 0.434969813 0.587279141 -0.682571888 0.402503937 0.625050068 -0.668807209 0.450682253 0.392289966 -0.801869214 0.492233634 0.153839529 -0.856761038 -0.783602238 0.456994534 -0.42086041 -0.159308732 0.981359601 -0.107489876 -0.426824331 0.879984558 -0.208441958 -0.558663785 0.764687419 -0.321166515 -0.811569333 0.407969803 -0.418229312 0.0895698369 0.975232899 -0.202232733 0.2114079 0.884229243 -0.416467786 0.318650693 0.659763217 -0.680569053 0.426959723 0.440846801 -0.789531231 0.376594573 0.522709548 -0.764821112 0.410067856 0.153171882 -0.899101079 0.215835422 0.969412982 0.116848528 0.686800599 0.651510537 0.322240353 0.870082259 -0.301049948 0.390289396 0.891148031 0.174323842 0.418887049 0.673320413 0.671166003 0.310122222 0.866994619 0.332936317 0.370774508 0.390247971 0.907284796 0.156654805 0.333972335 0.23348777 -0.913206398 0.0253876112 0.936139643 -0.350710779 0.0254845228 0.951213956 -0.307477981 0.045478873 0.69278872 -0.719705105 0.0588829219 0.574225187 -0.816577196 0.0603027046 0.331983715 -0.941355646 0.0705566034 0.0740186945 -0.994757712 0.117186725 0.932061553 -0.34282431 0.0676892772 0.93231982 -0.355243653 0.0613008551 0.951729357 -0.300754786 0.157198653 0.885084271 -0.43808037 0.252222359 0.663844287 -0.704055846 0.164151236 0.580555439 -0.797502279 0.271577507 0.574492157 -0.772142708 0.324600279 0.293168336 -0.899270236 0.165305257 0.559892178 -0.811908245 0.208742142 0.0143835666 -0.977864981 0.194668457 0.222129747 -0.955386043 -0.454518944 0.871042252 0.186273754 -0.461491168 0.866181374 0.19171764 -0.726033568 0.598288715 0.339007169 -0.852328122 0.388831228 0.349781215 -0.88843739 0.212738499 0.406720161 -0.872579336 -0.295473963 0.388973653 -0.15960376 0.983565271 0.0844151601 -0.0614865609 0.989702702 -0.129258975 -0.106233142 0.972201645 -0.208658755 -0.290955573 0.770351112 -0.567365825 -0.217424393 0.869609356 -0.443290144 -0.414394021 0.400237262 -0.817366302 -0.357946664 0.58427316 -0.728353739 -0.429046869 0.250430316 -0.867872953 -0.424533516 0.116190396 -0.897925973 0.58772701 0.752557516 -0.297042489 0.193363428 0.976871312 -0.0912853852 0.425399452 0.870295286 -0.248236582 0.811880827 0.388423264 -0.435863376 0.791555285 0.427894115 -0.436287612 -0.472281307 0.38677457 -0.792057872 -0.246828318 0.888040423 -0.38789168 -0.243132442 0.859300554 -0.449987799 -0.233712479 0.897048771 -0.375075936 -0.447238922 0.403917253 -0.798015177 -0.476927906 0.414628059 -0.774998903 -0.508703172 0.32305935 -0.798031151 -0.43598032 0.426258326 -0.792606413 -0.755432606 0.409525633 0.511478603 -0.391187817 0.882745922 0.26025331 -0.386110783 0.886768937 0.254085153 -0.753926277 0.416239649 0.508271277 -0.603143513 0.123894379 -0.787951827 -0.00839294679 0.999896705 -0.0116671957 -0.243692368 0.910244524 -0.334767044 -0.283032566 0.857895315 -0.428845346 -0.256102681 0.902722418 -0.345692962 -0.484928131 0.609465539 -0.62721324 -0.510963202 0.430922985 -0.743788898 -0.529859364 0.401386112 -0.747086525 -0.532760918 0.401041776 -0.745205522 0.595597446 0.663732529 -0.452463001 0.770826519 0.181557715 -0.610625267 0.613705218 0.619826317 -0.489061654 0.354489625 0.89475733 -0.271562934 0.346544236 0.901389241 -0.259623647 0.794810534 0.0890929401 -0.600282073 0.762638271 -0.253174335 -0.595218956 -0.761184394 0.126454338 -0.636087716 -0.630828977 0.163963705 -0.758400083 -0.350692868 0.885697901 -0.304226488 -0.335196316 0.895042717 -0.294180214 -0.584467173 0.646344066 -0.490548164 -0.111411773 0.986338496 -0.121341094 -0.6577425 0.489276528 -0.572698236 -0.299449295 0.889506698 -0.345120341 -0.33130914 0.884526372 -0.328401119 -0.352215558 0.870545983 -0.343647808 -0.317283481 0.872177899 -0.372339815 -0.487212062 0.65617919 -0.576240659 -0.617825389 0.488239199 -0.61637187 -0.563140988 0.51477325 -0.64643693 -0.616600275 0.490705132 -0.615639985 -0.600578368 0.101262443 0.793127775 -0.468601197 0.651161909 0.596993327 -0.440937668 0.683313072 0.581942677 -0.131035656 0.972699702 0.191533372 -0.281177253 0.899386406 0.334728897 -0.606783211 0.145675987 0.781404376 -0.595868647 -0.251366287 0.762728989 -0.154339001 0.98059839 -0.120856315 -0.790828943 0.102653928 -0.603366971 -0.414011896 0.865084529 -0.283236742 -0.703115106 0.510714889 -0.494772136 -0.592075765 0.679063141 -0.433958024 -0.775101364 0.286286861 -0.563256323 0.306143284 0.850886881 -0.42692849 0.21646598 0.916716933 -0.335816234 0.504052103 0.463276774 -0.728907466 0.426865637 0.603994727 -0.673034966 -0.191564113 0.975460351 -0.108536556 -0.338797212 0.917920709 -0.206489623 -0.571074784 0.750238895 -0.333189249 -0.682565987 0.587284744 -0.434971601 -0.668799818 0.625059605 -0.402501255 -0.80187273 0.392279088 -0.450685352 -0.856759906 0.153842181 -0.492234647 -0.420864075 0.456988096 0.783604085 -0.107464857 0.981351078 0.159378007 -0.208217412 0.880167663 0.426556528 -0.321178555 0.764672697 0.558677018 -0.418235064 0.407987416 0.811557651 -0.965680659 0.00119765231 0.259729594 -0.987143993 0.00408642134 -0.159781381 -0.96816057 -0.00302416785 0.250311524 -0.960943818 0.00288188527 0.27672857 -0.961233437 0.00232998189 -0.27572605 -0.969826281 -0.00483400049 -0.243749097 -0.958566248 0.00733399205 -0.284775198 -0.957659543 0.0106205009 -0.28770709 -0.99788034 -0.00407639937 -0.0649473071 -0.997751176 -0.00957808085 -0.0663387477 -0.997730196 -0.00997106172 -0.0665958375 -0.999496341 0.00019026002 -0.0317343287 -0.965855539 0.00118522043 -0.259078294 -0.985891163 0.00385034853 0.167343661 -0.970670879 -0.000433234032 -0.240411907 -0.970472753 -0.000171473002 -0.241210818 -0.999875724 4.72050851e-05 -0.0157594588 -0.983185172 0.00149155315 0.182605192 -0.98101151 -0.00365548627 0.193915054 -0.987106264 0.00847662799 0.159841821 -0.958513737 0.00772104319 0.284941941 -0.987318397 0.0102139367 0.158423603 -0.975437403 -0.000477224559 -0.220276341 -0.975271523 -0.000706493971 -0.221009165 -0.999997437 -0.000479870301 -0.00221462827 -0.999941409 0.000837510917 -0.0107900342 -0.979729474 0.000155530695 -0.200325176 -0.999940693 0.000905526162 0.010856932 -0.999888897 4.22739831e-05 0.0149095478 -0.979578614 0.000291047414 0.201061577 -0.978560865 -0.00161810277 0.205951035 -0.978450537 -0.00209843065 -0.206470355 -0.957694292 0.0103153344 0.287602544 -0.983248413 0.00212948094 -0.182258353 -0.999493599 0.000385191932 0.0318185575 -0.981316566 -0.0030655053 -0.192375585 -0.998812318 -0.00426439708 0.0485366471 -0.999435067 0.00601871824 0.0330670476 -0.998060942 -0.00623918837 -0.0619308017 -0.997883439 -0.00408445252 0.064899236 -0.999409676 0.00509394798 -0.0339753367 -0.986053348 0.00426528975 -0.166375011 -0.98714745 0.00408105832 0.159760445 -0.975279033 -0.000911773241 0.220975101 -0.99775219 -0.0102375327 0.0662262738 -0.998053014 -0.00639481191 0.0620433688 -0.997782528 -0.00964279473 0.0658569038 -0.987139881 0.00868260302 -0.159623235 -0.957264066 0.0145626348 0.28884843 -0.887051523 -0.0237366781 -0.461059749 -0.987333 0.0100433212 -0.158343315 -0.974526107 -8.73724639e-05 0.224274129 -0.957284033 0.014583678 -0.288781047 -0.901939631 -0.0146135958 -0.431614846 -0.970496476 -0.000376445736 0.241114914 -0.902227938 -0.0144387912 0.431017697 -0.998827457 -0.00465423288 -0.0481887683 -0.886563659 -0.0240217503 0.461982489 -0.971273005 -0.00133422751 0.237964168 -0.297772706 0.314458162 0.901358604 -0.449427009 0.305063695 0.839613855 0.382383198 -0.314681739 -0.868768394 0.388811499 -0.305202991 -0.869296789 0.241072714 -0.312287956 -0.918890715 -0.971338511 0.00774875283 -0.237574011 -0.973557711 0.0159503762 -0.22788386 -0.992720962 0.0593088716 -0.104821391 -0.996822894 0.0342610292 -0.0719060898 -0.999287784 0.0120620998 -0.0357539356 -0.999932647 0.00346049992 -0.0110726776 -0.999931753 0.00350878388 0.011137858 -0.999283552 0.0122068729 0.0358246341 -0.974378645 0.0217236672 0.223862275 -0.996834338 0.0343295187 0.0717124045 -0.987082064 -0.00680398801 0.160070822 -0.992672086 0.045794908 0.11182525 -0.991840601 0.0270248801 0.124587327 -0.977393925 0.00797021482 -0.211276218 -0.990963817 0.017475659 0.132985994 -0.975105107 0.0171894655 -0.221076235 -0.9927091 0.0596325696 0.104750514 -0.974410355 0.0212559775 -0.223769233 -0.950692832 0.00764559116 0.310039818 -0.950697601 0.00765835587 -0.310024887 -0.974399805 0.0217106789 -0.223771423 -0.987084508 -0.00682362728 -0.160055041 -0.99083811 0.0164999031 -0.134043768 -0.976579726 0.00953991152 0.214944184 -0.991922498 0.0281921383 -0.123672478 -0.992683709 0.0458726659 -0.111690514 -0.972456217 0.0113750556 0.232807815 -0.974386096 0.0212481171 0.223875538 -0.974167347 0.0194085091 0.224991918 0.383920312 -0.314538181 0.868142188 0.241787985 -0.309916556 0.919505477 0.388517857 -0.305161089 0.869442642 -0.443133146 0.361637056 -0.820275307 -0.448100597 0.314456701 -0.836853027 -0.299185693 0.305095494 -0.904104292 -0.000124509839 -1 7.60204493e-05 0.00102369231 -0.999993086 0.0035799332 0.0090671666 -0.999895632 -0.0112475613 -0.00838620588 -0.999962091 0.00234145764 0.00777491881 -0.99990505 0.0113813477 -0.000225305208 -0.99999994 -0.00035432179 -0.00492542144 -0.999983072 -0.00309691927 -3.13728634e-07 -1 5.11198721e-07 0.000654263131 -0.999999762 0.000301531778 0.000711718749 -0.999999702 -0.000324951281 0.000747583457 -0.999996006 -0.00273113861 -0.000186992256 -1 -7.75024964e-05 0.00126102404 -0.999991715 0.00386397354 -5.44800678e-05 -1 0.000110956869 -0.0113443155 -0.999897182 0.00876860693 -0.011263527 -0.999895453 -0.00907035265 5.35460385e-05 -1 0.000112825284 0 -1 0 5.09804813e-05 -1 3.43152294e-07 0.000149369575 -1 -1.29044963e-06 -0.00141636014 -0.999999046 0.00032386664 -2.08468555e-05 -1 -0.000177949114 -0.000594548765 -0.999999702 -0.000573098951 8.78341525e-05 -1 0.000133088557 0.0011004433 -0.999999225 -0.000514295651 -8.82085151e-05 -1 0.000313021708 1.60142758e-06 -1 -2.67800669e-06 0.00280819484 -0.999995589 0.000957523531 -0.000165601639 -1 -0.000159908523 -0.000161810734 -1 0.000227050579 4.12341033e-05 -1 -0.000119058081 -0.000352776726 -0.999999821 0.000433898967 -0.000334668061 -0.999999642 -0.000838228851 4.21794948e-06 -1 5.89043384e-06 -0.00108693447 -0.999999344 -0.000435540569 -0.0024613773 -0.999996662 0.00080404809 -8.38896028e-07 -1 1.17216166e-06 -3.22940991e-07 -1 -5.33866285e-07 -0.000308832532 -0.999999881 -0.00051944342 0.000206732657 -0.999999881 -0.000199787974 -8.67931958e-05 -0.999999881 0.000262983522 5.46859119e-05 -1 0.000117522766 0 -1 0 0 -1 0 -3.34809483e-05 -1 -0.0001038509 -8.55166654e-05 -1 7.38804715e-07 -3.72866489e-05 -1 7.93051877e-05 0 -1 0 0.00571195129 -0.99997592 -0.0039533088 -0.00232899841 -0.999973118 0.00694513507 0.00202535 -0.999997854 0.000464951212 -6.67726636e-05 -0.999999821 -0.000519485038 0.000108596985 -1 -9.72200269e-06 0.00167670671 -0.999998391 -0.000487579295 3.25079964e-05 -1 6.57108103e-05 -0.000290174852 -0.99999994 -0.000116777788 -0.000395968644 -0.99999994 0.000183696131 0.0117071774 -0.999929667 -0.00189374574 5.55784572e-05 -1 -8.73919271e-05 0.0188515559 -0.999808967 -0.00517122261 0.000198173468 -0.999999881 0.00048835628 0.0370726921 -0.999283433 0.00763916364 -0.00031529821 -0.99999994 0.000227181852 0 -1 0 0.000204357479 -0.99999994 -0.000299741718 0.00175649824 -0.999923229 0.012265401 0.00178343372 -0.999943495 -0.0104862396 -0.000391438836 -0.999997854 0.00201017456 0.000138504285 -1 8.33367376e-05 -0.00018088975 -1 -5.83388064e-05 -0.000301629829 -0.999999762 -0.000568317366 -0.000101131554 -1 -5.53969185e-05 -0.000118978838 -1 9.53824056e-05 -0.00130325381 -0.999992907 -0.00353569048 -4.42547971e-05 -1 0.000132464076 0.000837241823 -0.999999285 0.000821483845 0.000105469175 -1 -7.07374056e-05 -0.000902823987 -0.999999285 0.000790881517 -7.74353393e-05 -1 -7.16226787e-05 -0.000155807968 -1 0.000118378288 0.00018423349 -1 8.8288507e-05 2.99576241e-05 -1 -2.09706395e-05 0.000302413071 -0.99999994 -3.19640385e-05 0.000359358761 -0.999999881 -0.00031369584 -0.177782625 -0.981768072 -0.0672668219 -0.413428962 -0.904947042 -0.100733891 -0.838499844 -0.492376477 -0.233416975 -0.551374614 -0.816894472 -0.169320852 -0.837714791 -0.493400782 -0.234071717 -0.143822968 -0.906065822 0.397944391 -0.054945495 -0.984255731 0.167993024 -0.0345892683 -0.991689265 0.123918824 -0.177249968 -0.836303473 0.518824577 -0.26622504 -0.615811169 0.741553009 -0.282340318 -0.495651543 0.821348608 -0.250384659 -0.339605749 0.906628609 -0.34628278 -0.153152257 0.9255445 0.748090088 -0.606810391 0.268593103 0.891333461 0.299768656 0.340093315 0.921519518 -0.176173478 0.34607029 0.926767647 -0.0756450519 0.367939591 0.815962791 -0.475714773 0.328481615 0.450712889 -0.873914599 0.182019368 0.404693067 -0.90282321 0.145374179 -0.75648582 -0.228864938 0.612658143 -0.756184101 -0.230373695 0.612465143 -0.0777662098 -0.986325383 0.145308852 -0.104270972 -0.986302972 0.127803966 -0.104274429 -0.986302197 0.12780799 -0.24296087 -0.847076714 0.472685039 -0.226239339 -0.870832205 0.436425269 -0.314114839 -0.867927551 0.38475126 -0.311369061 -0.870286763 0.381641507 -0.410241336 -0.43845576 0.799661577 -0.528785169 -0.544350982 0.651205182 -0.540371597 -0.517910004 0.663149893 -0.43954733 -0.269235015 0.856919289 -0.393080592 -0.519893169 0.75841856 -0.625189185 0.117785901 0.771534204 -0.616886914 -0.22942327 0.752871454 -0.451440692 -0.0703862906 0.889520705 -0.128416866 -0.989298165 0.0692697018 -0.472164541 -0.848069847 0.240495846 -0.446311206 -0.865108728 0.228895485 -0.845640242 -0.320006192 0.427187115 -0.745241582 -0.545557499 0.383382231 -0.867008626 -0.232024625 0.440976769 -0.127746254 -0.986302257 0.104349464 -0.151124209 -0.980908692 0.122391574 -0.388677597 -0.865943432 0.314756423 -0.388300836 -0.866214812 0.314474732 -0.652695894 -0.542741776 0.528601408 -0.649377167 -0.548995972 0.52622503 -0.328585654 -0.244020507 -0.912406385 -0.341702014 -0.445958227 -0.82726109 -0.283403605 -0.590025127 -0.756011128 -0.185865119 -0.877913475 -0.441273123 -0.188076079 -0.86920625 -0.457283199 -0.0529735722 -0.983519197 -0.172869101 -0.34064886 0.29806757 -0.891691685 -0.135299087 -0.989629507 0.0482451059 -0.22238858 -0.972248375 0.072639063 -0.608000219 -0.769221723 0.196554363 -0.471451163 -0.866912603 0.161852807 -0.870661914 -0.400127381 0.286087155 -0.760363221 -0.595520139 0.259236544 -0.914926648 -0.256466299 0.311663777 -0.9318887 -0.13956058 0.334822744 0.26682198 -0.385965884 0.883083463 0.237604886 -0.462743998 0.85405612 0.213908359 -0.749847591 0.626076519 0.0731748864 -0.97663486 0.202064067 0.115428604 -0.899657249 0.421061844 -0.894366801 -0.387154162 0.224097535 -0.452196896 -0.885734081 0.104848027 -0.450402796 -0.886671662 0.104645975 -0.775211811 -0.601194918 0.193936557 -0.856132627 -0.433193833 0.281744748 -0.938161075 -0.288451105 0.191441029 -0.0226389244 -0.984904051 -0.17161423 -0.171914428 -0.403359145 -0.898747385 -0.101437986 -0.851980925 -0.513652563 -0.104858689 -0.892896354 -0.437882245 -0.173781559 -0.413712889 -0.893667519 -0.141371936 -0.989601552 0.0265087802 -0.985098481 -0.109910972 0.132289261 -0.40493381 -0.912063062 0.0645725355 -0.54776752 -0.829330742 0.11027839 -0.441995859 -0.894867301 0.0620657727 -0.800626278 -0.590636194 0.100729004 -0.891609192 -0.421899289 0.164420217 -0.905368447 -0.397536069 0.149241686 -0.904078841 -0.398127854 0.155356243 0.10726288 -0.598330736 0.794037163 0.110159263 -0.162323356 0.980569243 0.0871859342 -0.657458961 0.748429179 0.0621562339 -0.900162935 0.431095302 0.0591922775 -0.892502367 0.447141767 0.13135545 -0.0783320665 0.988235712 0.118015617 0.252183765 0.960455954 -0.986132801 -0.139867365 0.0893261209 -0.162951723 -0.986611485 -0.00667420123 -0.539022028 -0.840730071 -0.0512650311 -0.431922376 -0.901515186 -0.0267083701 -0.108375937 -0.994104385 0.00334905181 -0.870211661 -0.489274114 -0.0578149669 -0.458205581 -0.888256967 0.03236074 -0.566154063 -0.824297249 -0.00189478847 -0.425684452 -0.904504478 0.0257754754 -0.969500959 -0.227492392 -0.0911868811 -0.755413353 -0.652209759 0.0630318075 -0.872707009 -0.488242924 -0.001150753 -0.855453968 -0.514593363 0.0582418591 -0.871298015 -0.490753591 -0.00079433975 0.0426866561 -0.856973648 -0.513589263 0.114302792 -0.626756728 -0.770785868 0.0576041229 -0.88949424 -0.453300953 0.118761651 0.248955667 -0.9612059 0.103829727 -0.254247665 -0.96154958 0.120507486 -0.196939707 -0.972981274 -0.212286845 -0.976248741 -0.0432750359 -0.618057132 -0.778619587 -0.108429477 -0.462285042 -0.883809447 -0.0719259903 -0.909803152 -0.38538146 -0.154075995 -0.788618445 -0.602111578 -0.124669276 -0.97837323 -0.158713028 -0.132650226 -0.907021761 -0.391840905 -0.154182702 -0.172158077 -0.389743418 0.904688716 -0.178301319 -0.373179317 0.910464585 -0.116759025 -0.765417993 0.632852793 -0.121162027 -0.758359134 0.64047724 -0.0440630317 -0.965228975 0.257665366 -0.0442062579 -0.976709485 0.209962934 -0.274511307 -0.959455013 -0.0639504045 -0.527465224 -0.837897599 -0.1403853 -0.641212583 -0.750286222 -0.160987407 -0.848606944 -0.480347067 -0.221659377 -0.934219062 -0.301860183 -0.190040082 -0.9527753 -0.169873506 -0.251718611 -0.844332516 -0.488004744 -0.221255496 0.116168663 -0.939625561 -0.321882814 0.132754132 -0.854933202 -0.501463652 0.223744646 -0.669322073 -0.708481729 0.242057502 -0.479941279 -0.84324646 0.239911169 -0.476086408 -0.846040487 -0.929427803 -0.135099247 -0.343383431 -0.226132348 -0.97018832 -0.0871710405 -0.367621958 -0.921326041 -0.126539454 -0.655813038 -0.717888355 -0.233549908 -0.659822047 -0.713962913 -0.234290287 -0.861180186 -0.415183425 -0.293242991 -0.919047177 -0.222539872 -0.325312674 -0.342146635 -0.108146317 0.933402419 -0.340209961 0.305314004 0.889404535 -0.240717769 -0.712618291 0.658961415 -0.0796040371 -0.962722659 0.258511722 -0.13752988 -0.928212523 0.345697761 -0.264968753 -0.680597126 0.683065951 -0.354999363 -0.164631575 0.920256376 -0.181357309 -0.957606792 -0.223827779 -0.469721407 -0.663358688 -0.582509279 -0.446720451 -0.704661131 -0.551265478 -0.612841308 -0.213952363 -0.760690391 -0.574426711 -0.413435936 -0.70647341 -0.0901423618 -0.993100524 -0.0750037134 -0.35277003 -0.917784452 -0.182277024 -0.300097227 -0.940861225 -0.157231688 -0.279923588 -0.932559133 -0.227982774 -0.262342542 -0.941229284 -0.212752953 -0.689790308 -0.631355822 -0.354371458 -0.551204026 -0.702805579 -0.449709237 -0.630467951 -0.704039216 -0.326862335 -0.549750328 -0.704774797 -0.448405087 -0.776782691 0.00881263986 -0.629707158 -0.704047441 -0.416332483 -0.575312376 -0.796479642 -0.442570448 -0.412009239 -0.694745421 -0.442768574 -0.566819906 -0.844804883 -0.311541528 -0.435024709 -0.882883966 -0.143157259 -0.447238088 -0.172178492 -0.925903916 -0.336238682 -0.116178274 -0.969262481 -0.216870651 -0.346224844 -0.649811864 -0.676663041 -0.337557882 -0.674410284 -0.656677663 -0.444289029 -0.196768358 -0.874007702 -0.443538427 -0.20253545 -0.873071074 -0.0743080899 -0.993088901 -0.090844959 -0.2260032 -0.931729913 -0.284256756 0.890263081 0.300986499 -0.341816843 0.899654388 -0.253404409 -0.355539292 0.280336291 -0.954240322 -0.104101047 0.674667895 -0.690749109 -0.260170907 0.691671371 -0.673180878 -0.261568874 0.314388543 -0.939683318 -0.134741351 0.938588798 -0.104802527 -0.328736156 -0.341609925 -0.102145068 -0.934274614 -0.00193594676 -0.999979794 -0.00604585465 -0.133011326 -0.899576783 -0.416016489 -0.11331775 -0.936142981 -0.332859457 -0.242361873 -0.672727823 -0.699069381 -0.260882765 -0.556531847 -0.788804471 -0.328653693 -0.168615818 -0.929276884 -0.406412661 -0.904468238 0.12948373 -0.361281276 -0.922511578 0.135824263 -0.796055317 -0.561069429 0.226929501 -0.840471566 -0.500562608 0.207471877 -0.0850015953 -0.940333903 -0.329464495 -0.115196139 -0.85420543 -0.507013619 -0.152422965 -0.759014606 -0.632980227 -0.189711556 -0.470696211 -0.861658096 -0.250997961 -0.542008102 -0.80201447 -0.221663952 -0.18641451 -0.957138836 -0.208892271 -0.388978601 -0.897251189 -0.244242266 -0.418256223 -0.874875784 0.178074941 -0.98366648 -0.0262586921 0.470208108 -0.87575525 -0.109348811 0.608376324 -0.786415637 -0.106905147 0.876230538 -0.445210099 -0.184413075 -0.027376879 -0.979782641 -0.198182791 -0.0291396361 -0.974958301 -0.220470205 -0.0944821388 -0.811837316 -0.576188743 -0.100323312 -0.675227284 -0.730755329 -0.133382857 -0.482146442 -0.86587745 -0.216958135 -0.250534236 -0.943483889 -0.125269175 -0.188062981 -0.974135518 -0.966379464 -0.233907595 0.106761552 -0.246122673 -0.968119502 0.0465632007 -0.728098989 -0.678279102 0.0990415961 -0.72553283 -0.680896342 0.0999115109 -0.367609769 -0.929290831 0.035799671 -0.967432439 -0.228848562 0.108180203 -0.961792052 0.246723101 0.118675008 -0.00553817349 -0.17166248 -0.985140264 0.0148296189 -0.464459836 -0.885469973 -0.0760383084 -0.238676563 -0.968117595 0.0874512568 -0.130954534 -0.987523735 -0.0827540681 -0.18524693 -0.979201376 0.0215422045 -0.934716463 -0.354740888 0.0226056967 -0.933082163 -0.358952254 0.0693496168 -0.624932408 -0.777592421 -0.0305434 -0.924209177 -0.380663306 -0.0170006976 -0.953049183 -0.302337885 0.00634531956 -0.904850066 -0.425683111 0.0609746687 -0.464334369 -0.883558512 -0.0548052154 -0.685780287 -0.725742221 -0.00730181485 -0.675114453 -0.737676799 -0.0537286252 -0.667277694 -0.742868543 0.981462121 -0.149599433 0.119800292 0.764173508 -0.639816642 0.0816911161 0.792755365 -0.602131844 0.0947427526 0.323928744 -0.944276154 0.0584179983 0.477225929 -0.878780544 0.000420547731 0.152515724 -0.988046587 0.022424046 0.985518217 -0.107553564 0.131095722 0.960541904 0.251887053 0.117949478 0.133523136 -0.106092788 -0.985350609 0.0199451149 -0.990810573 -0.133778229 0.0425631739 -0.971107244 -0.23481749 0.108610786 -0.778553665 -0.618108332 0.0792612061 -0.866504967 -0.492835462 0.155440167 -0.384888291 -0.909779847 0.125342757 -0.590001762 -0.797613442 0.155409858 -0.379527897 -0.912034214 -0.904685259 -0.38975054 -0.172160074 -0.910460472 -0.373188585 -0.178303123 -0.632838011 -0.76543057 -0.116756588 -0.640473008 -0.758362174 -0.121165648 -0.253169626 -0.966252804 -0.0475474559 -0.227458566 -0.97263521 -0.0473641567 0.0639518425 -0.959453523 -0.274516106 0.140384674 -0.837898135 -0.527464509 0.16098398 -0.750298321 -0.641199291 0.221658334 -0.480347276 -0.848607123 0.190038294 -0.301892996 -0.93420887 0.251720339 -0.16986008 -0.952777267 0.221253842 -0.488017172 -0.844325781 0.321890295 -0.939622998 0.116169423 0.501465261 -0.85493201 0.132754266 0.708481669 -0.669322252 0.223744243 0.843246341 -0.479941577 0.242057368 0.84603864 -0.476089031 0.239912376 0.343383431 -0.135099247 -0.929427803 0.00192179298 -0.999980927 -0.00587071897 0.124192491 -0.919704318 -0.372451574 0.222202748 -0.771253705 -0.596484363 0.234290287 -0.713962913 -0.659822047 0.293242961 -0.415183395 -0.861180127 0.325312674 -0.222539872 -0.919047177 -0.933402419 -0.108146317 -0.342146635 -0.889404535 0.305314004 -0.340209961 -0.610736728 -0.767541289 -0.194630489 -0.338516921 -0.929823518 -0.144341618 -0.683065951 -0.680597126 -0.264968753 -0.920256376 -0.164631575 -0.354999363 0.226190239 -0.956686676 -0.18327187 0.582509279 -0.663358688 -0.469721407 0.551265478 -0.704661131 -0.446720451 0.760690391 -0.213952363 -0.612841308 0.70647341 -0.413435936 -0.574426711 0.0742785782 -0.993089199 -0.0908652246 0.184082448 -0.916082382 -0.356239796 0.128064737 -0.96254456 -0.238971725 0.227982804 -0.932559252 -0.279923618 0.16921027 -0.962504268 -0.212022305 0.354371458 -0.631355822 -0.689790308 0.449709237 -0.702805579 -0.551204026 0.326862335 -0.704039216 -0.630467951 0.448405027 -0.704774737 -0.549750268 0.629707098 0.00881263893 -0.776782572 0.575312376 -0.416332483 -0.704047441 0.412009239 -0.442570448 -0.796479642 0.566819906 -0.442768574 -0.694745421 0.435024709 -0.311541528 -0.844804883 0.447238088 -0.143157259 -0.882883966 0.336053312 -0.925989091 -0.172082901 0.286633193 -0.946392596 -0.148937866 0.676663041 -0.649811864 -0.346224844 0.656677663 -0.674410284 -0.337557882 0.874007702 -0.196768358 -0.444289029 0.873071074 -0.20253545 -0.443538427 0.0908770338 -0.993088365 -0.0742759332 0.283983201 -0.931747913 -0.226272732 0.341816843 0.300986499 0.890263081 0.355539292 -0.253404409 0.899654388 0.104022041 -0.954307795 0.280135632 0.260170877 -0.690749049 0.674667895 0.261568874 -0.673180878 0.691671371 0.0996198505 -0.95620507 0.275223076 0.328736156 -0.104802527 0.938588798 0.934274614 -0.102145068 -0.341609925 0.218004525 -0.972830057 -0.0779468194 0.248386368 -0.964338303 -0.0914103985 0.637512088 -0.741985619 -0.207450509 0.698621333 -0.675095379 -0.237011582 0.883852363 -0.365325391 -0.292134285 0.921694934 -0.224293292 -0.316497833 -0.0762432888 -0.974825799 -0.209527135 -0.0958362296 -0.933419228 -0.345751196 -0.201772377 -0.571220398 -0.795609891 -0.213731661 -0.71983099 -0.660425723 0.344053239 -0.934885919 -0.087268278 0.487942904 -0.865962982 -0.109635353 0.632978857 -0.75901562 -0.152423844 0.861659884 -0.470690846 -0.189716354 0.802016139 -0.542006552 -0.250996083 0.957139909 -0.18640615 -0.221666247 0.897242904 -0.388997555 -0.208892524 0.874868929 -0.41827178 -0.244239777 0.0219470784 -0.984903097 0.171709359 0.109505996 -0.897527218 0.427145571 0.106906496 -0.786403775 0.608391404 0.184417784 -0.445203364 0.876232862 0.148352072 -0.988611758 -0.0252658632 0.251168549 -0.967323244 -0.0346446559 0.576136351 -0.811894357 -0.0943102762 0.721234977 -0.685440838 -0.0999545157 0.866597474 -0.480685353 -0.133979037 0.943484187 -0.250528693 -0.216963008 0.973228395 -0.193749353 -0.123643287 -0.0628082827 -0.949306309 -0.308013946 -0.0922382772 -0.724398732 -0.683182716 -0.0859484524 -0.713677764 -0.695181251 -0.118683867 0.241979286 -0.96299541 -0.115945324 -0.230656773 -0.96610254 -0.114320666 -0.224509761 -0.96774286 0.985135734 -0.171688199 -0.00554254558 0.885483801 -0.46443364 0.01482426 0.968262315 -0.238244027 -0.0755506679 0.978851795 -0.187505528 -0.0817984268 0.143382147 -0.989630818 0.00850586966 0.392245859 -0.919637144 0.0202657245 0.562395513 -0.82510376 0.0539918877 0.0427222401 -0.999073803 -0.00512027275 0.32792601 -0.94457072 -0.015835898 0.466399729 -0.8845613 0.00476090051 0.942398846 -0.323608279 0.0846285671 0.883437276 -0.464275897 0.0631391928 0.663775802 -0.745598316 -0.059032511 0.737685561 -0.675104976 -0.00730575481 0.742934227 -0.667156279 -0.0543251596 -0.140290752 -0.242964983 0.959836721 -0.094524987 -0.404276341 0.909739375 -0.0904511362 -0.961833537 0.258253634 -0.101238653 -0.643152833 0.759015918 -0.0587899722 -0.79562813 0.602925837 -0.0109234015 -0.920797408 0.389888257 -0.117202222 0.243043303 0.962908924 0.193956569 -0.980291486 0.0375448763 0.397744983 -0.915661275 0.0579947904 0.724228024 -0.677449107 0.128672048 0.736127794 -0.664588749 0.128209695 0.975222945 -0.177714184 0.131749466 0.957554758 -0.251962841 0.140012413 0.0299842954 -0.977388084 -0.209316805 0.0898718014 -0.918878019 -0.384169638 0.131376535 -0.627824485 -0.767187476 0.154120252 -0.591811001 -0.791205883 0.44223389 -0.888973176 0.118978351 0.389495134 -0.915614069 0.0997214839 0.828736246 -0.510497153 0.229322687 0.792292416 -0.584478021 0.175095096 0.756265938 -0.626234293 0.189452991 0.957054675 -0.136879653 0.255558819 -0.0678386912 -0.981022656 0.181638062 -0.100729428 -0.904956102 0.413410306 -0.233582482 -0.492648035 0.838294089 -0.169323936 -0.81689322 0.551375508 -0.234068051 -0.493407607 0.837711871 0.203282103 -0.976437747 0.0724272281 0.185992882 -0.980187297 0.0681145191 0.521456063 -0.835115969 0.175113961 0.706533849 -0.658778965 0.258496195 0.821348608 -0.495651543 0.282340318 0.906628609 -0.339605749 0.250384659 0.9255445 -0.153152257 0.34628278 0.06980896 -0.969326496 -0.23565416 0.249141604 -0.645715952 -0.721788943 0.339863539 0.300335169 -0.891230345 0.329592288 -0.173487797 -0.928046823 0.349218011 -0.405466855 -0.844774187 0.199349105 -0.875915408 -0.43935436 0.517452598 0.310908854 0.797231674 0.448885977 -0.480953664 0.753116727 0.432920367 -0.55169493 0.712890387 0.341632038 -0.806624711 0.482332021 0.498820901 -0.50189513 0.706596732 0.49049136 -0.545868635 0.679297984 0.107234538 -0.986472309 0.123988561 0.314525455 -0.877460539 0.36212793 0.326317251 -0.86670655 0.377275467 0.572594166 -0.485653967 0.66051203 0.566491663 -0.505092263 0.651129067 0.083405003 -0.994088471 0.0695101097 0.124654204 -0.986270368 0.108314544 0.373760462 -0.868808866 0.324767977 0.374338597 -0.868349195 0.325331151 0.653820157 -0.50024873 0.567688704 0.652800322 -0.502899945 0.566518664 0.370540202 -0.893561184 0.253472596 0.401501387 -0.871387303 0.281923473 0.107098199 -0.992702067 0.055431474 0.791553795 0.331227362 0.51354748 0.698989868 -0.512124717 0.49914068 0.682749867 -0.549548328 0.481507242 0.475344181 -0.852030754 0.219297975 0.392432809 -0.888389289 0.238245681 0.444316685 -0.871468604 0.20766592 0.0439037643 -0.99565357 0.0821363926 0.419092387 -0.869862795 0.260192901 0.218009695 -0.85561496 0.469462335 0.211027518 -0.867305696 0.450830668 0.863925517 -0.31304127 0.394509584 0.721896231 -0.544555306 0.426995903 0.786111176 -0.493512452 0.372121811 0.742890656 -0.497129053 0.44830367 0.109480403 -0.978492081 0.174835458 0.393610209 -0.327305943 0.859035432 0.375027299 -0.480885655 0.792529821 0.257560939 -0.867833316 0.424885601 0.230525345 -0.900730968 0.368160039 0.0577954128 -0.995818019 0.0707540512 -0.91064918 -0.244642466 0.332968831 -0.832701206 -0.431592613 0.346895516 -0.755958378 -0.590061903 0.283467591 -0.473860025 -0.862628579 0.176998898 -0.408588082 -0.896417081 0.171732917 -0.891615927 0.298478246 0.34048745 0.00204955484 -0.999978602 0.00621219538 0.0612163097 -0.977151155 0.203539371 0.196554363 -0.769221723 0.608000219 0.154073656 -0.883960068 0.441447556 0.286087155 -0.400127381 0.870661914 0.259236515 -0.595520139 0.760363162 0.311663777 -0.256466299 0.914926648 0.334822744 -0.13956058 0.9318887 0.883086979 -0.385974675 -0.266797751 0.853876889 -0.463188797 -0.237382427 0.626098931 -0.749799788 -0.214010358 0.200711906 -0.976932406 -0.0729237869 0.419895321 -0.900234401 -0.115177743 0.111264542 -0.891294181 0.439562142 0.125617638 -0.82819134 0.54618609 0.185854241 -0.614447594 0.766754448 0.188136876 -0.453330278 0.871261239 0.280940443 -0.432050169 0.856974423 0.217574403 -0.150793895 0.964324951 -0.222896054 -0.974690318 0.0172063448 -0.794980228 -0.593750834 0.124364398 -0.507554829 -0.852213323 0.126966953 -0.882937551 -0.432054937 0.18371129 0.0393068418 -0.922966897 0.382866949 0.128509909 -0.124966078 0.983803153 0.0312254038 -0.977105141 0.210453093 0.114788868 -0.665029526 0.737942517 0.113573201 -0.649562836 0.751777411 0.137886047 -0.236664593 0.961757481 0.749117017 -0.655270398 -0.0971816033 0.982031941 -0.147832841 -0.117298052 0.246544316 -0.967819691 -0.0504063033 0.737275064 -0.66799438 -0.101039872 0.416732103 -0.908333004 -0.0355742164 0.986958146 -0.0919535309 -0.132129297 0.961981416 0.247080266 -0.116374478 0.105463587 -0.140452653 0.984454453 0.0476578288 -0.903631806 0.425650567 0.0143339923 -0.956133008 0.292581886 0.0128597273 -0.835844159 0.548816144 0.0766387358 -0.654196441 0.75243175 0.0324022323 -0.707523704 0.705946445 0.0577849746 -0.713863969 0.697896242 0.0209109802 -0.480690181 0.876641214 0.0404915996 -0.264670312 0.96348846 0.0592751093 -0.198316976 0.978343904 0.0871962383 -0.2287485 0.969572544 -0.960503578 0.251873434 -0.118290961 -0.985478699 -0.101463221 -0.136150241 -0.753384411 -0.651212573 -0.0912913308 -0.723893046 -0.682623565 -0.100020036 -0.233268648 -0.971197605 -0.0485908948 -0.419706494 -0.906991363 -0.0348300561 -0.981580794 -0.145747885 -0.123518206 -0.0264182836 -0.981003225 0.192184255 -0.13258478 -0.102743395 0.985832155 -0.0795452595 -0.909887195 0.407158226 -0.108068369 -0.675763071 0.729153991 -0.157562762 -0.430966973 0.888505161 -0.157208681 -0.384609699 0.909593821 0.415057451 -0.90735811 0.0665478259 0.42160219 -0.904012859 0.0707980916 0.898381829 -0.409170777 0.159653723 0.773336589 -0.606913686 0.18332006 -0.119065255 -0.88903439 0.442087531 -0.0997669175 -0.915672839 0.389345378 -0.229887098 -0.509786665 0.829017222 -0.175372392 -0.585629761 0.791379988 -0.189475551 -0.626703143 0.755871832 -0.255888104 -0.135204837 0.957204759 -0.875679851 -0.388411134 -0.286917299 -0.908221006 -0.314023197 -0.276629984 -0.911954701 -0.304613113 -0.274862558 -0.849537492 -0.309340835 -0.427310526 -0.509582996 0.00195209775 0.860419273 -0.68452245 0.00099175272 0.728991091 -0.503894031 -0.000552258978 0.863765359 -0.65980196 0.00406944565 0.751428485 -0.487268567 -0.00170747109 0.873250484 -0.333013177 0.0145566575 0.942809761 -0.472851574 -0.0145198544 0.881022453 -0.301986098 0.0235729162 0.953020811 -0.670492649 0.00122231478 0.741915226 -0.477303237 -0.00696076266 0.878711045 -0.691212893 -0.00314355572 0.722644389 -0.473950535 -0.0106632002 0.880486906 -0.856620014 0.000352614326 0.5159477 -0.866131067 -0.00132371613 0.499815077 -0.942546248 0.0144607797 0.333762676 -0.952899694 0.0235323887 0.302371413 -0.585132837 -0.00405713776 0.810927272 -0.585696518 -0.00943232886 0.810475588 -0.586161971 -0.0102058444 0.810129642 -0.558313966 0.00587251037 0.829608977 -0.582291305 -0.00600714376 0.812958002 -0.880737424 -0.014586458 0.473380297 -0.879923463 -0.00906568859 0.475028932 -0.661939085 0.00656039082 0.749528944 -0.731030226 -0.00485622929 0.682327867 -0.73996985 0.0052704094 0.672619343 -0.570976853 -0.00385007239 0.820957065 -0.84830761 -4.20599899e-05 0.529503763 -0.752284408 0.00954325311 0.65876931 -0.752450883 0.00993507262 0.658573389 -0.749402583 0.00622262154 0.662085414 -0.856388807 0.000475969282 0.516331196 -0.72909075 -0.000267050171 0.684417009 -0.659243405 0.00987733249 0.751864672 -0.841404021 -0.00025054923 0.540406644 -0.845504522 0.000828067889 0.533967614 -0.834295869 0.000879477127 0.551316202 -0.87908572 -0.00726232538 0.476608545 -0.714058697 -0.000813369465 0.700085342 -0.714559555 -0.000613991637 0.699574292 -0.659011245 0.0104296589 0.752060711 -0.830231607 0.00309143797 0.557410002 -0.824302733 -0.00271413499 0.566142797 -0.810929418 -0.00411085458 0.585129619 -0.751402438 0.00409908872 0.659831464 -0.814865291 -0.00424195593 0.579634905 -0.810810983 -0.00863492396 0.585244417 -0.810009539 -0.0100268275 0.58633101 -0.544519782 6.93431648e-05 0.838748038 -0.699263573 -0.00116028683 0.714863002 -0.703709602 8.05503369e-05 0.710487664 -0.55700022 0.000553171092 0.830512166 -0.536115587 0.000127785315 0.844144523 -0.857820809 0.00526574906 0.513921857 -0.539522588 0.000841309142 0.841970682 -0.874664366 -0.00225540181 0.484723836 -0.521981776 0.000601899694 0.852956474 -0.521423519 0.0004017342 0.853297949 0.82157594 0.308338732 0.479520887 0.886343002 0.314162999 0.340143472 0.890430629 0.304664642 0.338101536 -0.54414463 -0.00414362643 0.838981211 -0.788568854 -0.0280039236 0.614308536 -0.780625761 -0.0455019064 0.623340249 -0.795158505 -0.0163930506 0.606179953 -0.775674105 -0.0591099299 0.628359497 -0.755004823 -0.0327744298 0.654899716 -0.7312392 -0.00969768781 0.682052255 -0.714575708 -0.000825172581 0.699557543 -0.584864616 0.00676347408 0.811102748 -0.530552864 -0.0203508064 0.84740752 -0.699300408 -0.000780006871 0.714827478 -0.453279078 -0.00760966633 0.891336262 -0.530860782 -0.0216480382 0.847182453 -0.530859053 -0.021049669 0.847198665 -0.681856871 -0.00951167755 0.731423795 -0.891068816 -0.00770416064 0.453802764 -0.811000049 0.00685679261 0.585005999 -0.524174154 -0.0123602729 0.851521373 -0.655135691 -0.0320296139 0.75483197 -0.85494262 -0.00752925966 0.518667817 -0.849479675 -0.015851194 0.527383208 -0.845945597 -0.0176806934 0.532976091 -0.84713316 -0.0217463989 0.530935526 -0.847142816 -0.0212314818 0.530940831 -0.841090858 -0.00865448918 0.540824592 -0.622824311 -0.045693133 0.781026244 -0.61324209 -0.0269753598 0.789434254 -0.606710792 -0.0174638871 0.794730783 -0.627714097 -0.0591499917 0.7761935 -0.344257087 0.313276201 -0.88506788 -0.338401526 0.30376634 -0.890623569 -0.479853362 0.308654517 -0.821263015 0.427169263 -0.313120484 0.848222792 0.277122676 -0.303795397 0.911543429 -0.61357224 0.00781512633 0.789599895 -0.60906142 0.0162910149 0.792955756 -0.713927627 0.0106375003 -0.700138688 -0.719965518 0.000294042489 -0.694009781 -0.714672267 -0.00036863517 -0.699459374 -0.729083419 0.000191152867 -0.684424758 -0.74249202 -0.00039215805 -0.669854879 -0.76936096 -0.0256239939 -0.63830024 -0.773180425 -0.0104814917 -0.634099543 -0.776285887 -0.00494552171 -0.630361676 -0.770644248 -0.00374746183 -0.637254596 -0.611570477 0.00453525642 0.791176975 -0.789599836 0.00781512354 -0.613572299 -0.550628603 -4.769109e-05 0.834750354 -0.566801488 -1.57620689e-05 0.823854387 -0.581982076 0.000976517622 0.813200951 -0.792955756 0.0162910149 -0.60906142 -0.544935346 0.000334854762 0.838478029 -0.533436179 -0.000151129861 0.845840216 -0.517978191 0.000294235389 0.855393708 -0.515888631 0.000124743528 0.856655657 -0.385811597 -0.00528474245 0.92256248 -0.299688518 4.15886598e-06 0.95403713 -0.291375309 0.000212324303 0.956608772 -0.276500791 1.49513762e-05 0.961013734 -0.271806777 -0.000286487309 0.962351739 -0.377809495 0.00680335332 0.925858378 -0.491988271 -0.000162880737 0.870601833 -0.455787838 0.000467594567 0.89008832 -0.468826652 -8.90508236e-05 0.883290291 -0.482274503 -0.000225694777 0.876020074 -0.498634905 0.0005960376 0.866811872 -0.834754705 -8.10341226e-05 -0.550621986 -0.823851943 -6.61826607e-06 -0.566805065 -0.813182354 0.00101871742 -0.582008064 -0.258739293 0.000129251232 0.965947211 -0.791190267 0.00462017674 -0.611552596 -0.239655524 -0.000341978302 0.970857918 -0.240023702 -0.000310431235 0.970766962 -0.219578654 5.07693076e-05 0.975594759 -0.845839262 -6.57335913e-05 -0.533437848 -0.209264815 -0.000393095193 0.977858901 -0.839491487 0.000382416823 -0.543372691 -0.199638724 0.000102220765 0.979869604 -0.856060982 0.000348030328 -0.516874731 -0.180616423 -2.63295988e-05 0.983553588 -0.866663039 -0.000118478922 -0.498893976 -0.856668532 0.000256077183 -0.515867114 -0.161560729 -0.00113823335 0.986862183 -0.922341406 -0.00547140744 -0.386337221 -0.953563452 -4.35956099e-05 -0.301192105 -0.956361115 0.000201325151 -0.292187274 -0.12319959 -0.00597747555 0.99236387 -0.129246473 -0.0153750954 0.991493344 -0.126039162 -0.0048460206 0.992013454 -0.103140548 0.00494829938 0.994654536 -0.960791647 3.64972693e-05 -0.27727145 -0.962344766 -0.000300427782 -0.271831691 -0.0979260504 0.0102398107 0.995141089 -0.889885962 0.000227924742 -0.456182927 -0.8727597 0.00031536349 -0.488150001 -0.883266032 -0.000135885435 -0.46887216 -0.876070976 -7.56755326e-05 -0.482182205 -0.925348818 0.00552464556 -0.379076391 -0.0915304124 0.0243991446 0.995503306 -0.965740085 0.000124858911 -0.259511441 -0.970675945 -0.000294023019 -0.240391433 -0.970548511 -0.000251357909 -0.240905866 -0.978094876 -0.00041322902 -0.208158985 -0.975433469 0.000113339738 -0.220294133 -0.97973448 4.00311801e-05 -0.200300589 -0.983442664 1.46665325e-05 -0.181219727 -0.986763835 -0.00100982271 -0.162160814 -0.992333591 -0.00603646133 -0.123440526 -0.991452754 -0.0155903408 -0.129531696 -0.991990387 -0.00462804874 -0.126228973 -0.994635165 0.00499898009 -0.103324488 -0.0942062885 0.00373499934 0.995545685 -0.99512285 0.0103404559 -0.0980990008 -0.0108177392 0.000425247592 0.999941349 -0.0316109955 -0.000151875633 0.999500275 -0.0513799079 0.000416611263 0.998679161 -0.995482862 0.0246455297 -0.0916872397 0.103423513 0.00460526114 0.994626701 0.0978440493 0.0108004054 0.995143235 0.0923799276 0.0254504271 0.995398462 0.12388818 -0.00762201706 0.992266893 -0.00932613388 -0.0114796078 0.999890625 -0.999942064 0.000433886133 -0.0107519608 0.129438415 -0.0160900466 0.991456866 -0.999501288 -0.000152815119 -0.0315769315 0.126415014 -0.0042785923 0.991968215 -0.998679876 0.000412348774 -0.051364094 -0.995530427 0.00374641037 -0.0943670794 0.162857726 -0.000870285439 0.986649215 -0.000935520104 -0.0197138526 0.999805272 -0.994585812 0.00465350831 0.103813961 -0.99510783 0.010913874 0.0981901288 -0.995364249 0.0257107466 0.0926766992 0.180962488 4.69086626e-05 0.98348999 -0.992189527 -0.00771971792 0.124500133 -0.999891043 -0.0119938673 -0.00860278681 -0.99188298 -0.00443328824 0.127077073 -0.991363764 -0.0163227804 0.130121008 0.000492186344 -0.0221086182 0.999755502 0.0100466013 -0.0110794399 0.999888182 1.60257423e-05 0.00138125138 0.999999046 0.0512335487 0.000395745185 0.998686552 0.0315476991 -0.000158127426 0.999502242 0.0940370187 0.00365505624 0.995562017 0.0107172076 0.000432262401 0.999942422 -0.986515284 -0.000925039465 0.163666651 0.199973643 1.3949495e-05 0.979801297 0.206714779 -0.000394898001 0.978401184 0.219944835 0.000141006938 0.975512266 0.240782499 -0.000299913023 0.970579088 0.240011364 -0.000363382074 0.970770001 0.272277623 -0.000384270999 0.962218642 0.259110749 5.81279237e-05 0.965847552 -0.983319998 3.62762257e-05 0.181883961 0.277678162 -2.36122287e-05 0.960674107 0.292167038 0.000129523498 0.956367373 0.305721432 -0.000151014261 0.952121019 -0.999885023 -0.0104588373 0.0109756924 -0.999789536 -0.020481579 0.00119043246 -0.998675644 0.000431286957 0.0514459722 -0.999498188 -0.000162635115 0.0316763707 -0.999941707 0.000394149538 0.0107925059 0.38554275 -0.00504067587 0.922676265 -0.999998987 0.00136188255 -0.000314782432 -0.995530009 0.00378946098 0.0943691507 -0.999759495 -0.0219257381 0.000383679057 -0.978091478 -0.000381258986 0.208175123 -0.979590893 4.03129779e-05 0.201001659 -0.97036469 -0.00029338582 0.241645023 -0.975274026 0.000140175078 0.220999256 -0.970497847 -0.000336546276 0.241109669 -0.962144911 -0.000375754724 0.272538275 -0.965556324 5.51531266e-05 0.260194063 -0.960376561 1.46868388e-05 0.278705806 -0.956044674 0.000122879588 0.293221116 -0.951768637 -0.000197557427 0.306816608 -0.92242521 -0.00525486516 0.386140078 0.699032485 0.00942708645 0.71502769 0.705960035 0.0186092909 0.708007216 0.499141514 0.000542241207 0.866520286 0.483468056 -0.000207529913 0.875361919 0.469241172 -0.000101308862 0.883069992 0.45324716 0.000760662835 0.891384602 0.377623528 0.0071624429 0.925931454 0.516391695 0.000118093209 0.856352508 0.492947459 -0.000150655469 0.870059013 -0.713860989 0.011014184 0.700200856 0.614413083 0.0060319663 0.78896153 0.609456718 0.0155823706 0.792666197 0.629850805 -0.00466759643 0.776702225 -0.707862079 0.0193651095 0.706085145 0.634522736 -0.0106609128 0.772830606 0.533940554 -0.00014871436 0.845521986 0.518387377 0.000278828491 0.855145872 0.639171243 -0.0245810878 0.768671572 0.637274563 -0.00373766385 0.770627737 0.669814944 -0.000412537949 0.742528021 0.583168387 0.00110659306 0.812350512 0.567257643 5.35949539e-06 0.82354039 0.551122129 -9.60319303e-05 0.834424496 -0.925291061 0.00550838141 0.379217684 0.612146616 0.00483046239 0.790729463 0.54455483 0.000314120232 0.838725209 0.684370756 0.000161261749 0.729134083 -0.875438988 2.82404399e-05 0.483328611 -0.88305068 -0.000139399112 0.46927768 -0.89107281 0.000411795278 0.453860164 0.699445546 -0.000423654186 0.714685738 0.69776684 -0.000215187611 0.716324925 -0.706220806 0.022834938 0.707623243 -0.703416049 0.0170102045 0.710574806 -0.872977734 0.000329799048 0.487760037 -0.856368363 0.000284813956 0.51636529 -0.866384745 -0.00011911404 0.499377191 -0.78896153 0.0060319663 0.614413083 -0.792666197 0.0155823706 0.609456718 -0.776702166 -0.00466756662 0.629850805 -0.772830129 -0.0106617333 0.634523392 -0.856620908 0.000245971663 0.515946269 -0.845521748 -0.000130227723 0.533941031 -0.770625412 -0.00375989662 0.637277305 -0.768671155 -0.0245819055 0.63917172 -0.742527783 -0.000425227947 0.669815123 -0.839153469 0.000369538408 0.543894649 -0.812347829 0.00111245632 0.583172202 -0.823538005 1.40169104e-05 0.5672611 -0.834422886 -8.38225315e-05 0.551124692 -0.790729702 0.00483182911 0.612146258 -0.729141235 0.00015412808 0.684363246 -0.714684248 -0.000423278601 0.699447155 -0.707535863 -0.00132189679 0.706676245 -0.699460447 -0.000353914395 0.714671254 -0.684419572 0.000171062333 0.729088247 -0.669832885 -0.000439334603 0.742511749 -0.637258947 -0.0038360944 0.770640194 -0.638299704 -0.0256226473 0.769361317 -0.634097636 -0.0104755471 0.773182094 -0.630366087 -0.00494889589 0.776282191 -0.0924344137 -0.258688569 -0.961528063 -0.184651941 -0.250721246 -0.950285494 -0.999495447 0.000105665953 0.0317616537 -0.997761488 -0.00961684156 0.0661776736 -0.998842895 -0.00543099828 0.0477847643 -0.997737765 -0.010062526 0.0664680004 -0.998341084 -0.0119912373 0.0563145913 -0.999074876 0.00962354522 0.0419140272 -0.983888447 0.00926018599 -0.178543568 -0.989383698 0.00271786936 -0.145301118 -0.997797251 -0.0105420658 -0.0654934943 -0.997922659 -0.00322221848 -0.0643428341 -0.997820973 -0.0100300023 -0.0652135015 -0.999539316 0.0084807286 -0.0291410778 -0.998073518 -0.00672525587 -0.0616769865 -0.998892069 -0.00749386847 -0.0464584194 -0.999507725 -0.000738960749 -0.0313646831 -0.999993205 -3.8274713e-05 -0.0036941336 -0.999940038 0.00139747083 -0.0108612962 -0.999941289 0.000613709388 0.010818853 -0.999942064 0.000633723801 0.0107471682 -0.983786702 0.00939917564 0.179096282 -0.997908235 -0.00319522014 0.0645684525 -0.989405632 0.00266657351 0.145152822 0.0308856629 0.253707349 0.966787815 0.117075689 0.258655816 0.958848476 0.117905565 0.250703901 0.960856795 -0.99671185 0.00128183898 -0.0810181946 -0.999999583 -0.000971890462 -9.60217367e-05 -0.999998927 -0.00117801339 0.000886414433 -0.996720314 0.00114290067 0.0809156075 -0.999788046 -0.0205844883 -0.000449215324 -0.999685168 -0.0250041112 -0.00209327973 -0.999812543 -0.019294763 0.00160199287 -0.999888837 -0.0117261829 0.00920714717 0.116595469 0.258569688 -0.958930254 0.119033299 0.250669241 -0.960726798 0.030755138 0.254700333 -0.966530859 -0.092431806 -0.258549362 0.961565733 -0.184572279 -0.250566185 0.950341821 0.269242525 -0.416659683 -0.868275881 0.276717156 -0.314027309 -0.908192933 0.274862528 -0.304612279 -0.911955059 0.427310616 -0.309340298 -0.849537671 -0.860419273 0.00195209775 -0.509582996 -0.729137421 0.00038755266 -0.684367239 -0.863765359 -0.000552258978 -0.503894031 -0.751433372 0.00406883098 -0.659796536 -0.873250484 -0.00170747109 -0.487268567 -0.942559719 0.0143672638 -0.333728701 -0.881020069 -0.0145025188 -0.472856492 -0.953203022 0.0237532053 -0.30139643 -0.741890907 0.00128019939 -0.670519352 -0.878711045 -0.00696076266 -0.477303237 -0.723300755 -0.0028137539 -0.690527499 -0.880486906 -0.0106632002 -0.473950535 -0.5159477 0.000352614326 -0.856620014 -0.499815077 -0.00132371613 -0.866131067 -0.334315807 0.0142918294 -0.942352712 -0.300670236 0.0240318011 -0.953425288 -0.810927272 -0.00405713776 -0.585132837 -0.810475588 -0.00943232886 -0.585696518 -0.810129642 -0.0102058444 -0.586161971 -0.829608917 0.00587250991 -0.558313906 -0.812958002 -0.00600714376 -0.582291305 -0.473390311 -0.0145530598 -0.880732536 -0.475028962 -0.00906568952 -0.879923522 -0.74954164 0.00654111523 -0.661924839 -0.683028221 -0.00538530666 -0.730372071 -0.672393739 0.00478195399 -0.740178227 -0.820957065 -0.00385007239 -0.570976853 -0.529503763 -4.20599899e-05 -0.84830761 -0.658804297 0.00956069585 -0.752253652 -0.65860641 0.00996363908 -0.752421677 -0.662091136 0.00623034593 -0.749397337 -0.516331196 0.000475969282 -0.856388807 -0.684428394 -0.000222510003 -0.729080021 -0.751910448 0.00983557943 -0.659191847 -0.540406644 -0.00025054923 -0.841404021 -0.533967614 0.000828067889 -0.845504522 -0.696884394 -0.000208047772 -0.717183411 -0.551316202 0.000879477127 -0.834295869 -0.476608545 -0.00726232538 -0.87908572 -0.69955641 -0.000834808161 -0.7145769 -0.752115428 0.0103962598 -0.658949375 -0.557410002 0.00309143797 -0.830231607 -0.566142797 -0.00271413499 -0.824302733 -0.585129619 -0.00411085458 -0.810929418 -0.704676151 0.000209995676 -0.709529102 -0.659831762 0.00409913296 -0.75140214 -0.579634905 -0.00424195593 -0.814865291 -0.585244417 -0.00863492396 -0.810810983 -0.58633101 -0.0100268275 -0.810009539 -0.838748038 6.93431648e-05 -0.544519782 -0.714825213 -0.000679957564 -0.699302733 -0.830512166 0.000553171092 -0.55700022 -0.844144583 0.00012778533 -0.536115646 -0.513921857 0.00526574906 -0.857820809 -0.841970682 0.000841309142 -0.539522588 -0.484723836 -0.00225540181 -0.874664366 -0.852956474 0.000601899694 -0.521981776 -0.714778066 -0.000697506417 -0.699350953 -0.853297949 0.0004017342 -0.521423519 -0.479520887 0.308338732 0.82157594 -0.340371639 0.314159632 0.886256635 -0.340343922 0.304778457 0.889537036 -0.838981211 -0.00414362643 -0.54414463 -0.614242554 -0.0280590504 -0.788618267 -0.623220146 -0.0456561074 -0.780712605 -0.606158793 -0.0164032802 -0.795174479 -0.628282428 -0.0595887192 -0.775699914 -0.65386349 -0.0349229649 -0.755806088 -0.681380987 -0.0123226419 -0.731825233 -0.699342489 -0.0035353282 -0.714778006 -0.811102748 0.00676347408 -0.584864616 -0.84740752 -0.0203508064 -0.530552864 -0.715028346 -0.00345390895 -0.699086905 -0.891335964 -0.00760962302 -0.453279465 -0.847182512 -0.02164804 -0.530860841 -0.847198665 -0.021049669 -0.530859053 -0.731986284 -0.0120123988 -0.681213558 -0.453821331 -0.00770928385 -0.891059339 -0.585095227 0.00690529123 -0.810935259 -0.851521373 -0.0123602729 -0.524174154 -0.755512774 -0.0338688269 -0.654257834 -0.518667877 -0.00752926059 -0.854942739 -0.527383208 -0.015851194 -0.849479675 -0.532976091 -0.0176806934 -0.845945597 -0.530935526 -0.0217463989 -0.84713316 -0.530940831 -0.0212314818 -0.847142816 -0.540824592 -0.00865448918 -0.841090858 -0.781026244 -0.045693133 -0.622824311 -0.789434254 -0.0269753598 -0.61324209 -0.794730783 -0.0174638871 -0.606710792 -0.776150286 -0.0592678003 -0.627756298 0.885367095 0.313282251 -0.343481213 0.889509559 0.303929895 -0.341173321 0.821263134 0.308654606 -0.479853392 -0.848228633 -0.313103855 0.427170098 -0.911718369 -0.303756863 0.276588768 0.923546493 -0.343969017 -0.1695503 0.961530328 -0.258680016 -0.0924341753 0.950291514 -0.250723511 -0.184617653 -0.146056443 0.00280754478 -0.989272296 -0.0317615531 0.000105528241 -0.999495447 -0.0661772117 -0.00961700827 -0.997761488 -0.0477845035 -0.00543117477 -0.998842955 -0.066467464 -0.01006258 -0.997737885 -0.0563142225 -0.0119914049 -0.998341084 -0.0419137031 0.00962349027 -0.999074936 0.178547725 0.00926061533 -0.983887672 0.14499636 0.00265754526 -0.98942858 0.0654913336 -0.0105335452 -0.997797549 0.0643393174 -0.00320521882 -0.997922897 0.0652166605 -0.0100312363 -0.997820675 0.029145157 0.00848098099 -0.999539256 0.0616755523 -0.00672221696 -0.998073578 0.0464664772 -0.00749716116 -0.998891711 0.0313566253 -0.000735141046 -0.999507904 0.00369413127 -3.82520157e-05 -0.999993205 0.0108704213 0.0013993684 -0.999939978 -0.0107470658 0.000633680786 -0.999942064 -0.0108188288 0.000613643264 -0.999941289 -0.064574495 -0.00322131836 -0.997907758 -0.178185537 0.00918613374 -0.983954012 -0.96678859 0.253704488 0.0308846906 -0.958922207 0.258627743 0.116532482 -0.960646212 0.250613987 0.119798034 0.0810510963 0.00128374994 -0.996709108 3.56120217e-05 -0.000987707521 -0.999999583 -0.000886179216 -0.00118141458 -0.999998868 -0.0811999291 0.00123512535 -0.996697068 0.000449167856 -0.0205846503 -0.999787986 0.00209319615 -0.0250042547 -0.999685168 -0.00160205178 -0.0192948692 -0.999812663 -0.00920746382 -0.0117259575 -0.999888837 0.958921015 0.258572549 0.116665058 0.960852802 0.250736088 0.117869891 0.966530681 0.25470084 0.0307567026 -0.961565137 -0.258550674 -0.0924335495 -0.950340569 -0.250567198 -0.184577554 0.868276 -0.416659713 0.269242555 0.908192694 -0.314027309 0.276717752 0.911955059 -0.304612279 0.274862528 0.849537671 -0.309340298 0.427310616 0.509582996 0.00195209775 -0.860419273 0.68452245 0.00099175272 -0.728991091 0.503894031 -0.000552258978 -0.863765359 0.65980196 0.00406944565 -0.751428485 0.487268567 -0.00170747109 -0.873250484 0.333728701 0.0143672638 -0.942559719 0.472856492 -0.0145025188 -0.881020069 0.30139643 0.0237532053 -0.953203022 0.670492649 0.00122231478 -0.741915226 0.477303237 -0.00696076266 -0.878711045 0.691212893 -0.00314355572 -0.722644389 0.473950535 -0.0106632002 -0.880486906 0.856620014 0.000352614326 -0.5159477 0.866131067 -0.00132371613 -0.499815077 0.942352712 0.0142918294 -0.334315807 0.952975333 0.0236134697 -0.302126408 0.585132837 -0.00405713776 -0.810927272 0.585696518 -0.00943232886 -0.810475588 0.586161971 -0.0102058444 -0.810129642 0.558313966 0.00587251037 -0.829608977 0.582291305 -0.00600714376 -0.812958002 0.880732536 -0.0145530598 -0.473390311 0.879923463 -0.00906568859 -0.475028932 0.661939085 0.00656039082 -0.749528944 0.731030226 -0.00485622929 -0.682327867 0.73996985 0.0052704094 -0.672619343 0.570976853 -0.00385007239 -0.820957065 0.84830761 -4.20599899e-05 -0.529503763 0.752284408 0.00954325311 -0.65876931 0.752450883 0.00993507262 -0.658573389 0.749402583 0.00622262154 -0.662085414 0.856388807 0.000475969282 -0.516331196 0.72909075 -0.000267050171 -0.684417009 0.659243405 0.00987733249 -0.751864672 0.841404021 -0.00025054923 -0.540406644 0.845504522 0.000828067889 -0.533967614 0.834295869 0.000879477127 -0.551316202 0.87908572 -0.00726232538 -0.476608545 0.714058697 -0.000813369465 -0.700085342 0.714559555 -0.000613991637 -0.699574292 0.659011245 0.0104296589 -0.752060711 0.830231607 0.00309143797 -0.557410002 0.824302733 -0.00271413499 -0.566142797 0.810929418 -0.00411085458 -0.585129619 0.751402438 0.00409908872 -0.659831464 0.814865291 -0.00424195593 -0.579634905 0.810810983 -0.00863492396 -0.585244417 0.810009539 -0.0100268275 -0.58633101 0.544519782 6.93431648e-05 -0.838748038 0.699263573 -0.00116028683 -0.714863002 0.703709602 8.05503369e-05 -0.710487664 0.55700022 0.000553171092 -0.830512166 0.536115587 0.000127785315 -0.844144523 0.857820809 0.00526574906 -0.513921857 0.539522588 0.000841309142 -0.841970682 0.874664366 -0.00225540181 -0.484723836 0.521981776 0.000601899694 -0.852956474 0.521423519 0.0004017342 -0.853297949 -0.82157594 0.308338732 -0.479520887 -0.886256635 0.314159632 -0.340371639 -0.889537036 0.304778457 -0.340343922 0.54414463 -0.00414362643 -0.838981211 0.788618267 -0.0280590504 -0.614242554 0.780712605 -0.0456561074 -0.623220146 0.795174479 -0.0164032802 -0.606158793 0.775699914 -0.0595887154 -0.628282428 0.755806088 -0.0349229649 -0.65386349 0.731825233 -0.0123226419 -0.681380987 0.714778006 -0.0035353282 -0.699342489 0.584864616 0.00676347408 -0.811102748 0.530552864 -0.0203508064 -0.84740752 0.699086905 -0.00345390895 -0.715028346 0.453279465 -0.00760962302 -0.891335964 0.530860782 -0.0216480382 -0.847182453 0.530859053 -0.021049669 -0.847198665 0.681213558 -0.0120123988 -0.731986284 0.891059339 -0.00770928385 -0.453821331 0.810935259 0.00690529123 -0.585095227 0.524174154 -0.0123602729 -0.851521373 0.654257834 -0.0338688269 -0.755512774 0.85494262 -0.00752925966 -0.518667817 0.849479675 -0.015851194 -0.527383208 0.845945597 -0.0176806934 -0.532976091 0.84713316 -0.0217463989 -0.530935526 0.847142816 -0.0212314818 -0.530940831 0.841090858 -0.00865448918 -0.540824592 0.622824311 -0.045693133 -0.781026244 0.61324209 -0.0269753598 -0.789434254 0.606710792 -0.0174638871 -0.794730783 0.627756298 -0.0592678003 -0.776150286 0.343481213 0.313282251 0.885367095 0.341173321 0.303929895 0.889509559 0.479853392 0.308654606 0.821263134 -0.427170068 -0.313103825 -0.848228633 -0.276992232 -0.303791851 -0.911584198 -0.271701604 -0.365302742 -0.890354991 0.169556305 -0.343960583 0.92354852 0.0924344882 -0.258685648 0.961528838 0.184621826 -0.250728786 0.950289309 0.999495447 0.000105664549 -0.03176165 0.997761488 -0.00961686578 -0.0661775768 0.998842895 -0.00543099968 -0.0477847569 0.997737885 -0.0100625819 -0.0664679334 0.998341084 -0.0119912494 -0.056314595 0.999074876 0.00962347724 -0.0419140831 0.983412921 0.00977023318 0.181117475 0.989348292 0.0027497001 0.145541862 0.997797251 -0.0105420053 0.0654936209 0.997922659 -0.00322091859 0.0643427521 0.997820973 -0.010029939 0.0652136356 0.999539375 0.00848080032 0.0291409865 0.998073518 -0.00672516413 0.0616770647 0.998892069 -0.0074938857 0.0464584194 0.999507725 -0.000738969771 0.0313646831 0.999993205 -3.82747749e-05 0.00369413779 0.999940038 0.00139746792 0.0108612953 0.999942064 0.00063372351 -0.0107471682 0.999941289 0.00061370933 -0.0108188521 0.997907758 -0.00321662147 -0.064573735 0.983953655 0.00918635819 -0.178187832 0.989279509 0.00279733073 -0.146007866 -0.115140349 0.258585751 -0.959101737 -0.0308855437 0.253725737 -0.966782928 -0.121182501 0.250567168 -0.960484743 0.996716619 0.00128046784 0.0809592232 0.999999523 -0.000988125801 3.10783107e-05 0.999998868 -0.00118066859 -0.000885240384 0.996694744 0.00123697845 -0.0812285095 0.999787927 -0.0205876213 0.000450348831 0.999685168 -0.0250041895 0.00209327228 0.999812663 -0.0192948766 -0.00160196796 0.999888837 -0.0117264651 -0.00920694973 -0.111950524 0.25839898 0.959529638 -0.118553221 0.250686735 0.960781574 -0.030755017 0.254690498 0.966533422 0.0924341157 -0.258476824 -0.961585045 0.184852123 -0.250543416 -0.950293481 -0.286917299 -0.388411134 0.875679851 -0.276628494 -0.314023167 0.908221424 -0.274862558 -0.304613113 0.911954701 -0.427310526 -0.309340835 0.849537492 0.860419273 0.00195209775 0.509582996 0.729137421 0.00038755266 0.684367239 0.863765359 -0.000552258978 0.503894031 0.751433372 0.00406883098 0.659796536 0.873250484 -0.00170747109 0.487268567 0.94280982 0.0145566585 0.333013207 0.881022453 -0.0145198544 0.472851574 0.953020811 0.0235729162 0.301986098 0.741890907 0.00128019939 0.670519352 0.878711045 -0.00696076266 0.477303237 0.723300755 -0.0028137539 0.690527499 0.880486906 -0.0106632002 0.473950535 0.5159477 0.000352614326 0.856620014 0.499815077 -0.00132371613 0.866131067 0.333762676 0.0144607797 0.942546248 0.302371413 0.0235323887 0.952899694 0.810927272 -0.00405713776 0.585132837 0.810475588 -0.00943232886 0.585696518 0.810129642 -0.0102058444 0.586161971 0.829608917 0.00587250991 0.558313906 0.812958002 -0.00600714376 0.582291305 0.473380297 -0.014586458 0.880737424 0.475028962 -0.00906568952 0.879923522 0.74954164 0.00654111523 0.661924839 0.683028221 -0.00538530666 0.730372071 0.672393739 0.00478195399 0.740178227 0.820957065 -0.00385007239 0.570976853 0.529503763 -4.20599899e-05 0.84830761 0.658804297 0.00956069585 0.752253652 0.65860641 0.00996363908 0.752421677 0.662091136 0.00623034593 0.749397337 0.516331196 0.000475969282 0.856388807 0.684428394 -0.000222510003 0.729080021 0.751910448 0.00983557943 0.659191847 0.540406644 -0.00025054923 0.841404021 0.533967614 0.000828067889 0.845504522 0.696884394 -0.000208047772 0.717183411 0.551316202 0.000879477127 0.834295869 0.476608545 -0.00726232538 0.87908572 0.69955641 -0.000834808161 0.7145769 0.752115428 0.0103962598 0.658949375 0.557410002 0.00309143797 0.830231607 0.566142797 -0.00271413499 0.824302733 0.585129619 -0.00411085458 0.810929418 0.704676151 0.000209995676 0.709529102 0.659831762 0.00409913296 0.75140214 0.579634905 -0.00424195593 0.814865291 0.585244417 -0.00863492396 0.810810983 0.58633101 -0.0100268275 0.810009539 0.838748038 6.93431648e-05 0.544519782 0.714825213 -0.000679957564 0.699302733 0.830512166 0.000553171092 0.55700022 0.844144583 0.00012778533 0.536115646 0.513921857 0.00526574906 0.857820809 0.841970682 0.000841309142 0.539522588 0.484723836 -0.00225540181 0.874664366 0.852956474 0.000601899694 0.521981776 0.714778066 -0.000697506417 0.699350953 0.853297949 0.0004017342 0.521423519 0.479612917 0.308338583 -0.821522117 0.341744125 0.314140052 -0.885735273 0.338101536 0.304664642 -0.890430629 0.714834332 -0.0024388372 0.69928956 0.731666207 -0.0110470233 0.68157357 0.754614055 -0.0316851437 0.655403435 0.754357278 -0.0322297812 0.655672431 0.764219463 -0.0169697013 0.644733012 0.771680176 -0.00896754768 0.635947585 0.776652157 -0.00516153034 0.629908562 0.839002311 0.0319052637 0.543191731 0.838981211 -0.00414362643 0.54414463 0.847403765 -0.0204972252 0.530553222 0.847210467 -0.021662211 0.530815542 0.825167418 -0.00394559698 0.56487447 0.906475246 0.00388417533 0.422241062 0.847224355 -0.0211038664 0.530816019 0.85147649 -0.0125194723 0.524243355 -0.885271013 0.313280284 0.34373042 -0.890623569 0.30376634 0.338401526 -0.821263015 0.308654517 0.479853362 0.848222911 -0.313120514 -0.427169323 0.911542773 -0.303795487 -0.277124673 -0.949285209 -0.255858362 0.182740852 -0.964355946 -0.248010725 0.0922405124 0.0316249318 8.00685157e-05 0.999499738 0.0657360628 -0.00949323364 0.997791886 0.0475668609 -0.00544743193 0.998853266 0.0660673305 -0.0100025041 0.997765005 0.0560007654 -0.0119442232 0.998359263 0.0416928492 0.00957301166 0.999084651 -0.178940311 0.00937900785 0.983815193 -0.14536953 0.00272160047 0.989373684 -0.0655230284 -0.0104465103 0.997796357 -0.0643858612 -0.00329011818 0.997919679 -0.0652417466 -0.00993520766 0.99782002 -0.0292267371 0.00843764748 0.99953723 -0.0617069416 -0.0066501908 0.998072088 -0.0465064123 -0.00742364442 0.9988904 -0.0314065814 -0.000707505213 0.999506474 -0.00388120022 -2.74680315e-05 0.99999243 -0.0109291459 0.00139021454 0.999939263 0.0105670849 0.000644673069 0.999943972 0.0107230227 0.000600970525 0.999942303 0.0641273558 -0.00303527829 0.997937143 0.179483816 0.00953924283 0.9837147 0.143539429 0.0025170939 0.989641368 0.959908843 0.255636662 -0.114999823 0.967564046 0.250768751 -0.0305749942 0.961790144 0.24779655 -0.116433218 -0.0614077672 0.000721330754 0.998112559 -0.0208944529 -0.000508740952 0.999781609 -0.101011395 0.00664703408 0.994863033 0.0199133605 -0.000424010621 0.999801636 0.0604762882 0.000661427155 0.998169422 0.000515279535 0.00134751189 0.999998987 0.0997381806 0.00636875769 0.994993329 -0.00105792366 -0.0214198865 0.999769986 -0.00230776472 -0.0247638319 0.999690652 0.00140400662 -0.0190627649 0.999817312 0.00906268507 -0.0114876628 0.99989289 -0.958563566 0.259808958 -0.116855413 -0.96048075 0.251959115 -0.118293464 -0.966199398 0.255936265 -0.0309085101 0.963288605 -0.252034038 0.0924875513 0.947994292 -0.259981781 0.18362008 0.488914728 0.452444971 0.745825648 0.539123476 0.261111915 0.800728619 0.615504086 0.253122449 0.746380448 -0.596780479 -0.00271663931 0.802399933 -0.569015682 -0.00940472912 0.822272956 -0.745761871 0.0119774146 0.666104913 -0.740068376 0.00541395694 0.672509849 -0.752503097 0.0100359824 0.658512235 -0.736073971 -0.00962115545 0.676832795 -0.72919476 -0.000110428489 0.684306264 -0.75231725 0.00959800184 0.658731222 -0.714703262 -0.000612859672 0.699427485 -0.714660347 -0.000629964168 0.699471354 -0.699366868 -0.00139701774 0.714761555 -0.704495251 4.05400788e-05 0.709708631 -0.684575379 0.000740310294 0.728941679 -0.673464239 0.007492695 0.739181876 -0.686190784 -0.00849171821 0.72737211 -0.66213727 0.00671389932 0.749352515 -0.659480035 0.0099871289 0.751655757 -0.659269452 0.0104883863 0.751833618 -0.823506951 -0.00988692511 0.567220032 -0.751295745 0.00329712662 0.659957469 -0.803059757 -0.00287448522 0.595891595 -0.66016531 0.00325083942 0.751113355 -0.596183419 -0.260036677 -0.759569764 -0.661520779 -0.25515461 -0.705185354 -0.592801869 -0.25197652 -0.764914215 -0.713536441 0.0117144817 0.700520158 -0.708128631 0.0192480534 0.705821157 -0.705423594 0.0249622036 0.708346307 -0.706657529 0.0205405932 0.707257569 -0.762442768 -0.00127844186 0.647054374 -0.707739949 0.00118400226 0.706472099 -0.707176864 0.0010165018 0.707036018 -0.647390962 -0.00128800457 0.762157023 0.760394156 -0.25936535 0.595424473 0.762744546 -0.251516074 0.595785618 0.705028057 -0.255490988 0.661558628 -0.746489942 0.252433717 -0.61565423 -0.800626814 0.260448128 -0.539595544 0.898921609 0.322848737 0.296156555 0.835207522 0.31327951 0.451978296 0.813592911 0.386778384 0.434130281 0.466454297 -0.0257746968 0.884169638 0.2371068 -0.00127894676 0.971482754 0.258674949 0.00113533379 0.965963781 -0.159380093 0.00399868237 0.987209201 0.249068543 -0.00310564972 0.968480885 -0.279810905 0.00440448429 0.96004504 0.275752187 0.00276301778 0.961224794 -0.26493451 0.00237655593 0.964263439 -0.249211878 -0.00624312367 0.968428791 -0.285318226 0.00847441982 0.958395422 -0.287026167 0.010544098 0.957864761 -0.0663292482 -0.00952850282 0.997752309 -0.0666268095 -0.00998433586 0.99772805 -0.0649425536 -0.00400556903 0.997880995 -0.238691941 -0.00259319693 0.971091926 -0.246617183 0.00109873048 0.969112337 0.16661866 0.0039275093 0.986013532 -0.0316775255 0.000271298253 0.999498069 0.193018273 -0.00364500843 0.981188357 -0.226568893 -0.00117434305 0.973994434 0.18170774 0.00155356491 0.98335135 -0.00999587588 0.000809160934 0.999949694 -0.2190817 0.000384556246 0.975706458 -0.205844119 -0.000379357283 0.978584766 0.284064233 0.00761238579 0.958775043 0.15928717 0.0084811151 0.987195849 0.157947302 0.0101326741 0.987395585 -0.0105527528 0.000659600133 0.999944091 0.00452335598 -0.000168776955 0.999989748 -0.206199527 -0.000473061373 0.978509903 -0.186530992 0.00123549148 0.982448339 0.0111689027 0.000846343348 0.999937296 0.200057611 0.000353877607 0.979784131 0.205205411 -0.00167964271 0.978717506 0.0161771793 4.4813547e-05 0.999869168 0.28679353 0.0102464948 0.957937539 -0.196076214 -0.00269594556 0.980584919 0.032236319 0.000380151032 0.999480247 -0.169061705 0.00292742555 0.985601187 0.0490320213 -0.0042710267 0.998788059 -0.0619942434 -0.00627345126 0.998056769 0.032661844 0.00657324819 0.999444842 -0.034632884 0.00483012386 0.999388397 0.0653116554 -0.00391117157 0.997857213 -0.15982835 0.00798991509 0.987112522 0.159282848 0.00389498868 0.987225235 0.0665893331 -0.0102467109 0.997727871 0.219905362 -0.000931199582 0.97552079 0.0624995492 -0.0064483881 0.998024106 0.0662622899 -0.00970545225 0.997755051 -0.464915127 -0.0253066383 0.884993553 -0.157897949 0.0101646846 0.987403095 0.288461238 0.0158064645 0.957361102 0.223483026 -5.75274389e-05 0.974707723 -0.288457841 0.0157916248 0.957362473 -0.436437994 -0.0161506068 0.89958936 0.240027428 -0.000406859617 0.970766008 -0.0478002131 -0.00530950865 0.998842835 0.435798317 -0.0159408171 0.899903178 -0.863281131 -0.323525131 -0.387397975 -0.864896715 -0.313837409 -0.391739368 -0.916227579 -0.321096659 -0.239633188 0.224330381 0.0192910582 0.97432214 -0.236994728 0.0076496182 0.971480846 -0.227313027 0.0158294588 0.973693132 -0.0725799426 0.035482116 0.996731281 -0.0357619748 0.0124394475 0.999282897 -0.010876962 0.00361852185 0.999934256 0.0114840381 0.00373400468 0.999927044 0.0364489183 0.0128141921 0.999253333 -0.105884939 0.0612777025 0.992488503 0.223249674 0.0212107785 0.974530518 0.0733264312 0.0361326933 0.996653199 0.106002033 0.0616868176 0.992450595 -0.210767001 0.00798035879 0.977503717 0.160859481 -0.00630552322 0.986957133 -0.220536351 0.0171028599 0.975228846 0.113451853 0.0467322469 0.99244386 0.126202017 0.0275200419 0.991622806 -0.223219469 0.021115331 0.974539459 0.134588584 0.017765265 0.990742326 0.313444436 0.00732795242 0.949578285 -0.313205153 0.00738691259 0.949656725 -0.223221883 0.0214082971 0.974532604 -0.160574853 -0.0064017917 0.987002909 -0.135364532 0.0167840123 0.990653694 0.21423471 0.00944670755 0.976736605 -0.124960065 0.0288255028 0.991742909 -0.112955771 0.0470337197 0.992486179 0.232104227 0.0112734511 0.972625613 0.223252535 0.0210796241 0.974532664 0.86250627 -0.323591232 -0.389065236 0.916847348 -0.318851739 -0.240259394 0.864945948 -0.313978165 -0.391517788 -0.898252487 0.324670017 0.296195567 -0.833928406 0.315037638 0.453116566 0.74527967 0.451771915 -0.490367591 0.800756097 0.261115611 -0.539081037 0.746380448 0.253122449 -0.615504086 0.802399933 -0.00271663931 0.596780479 0.822272837 -0.00940472819 0.569015622 0.666102052 0.0119735133 0.745764494 0.672509074 0.00541237416 0.740069091 0.658504426 0.010029098 0.752510011 0.676802576 -0.00955170672 0.736102581 0.68430692 -0.000107953274 0.729194105 0.658722818 0.00959376805 0.752324522 0.699427605 -0.000612052681 0.714703262 0.699456871 -0.000623463304 0.714674532 0.71473527 -0.0010627897 0.699394226 0.709877729 5.10737809e-05 0.704324961 0.728652298 0.00193343079 0.684881091 0.740541875 0.00427715713 0.671996593 0.721717834 -0.0031272471 0.692180276 0.735097408 -0.011857518 0.677857876 0.746875703 0.0104523702 0.664881408 0.752007782 0.00966634229 0.659083366 0.752238989 0.0102416314 0.658810735 0.567220032 -0.00988692511 0.823506951 0.659956813 0.00329706934 0.751296282 0.595891595 -0.00287448522 0.803059757 0.751280546 0.00323231402 0.659974992 -0.759640753 -0.260051697 0.596086502 -0.705131173 -0.255157381 0.661577404 -0.764914095 -0.25197649 0.592801869 0.714345336 0.00998428278 0.699722111 0.719934106 0.000390061585 0.694042325 0.721101403 0.000545897405 0.692829311 0.749164701 -0.000670920126 0.662383497 0.774642229 -0.00651457626 0.63236624 0.596153259 -0.25931856 -0.759838879 0.59580797 -0.251423299 -0.762757599 0.661679327 -0.255438864 -0.704933524 -0.61565423 0.252433717 0.746489942 -0.539600968 0.260447651 0.800623357 0.447732121 0.314434707 -0.837058425 0.298449337 0.305088282 -0.904350042 0.433085442 0.402654439 -0.806415796 0.965680599 0.00119753857 -0.259729624 0.987143993 0.00408637291 0.159781411 0.96816045 -0.00302404631 -0.25031212 0.960943818 0.00288188434 -0.276728511 0.961233437 0.00233002589 0.27572605 0.9698264 -0.00483403588 0.24374871 0.997751176 -0.00957813859 0.0663387254 0.958566308 0.0073340307 0.284775168 0.997730196 -0.00997104403 0.066595763 0.957659602 0.0106205409 0.287707061 0.99788034 -0.00407642173 0.0649472922 0.999496341 0.000190245846 0.0317343511 0.965855598 0.00118533184 0.259078264 0.970472634 -0.000171315129 0.241211519 0.985891044 0.00385026727 -0.167343915 0.970670879 -0.00043328997 0.240411922 0.999875844 4.71979001e-05 0.0157594569 0.981011569 -0.00365540711 -0.193914771 0.983185172 0.00149151543 -0.182605177 0.958510756 0.00772660272 -0.284951299 0.999941409 0.000837506435 0.0107900286 0.987106264 0.00847674813 -0.159841791 0.975437403 -0.000477275869 0.220276371 0.987318397 0.0102139544 -0.158423647 0.975272 -0.000705859682 0.221006975 0.999997437 -0.000479870854 0.00221462897 0.979729474 0.000156105292 0.20032531 0.999940693 0.000905528432 -0.0108569283 0.978449881 -0.00209908281 0.206473827 0.999888897 4.22716585e-05 -0.0149095673 0.979578555 0.000291047239 -0.201061532 0.978560865 -0.00161816902 -0.205951229 0.957694829 0.0103102513 -0.287601054 0.999493599 0.000385186577 -0.0318185538 0.983248413 0.00212944159 0.182258308 0.981316626 -0.00306544593 0.192375377 0.998060942 -0.00623923214 0.0619308278 0.998812556 -0.00426279707 -0.0485308543 0.999435067 0.00601763511 -0.033065293 0.999409676 0.00509392377 0.0339753591 0.987147331 0.00408111978 -0.159760445 0.986053348 0.00426532049 0.166374892 0.997883439 -0.00408442831 -0.0648992285 0.975279033 -0.000911772717 -0.220975086 0.99775207 -0.0102374889 -0.0662262514 0.998052716 -0.00639852043 -0.0620477386 0.997782528 -0.009642791 -0.0658569261 0.987139881 0.00868258066 0.159623221 0.957260668 0.0145960245 -0.288858175 0.886806548 -0.0238914937 0.461522877 0.987333 0.0100432495 0.15834333 0.974527001 -8.83394023e-05 -0.224270269 0.957283616 0.0145892464 0.288782537 0.902075231 -0.0145472176 0.431333512 0.970496476 -0.000377559976 -0.241115168 0.901971519 -0.0146092614 -0.431548268 0.998827457 -0.00465424266 0.0481887646 0.88700521 -0.0237505101 -0.461148173 0.971271634 -0.00133367826 -0.237969801 -0.384651393 -0.314662039 0.867773652 -0.388632536 -0.30521661 0.869371891 -0.241073012 -0.312288076 0.918890595 0.971333683 0.00773192756 0.237594366 0.973558068 0.0159523189 0.227881983 0.992721677 0.059193287 0.104880586 0.996962786 0.0324376263 0.0708021671 0.999344647 0.00957313925 0.0349093787 0.999941587 0.000796102337 0.0107821338 0.999940932 0.000807892589 -0.0108428858 0.999343574 0.00958886463 -0.0349357463 0.974378705 0.0217237398 -0.223862275 0.996997297 0.0321839638 -0.0704313815 0.987064958 -0.00675622467 -0.160178229 0.99274534 0.0591567531 -0.104676172 0.992695808 0.0456400551 -0.111678325 0.977394223 0.00796919409 0.211274579 0.97510463 0.017191356 0.22107783 0.991851687 0.0269753076 -0.124509297 0.990968406 0.0174621288 -0.132953569 0.974410355 0.0212555379 0.223769248 0.950686455 0.00764036458 -0.310059279 0.950695038 0.00765903108 0.310032815 0.974399805 0.0217106175 0.223771438 0.987084508 -0.00682368688 0.160055041 0.99083811 0.0164999571 0.134043634 0.976580083 0.00953886379 -0.214942783 0.991922498 0.0281920414 0.123672493 0.992683709 0.0458725467 0.111690544 0.972456872 0.011376787 -0.232805058 0.974386096 0.0212489218 -0.223875508 0.974166751 0.0194041431 -0.224995017 -0.383148104 -0.314531624 -0.868485689 -0.241787553 -0.30991587 -0.919505835 -0.391273618 -0.304995507 -0.868264258 0.447852135 0.314461261 0.836984158 0.299186379 0.305088639 0.904106379 -0.539336264 0.261113852 -0.800584733 -0.615508616 0.253095239 -0.746385932 0.596899748 -0.00268937368 -0.802311301 0.56842196 -0.00954062305 -0.822681904 0.745761871 0.0119774146 -0.666104913 0.740068376 0.00541395694 -0.672509849 0.752503097 0.0100359824 -0.658512235 0.736073971 -0.00962115545 -0.676832795 0.72919476 -0.000110428489 -0.684306264 0.75231725 0.00959800184 -0.658731222 0.714703262 -0.000612859672 -0.699427485 0.714660347 -0.000629964168 -0.699471354 0.699366868 -0.00139701774 -0.714761555 0.704495251 4.05400788e-05 -0.709708631 0.684575379 0.000740310294 -0.728941679 0.673464239 0.007492695 -0.739181876 0.686190784 -0.00849171821 -0.72737211 0.66213727 0.00671389932 -0.749352515 0.659480035 0.0099871289 -0.751655757 0.659269452 0.0104883863 -0.751833618 0.822776318 -0.00960825291 -0.568284094 0.751291931 0.00327425427 -0.659961879 0.802645862 -0.0027495476 -0.596449614 0.660166562 0.0032402426 -0.751112223 0.661520839 -0.255154282 0.705185354 0.594851613 -0.260113746 0.760586917 0.595471442 -0.252137005 0.762784898 0.713536441 0.0117144817 -0.700520158 0.708128631 0.0192480534 -0.705821157 0.705423594 0.0249622036 -0.708346307 0.706657529 0.0205405932 -0.707257569 0.762221277 -0.00118393777 -0.647315502 0.707740068 0.00118068524 -0.70647192 0.707133591 0.00100057165 -0.707079291 0.647392094 -0.00128705543 -0.762156069 -0.760314703 -0.259360939 -0.595527887 -0.762703478 -0.251519769 -0.595836639 -0.705028057 -0.255490959 -0.661558568 0.746488571 0.252440214 0.615653038 0.800373793 0.260396034 0.539996028 -0.901362062 0.314448833 -0.297772199 -0.83961761 0.305054307 -0.449426413 -0.259730846 0.00119722181 -0.965680361 0.159783602 0.00408678362 -0.987143636 -0.250316024 -0.00302317482 -0.968159497 -0.276725918 0.00288130878 -0.960944653 0.275731146 0.00232238625 -0.961232007 0.24370642 -0.00485254964 -0.969836891 0.0663378388 -0.00957828201 -0.997751296 0.284789085 0.00733179739 -0.958562195 0.0665904284 -0.00996438041 -0.997730613 0.287717402 0.0106148152 -0.957656503 0.0649464205 -0.00407671323 -0.997880459 0.0317347012 0.000190189239 -0.999496341 0.259077013 0.00118292531 -0.965855956 0.241208196 -0.000173898719 -0.970473349 -0.167344078 0.00385291828 -0.985891044 0.24042052 -0.000431984197 -0.970668793 0.0157599617 4.7172889e-05 -0.999875844 -0.193901941 -0.00364915142 -0.981014132 -0.182610601 0.00148947898 -0.983184218 -0.284948796 0.00772603648 -0.958511591 0.0107901143 0.000837531465 -0.999941409 -0.159843132 0.00847873464 -0.987106025 0.22027348 -0.000476102956 -0.975438058 -0.158425182 0.0102156503 -0.987318158 0.221016005 -0.000708407024 -0.975269973 0.00221455586 -0.000479878508 -0.999997437 0.20032604 0.000153754023 -0.979729295 -0.0108570019 0.000905611785 -0.999940693 0.206463411 -0.00209730864 -0.978452146 -0.0149096362 4.23960555e-05 -0.999888778 -0.201057449 0.000291436649 -0.979579389 -0.205951527 -0.00161948928 -0.978560865 -0.287601382 0.0103125572 -0.95769465 -0.0318187214 0.000385451829 -0.999493599 0.182265833 0.0021280928 -0.983246982 0.192380682 -0.0030657195 -0.981315553 0.0619391352 -0.00624349015 -0.998060405 -0.0485313646 -0.00426243665 -0.998812556 -0.0330739282 0.00601231121 -0.999434829 0.0339667797 0.00509654405 -0.999409914 -0.159762219 0.00408167765 -0.987147093 0.166372761 0.00426707463 -0.986053646 -0.0649004206 -0.00408387743 -0.997883379 -0.220981836 -0.000912030169 -0.975277543 -0.0662292168 -0.0102450084 -0.997751832 -0.0620470308 -0.00639968459 -0.998052716 -0.0658555925 -0.00964340661 -0.997782588 0.15962252 0.00868335739 -0.987139881 -0.288857043 0.014593279 -0.957261026 0.461054832 -0.0237348769 -0.887054145 0.158346355 0.0100400941 -0.987332523 -0.22427541 -8.89837538e-05 -0.974525809 0.288791865 0.0145819839 -0.957280815 0.431660205 -0.0146277137 -0.901917696 -0.241112441 -0.000377971621 -0.970497131 -0.431526631 -0.0146024516 -0.901982009 0.0481803678 -0.00465171272 -0.998827755 -0.461136013 -0.0237462651 -0.887011707 -0.237965092 -0.00133472856 -0.971272826 0.867466211 -0.314603686 0.385391921 0.868387103 -0.305090904 0.390926242 0.91994381 -0.308756292 0.241605058 -0.224999204 0.0194841642 -0.974164188 0.0702169687 0.031480588 -0.997034907 0.23757121 0.00774832955 -0.971339226 0.227888748 0.0159432776 -0.973556697 0.070034638 0.031756632 -0.99703896 0.0350032337 0.00984856114 -0.999338686 0.0108313663 0.00124659634 -0.999940515 -0.0108950753 0.00128511467 -0.999939799 -0.0350613706 0.00995884463 -0.999335587 -0.223896936 0.0217331741 -0.97437048 0.21129401 0.00798106566 -0.977389991 -0.0701113194 0.0316478647 -0.997037053 0.221072689 0.0171800032 -0.975106001 -0.0842895806 0.0167555194 -0.99630034 -0.0956428945 0.0087574115 -0.995377183 0.223770395 0.0212536864 -0.974410117 -0.103345431 0.00499022612 -0.994633019 -0.069976069 0.0318528116 -0.997039974 -0.184294656 0.00399222458 -0.982862949 -0.208678275 -0.0316916108 -0.977470696 -0.342856288 -0.00390165788 -0.939379811 0.342823178 -0.00388484565 -0.939391911 0.22377263 0.0217117872 -0.974399507 0.184272856 0.00397565076 -0.982867062 -0.21493125 0.00952688325 -0.976582706 0.104010239 0.00475455262 -0.994564831 0.20865868 -0.031716615 -0.977474093 0.0952336267 0.00897911191 -0.995414495 0.084131144 0.0168507081 -0.996312261 -0.232735693 0.011484812 -0.972472191 -0.223907873 0.0212944075 -0.974377632 -0.869633973 -0.314504236 0.38055706 -0.919519782 -0.309909403 0.241742477 -0.868662 -0.305041939 0.390353233 0.836984158 0.314455479 -0.447856158 0.90410763 0.305083036 -0.299188554 -0.800584912 0.261113882 0.539336085 -0.746385932 0.253095239 0.615508616 -0.802311301 -0.00268937368 -0.596899748 -0.822681904 -0.00954062305 -0.56842196 -0.666104913 0.0119774146 -0.745761871 -0.672509849 0.00541395694 -0.740068376 -0.658512235 0.0100359824 -0.752503097 -0.676832795 -0.00962115545 -0.736073971 -0.684306264 -0.000110428489 -0.72919476 -0.658731222 0.00959800184 -0.75231725 -0.699427485 -0.000612859672 -0.714703262 -0.699471354 -0.000629964168 -0.714660347 -0.714761555 -0.00139701774 -0.699366868 -0.709708631 4.05400788e-05 -0.704495251 -0.728941679 0.000740310294 -0.684575379 -0.739181876 0.007492695 -0.673464239 -0.72737211 -0.00849171821 -0.686190784 -0.749352515 0.00671389932 -0.66213727 -0.751655757 0.0099871289 -0.659480035 -0.751833618 0.0104883863 -0.659269452 -0.568284094 -0.00960825291 -0.822776318 -0.659961879 0.00327425427 -0.751291931 -0.596449614 -0.0027495476 -0.802645862 -0.751112223 0.0032402426 -0.660166562 0.705185354 -0.255154282 -0.661520839 0.760586917 -0.260113746 -0.594851613 0.762784898 -0.252137005 -0.595471442 -0.700520158 0.0117144817 -0.713536441 -0.705821157 0.0192480534 -0.708128631 -0.708346307 0.0249622036 -0.705423594 -0.707257569 0.0205405932 -0.706657529 -0.647315502 -0.00118393777 -0.762221277 -0.70647192 0.00118068524 -0.707740068 -0.707079291 0.00100057165 -0.707133591 -0.762156069 -0.00128705543 -0.647392094 -0.595527887 -0.259360939 0.760314703 -0.595836639 -0.251519769 0.762703478 -0.661558628 -0.255490988 0.705028117 0.615653098 0.252440214 -0.746488631 0.539996028 0.260396034 -0.800373793 -0.77046895 -0.474947989 -0.4252083 -0.800352633 -0.444266081 -0.402570963 -0.653307855 -0.67208153 -0.348561585 -0.497511387 -0.818092346 -0.288456827 -0.645388842 -0.68912673 -0.329511017 -0.328872085 -0.922514617 -0.202014655 -0.477546245 -0.841744184 -0.251825929 -0.154063627 -0.982106209 -0.108313724 -0.30067414 -0.940129936 -0.160470247 0.0266667735 -0.99964416 -0.000566450588 -0.114737161 -0.991998374 -0.0526748374 0.202733248 -0.972527266 0.114411086 0.0737454593 -0.995047987 0.0666411594 0.362782896 -0.90306592 0.229914367 0.254631519 -0.947924495 0.191316381 0.501701057 -0.796455204 0.337572336 0.411857039 -0.857316971 0.308838665 0.630139828 -0.639002025 0.441135049 0.546148896 -0.724681139 0.420188665 0.657060087 -0.563214183 0.501060784 0.728680134 -0.439175457 0.52549994 0.722058415 -0.385793805 0.574277699 -0.465645045 0.45517078 -0.758942842 -0.361878276 0.742617905 -0.563527107 -0.389193863 0.602092564 -0.697146118 -0.231838584 0.873637855 -0.427794188 -0.166174233 0.958884776 -0.230056971 0.0435360707 0.993031621 0.109511644 -0.0345793664 0.995020688 -0.0934782922 0.255118132 0.86153084 0.438952625 0.214152202 0.935215116 0.281978101 0.466503233 0.55189091 0.691224396 0.469193816 0.549119055 0.691610694 0.538744509 0.259023905 0.801661372 0.61604023 0.251013398 0.746650338 0.599084854 0.360951304 0.714710832 0.596045792 0.350490212 0.722416818 0.54125154 0.556695104 0.630188406 0.450570285 0.722368121 0.524567008 0.539082408 0.543795109 0.643177271 0.466677934 0.710652709 0.526482999 0.351662785 0.854497612 0.382318139 0.353050292 0.846591592 0.398293912 0.222330883 0.94697988 0.231944263 0.224173963 0.943582833 0.243715808 0.076572977 0.994121492 0.0765439421 -0.0770673379 0.994045138 -0.0770381093 0.0774384588 0.993718982 0.0807823539 -0.0813383386 0.993636727 -0.077910319 -0.237911701 0.946328878 -0.218768671 -0.240510836 0.942911565 -0.230374455 -0.38628307 0.856589496 -0.342110664 -0.517482221 0.722611129 -0.458306968 -0.389259994 0.848776102 -0.357848793 -0.533784568 0.710897624 -0.457928598 -0.649248362 0.530860662 -0.544668198 -0.649179757 0.518073559 -0.556924999 -0.711738646 0.386056036 -0.58684653 -0.7101686 0.375114202 -0.595776677 -0.802040994 0.258154392 -0.538596809 -0.74701345 0.250198394 -0.615931511 -0.698958933 0.544710398 -0.463408113 -0.688200653 0.558007658 -0.463688761 -0.443060368 0.851282358 -0.281097561 -0.454034388 0.845239043 -0.281822443 -0.00366370589 0.999386966 0.0348177329 -0.11563693 0.988016069 -0.102236636 0.379468143 0.887917578 0.26001209 0.270379096 0.953442276 0.133577839 0.703214109 0.582239628 0.408028126 0.691195369 0.593905449 0.411734492 0.766152322 -0.257944971 0.588621199 0.706435502 -0.250069439 0.662128568 0.524395823 -0.676922262 0.516512632 0.516478837 -0.719205678 0.46475026 0.209660724 -0.948806763 0.236237675 -0.0801199526 -0.995605946 -0.048473049 0.138733894 -0.985537529 0.0973074287 -0.361742765 -0.870050013 -0.33489576 -0.213402137 -0.941865802 -0.259515494 -0.569286585 -0.551936626 -0.609326541 -0.569261611 -0.551671386 -0.609589994 -0.589143097 -0.258736908 -0.765483916 -0.662499785 -0.250761807 -0.70584166 -0.54215765 -0.423331797 -0.725848019 -0.555812299 -0.411744416 -0.722176671 -0.458341688 -0.629535675 -0.627381742 -0.365077913 -0.785491049 -0.499721795 -0.471070856 -0.61671716 -0.630676091 -0.249809235 -0.90066129 -0.355534375 -0.363196611 -0.775293291 -0.516728759 -0.133337826 -0.971186697 -0.197528407 -0.249778062 -0.894825995 -0.369996428 -0.0153986039 -0.999597371 -0.0238305032 -0.133490682 -0.96929884 -0.206494495 -0.0154084666 -0.999569356 -0.0249735396 0.092281051 -0.98333019 0.15667145 0.193047211 -0.924889088 0.327586621 0.0985645205 -0.982209504 0.159841776 0.274933577 -0.828572512 0.487728506 0.192120105 -0.920242727 0.340944618 0.272505969 -0.819634438 0.503924549 0.349944711 -0.672139227 0.652508616 0.353540599 -0.669019282 0.653775275 0.4155716 -0.45284304 0.788817763 0.390466124 -0.477073997 0.787360609 -0.930047214 -0.356508851 0.0889588743 -0.830298841 -0.552514732 0.073016651 -0.934545636 -0.34621799 0.0822042525 -0.839479446 -0.539641261 0.0637299791 -0.693223238 -0.719510794 0.0417837091 -0.704490483 -0.707694054 0.0534993969 -0.522782266 -0.852186859 0.0218236055 -0.535160482 -0.844134331 0.0322565511 -0.325413138 -0.945546567 0.00692733051 -0.1109678 -0.993821383 0.00229643355 -0.335132867 -0.942066371 0.0140289394 0.108440429 -0.994102955 6.18139029e-06 -0.114617929 -0.993409634 -6.53006373e-06 0.112060018 -0.993698537 0.00239684456 0.323631316 -0.946086407 0.0135354511 0.333711296 -0.942648292 0.00713772932 0.51568085 -0.856212258 0.031204775 0.690181434 -0.722430289 0.0417639464 0.528922737 -0.848380387 0.0221648347 0.70144099 -0.710712016 0.0535630807 0.844545364 -0.530366838 0.0738526285 0.853145659 -0.517589033 0.0651473179 0.9185794 -0.385270566 0.0881949216 0.923764527 -0.374344379 0.0807799771 -0.725848019 -0.423331797 0.54215765 -0.722176671 -0.411744416 0.555812299 -0.627381682 -0.629535615 0.458341628 -0.499721795 -0.785491049 0.365077913 -0.630676091 -0.61671716 0.471070856 -0.355534375 -0.90066129 0.249809235 -0.516728759 -0.775293291 0.363196611 -0.197528407 -0.971186697 0.133337826 -0.369996428 -0.894825995 0.249778062 -0.0238305032 -0.999597371 0.0153986039 -0.206494495 -0.96929884 0.133490682 -0.0249735396 -0.999569356 0.0154084666 0.15667145 -0.98333019 -0.092281051 0.327586621 -0.924889088 -0.193047211 0.159841776 -0.982209504 -0.0985645205 0.487728506 -0.828572512 -0.274933577 0.340944618 -0.920242727 -0.192120105 0.503924549 -0.819634438 -0.272505969 0.652509093 -0.672137916 -0.349946231 0.653775334 -0.669019341 -0.353540629 0.788818002 -0.452842563 -0.41557166 0.787360668 -0.477073938 -0.390465885 -0.765482008 -0.258746058 0.589141667 -0.70594573 -0.250773728 0.66238451 0.582334638 -0.567787111 -0.58181113 0.491263747 -0.670248389 -0.556261659 0.342888385 -0.887098849 -0.309003502 0.231307387 -0.937054574 -0.261582851 -0.0660121962 -0.994689882 0.0789583549 -0.0610009655 -0.996035993 0.0647388548 -0.37906903 -0.847052813 0.37256971 -0.367295474 -0.863299191 0.34613356 -0.610787153 -0.535136044 0.583582401 -0.610295713 -0.54439652 0.575475097 0.588620484 -0.257953942 -0.766149879 0.661985755 -0.250045329 -0.706577778 -0.425208271 -0.474947959 0.770468891 -0.402570963 -0.444266081 0.800352633 -0.348561585 -0.67208153 0.653307855 -0.288456827 -0.818092346 0.497511387 -0.329511017 -0.68912673 0.645388842 -0.202014655 -0.922514617 0.328872085 -0.251825929 -0.841744184 0.477546245 -0.108313724 -0.982106209 0.154063627 -0.160470247 -0.940129936 0.30067414 -0.000566450588 -0.99964416 -0.0266667735 -0.0526748374 -0.991998374 0.114737161 0.114411086 -0.972527266 -0.202733248 0.0666411594 -0.995047987 -0.0737454593 0.229914367 -0.90306592 -0.362782896 0.191316381 -0.947924495 -0.254631519 0.337572336 -0.796455204 -0.501701057 0.308838665 -0.857316971 -0.411857039 0.441135108 -0.639002085 -0.630139887 0.420188665 -0.724681139 -0.546148896 0.501060784 -0.563214183 -0.657060087 0.525500059 -0.439175278 -0.728680253 0.574277639 -0.385793805 -0.722058475 0.0820465535 -0.360434771 0.929169059 0.0896395743 -0.349988103 0.93245542 0.0631324574 -0.556491435 0.828451335 0.0525158495 -0.722383738 0.689495385 0.0738601089 -0.543592036 0.836093485 0.0313532948 -0.854604661 0.518331707 0.0424776562 -0.710672736 0.702239275 0.0223488901 -0.846712828 0.531580508 0.00686787814 -0.947027564 0.321078926 0.0138961794 -0.943632603 0.330702633 1.91133927e-06 -0.994095087 0.108512454 -1.91112963e-06 -0.994104028 -0.108430713 0.00241018902 -0.993688166 0.112151444 0.00239044451 -0.993699729 -0.112049319 0.0134651819 -0.946516991 -0.322372943 0.00709169684 -0.943106592 -0.332415104 0.0311111808 -0.857147872 -0.514129877 0.041683834 -0.72370559 -0.688848853 0.0220848415 -0.849356413 -0.527357519 0.0534941033 -0.712010324 -0.700128257 0.0738450438 -0.531762004 -0.843668282 0.0651211441 -0.518975914 -0.852304637 0.0882521942 -0.386444241 -0.918080866 0.080814451 -0.375496387 -0.923293829 0.54215765 -0.423331797 0.725848019 0.555812299 -0.411744416 0.722176671 0.458341688 -0.629535675 0.627381742 0.365077913 -0.785491049 0.499721795 0.471070856 -0.61671716 0.630676091 0.249809235 -0.90066129 0.355534375 0.363196611 -0.775293291 0.516728759 0.133337826 -0.971186697 0.197528407 0.249778062 -0.894825995 0.369996428 0.0153986039 -0.999597371 0.0238305032 0.133490682 -0.96929884 0.206494495 0.0154084666 -0.999569356 0.0249735396 -0.092281051 -0.98333019 -0.15667145 -0.193047211 -0.924889088 -0.327586621 -0.0985645205 -0.982209504 -0.159841776 -0.274933577 -0.828572512 -0.487728506 -0.192120105 -0.920242727 -0.340944618 -0.272505969 -0.819634438 -0.503924549 -0.349944711 -0.672139227 -0.652508616 -0.353540599 -0.669019282 -0.653775275 -0.4155716 -0.45284304 -0.788817763 -0.390466124 -0.477073997 -0.787360609 0.589143097 -0.258736908 0.765483916 0.662499785 -0.250761807 0.70584166 -0.524395823 -0.676922262 -0.516512632 -0.516478837 -0.719205678 -0.46475026 -0.209660724 -0.948806763 -0.236237675 0.0801199526 -0.995605946 0.048473049 -0.138733894 -0.985537529 -0.0973074287 0.361742765 -0.870050013 0.33489576 0.213402137 -0.941865802 0.259515494 0.569286585 -0.551936626 0.609326541 0.569261611 -0.551671386 0.609589994 -0.766152322 -0.257944971 -0.588621199 -0.706435502 -0.250069439 -0.662128568 0.77046895 -0.474947989 0.4252083 0.800352633 -0.444266081 0.402570963 0.653307855 -0.67208153 0.348561585 0.497511387 -0.818092346 0.288456827 0.645388842 -0.68912673 0.329511017 0.328872085 -0.922514617 0.202014655 0.477546245 -0.841744184 0.251825929 0.154063627 -0.982106209 0.108313724 0.30067414 -0.940129936 0.160470247 -0.0266667735 -0.99964416 0.000566450588 0.114737161 -0.991998374 0.0526748374 -0.202733248 -0.972527266 -0.114411086 -0.0737454593 -0.995047987 -0.0666411594 -0.362782896 -0.90306592 -0.229914367 -0.254631519 -0.947924495 -0.191316381 -0.501701057 -0.796455204 -0.337572336 -0.411857039 -0.857316971 -0.308838665 -0.630139828 -0.639002025 -0.441135049 -0.546148896 -0.724681139 -0.420188665 -0.657060087 -0.563214183 -0.501060784 -0.728680134 -0.439175457 -0.52549994 -0.722058415 -0.385793805 -0.574277699 0.929169178 -0.360434532 -0.0820462927 0.93245542 -0.349988073 -0.0896391347 0.828449428 -0.556494296 -0.0631323159 0.689492166 -0.722386777 -0.0525155962 0.836091518 -0.543595195 -0.0738598034 0.518328249 -0.854606748 -0.0313529111 0.702236354 -0.710675597 -0.0424772315 0.531576335 -0.84671545 -0.0223490223 0.321074754 -0.947028935 -0.00686805556 0.33069858 -0.943634033 -0.013896442 0.108507901 -0.994095623 -1.83984662e-06 -0.108431391 -0.994103909 1.83490181e-06 0.11214751 -0.993688643 -0.0024105066 -0.112050064 -0.99369967 -0.00239056442 -0.32237184 -0.946517408 -0.013464923 -0.332413167 -0.943107188 -0.0070919646 -0.514125764 -0.857150376 -0.0311112925 -0.688843787 -0.723710358 -0.0416840129 -0.527353823 -0.849358678 -0.0220847428 -0.700123668 -0.712014854 -0.0534946658 -0.84366554 -0.531766176 -0.0738453791 -0.852301478 -0.51898092 -0.0651220232 -0.918078661 -0.386449128 -0.0882532746 -0.9232921 -0.37550047 -0.0808149278 0.725848019 -0.423331797 -0.54215765 0.722176671 -0.411744416 -0.555812299 0.627381682 -0.629535615 -0.458341628 0.499721795 -0.785491049 -0.365077913 0.630676091 -0.61671716 -0.471070856 0.355534375 -0.90066129 -0.249809235 0.516728759 -0.775293291 -0.363196611 0.197528407 -0.971186697 -0.133337826 0.369996428 -0.894825995 -0.249778062 0.0238305032 -0.999597371 -0.0153986039 0.206494495 -0.96929884 -0.133490682 0.0249735396 -0.999569356 -0.0154084666 -0.15667145 -0.98333019 0.092281051 -0.327586621 -0.924889088 0.193047211 -0.159841776 -0.982209504 0.0985645205 -0.487728506 -0.828572512 0.274933577 -0.340944618 -0.920242727 0.192120105 -0.503924549 -0.819634438 0.272505969 -0.652508616 -0.672139227 0.349944711 -0.653775334 -0.669019341 0.353540629 -0.788817763 -0.45284304 0.4155716 -0.787360609 -0.477073997 0.390466124 0.765482008 -0.258746058 -0.589141667 0.70594573 -0.250773728 -0.66238451 -0.582334638 -0.567787111 0.58181113 -0.491263747 -0.670248389 0.556261659 -0.342888385 -0.887098849 0.309003502 -0.231307387 -0.937054574 0.261582851 0.0660121962 -0.994689882 -0.0789583549 0.0610009655 -0.996035993 -0.0647388548 0.37906903 -0.847052813 -0.37256971 0.367295474 -0.863299191 -0.34613356 0.610787153 -0.535136044 -0.583582401 0.610295713 -0.54439652 -0.575475097 -0.588620484 -0.257953942 0.766149879 -0.661985755 -0.250045329 0.706577778 0.425208271 -0.474947959 -0.770468891 0.402570963 -0.444266081 -0.800352633 0.348561585 -0.67208153 -0.653307855 0.288456827 -0.818092346 -0.497511387 0.329511017 -0.68912673 -0.645388842 0.202014655 -0.922514617 -0.328872085 0.251825929 -0.841744184 -0.477546245 0.108313724 -0.982106209 -0.154063627 0.160470247 -0.940129936 -0.30067414 0.000566450588 -0.99964416 0.0266667735 0.0526748374 -0.991998374 -0.114737161 -0.114411086 -0.972527266 0.202733248 -0.0666411594 -0.995047987 0.0737454593 -0.229914367 -0.90306592 0.362782896 -0.191316381 -0.947924495 0.254631519 -0.337572336 -0.796455204 0.501701057 -0.308838665 -0.857316971 0.411857039 -0.441135108 -0.639002085 0.630139887 -0.420188665 -0.724681139 0.546148896 -0.501060784 -0.563214183 0.657060087 -0.525500059 -0.439175278 0.728680253 -0.574277639 -0.385793805 0.722058475 -0.0820467994 -0.360434622 -0.929169059 -0.0896395594 -0.349988341 -0.932455301 -0.06313245 -0.556491613 -0.828451157 -0.0525158271 -0.722384036 -0.689494967 -0.0738605186 -0.543591738 -0.836093724 -0.031352967 -0.854604661 -0.518331707 -0.0424773991 -0.710672796 -0.702239215 -0.0223489311 -0.846713245 -0.531580031 -0.00686789723 -0.947027564 -0.321078926 -0.0138962204 -0.943632722 -0.330702692 -1.90938385e-06 -0.994095087 -0.108512446 1.90568483e-06 -0.994104028 0.108430713 -0.00241019577 -0.993688166 -0.112151451 -0.0023904508 -0.993699729 0.112049319 -0.013464665 -0.946516633 0.322373778 -0.00709171593 -0.943106592 0.332415104 -0.0311116409 -0.857148349 0.514129221 -0.0416842885 -0.723705232 0.688849151 -0.0220843758 -0.849356055 0.527358234 -0.0534937419 -0.71201086 0.70012784 -0.07384523 -0.531762302 0.843668103 -0.065120928 -0.518975616 0.852304935 -0.0882517993 -0.386443287 0.918081284 -0.080814667 -0.375496358 0.923293829 -0.715109706 0.360142708 0.599095464 -0.637057006 0.556199729 0.533666849 -0.722791493 0.349707156 0.596051455 -0.524507105 0.722590685 0.450283229 -0.637024522 0.543313086 0.546818674 -0.388531953 0.854722381 0.344227701 -0.526423514 0.710887492 0.466387451 -0.236380458 0.947043359 0.217331752 -0.391533911 0.846832752 0.35996601 -0.238952503 0.943657637 0.228936464 0.0771488771 0.994030774 -0.0771423727 -0.0763899982 0.994147897 0.0763835609 -0.0806211978 0.993747175 0.0772451162 0.0780259371 0.993619263 -0.081440717 0.218618944 0.946423411 -0.237672985 0.230210036 0.943015158 -0.240262032 0.341855735 0.856862605 -0.385903031 0.458221704 0.722828448 -0.517254174 0.35760358 0.849056005 -0.388874888 0.552049398 0.530399919 -0.643364191 0.457838595 0.711113274 -0.533574402 0.593261898 0.384932697 -0.707012832 0.549978673 0.517621458 -0.655432284 0.590083957 0.374006957 -0.715485632 0.839599788 0.475383818 -0.262835026 0.841440558 0.46307981 -0.278450668 0.708014607 0.673350096 -0.212872922 0.716195345 0.660905957 -0.224204421 0.551451683 0.819822431 -0.154246971 0.560845375 0.810565948 -0.168627784 0.370057285 0.924043953 -0.0959184766 0.178012058 0.982945561 -0.0461483113 0.378848284 0.919363141 -0.106044754 0.184802756 0.98179388 -0.0439158268 -0.0253496598 0.999663711 0.00546903769 -0.0260889791 0.999640405 0.00619668979 -0.230764136 0.971970618 0.0449565388 -0.237164572 0.970122278 0.0511448681 -0.424403518 0.902410328 0.0744119212 -0.434537828 0.896673262 0.0845807418 -0.597817123 0.796047866 0.0944594815 -0.60875833 0.786156893 0.106633283 -0.762135148 0.639044702 0.103787944 -0.774440825 0.620700002 0.122363627 -0.887045026 0.439341009 0.141882271 -0.913748682 0.392888427 0.10345035 -0.965515792 0.258541107 0.0305897966 -0.959864676 0.250583708 0.125966355 -0.827208281 0.561677337 0.0156517085 -0.840528071 0.541106939 0.0267537087 -0.531484723 0.847031713 0.00782866962 -0.487905532 0.872467399 0.0273649432 -0.0986867771 0.994683027 -0.0294366479 0.0580860265 0.997725189 0.034210775 0.451754928 0.891962171 -0.0179140661 0.530541718 0.84748292 0.0172683336 0.833399832 0.552519441 0.0129237119 0.850181758 0.525636852 0.0299461 0.965495944 0.258608729 0.0306446925 0.959974587 0.250621736 0.125050068 0.897062659 0.422347516 0.130003974 0.904099405 0.4107728 0.117771536 0.768524468 0.628527522 0.119679987 0.779828787 0.61570698 0.113013119 0.610807061 0.784555018 0.106715292 0.625395834 0.774206519 0.0973873958 0.428507507 0.899706662 0.0831219181 0.441820443 0.893782556 0.0771194324 0.236232117 0.970368624 0.0507845357 0.244846687 0.968398213 0.0474875197 0.0319924057 0.999459386 0.00757654291 0.0332436077 0.999421775 0.00714435754 -0.171519354 0.984184146 -0.0443035476 -0.178061083 0.98311615 -0.0421533287 -0.3624385 0.926503837 -0.101138562 -0.374849826 0.922006905 -0.0969057828 -0.533618212 0.830628514 -0.159084782 -0.548677742 0.821872711 -0.153225064 -0.694666684 0.683408141 -0.224480599 -0.715117395 0.665697813 -0.213198066 -0.835770249 0.489966542 -0.247832507 -0.845585167 0.445092142 -0.294751972 -0.59909445 0.36013934 -0.715112269 -0.533661783 0.556204736 -0.637056768 -0.596051455 0.349707156 -0.722791493 -0.450278312 0.722594976 -0.524505377 -0.546819091 0.543313026 -0.637024164 -0.344220638 0.854726732 -0.388528496 -0.466388792 0.710887432 -0.526422322 -0.359968275 0.846832752 -0.391531765 -0.222140193 0.947047174 -0.231852427 -0.223973796 0.943657696 -0.243610054 -0.0763780773 0.994149268 -0.0763780773 0.0771551207 0.994029284 0.0771551207 -0.0772426575 0.993747175 -0.0806236044 0.0814378411 0.993619382 0.0780288875 0.237677455 0.946420789 0.218625739 0.240264624 0.943015099 0.230207235 0.385908306 0.856856942 0.341863811 0.517260194 0.722822309 0.458224505 0.388878345 0.849055946 0.357599795 0.533571959 0.711113334 0.457841456 0.649408937 0.530401647 0.544924021 0.64933008 0.517621517 0.557170033 0.712029099 0.38493067 0.587233245 0.710446596 0.374006987 0.596141338 0.262838989 0.475374669 0.839603841 0.278450131 0.463074028 0.841443896 0.212875098 0.673339427 0.708024263 0.224210382 0.660890639 0.716207564 0.154251605 0.819816113 0.551459849 0.168628737 0.810561895 0.560850918 0.0959217399 0.924039841 0.370066762 0.0461514927 0.982943654 0.178021818 0.106048979 0.919358432 0.378858536 0.0439187698 0.981791794 0.184813172 -0.00546707027 0.999663949 -0.0253405366 -0.0061938311 0.999640763 -0.0260789599 -0.0449547097 0.971972287 -0.230757713 -0.051143609 0.970123768 -0.237158656 -0.0744120404 0.902409434 -0.424405456 -0.0845806301 0.896672428 -0.434539527 -0.0944607109 0.796042681 -0.597823739 -0.10663417 0.786151946 -0.608764648 -0.103788354 0.639037728 -0.76214087 -0.122364715 0.620692313 -0.774446785 -0.141882583 0.439337224 -0.887046814 -0.103450455 0.392883718 -0.913750768 -0.0305890422 0.258542001 -0.965515554 -0.125966415 0.250584543 -0.959864497 -0.0156502333 0.561681151 -0.827205718 -0.0267548244 0.541106582 -0.840528309 -0.00782817882 0.847032726 -0.531483054 -0.0273635052 0.872468174 -0.487904221 0.029441135 0.994681001 -0.0987059847 -0.0342096612 0.997725546 0.0580808185 0.0179121606 0.891972363 0.45173499 -0.0172683559 0.847498238 0.53051722 -0.0129242269 0.552521586 0.833398402 -0.0299453083 0.525641918 0.850178778 -0.0306456331 0.258603722 0.965497315 -0.125050023 0.250616789 0.959975898 -0.130003393 0.422340006 0.897066355 -0.117771752 0.410766006 0.904102385 -0.119679488 0.628523469 0.768527865 -0.113012716 0.615702987 0.779831946 -0.106715046 0.784554839 0.6108073 -0.0973866135 0.774205744 0.625396967 -0.0831221417 0.899704516 0.428511977 -0.0771199241 0.893780589 0.441824377 -0.0507848784 0.97036767 0.236235917 -0.0474876724 0.968397141 0.244851068 -0.00757771172 0.999459326 0.0319962613 -0.00714502344 0.999421597 0.0332489163 0.0443019569 0.984184861 -0.171515748 0.0421520807 0.983117044 -0.178056449 0.101137511 0.926505864 -0.362433493 0.096903801 0.922008097 -0.37484771 0.159082711 0.830627799 -0.53362 0.153224811 0.821874619 -0.548675001 0.224482939 0.683408082 -0.694666028 0.213196322 0.665692151 -0.715123177 0.247865066 0.489522755 -0.836020529 0.29459846 0.445096016 -0.845636666 0.715109706 0.360142708 -0.599095464 0.637057006 0.556199729 -0.533666849 0.722791493 0.349707156 -0.596051455 0.524507105 0.722590685 -0.450283229 0.637024522 0.543313086 -0.546818674 0.388531953 0.854722381 -0.344227701 0.526423514 0.710887492 -0.466387451 0.236380458 0.947043359 -0.217331752 0.391533911 0.846832752 -0.35996601 0.238952503 0.943657637 -0.228936464 -0.0771488771 0.994030774 0.0771423727 0.0763899982 0.994147897 -0.0763835609 0.0806211978 0.993747175 -0.0772451162 -0.0780259371 0.993619263 0.081440717 -0.218618944 0.946423411 0.237672985 -0.230210036 0.943015158 0.240262032 -0.341855735 0.856862605 0.385903031 -0.458221704 0.722828448 0.517254174 -0.35760358 0.849056005 0.388874888 -0.552049398 0.530399919 0.643364191 -0.457838595 0.711113274 0.533574402 -0.593261898 0.384932697 0.707012832 -0.549978673 0.517621458 0.655432284 -0.590083957 0.374006957 0.715485632 -0.839056253 0.476982266 0.261672735 -0.840946257 0.464666247 0.277299047 -0.70632118 0.675550044 0.211524099 -0.714556038 0.663135827 0.222846329 -0.548390448 0.822142959 0.152803481 -0.363347679 0.926136196 0.101243176 -0.557749093 0.813028753 0.167033717 -0.171347573 0.98421818 0.0442096405 -0.375861615 0.921587527 0.0969766155 -0.177903295 0.983148873 0.0420567058 0.0329957381 0.999430358 -0.00708116824 0.0339606293 0.9993909 -0.00802722853 0.238078475 0.970151126 -0.0461032614 0.244710684 0.968173325 -0.0525077917 0.430772126 0.899330795 -0.075096637 0.441044301 0.893412232 -0.0854081213 0.603462756 0.791727185 -0.0948725864 0.614446461 0.781653583 -0.10711284 0.766337514 0.633969188 -0.103970766 0.778468966 0.615636885 -0.122381449 0.889198005 0.435115308 -0.141426802 0.915388763 0.389066309 -0.103396349 0.966302872 0.255544335 -0.0309188776 0.960670471 0.24767682 -0.1255721 0.841350555 0.54026407 -0.0156176137 0.829838455 0.557497561 -0.0237602498 0.473276287 0.880715668 0.0186909307 0.539213598 0.842012703 -0.0162294675 0.102126524 0.994330585 -0.0296101552 -0.0839672685 0.996091843 0.0273983106 -0.493913352 0.869318664 0.0182934627 -0.33705309 0.941011012 -0.0298899058 -0.832509637 0.553311706 -0.0278180204 -0.834075272 0.550849676 -0.0297167283 -0.965848029 0.257297873 -0.0305859242 -0.960341275 0.249345541 -0.124786034 -0.894527674 0.421481609 -0.14890784 -0.912702024 0.391037285 -0.118595816 -0.771172822 0.625711918 -0.117375389 -0.613180995 0.78169471 -0.11385294 -0.75833863 0.643814385 -0.102105632 -0.431368053 0.897653759 -0.090217419 -0.584101677 0.80703795 -0.086689271 -0.239055648 0.9690274 -0.0619542338 -0.393196136 0.917388737 -0.0616015084 -0.0341800526 0.999163032 -0.0224695746 -0.185793221 0.98229301 -0.0241117105 0.170961305 0.984937608 0.0258874446 0.0307868626 0.999246538 0.0236329064 0.364262134 0.927776515 0.080894582 0.245168015 0.966177046 0.0799661875 0.538355649 0.831478119 0.137176216 0.438933462 0.887699664 0.139020547 0.703409612 0.683634818 0.194572076 0.611902595 0.764883399 0.201316893 0.753460288 0.610609531 0.243831262 0.836848617 0.489449799 0.245200634 0.849539876 0.437919855 0.294122756 0.59909445 0.36013934 0.715112269 0.533661783 0.556204736 0.637056768 0.596051455 0.349707156 0.722791493 0.450278312 0.722594976 0.524505377 0.546819091 0.543313026 0.637024164 0.344220638 0.854726732 0.388528496 0.466388792 0.710887432 0.526422322 0.359968275 0.846832752 0.391531765 0.222140193 0.947047174 0.231852427 0.223973796 0.943657696 0.243610054 0.0763780773 0.994149268 0.0763780773 -0.0771551207 0.994029284 -0.0771551207 0.0772426575 0.993747175 0.0806236044 -0.0814378411 0.993619382 -0.0780288875 -0.237677455 0.946420789 -0.218625739 -0.240264624 0.943015099 -0.230207235 -0.385908306 0.856856942 -0.341863811 -0.517260194 0.722822309 -0.458224505 -0.388878345 0.849055946 -0.357599795 -0.533571959 0.711113334 -0.457841456 -0.649408937 0.530401647 -0.544924021 -0.64933008 0.517621517 -0.557170033 -0.712029099 0.38493067 -0.587233245 -0.710446596 0.374006987 -0.596141338 -0.262840688 0.475374818 -0.839603186 -0.278449893 0.463075846 -0.841443062 -0.212875202 0.673340082 -0.708023489 -0.224212393 0.660889268 -0.716208279 -0.154248714 0.819818199 -0.551457524 -0.16862911 0.810561895 -0.560850799 -0.095922485 0.924038887 -0.370068818 -0.0461514443 0.982943833 -0.178020716 -0.106047668 0.919358432 -0.378858894 -0.0439181924 0.981791794 -0.184813708 0.0054669003 0.999663949 0.0253403652 0.00619477592 0.999640644 0.0260799211 0.0449559204 0.971971452 0.230760381 0.0511424094 0.970123708 0.237158895 0.074411884 0.902409911 0.424404562 0.0845812559 0.896672428 0.434539437 0.0944609344 0.796042979 0.597823381 0.106634066 0.786152422 0.608763933 0.103787437 0.639038563 0.762140214 0.122365117 0.620691955 0.774447083 0.141881987 0.439335912 0.887047589 0.10345085 0.392883718 0.913750708 0.0305893701 0.258541673 0.965515673 0.125966758 0.250584215 0.959864557 0.0156510975 0.561678767 0.827207386 0.0267548375 0.541105807 0.840528846 0.00782870222 0.847032785 0.531482995 0.0273636822 0.872467637 0.487904996 -0.0294411276 0.994681001 0.0987059772 0.03420965 0.997725546 -0.0580807962 -0.0179122444 0.891972363 -0.451734841 0.0172683243 0.847498298 -0.530517161 0.0129241897 0.552522361 -0.833397806 0.0299456902 0.525641978 -0.850178659 0.030645946 0.25860399 -0.965497196 0.125050008 0.250617057 -0.959975779 0.130003378 0.422340393 -0.897066236 0.1177717 0.410766363 -0.904102206 0.11967919 0.628522933 -0.768528342 0.113012716 0.615702987 -0.779831946 0.106715046 0.784554839 -0.6108073 0.0973863751 0.774205506 -0.625397265 0.083122462 0.899704218 -0.428512484 0.0771200657 0.893780053 -0.4418253 0.0507854 0.97036767 -0.236236185 0.0474880263 0.968396842 -0.244851694 0.00757779554 0.999459207 -0.031996619 0.0071453969 0.999421597 -0.0332484432 -0.0443018638 0.984184861 0.17151539 -0.0421519913 0.983117104 0.178056106 -0.101137511 0.926505864 0.362433493 -0.096903801 0.922008097 0.37484771 -0.159082741 0.830627263 0.533620715 -0.153224945 0.821874321 0.548675537 -0.224482507 0.683408082 0.694666147 -0.213196144 0.665692568 0.715122938 -0.247829542 0.489975244 0.835765958 -0.294754386 0.445094258 0.84558326 0.00659045577 0.680045903 -0.733139873 0.0358317569 0.71990037 -0.693151951 -0.0186073892 0.949213266 -0.314082861 -0.022337392 0.995558619 0.0914555639 0.0294744819 0.985523343 -0.166958481 -0.0187475737 0.870158732 0.492414713 0.0327590257 0.941686809 0.334892392 0.0281737838 0.552648365 0.832938194 0.0284562204 0.552280605 0.833172441 0.758942842 0.45517078 -0.465645045 0.563527107 0.742617905 -0.361878276 0.697146118 0.602092564 -0.389193863 0.427794188 0.873637855 -0.231838584 0.230056971 0.958884776 -0.166174233 -0.109511644 0.993031621 0.0435360707 0.0934782922 0.995020688 -0.0345793664 -0.438952625 0.86153084 0.255118132 -0.281978101 0.935215116 0.214152202 -0.691224396 0.55189091 0.466503233 -0.691610754 0.549119115 0.469193876 -0.801661372 0.259023905 0.538744509 -0.746650338 0.251013398 0.61604023 -0.714710832 0.360951304 0.599084854 -0.722416818 0.350490212 0.596045792 -0.630188406 0.556695104 0.54125154 -0.524567008 0.722368121 0.450570285 -0.643177271 0.543795109 0.539082408 -0.526482999 0.710652709 0.466677934 -0.382318139 0.854497612 0.351662785 -0.398293912 0.846591592 0.353050292 -0.231944263 0.94697988 0.222330883 -0.243715808 0.943582833 0.224173963 -0.0765439421 0.994121492 0.076572977 0.0770381093 0.994045138 -0.0770673379 -0.0807823539 0.993718982 0.0774384588 0.077910319 0.993636727 -0.0813383386 0.218768671 0.946328878 -0.237911701 0.230374455 0.942911565 -0.240510836 0.342110664 0.856589496 -0.38628307 0.458306968 0.722611129 -0.517482221 0.357848793 0.848776102 -0.389259994 0.457928598 0.710897624 -0.533784568 0.544668198 0.530860662 -0.649248362 0.556924999 0.518073559 -0.649179757 0.58684653 0.386056036 -0.711738646 0.595776677 0.375114202 -0.7101686 0.538596809 0.258154392 -0.802040994 0.615931511 0.250198394 -0.74701345 0.463408083 0.544710338 -0.698958874 0.463688761 0.558007658 -0.688200653 0.281097561 0.851282358 -0.443060368 0.281822413 0.845238984 -0.454034358 -0.0348177329 0.999386966 -0.00366370589 0.102236636 0.988016069 -0.11563693 -0.26001209 0.887917578 0.379468143 -0.133577824 0.953442156 0.270379037 -0.408028126 0.582239628 0.703214109 -0.411734492 0.593905449 0.691195369 0.733133793 0.680052519 0.00659166602 0.693148017 0.719904125 0.0358311273 0.314082354 0.949213386 -0.0186071508 -0.0914513469 0.995559037 -0.0223370884 0.166961282 0.985522807 0.0294740684 -0.492407113 0.870163083 -0.0187479723 -0.334882855 0.941690147 0.0327588394 -0.832936049 0.552651703 0.0281729084 -0.83317107 0.552282751 0.0284562763 0.465645045 0.45517078 0.758942842 0.361878276 0.742617905 0.563527107 0.389193863 0.602092564 0.697146118 0.231838584 0.873637855 0.427794188 0.166174233 0.958884776 0.230056971 -0.0435360707 0.993031621 -0.109511644 0.0345793664 0.995020688 0.0934782922 -0.255118132 0.86153084 -0.438952625 -0.214152202 0.935215116 -0.281978101 -0.466503233 0.55189091 -0.691224396 -0.469193816 0.549119055 -0.691610694 -0.538744509 0.259023905 -0.801661372 -0.61604023 0.251013398 -0.746650338 -0.599084854 0.360951304 -0.714710832 -0.596045792 0.350490212 -0.722416818 -0.54125154 0.556695104 -0.630188406 -0.450570285 0.722368121 -0.524567008 -0.539082408 0.543795109 -0.643177271 -0.466677934 0.710652709 -0.526482999 -0.351662785 0.854497612 -0.382318139 -0.353050292 0.846591592 -0.398293912 -0.222330883 0.94697988 -0.231944263 -0.224173963 0.943582833 -0.243715808 -0.076572977 0.994121492 -0.0765439421 0.0770673379 0.994045138 0.0770381093 -0.0774384588 0.993718982 -0.0807823539 0.0813383386 0.993636727 0.077910319 0.237911701 0.946328878 0.218768671 0.240510836 0.942911565 0.230374455 0.38628307 0.856589496 0.342110664 0.517482221 0.722611129 0.458306968 0.389259994 0.848776102 0.357848793 0.533784568 0.710897624 0.457928598 0.649248362 0.530860662 0.544668198 0.649179757 0.518073559 0.556924999 0.711738646 0.386056036 0.58684653 0.7101686 0.375114202 0.595776677 0.802040994 0.258154392 0.538596809 0.74701345 0.250198394 0.615931511 0.698958933 0.544710398 0.463408113 0.688200653 0.558007658 0.463688761 0.443060368 0.851282358 0.281097561 0.454034388 0.845239043 0.281822443 0.00366370589 0.999386966 -0.0348177329 0.11563693 0.988016069 0.102236636 -0.379468143 0.887917578 -0.26001209 -0.270379096 0.953442276 -0.133577839 -0.703214109 0.582239628 -0.408028126 -0.691195369 0.593905449 -0.411734492 -0.0065901815 0.68004483 0.733141005 -0.0358320214 0.719899535 0.693152785 0.0186073501 0.949213266 0.314082652 0.0223374683 0.995558619 -0.0914559513 -0.0294744316 0.985523343 0.166958243 0.0187479202 0.870157897 -0.492416263 -0.0327590667 0.941686809 -0.334892392 -0.0281739961 0.552648008 -0.832938433 -0.0284556802 0.55228126 -0.833172023 -0.758942842 0.45517078 0.465645045 -0.563527107 0.742617905 0.361878276 -0.697146118 0.602092564 0.389193863 -0.427794188 0.873637855 0.231838584 -0.230056971 0.958884776 0.166174233 0.109511644 0.993031621 -0.0435360707 -0.0934782922 0.995020688 0.0345793664 0.438952625 0.86153084 -0.255118132 0.281978101 0.935215116 -0.214152202 0.691224396 0.55189091 -0.466503233 0.691610754 0.549119115 -0.469193876 0.801661372 0.259023905 -0.538744509 0.746650338 0.251013398 -0.61604023 0.719390035 0.360802084 -0.593548477 0.636798561 0.556304574 -0.533865929 0.717834592 0.350490332 -0.601556361 0.524859846 0.721831858 -0.451088548 0.636790395 0.543795943 -0.546611428 0.389229655 0.853920102 -0.345428288 0.526714206 0.71065408 -0.466415137 0.237174481 0.946528077 -0.218707308 0.392044783 0.846593499 -0.359972835 0.079047814 0.993932724 -0.0764802396 0.239433393 0.943584442 -0.228735879 -0.0762504488 0.994233191 0.0754067674 0.0795569643 0.993719518 -0.0786899999 -0.223017797 0.946781695 0.232093617 -0.0775549486 0.993636012 0.0816859379 -0.348896861 0.857134819 0.378933907 -0.22515896 0.942910552 0.245404243 -0.458148986 0.723191261 0.516811252 -0.350377083 0.848775029 0.39600119 -0.551786959 0.531307399 0.642840326 -0.457779855 0.71089685 0.533913195 -0.592903852 0.386131465 0.706659317 -0.549663067 0.51807332 0.655340016 -0.589711368 0.375114173 0.71521318 -0.538596809 0.258154392 0.802040994 -0.615931511 0.250198394 0.74701345 -0.463408083 0.544710338 0.698958874 -0.463688761 0.558007658 0.688200653 -0.281097561 0.851282358 0.443060368 -0.281822413 0.845238984 0.454034358 0.0348177329 0.999386966 0.00366370589 -0.102236636 0.988016069 0.11563693 0.26001209 0.887917578 -0.379468143 0.133577824 0.953442156 -0.270379037 0.40697518 0.585994184 -0.700701058 0.409413487 0.593903065 -0.69257462 -0.7340644 0.679048717 -0.00650762441 -0.69377619 0.719291568 -0.035974443 -0.315121591 0.948868454 0.0186293647 0.0928431302 0.995427191 0.0224696379 -0.167359591 0.985452294 -0.0295719504 0.495479405 0.868414462 0.0188784301 0.337637633 0.94070375 -0.03282113 0.83479917 0.549842 -0.0280025415 0.835295558 0.549056709 -0.0286026821 -0.180508688 -0.590713918 -0.786431015 -0.160026789 -0.530487597 -0.832450807 -0.113330409 -0.922703445 -0.368476033 -0.0797959194 -0.846167922 -0.526908457 0.0124764517 -0.996112287 0.0872044191 0.0249007829 -0.999648035 0.00914476532 0.114033148 -0.870586097 0.478619099 0.11723873 -0.883777261 0.452982217 0.194960311 -0.572784364 0.796183705 0.202030495 -0.589642584 0.781987965 -0.0924559683 -0.258526206 -0.961569667 -0.186452419 -0.250571728 -0.949973345 -0.0891905278 -0.361727387 0.928007722 -0.082308732 -0.351255089 0.932654858 -0.06312792 -0.557439625 0.827813864 -0.0737004727 -0.544737339 0.835361898 -0.041676458 -0.722752571 0.689849019 -0.0313502625 -0.854244828 0.518924773 -0.053649839 -0.710738122 0.701407909 -0.0134851038 -0.946804464 0.321526825 -0.0223348476 -0.846336603 0.532179832 -0.00711492216 -0.943419814 0.331524432 3.93313121e-06 -0.994102836 0.108441822 -0.00241973135 -0.993693411 0.112104669 -0.00233605574 -0.994085431 -0.108575813 -0.0069257319 -0.946749687 -0.321896017 -4.07010612e-06 -0.993677318 -0.112273671 -0.0215446781 -0.857368171 -0.514252365 -0.0139405588 -0.943337858 -0.331540823 -0.04174757 -0.723341405 -0.689227343 -0.0318919346 -0.84956646 -0.526516676 -0.0535503365 -0.711643815 -0.700496554 -0.0739071071 -0.531193435 -0.844020963 -0.0651865527 -0.518412054 -0.852642715 -0.0882970318 -0.385880321 -0.918313682 -0.0808699951 -0.374944627 -0.923513174 -0.092414543 -0.258603096 0.961552978 -0.186075792 -0.250629216 0.950031996 0.210034579 -0.458570927 -0.86348033 0.223412484 -0.576778471 -0.785756588 0.138315946 -0.760020137 -0.635010302 0.0417257398 -0.955307782 -0.292653412 0.142407149 -0.876586854 -0.459691048 -0.03923494 -0.989131212 0.141704008 0.00477284426 -0.996910453 0.0784019828 -0.115482211 -0.839689791 0.530645609 -0.102122441 -0.853791118 0.510501504 -0.168966249 -0.534982443 0.827794731 -0.164429083 -0.54139632 0.824532092 0.523505926 -0.679380238 0.514182925 0.515923738 -0.719269931 0.465267152 0.209962025 -0.948723853 0.236302793 -0.0800110176 -0.995621145 -0.0483415201 0.139901474 -0.985287309 0.0981660187 -0.361545742 -0.870102763 -0.334971458 -0.213499367 -0.941733599 -0.259915352 -0.569182456 -0.552336574 -0.609061301 -0.569155395 -0.552045047 -0.609350741 -0.790064692 -0.585826099 0.180570066 -0.835484326 -0.525669277 0.160117939 -0.376533657 -0.919281602 0.114645511 -0.533920705 -0.841647208 0.0809849054 0.0807471052 -0.996675789 -0.0108286943 0.00204691431 -0.999725938 -0.0233239681 0.475376964 -0.872525215 -0.112767093 0.449382067 -0.885775566 -0.116006263 0.796232283 -0.573084772 -0.193875954 0.781398654 -0.590705395 -0.201204479 -0.962543845 -0.254634291 0.0931166559 -0.951042473 -0.24678348 0.186054245 0.929312527 -0.358304709 0.0894200131 0.933885396 -0.347910732 0.0825601667 0.82926935 -0.555240989 0.0634020865 0.836727202 -0.542604208 0.0739475861 0.690137923 -0.722473085 0.0417401046 0.701690555 -0.710449576 0.0537758954 0.518067062 -0.855066001 0.0216489136 0.319408268 -0.94752264 0.0133893108 0.530421853 -0.847126603 0.0320803598 0.106995717 -0.994256973 0.00221562595 0.32935676 -0.944179475 0.0070212842 0.110539682 -0.993871748 -3.30535768e-05 -0.108910508 -0.994048655 0.00238370197 -0.321828544 -0.946771741 0.00704379519 -0.112620391 -0.993638098 3.36787452e-05 -0.514897764 -0.856974185 0.0218061563 -0.331479609 -0.943356991 0.0141007416 -0.527166665 -0.849150896 0.0322196931 -0.689897954 -0.721978962 0.0527942665 -0.702310503 -0.710575402 0.0429242477 -0.84529084 -0.529083014 0.0745292529 -0.853384554 -0.517050266 0.0662858412 -0.919333279 -0.383296937 0.0889364183 -0.92448169 -0.372409791 0.0815136209 0.962153375 -0.256300151 0.0925800204 0.950694859 -0.248386621 0.185696721 -0.864343405 -0.45708105 -0.209731862 -0.785925627 -0.57690984 -0.222476959 -0.63493222 -0.760186672 -0.137758493 -0.289674938 -0.956262112 -0.0406353585 -0.458838165 -0.877082229 -0.142106533 0.146828845 -0.988339841 0.0403197818 0.0828386843 -0.99655503 -0.00397688104 0.534929931 -0.836877882 0.116126068 0.514478028 -0.85134387 0.102596186 0.829135597 -0.532990694 0.168686554 0.825834334 -0.539513111 0.164083347 0.572421312 -0.569680631 -0.589743793 0.575786948 -0.537833571 -0.615795732 0.342864633 -0.885845304 -0.312605113 0.374557257 -0.835497797 -0.402057588 0.0706816539 -0.990531921 -0.117688857 -0.0484941192 -0.994681835 0.0908637121 -0.261380494 -0.941475511 0.212847531 -0.356395721 -0.852316082 0.382804513 -0.611036837 -0.550431013 0.568910897 -0.610751748 -0.550719559 0.568937838 0.18050833 -0.590713978 0.786431074 0.16002658 -0.530488193 0.83245039 0.113330044 -0.922703981 0.368474752 0.0797954723 -0.84616828 0.52690798 -0.0124762896 -0.996111929 -0.087208651 -0.0249017682 -0.999648035 -0.00914505497 -0.114034683 -0.870584846 -0.478621036 -0.117239088 -0.883771598 -0.452993155 -0.194960371 -0.572784305 -0.796183705 -0.202030569 -0.589642525 -0.781988144 0.0924559534 -0.258526504 0.961569488 0.186452314 -0.250572056 0.949973226 0.089190498 -0.361728013 -0.928007483 0.0823078826 -0.351254463 -0.932655215 0.0631279498 -0.557439148 -0.827814221 0.073699668 -0.544737816 -0.83536166 0.041676566 -0.722752213 -0.689849496 0.0313503221 -0.854244828 -0.518924773 0.0536498427 -0.710737824 -0.701408267 0.0134851392 -0.946804464 -0.321526796 0.0223349109 -0.846336603 -0.532179832 0.00711477315 -0.943419755 -0.3315247 -3.91756248e-06 -0.994102776 -0.108441882 0.00241967966 -0.993693411 -0.112104617 0.00233605434 -0.994085431 0.108575754 0.00692557171 -0.946752191 0.321888566 4.04758703e-06 -0.993677318 0.112273641 0.0215494242 -0.857364595 0.514258265 0.0139456326 -0.943337858 0.331540614 0.041747503 -0.723344922 0.689223707 0.0318920799 -0.849566162 0.526517093 0.0535536259 -0.711644053 0.700496018 0.0739073008 -0.531190097 0.844022989 0.0651889443 -0.518412054 0.852642536 0.088297002 -0.385880858 0.918313384 0.0808699951 -0.374945223 0.923512936 0.092414543 -0.258602828 -0.961552978 0.186075836 -0.250628948 -0.950032115 -0.210034922 -0.45857051 0.863480389 -0.223412737 -0.576777756 0.785757124 -0.138315901 -0.760018945 0.635011733 -0.0417251252 -0.955308378 0.292651474 -0.142406717 -0.876587749 0.459689409 0.0392345116 -0.989131451 -0.141702175 -0.00477337278 -0.996910572 -0.0783993304 0.115482256 -0.839690268 -0.530645013 0.10212101 -0.853792965 -0.510498703 0.168966264 -0.534982383 -0.82779479 0.16442892 -0.541396439 -0.824531972 -0.523505926 -0.679380238 -0.514182925 -0.515923738 -0.719269931 -0.465267152 -0.209962025 -0.948723853 -0.236302793 0.0800110176 -0.995621145 0.0483415201 -0.139901474 -0.985287309 -0.0981660187 0.361545742 -0.870102763 0.334971458 0.213499367 -0.941733599 0.259915352 0.569182456 -0.552336574 0.609061301 0.569155395 -0.552045047 0.609350741 0.786431074 -0.590713441 -0.180509761 0.832447052 -0.530492961 -0.160028487 0.368477672 -0.92270273 -0.113330625 0.526910663 -0.846166492 -0.0797965527 -0.0871926546 -0.99611336 0.0124724368 -0.0091282744 -0.999648392 0.024897458 -0.478615224 -0.870588481 0.114031181 -0.452972203 -0.883782566 0.117237315 -0.794086814 -0.5753268 0.196023449 -0.78197819 -0.589654505 0.202033669 0.961569488 -0.258526564 -0.0924562514 0.949974239 -0.250572592 -0.186446548 -0.92800504 -0.36173439 -0.0891898945 -0.932652831 -0.351260722 -0.0823072419 -0.827812731 -0.557441533 -0.0631276369 -0.83536005 -0.544740319 -0.0736991465 -0.689845681 -0.722755909 -0.0416756906 -0.518934608 -0.854238808 -0.0313504264 -0.701404989 -0.710741043 -0.0536494181 -0.321535528 -0.946801424 -0.0134907672 -0.532182634 -0.846334815 -0.0223397017 -0.331543773 -0.94341296 -0.00711379992 -0.10845124 -0.994101822 3.96090627e-06 -0.112112693 -0.993692577 -0.00241875555 0.108576462 -0.994085371 -0.00233149622 0.321883023 -0.946754098 -0.00692121126 0.112267077 -0.993678093 -4.09828181e-06 0.51425463 -0.85736686 -0.0215455145 0.331534922 -0.943339944 -0.013941153 0.68922621 -0.723342538 -0.0417476594 0.526518285 -0.849565387 -0.0318921506 0.700499296 -0.711640775 -0.0535545424 0.844019294 -0.531196058 -0.0739069581 0.852638483 -0.518418789 -0.0651891455 0.918308496 -0.385892868 -0.0882964656 0.923508048 -0.374957204 -0.0808695629 -0.961551368 -0.258608937 -0.0924140066 -0.950029612 -0.250634521 -0.186080873 0.86351949 -0.458570033 0.209875345 0.785520852 -0.577156186 0.223265991 0.635014117 -0.760016322 0.138319507 0.292655975 -0.955306947 0.0417269431 0.459696472 -0.876583219 0.142411768 -0.141702399 -0.989131391 -0.0392355919 -0.0784000307 -0.996910572 0.00477278791 -0.530647635 -0.839687884 -0.115486816 -0.510494947 -0.853795052 -0.102121666 -0.827801406 -0.534969628 -0.16897434 -0.824528039 -0.541404605 -0.164422244 -0.514182925 -0.679380238 0.523505926 -0.465267092 -0.719269872 0.515923679 -0.236302793 -0.948723853 0.209962025 0.0483415201 -0.995621145 -0.0800110176 -0.0981660187 -0.985287309 0.139901474 0.334971458 -0.870102763 -0.361545742 0.259915352 -0.941733599 -0.213499367 0.609061301 -0.552336574 -0.569182456 0.609350741 -0.552045047 -0.569155395</float_array>
          <technique_common>
            <accessor count="4868" source="#cubenormals-array0-array" stride="3">
              <param name="X" type="float" />
              <param name="Y" type="float" />
              <param name="Z" type="float" />
            </accessor>
          </technique_common>
        </source>
        <vertices id="cubeverts-array0-vertices">
          <input semantic="POSITION" source="#cubeverts-array0" />
        </vertices>
        <triangles count="4868" material="ref_Part__Feature">
          <input offset="0" semantic="VERTEX" source="#cubeverts-array0-vertices" />
          <input offset="1" semantic="NORMAL" source="#cubenormals-array0" />
          <p>0 0 1 0 2 0 3 1 0 1 2 1 3 2 2 2 4 2 5 3 3 3 4 3 6 4 7 4 8 4 9 5 6 5 8 5 10 6 8 6 11 6 10 7 9 7 8 7 12 8 13 8 14 8 15 9 12 9 14 9 15 10 14 10 16 10 17 11 15 11 16 11 18 12 19 12 20 12 21 13 18 13 20 13 21 14 20 14 22 14 23 15 21 15 22 15 24 16 25 16 26 16 27 17 24 17 26 17 28 18 26 18 29 18 28 19 27 19 26 19 30 20 31 20 32 20 33 21 30 21 32 21 34 22 32 22 35 22 34 23 33 23 32 23 36 24 37 24 38 24 39 25 36 25 38 25 39 26 38 26 40 26 41 27 39 27 40 27 42 28 43 28 44 28 45 29 42 29 44 29 45 30 44 30 46 30 47 31 45 31 46 31 48 32 49 32 50 32 51 33 48 33 50 33 52 34 50 34 53 34 52 35 51 35 50 35 54 36 55 36 56 36 57 37 54 37 56 37 57 38 56 38 58 38 59 39 57 39 58 39 60 40 61 40 62 40 63 41 60 41 62 41 63 42 62 42 64 42 65 43 63 43 64 43 66 44 67 44 68 44 69 45 67 45 66 45 70 46 71 46 72 46 73 47 74 47 75 47 76 48 77 48 78 48 76 49 78 49 79 49 80 50 77 50 76 50 81 51 76 51 82 51 81 52 80 52 76 52 83 53 82 53 84 53 83 54 81 54 82 54 75 55 74 55 84 55 85 56 83 56 84 56 85 57 84 57 74 57 86 58 73 58 75 58 87 59 73 59 86 59 88 60 87 60 86 60 89 61 90 61 87 61 89 62 87 62 88 62 91 63 88 63 92 63 91 64 89 64 88 64 93 65 92 65 94 65 93 66 91 66 92 66 71 67 93 67 94 67 95 68 91 68 93 68 72 69 71 69 94 69 96 70 70 70 72 70 96 71 97 71 70 71 98 72 97 72 96 72 99 73 98 73 96 73 100 74 98 74 99 74 68 75 100 75 99 75 101 76 100 76 68 76 101 77 68 77 67 77 102 78 103 78 104 78 105 79 103 79 102 79 106 80 107 80 108 80 109 81 110 81 111 81 112 82 113 82 114 82 112 83 114 83 115 83 116 84 113 84 112 84 117 85 112 85 118 85 117 86 116 86 112 86 119 87 118 87 120 87 119 88 117 88 118 88 111 89 110 89 120 89 121 90 119 90 120 90 121 91 120 91 110 91 122 92 109 92 111 92 123 93 109 93 122 93 124 94 123 94 122 94 125 95 126 95 123 95 125 96 123 96 124 96 127 97 125 97 124 97 128 98 125 98 127 98 129 99 127 99 130 99 129 100 128 100 127 100 107 101 129 101 130 101 131 102 128 102 129 102 108 103 107 103 130 103 132 104 106 104 108 104 132 105 133 105 106 105 134 106 133 106 132 106 135 107 134 107 132 107 136 108 134 108 135 108 104 109 136 109 135 109 137 110 136 110 104 110 137 111 104 111 103 111 138 112 139 112 140 112 141 113 138 113 140 113 141 114 140 114 142 114 143 115 141 115 142 115 144 116 145 116 146 116 147 117 148 117 144 117 148 118 102 118 144 118 102 119 104 119 144 119 149 120 150 120 151 120 135 121 132 121 104 121 104 122 132 122 144 122 150 123 152 123 153 123 108 124 130 124 132 124 144 125 130 125 145 125 132 126 130 126 144 126 150 127 154 127 152 127 127 128 124 128 130 128 155 129 122 129 149 129 145 130 122 130 155 130 149 131 122 131 150 131 130 132 122 132 145 132 124 133 122 133 130 133 150 134 122 134 154 134 115 135 118 135 112 135 154 136 120 136 115 136 111 137 120 137 122 137 115 138 120 138 118 138 122 139 120 139 154 139 156 140 157 140 158 140 159 141 66 141 160 141 160 142 66 142 156 142 157 143 161 143 162 143 68 144 99 144 66 144 66 145 99 145 156 145 161 146 163 146 164 146 157 147 163 147 161 147 156 148 96 148 157 148 99 149 96 149 156 149 157 150 96 150 163 150 96 151 165 151 163 151 165 152 166 152 167 152 94 153 92 153 72 153 72 154 92 154 96 154 96 155 92 155 165 155 88 156 76 156 92 156 166 157 76 157 79 157 92 158 76 158 165 158 165 159 76 159 166 159 76 160 84 160 82 160 75 161 84 161 86 161 86 162 84 162 88 162 88 163 84 163 76 163 168 164 113 164 116 164 168 165 116 165 169 165 170 166 168 166 169 166 171 167 169 167 172 167 171 168 170 168 169 168 173 169 172 169 174 169 173 170 174 170 175 170 173 171 171 171 172 171 139 172 138 172 176 172 177 173 139 173 176 173 178 174 177 174 179 174 178 175 139 175 177 175 180 176 178 176 179 176 181 177 180 177 179 177 182 178 180 178 181 178 142 179 173 179 183 179 171 180 173 180 142 180 170 181 180 181 168 181 184 182 171 182 142 182 139 183 142 183 140 183 178 184 171 184 184 184 178 185 180 185 170 185 178 186 170 186 171 186 184 187 139 187 178 187 184 188 142 188 139 188 143 189 142 189 183 189 175 190 183 190 173 190 175 191 143 191 183 191 115 192 182 192 154 192 114 193 182 193 115 193 185 194 186 194 150 194 187 195 188 195 146 195 148 196 189 196 105 196 148 197 105 197 102 197 190 198 189 198 148 198 191 199 148 199 147 199 191 200 190 200 148 200 192 201 147 201 144 201 192 202 191 202 147 202 146 203 188 203 144 203 193 204 192 204 144 204 193 205 144 205 188 205 145 206 187 206 146 206 194 207 187 207 145 207 155 208 194 208 145 208 195 209 196 209 194 209 195 210 194 210 155 210 149 211 195 211 155 211 197 212 195 212 149 212 198 213 149 213 151 213 198 214 197 214 149 214 186 215 198 215 151 215 199 216 197 216 198 216 150 217 186 217 151 217 153 218 185 218 150 218 153 219 200 219 185 219 201 220 200 220 153 220 152 221 201 221 153 221 202 222 201 222 152 222 154 223 202 223 152 223 181 224 202 224 154 224 181 225 154 225 182 225 114 226 180 226 182 226 113 227 168 227 114 227 114 228 168 228 180 228 116 229 203 229 169 229 117 230 203 230 116 230 119 231 204 231 117 231 117 232 204 232 203 232 121 233 205 233 119 233 206 234 205 234 121 234 119 235 205 235 204 235 207 236 174 236 172 236 207 237 172 237 208 237 209 238 208 238 210 238 209 239 210 239 211 239 209 240 207 240 208 240 212 241 211 241 213 241 212 242 209 242 211 242 214 243 212 243 213 243 208 244 172 244 169 244 208 245 169 245 203 245 210 246 208 246 203 246 210 247 203 247 204 247 211 248 206 248 213 248 211 249 204 249 205 249 211 250 210 250 204 250 211 251 205 251 206 251 215 252 9 252 10 252 23 253 216 253 217 253 218 254 15 254 17 254 218 255 12 255 15 255 0 256 219 256 214 256 5 257 219 257 3 257 17 258 220 258 218 258 3 259 219 259 0 259 221 260 219 260 5 260 222 261 223 261 12 261 6 262 224 262 225 262 9 263 224 263 6 263 28 264 226 264 27 264 227 265 226 265 228 265 228 266 226 266 28 266 229 267 226 267 227 267 220 268 230 268 231 268 232 269 233 269 216 269 234 270 233 270 232 270 219 271 212 271 214 271 224 272 235 272 225 272 229 273 236 273 226 273 234 274 237 274 233 274 222 275 238 275 223 275 230 276 239 276 231 276 240 277 209 277 212 277 241 278 242 278 238 278 243 279 244 279 235 279 239 280 245 280 246 280 236 281 247 281 248 281 237 282 249 282 250 282 251 283 252 283 242 283 209 284 253 284 207 284 245 285 254 285 255 285 256 286 257 286 244 286 258 287 259 287 247 287 249 288 260 288 261 288 262 289 263 289 257 289 215 290 264 290 265 290 260 291 266 291 267 291 18 292 21 292 217 292 262 293 268 293 263 293 266 294 24 294 267 294 215 295 269 295 252 295 265 296 269 296 215 296 262 297 221 297 268 297 254 298 270 298 217 298 217 299 270 299 18 299 24 300 27 300 267 300 176 301 271 301 258 301 138 302 271 302 176 302 174 303 272 303 175 303 207 304 272 304 174 304 215 305 10 305 264 305 21 306 23 306 217 306 143 307 273 307 141 307 141 308 273 308 138 308 175 309 273 309 143 309 131 310 274 310 128 310 275 311 274 311 131 311 128 312 276 312 125 312 274 313 276 313 128 313 125 314 277 314 126 314 276 315 277 315 125 315 277 316 278 316 126 316 257 317 263 317 279 317 257 318 279 318 280 318 244 319 280 319 281 319 244 320 281 320 282 320 244 321 257 321 280 321 235 322 282 322 283 322 235 323 244 323 282 323 225 324 235 324 283 324 284 325 278 325 277 325 284 326 279 326 278 326 280 327 279 327 284 327 285 328 277 328 276 328 285 329 284 329 277 329 281 330 284 330 285 330 281 331 280 331 284 331 286 332 285 332 276 332 286 333 276 333 274 333 286 334 274 334 275 334 286 335 275 335 283 335 282 336 281 336 285 336 282 337 286 337 283 337 282 338 285 338 286 338 287 339 137 339 288 339 289 340 136 340 287 340 287 341 136 341 137 341 289 342 134 342 136 342 289 343 290 343 134 343 290 344 133 344 134 344 290 345 291 345 133 345 252 346 269 346 292 346 252 347 292 347 293 347 242 348 293 348 294 348 242 349 294 349 295 349 242 350 252 350 293 350 238 351 295 351 296 351 238 352 242 352 295 352 223 353 238 353 296 353 297 354 291 354 290 354 297 355 292 355 291 355 293 356 292 356 297 356 298 357 290 357 289 357 298 358 297 358 290 358 294 359 297 359 298 359 294 360 293 360 297 360 299 361 298 361 289 361 299 362 289 362 287 362 299 363 287 363 288 363 299 364 288 364 296 364 295 365 294 365 298 365 295 366 299 366 296 366 295 367 298 367 299 367 300 368 193 368 301 368 302 369 192 369 300 369 300 370 192 370 193 370 303 371 191 371 302 371 302 372 191 372 192 372 304 373 190 373 303 373 303 374 190 374 191 374 239 375 230 375 305 375 239 376 305 376 306 376 245 377 306 377 307 377 245 378 307 378 308 378 245 379 239 379 306 379 254 380 308 380 309 380 254 381 245 381 308 381 270 382 254 382 309 382 303 383 305 383 304 383 306 384 305 384 303 384 307 385 303 385 302 385 307 386 306 386 303 386 308 387 301 387 309 387 308 388 302 388 300 388 308 389 307 389 302 389 308 390 300 390 301 390 310 391 196 391 311 391 311 392 195 392 312 392 196 393 195 393 311 393 312 394 197 394 313 394 195 395 197 395 312 395 313 396 199 396 314 396 197 397 199 397 313 397 237 398 234 398 315 398 237 399 315 399 316 399 249 400 316 400 317 400 249 401 317 401 318 401 249 402 237 402 316 402 260 403 318 403 319 403 260 404 249 404 318 404 266 405 260 405 319 405 320 406 310 406 311 406 320 407 315 407 310 407 316 408 315 408 320 408 321 409 311 409 312 409 321 410 320 410 311 410 317 411 320 411 321 411 317 412 316 412 320 412 322 413 321 413 312 413 322 414 312 414 313 414 322 415 313 415 314 415 322 416 314 416 319 416 318 417 317 417 321 417 318 418 322 418 319 418 318 419 321 419 322 419 323 420 324 420 325 420 326 421 327 421 328 421 329 422 330 422 331 422 332 423 333 423 334 423 335 424 336 424 337 424 330 425 338 425 339 425 340 426 341 426 342 426 343 427 344 427 340 427 345 428 346 428 336 428 347 429 348 429 326 429 334 430 349 430 350 430 30 431 33 431 351 431 338 432 352 432 353 432 354 433 355 433 356 433 352 434 36 434 353 434 357 435 358 435 346 435 357 436 359 436 358 436 360 437 361 437 347 437 42 438 361 438 360 438 45 439 361 439 42 439 362 440 363 440 364 440 365 441 363 441 362 441 350 442 363 442 365 442 341 443 366 443 351 443 351 444 366 444 30 444 39 445 367 445 36 445 354 446 368 446 344 446 356 447 368 447 354 447 39 448 41 448 367 448 359 449 369 449 59 449 45 450 47 450 361 450 363 451 52 451 364 451 34 452 370 452 33 452 371 453 370 453 34 453 369 454 57 454 59 454 65 455 372 455 63 455 355 456 372 456 65 456 47 457 373 457 361 457 41 458 374 458 367 458 363 459 51 459 52 459 371 460 375 460 370 460 372 461 60 461 63 461 375 462 376 462 370 462 369 463 54 463 57 463 372 464 377 464 60 464 378 465 379 465 374 465 54 466 380 466 381 466 382 467 383 467 373 467 378 468 328 468 379 468 384 469 383 469 382 469 385 470 383 470 384 470 380 471 332 471 381 471 376 472 329 472 370 472 386 473 387 473 323 473 48 474 387 474 386 474 372 475 337 475 377 475 51 476 387 476 48 476 325 477 388 477 385 477 389 478 390 478 391 478 391 479 392 479 393 479 390 480 392 480 391 480 393 481 394 481 395 481 392 482 394 482 393 482 395 483 396 483 397 483 394 484 396 484 395 484 344 485 389 485 391 485 344 486 368 486 389 486 340 487 391 487 393 487 340 488 393 488 395 488 340 489 344 489 391 489 341 490 395 490 397 490 341 491 340 491 395 491 366 492 341 492 397 492 398 493 399 493 400 493 398 494 401 494 399 494 402 495 403 495 401 495 401 496 403 496 399 496 404 497 405 497 402 497 402 498 405 498 403 498 404 499 406 499 405 499 329 500 376 500 400 500 329 501 400 501 399 501 330 502 399 502 403 502 330 503 403 503 405 503 330 504 329 504 399 504 338 505 405 505 406 505 338 506 330 506 405 506 352 507 338 507 406 507 80 508 407 508 408 508 81 509 407 509 80 509 83 510 409 510 81 510 81 511 409 511 407 511 85 512 410 512 83 512 411 513 410 513 85 513 83 514 410 514 409 514 328 515 378 515 408 515 328 516 408 516 407 516 326 517 407 517 409 517 326 518 409 518 410 518 326 519 328 519 407 519 347 520 410 520 411 520 347 521 326 521 410 521 360 522 347 522 411 522 95 523 412 523 91 523 413 524 412 524 95 524 91 525 414 525 89 525 412 526 414 526 91 526 89 527 415 527 90 527 414 528 415 528 89 528 415 529 416 529 90 529 385 530 384 530 416 530 385 531 416 531 415 531 325 532 415 532 414 532 325 533 414 533 412 533 325 534 385 534 415 534 323 535 412 535 413 535 323 536 325 536 412 536 386 537 323 537 413 537 417 538 101 538 418 538 419 539 100 539 417 539 417 540 100 540 101 540 419 541 98 541 100 541 419 542 420 542 98 542 420 543 97 543 98 543 420 544 421 544 97 544 350 545 365 545 421 545 350 546 421 546 420 546 334 547 420 547 419 547 334 548 419 548 417 548 334 549 350 549 420 549 332 550 417 550 418 550 332 551 334 551 417 551 381 552 332 552 418 552 79 553 422 553 166 553 78 554 422 554 79 554 423 555 424 555 163 555 425 556 426 556 158 556 159 557 427 557 69 557 159 558 69 558 66 558 428 559 427 559 159 559 429 560 159 560 160 560 429 561 428 561 159 561 430 562 160 562 156 562 430 563 429 563 160 563 158 564 426 564 156 564 431 565 430 565 156 565 431 566 156 566 426 566 157 567 425 567 158 567 432 568 425 568 157 568 162 569 432 569 157 569 392 570 390 570 432 570 392 571 432 571 162 571 394 572 162 572 161 572 394 573 392 573 162 573 433 574 161 574 164 574 433 575 394 575 161 575 424 576 433 576 164 576 396 577 394 577 433 577 163 578 424 578 164 578 165 579 423 579 163 579 165 580 398 580 423 580 401 581 398 581 165 581 167 582 401 582 165 582 402 583 401 583 167 583 166 584 402 584 167 584 404 585 402 585 166 585 404 586 166 586 422 586 434 587 431 587 435 587 436 588 430 588 434 588 434 589 430 589 431 589 437 590 429 590 436 590 436 591 429 591 430 591 438 592 428 592 437 592 437 593 428 593 429 593 346 594 358 594 438 594 346 595 438 595 437 595 336 596 437 596 436 596 336 597 436 597 434 597 336 598 346 598 437 598 337 599 434 599 435 599 337 600 336 600 434 600 377 601 337 601 435 601 200 602 439 602 440 602 200 603 201 603 439 603 202 604 441 604 201 604 201 605 441 605 439 605 181 606 442 606 202 606 202 607 442 607 441 607 181 608 179 608 442 608 236 609 229 609 443 609 236 610 443 610 444 610 247 611 444 611 445 611 247 612 445 612 446 612 247 613 236 613 444 613 258 614 446 614 177 614 258 615 247 615 446 615 176 616 258 616 177 616 444 617 440 617 439 617 444 618 443 618 440 618 445 619 444 619 439 619 445 620 439 620 441 620 446 621 179 621 177 621 446 622 442 622 179 622 446 623 445 623 441 623 446 624 441 624 442 624 447 625 431 625 426 625 435 626 447 626 448 626 435 627 448 627 449 627 435 628 431 628 447 628 61 629 435 629 449 629 377 630 435 630 61 630 60 631 377 631 61 631 389 632 450 632 451 632 389 633 451 633 452 633 368 634 356 634 450 634 368 635 450 635 389 635 390 636 389 636 452 636 432 637 390 637 452 637 453 638 451 638 450 638 64 639 450 639 454 639 453 640 450 640 64 640 64 641 62 641 61 641 449 642 453 642 64 642 449 643 64 643 61 643 448 644 447 644 452 644 448 645 453 645 449 645 448 646 451 646 453 646 448 647 452 647 451 647 65 648 64 648 454 648 355 649 65 649 454 649 356 650 454 650 450 650 356 651 355 651 454 651 425 652 447 652 426 652 425 653 452 653 447 653 432 654 452 654 425 654 455 655 101 655 67 655 418 656 455 656 456 656 418 657 456 657 457 657 418 658 101 658 455 658 55 659 418 659 457 659 381 660 418 660 55 660 54 661 381 661 55 661 438 662 458 662 459 662 438 663 459 663 460 663 358 664 359 664 458 664 358 665 458 665 438 665 428 666 438 666 460 666 427 667 428 667 460 667 456 668 460 668 459 668 58 669 458 669 461 669 462 670 459 670 458 670 462 671 458 671 58 671 55 672 58 672 56 672 457 673 462 673 58 673 457 674 58 674 55 674 456 675 455 675 460 675 456 676 462 676 457 676 456 677 459 677 462 677 59 678 58 678 461 678 359 679 461 679 458 679 359 680 59 680 461 680 69 681 460 681 67 681 67 682 460 682 455 682 427 683 460 683 69 683 463 684 95 684 93 684 413 685 463 685 464 685 413 686 464 686 465 686 413 687 95 687 463 687 49 688 413 688 465 688 386 689 413 689 49 689 48 690 386 690 49 690 421 691 466 691 467 691 421 692 467 692 468 692 365 693 362 693 466 693 365 694 466 694 421 694 97 695 421 695 468 695 70 696 97 696 468 696 464 697 468 697 467 697 53 698 466 698 469 698 470 699 467 699 466 699 470 700 466 700 53 700 49 701 53 701 50 701 465 702 470 702 53 702 465 703 53 703 49 703 464 704 463 704 468 704 464 705 470 705 465 705 464 706 467 706 470 706 364 707 52 707 53 707 364 708 53 708 469 708 362 709 469 709 466 709 362 710 364 710 469 710 71 711 463 711 93 711 71 712 468 712 463 712 70 713 468 713 71 713 471 714 85 714 74 714 411 715 471 715 472 715 411 716 472 716 473 716 411 717 85 717 471 717 43 718 411 718 473 718 360 719 411 719 43 719 42 720 360 720 43 720 416 721 474 721 475 721 416 722 475 722 476 722 384 723 382 723 474 723 384 724 474 724 416 724 90 725 416 725 476 725 87 726 90 726 476 726 472 727 476 727 475 727 46 728 474 728 477 728 478 729 475 729 474 729 478 730 474 730 46 730 43 731 46 731 44 731 473 732 478 732 46 732 473 733 46 733 43 733 472 734 471 734 476 734 472 735 478 735 473 735 472 736 475 736 478 736 47 737 46 737 477 737 373 738 47 738 477 738 382 739 477 739 474 739 382 740 373 740 477 740 73 741 471 741 74 741 73 742 476 742 471 742 87 743 476 743 73 743 479 744 404 744 422 744 406 745 479 745 480 745 406 746 480 746 481 746 406 747 404 747 479 747 37 748 406 748 481 748 352 749 406 749 37 749 36 750 352 750 37 750 408 751 482 751 483 751 408 752 483 752 484 752 378 753 374 753 482 753 378 754 482 754 408 754 80 755 408 755 484 755 77 756 80 756 484 756 480 757 484 757 483 757 40 758 482 758 485 758 486 759 483 759 482 759 486 760 482 760 40 760 37 761 40 761 38 761 481 762 486 762 40 762 481 763 40 763 37 763 480 764 479 764 484 764 480 765 486 765 481 765 480 766 483 766 486 766 41 767 40 767 485 767 374 768 485 768 482 768 374 769 41 769 485 769 78 770 484 770 422 770 422 771 484 771 479 771 77 772 484 772 78 772 487 773 396 773 433 773 397 774 487 774 488 774 397 775 488 775 489 775 397 776 396 776 487 776 31 777 397 777 489 777 366 778 397 778 31 778 30 779 366 779 31 779 400 780 490 780 491 780 400 781 491 781 492 781 376 782 375 782 490 782 376 783 490 783 400 783 398 784 400 784 492 784 423 785 398 785 492 785 493 786 491 786 490 786 35 787 490 787 494 787 493 788 490 788 35 788 35 789 32 789 31 789 489 790 493 790 35 790 489 791 35 791 31 791 488 792 487 792 492 792 488 793 493 793 489 793 488 794 491 794 493 794 488 795 492 795 491 795 371 796 34 796 35 796 371 797 35 797 494 797 375 798 494 798 490 798 375 799 371 799 494 799 424 800 487 800 433 800 424 801 492 801 487 801 423 802 492 802 424 802 495 803 185 803 200 803 495 804 200 804 440 804 496 805 495 805 440 805 497 806 440 806 443 806 497 807 496 807 440 807 498 808 443 808 229 808 498 809 229 809 227 809 498 810 497 810 443 810 25 811 24 811 266 811 319 812 25 812 266 812 499 813 319 813 314 813 499 814 25 814 319 814 500 815 499 815 314 815 199 816 500 816 314 816 198 817 500 817 199 817 29 818 498 818 501 818 497 819 498 819 29 819 496 820 500 820 495 820 502 821 497 821 29 821 25 822 29 822 26 822 499 823 497 823 502 823 499 824 500 824 496 824 499 825 496 825 497 825 502 826 25 826 499 826 502 827 29 827 25 827 228 828 28 828 29 828 228 829 29 829 501 829 227 830 501 830 498 830 227 831 228 831 501 831 186 832 500 832 198 832 185 833 495 833 186 833 186 834 495 834 500 834 503 835 194 835 196 835 503 836 196 836 310 836 504 837 503 837 310 837 505 838 310 838 315 838 505 839 504 839 310 839 506 840 315 840 234 840 506 841 234 841 232 841 506 842 505 842 315 842 19 843 18 843 270 843 309 844 19 844 270 844 507 845 309 845 301 845 507 846 19 846 309 846 508 847 507 847 301 847 193 848 508 848 301 848 188 849 508 849 193 849 22 850 506 850 509 850 505 851 506 851 22 851 504 852 508 852 503 852 510 853 505 853 22 853 19 854 22 854 20 854 507 855 505 855 510 855 507 856 508 856 504 856 507 857 504 857 505 857 510 858 19 858 507 858 510 859 22 859 19 859 23 860 22 860 509 860 216 861 23 861 509 861 232 862 509 862 506 862 232 863 216 863 509 863 187 864 508 864 188 864 194 865 503 865 187 865 187 866 503 866 508 866 511 867 189 867 190 867 511 868 190 868 304 868 512 869 304 869 305 869 512 870 511 870 304 870 513 871 512 871 305 871 514 872 305 872 230 872 514 873 230 873 220 873 514 874 513 874 305 874 13 875 12 875 223 875 296 876 13 876 223 876 515 877 296 877 288 877 515 878 13 878 296 878 516 879 515 879 288 879 137 880 516 880 288 880 103 881 516 881 137 881 16 882 514 882 517 882 513 883 514 883 16 883 512 884 516 884 511 884 518 885 513 885 16 885 13 886 16 886 14 886 515 887 513 887 518 887 515 888 516 888 512 888 515 889 512 889 513 889 518 890 13 890 515 890 518 891 16 891 13 891 17 892 16 892 517 892 220 893 517 893 514 893 220 894 17 894 517 894 105 895 516 895 103 895 189 896 511 896 105 896 105 897 511 897 516 897 519 898 106 898 133 898 519 899 133 899 291 899 520 900 519 900 291 900 521 901 291 901 292 901 521 902 520 902 291 902 522 903 292 903 269 903 522 904 269 904 265 904 522 905 521 905 292 905 7 906 6 906 225 906 283 907 7 907 225 907 523 908 283 908 275 908 523 909 7 909 283 909 524 910 523 910 275 910 131 911 524 911 275 911 129 912 524 912 131 912 11 913 522 913 525 913 521 914 522 914 11 914 520 915 524 915 519 915 526 916 521 916 11 916 7 917 11 917 8 917 523 918 521 918 526 918 523 919 524 919 520 919 523 920 520 920 521 920 526 921 7 921 523 921 526 922 11 922 7 922 264 923 10 923 11 923 264 924 11 924 525 924 265 925 525 925 522 925 265 926 264 926 525 926 107 927 524 927 129 927 106 928 519 928 107 928 107 929 519 929 524 929 527 930 123 930 126 930 527 931 126 931 278 931 528 932 527 932 278 932 529 933 278 933 279 933 529 934 528 934 278 934 530 935 279 935 263 935 530 936 263 936 268 936 530 937 529 937 279 937 1 938 0 938 214 938 213 939 1 939 214 939 531 940 213 940 206 940 531 941 1 941 213 941 532 942 531 942 206 942 121 943 532 943 206 943 110 944 532 944 121 944 4 945 530 945 533 945 529 946 530 946 4 946 528 947 532 947 527 947 534 948 529 948 4 948 1 949 4 949 2 949 531 950 529 950 534 950 531 951 532 951 528 951 531 952 528 952 529 952 534 953 1 953 531 953 534 954 4 954 1 954 5 955 4 955 533 955 221 956 5 956 533 956 268 957 533 957 530 957 268 958 221 958 533 958 109 959 532 959 110 959 123 960 527 960 109 960 109 961 527 961 532 961 535 962 536 962 537 962 538 963 539 963 540 963 538 964 541 964 539 964 542 965 541 965 538 965 542 966 543 966 541 966 542 967 544 967 543 967 545 968 546 968 547 968 545 969 548 969 546 969 545 970 540 970 548 970 545 971 538 971 540 971 549 972 547 972 550 972 549 973 542 973 538 973 549 974 538 974 545 974 549 975 545 975 547 975 535 976 549 976 550 976 535 977 542 977 549 977 535 978 550 978 536 978 535 979 537 979 544 979 535 980 544 980 542 980 551 981 552 981 553 981 551 982 554 982 555 982 551 983 555 983 552 983 556 984 557 984 558 984 554 985 559 985 560 985 555 986 561 986 557 986 555 987 557 987 556 987 555 988 560 988 561 988 555 989 556 989 552 989 554 990 560 990 555 990 562 991 563 991 564 991 565 992 563 992 562 992 566 993 567 993 568 993 569 994 567 994 566 994 570 995 569 995 566 995 571 996 570 996 566 996 572 997 571 997 566 997 573 998 574 998 572 998 573 999 575 999 574 999 573 1000 576 1000 575 1000 573 1001 572 1001 566 1001 577 1002 578 1002 579 1002 577 1003 580 1003 578 1003 577 1004 565 1004 580 1004 581 1005 576 1005 573 1005 577 1006 563 1006 565 1006 582 1007 576 1007 581 1007 583 1008 577 1008 579 1008 583 1009 579 1009 584 1009 585 1010 583 1010 584 1010 585 1011 586 1011 587 1011 585 1012 584 1012 586 1012 588 1013 589 1013 590 1013 591 1014 588 1014 590 1014 592 1015 591 1015 590 1015 593 1016 590 1016 594 1016 593 1017 592 1017 590 1017 595 1018 589 1018 588 1018 595 1019 585 1019 587 1019 595 1020 596 1020 589 1020 595 1021 597 1021 596 1021 595 1022 587 1022 597 1022 598 1023 599 1023 600 1023 598 1024 601 1024 599 1024 598 1025 582 1025 601 1025 602 1026 593 1026 594 1026 603 1027 594 1027 604 1027 598 1028 576 1028 582 1028 603 1029 602 1029 594 1029 605 1030 604 1030 606 1030 605 1031 603 1031 604 1031 607 1032 600 1032 608 1032 607 1033 598 1033 600 1033 609 1034 605 1034 606 1034 610 1035 607 1035 608 1035 611 1036 609 1036 606 1036 610 1037 612 1037 613 1037 610 1038 608 1038 612 1038 614 1039 611 1039 606 1039 615 1040 616 1040 617 1040 618 1041 615 1041 617 1041 619 1042 620 1042 621 1042 622 1043 618 1043 617 1043 619 1044 621 1044 614 1044 619 1045 614 1045 606 1045 623 1046 620 1046 619 1046 624 1047 622 1047 617 1047 624 1048 617 1048 625 1048 626 1049 616 1049 615 1049 627 1050 620 1050 623 1050 626 1051 610 1051 613 1051 626 1052 628 1052 616 1052 626 1053 629 1053 628 1053 626 1054 613 1054 629 1054 630 1055 620 1055 627 1055 631 1056 624 1056 625 1056 632 1057 631 1057 625 1057 632 1058 625 1058 633 1058 634 1059 632 1059 633 1059 634 1060 633 1060 635 1060 636 1061 634 1061 635 1061 637 1062 636 1062 635 1062 638 1063 637 1063 635 1063 639 1064 640 1064 641 1064 639 1065 641 1065 638 1065 639 1066 638 1066 635 1066 642 1067 640 1067 639 1067 643 1068 640 1068 642 1068 644 1069 645 1069 646 1069 644 1070 647 1070 645 1070 644 1071 630 1071 647 1071 648 1072 640 1072 643 1072 644 1073 620 1073 630 1073 649 1074 650 1074 651 1074 649 1075 652 1075 650 1075 649 1076 653 1076 652 1076 654 1077 649 1077 651 1077 655 1078 656 1078 644 1078 657 1079 640 1079 648 1079 658 1080 654 1080 651 1080 658 1081 651 1081 659 1081 657 1082 660 1082 661 1082 657 1083 662 1083 660 1083 657 1084 648 1084 662 1084 663 1085 658 1085 659 1085 664 1086 665 1086 666 1086 664 1087 667 1087 665 1087 664 1088 668 1088 667 1088 669 1089 663 1089 659 1089 670 1090 664 1090 666 1090 671 1091 672 1091 657 1091 673 1092 666 1092 674 1092 673 1093 670 1093 666 1093 675 1094 653 1094 649 1094 675 1095 676 1095 653 1095 675 1096 677 1096 676 1096 675 1097 646 1097 677 1097 675 1098 678 1098 679 1098 675 1099 679 1099 655 1099 675 1100 644 1100 646 1100 675 1101 655 1101 644 1101 680 1102 673 1102 674 1102 681 1103 669 1103 659 1103 681 1104 659 1104 682 1104 683 1105 681 1105 682 1105 683 1106 682 1106 684 1106 685 1107 683 1107 684 1107 686 1108 684 1108 687 1108 686 1109 685 1109 684 1109 688 1110 680 1110 674 1110 689 1111 686 1111 687 1111 690 1112 689 1112 687 1112 691 1113 690 1113 687 1113 692 1114 657 1114 661 1114 692 1115 671 1115 657 1115 692 1116 693 1116 668 1116 692 1117 694 1117 693 1117 692 1118 661 1118 694 1118 692 1119 668 1119 664 1119 692 1120 695 1120 696 1120 697 1121 691 1121 687 1121 692 1122 696 1122 671 1122 698 1123 674 1123 699 1123 698 1124 688 1124 674 1124 700 1125 699 1125 701 1125 700 1126 698 1126 699 1126 702 1127 700 1127 701 1127 703 1128 702 1128 701 1128 703 1129 701 1129 704 1129 705 1130 703 1130 704 1130 706 1131 705 1131 704 1131 707 1132 706 1132 704 1132 708 1133 707 1133 704 1133 709 1134 710 1134 711 1134 712 1135 710 1135 709 1135 713 1136 714 1136 715 1136 713 1137 716 1137 714 1137 713 1138 697 1138 716 1138 713 1139 691 1139 697 1139 717 1140 718 1140 719 1140 717 1141 715 1141 718 1141 720 1142 721 1142 722 1142 717 1143 713 1143 715 1143 723 1144 724 1144 725 1144 726 1145 721 1145 720 1145 723 1146 727 1146 724 1146 723 1147 728 1147 727 1147 729 1148 725 1148 724 1148 730 1149 719 1149 731 1149 730 1150 717 1150 719 1150 732 1151 729 1151 724 1151 732 1152 724 1152 710 1152 733 1153 707 1153 708 1153 734 1154 732 1154 710 1154 735 1155 728 1155 723 1155 735 1156 730 1156 731 1156 735 1157 736 1157 728 1157 735 1158 737 1158 736 1158 733 1159 738 1159 739 1159 735 1160 731 1160 737 1160 733 1161 740 1161 738 1161 733 1162 708 1162 740 1162 741 1163 734 1163 710 1163 742 1164 741 1164 710 1164 742 1165 710 1165 712 1165 743 1166 721 1166 726 1166 743 1167 726 1167 744 1167 745 1168 733 1168 739 1168 745 1169 746 1169 747 1169 745 1170 739 1170 746 1170 748 1171 749 1171 750 1171 748 1172 751 1172 749 1172 748 1173 750 1173 752 1173 753 1174 752 1174 750 1174 754 1175 745 1175 747 1175 754 1176 747 1176 755 1176 756 1177 750 1177 721 1177 756 1178 753 1178 750 1178 757 1179 756 1179 721 1179 758 1180 759 1180 751 1180 758 1181 760 1181 759 1181 758 1182 755 1182 760 1182 758 1183 751 1183 748 1183 758 1184 754 1184 755 1184 761 1185 757 1185 721 1185 762 1186 721 1186 743 1186 762 1187 761 1187 721 1187 763 1188 762 1188 743 1188 764 1189 763 1189 743 1189 765 1190 764 1190 743 1190 564 1191 765 1191 743 1191 564 1192 766 1192 765 1192 564 1193 767 1193 766 1193 564 1194 563 1194 767 1194 768 1195 769 1195 770 1195 771 1196 770 1196 769 1196 772 1197 773 1197 769 1197 772 1198 769 1198 768 1198 774 1199 769 1199 775 1199 774 1200 771 1200 769 1200 776 1201 774 1201 775 1201 777 1202 776 1202 775 1202 778 1203 779 1203 773 1203 778 1204 773 1204 772 1204 780 1205 781 1205 778 1205 782 1206 780 1206 778 1206 783 1207 784 1207 782 1207 783 1208 778 1208 772 1208 783 1209 782 1209 778 1209 785 1210 784 1210 783 1210 786 1211 787 1211 788 1211 789 1212 787 1212 786 1212 790 1213 791 1213 787 1213 792 1214 790 1214 787 1214 793 1215 787 1215 789 1215 793 1216 792 1216 787 1216 794 1217 795 1217 796 1217 797 1218 798 1218 799 1218 800 1219 801 1219 219 1219 802 1220 803 1220 804 1220 226 1221 805 1221 794 1221 806 1222 807 1222 808 1222 801 1223 809 1223 240 1223 810 1224 809 1224 801 1224 248 1225 811 1225 805 1225 805 1226 811 1226 812 1226 813 1227 218 1227 797 1227 804 1228 218 1228 813 1228 809 1229 814 1229 240 1229 248 1230 815 1230 811 1230 803 1231 222 1231 804 1231 809 1232 816 1232 814 1232 797 1233 231 1233 798 1233 815 1234 817 1234 811 1234 818 1235 819 1235 820 1235 820 1236 819 1236 821 1236 814 1237 822 1237 240 1237 807 1238 823 1238 808 1238 248 1239 824 1239 815 1239 822 1240 825 1240 253 1240 259 1241 826 1241 824 1241 827 1242 241 1242 819 1242 819 1243 241 1243 821 1243 821 1244 241 1244 803 1244 807 1245 246 1245 823 1245 823 1246 246 1246 828 1246 798 1247 246 1247 807 1247 259 1248 829 1248 826 1248 825 1249 830 1249 253 1249 831 1250 832 1250 833 1250 834 1251 835 1251 825 1251 836 1252 837 1252 838 1252 829 1253 839 1253 826 1253 833 1254 251 1254 827 1254 832 1255 251 1255 833 1255 836 1256 255 1256 837 1256 828 1257 255 1257 836 1257 825 1258 835 1258 830 1258 840 1259 841 1259 832 1259 837 1260 842 1260 843 1260 829 1261 844 1261 839 1261 832 1262 841 1262 251 1262 255 1263 842 1263 837 1263 259 1264 845 1264 829 1264 830 1265 846 1265 253 1265 845 1266 540 1266 539 1266 271 1267 540 1267 845 1267 846 1268 847 1268 272 1268 848 1269 847 1269 846 1269 271 1270 548 1270 540 1270 847 1271 849 1271 272 1271 273 1272 546 1272 548 1272 849 1273 546 1273 273 1273 850 1274 215 1274 841 1274 842 1275 217 1275 851 1275 852 1276 853 1276 854 1276 855 1277 856 1277 857 1277 851 1278 853 1278 852 1278 217 1279 853 1279 851 1279 850 1280 856 1280 215 1280 857 1281 856 1281 850 1281 217 1282 858 1282 853 1282 856 1283 859 1283 215 1283 860 1284 224 1284 859 1284 858 1285 233 1285 861 1285 861 1286 862 1286 863 1286 233 1287 862 1287 861 1287 864 1288 865 1288 860 1288 860 1289 865 1289 224 1289 250 1290 866 1290 862 1290 865 1291 867 1291 243 1291 261 1292 868 1292 866 1292 867 1293 869 1293 256 1293 267 1294 870 1294 868 1294 869 1295 871 1295 262 1295 869 1296 872 1296 871 1296 870 1297 873 1297 868 1297 267 1298 874 1298 870 1298 871 1299 875 1299 262 1299 876 1300 219 1300 875 1300 874 1301 226 1301 877 1301 878 1302 879 1302 876 1302 876 1303 800 1303 219 1303 876 1304 879 1304 800 1304 226 1305 794 1305 877 1305 877 1306 794 1306 796 1306 877 1307 880 1307 870 1307 877 1308 870 1308 874 1308 881 1309 880 1309 877 1309 882 1310 883 1310 880 1310 882 1311 881 1311 884 1311 882 1312 880 1312 881 1312 882 1313 885 1313 883 1313 870 1314 880 1314 886 1314 887 1315 883 1315 885 1315 887 1316 880 1316 883 1316 886 1317 880 1317 887 1317 888 1318 885 1318 889 1318 873 1319 870 1319 886 1319 887 1320 885 1320 888 1320 890 1321 891 1321 862 1321 892 1322 893 1322 891 1322 892 1323 891 1323 890 1323 894 1324 895 1324 893 1324 894 1325 893 1325 892 1325 868 1326 896 1326 866 1326 897 1327 873 1327 886 1327 897 1328 868 1328 873 1328 897 1329 890 1329 896 1329 897 1330 896 1330 868 1330 898 1331 886 1331 887 1331 898 1332 892 1332 890 1332 898 1333 897 1333 886 1333 898 1334 890 1334 897 1334 899 1335 900 1335 894 1335 899 1336 894 1336 892 1336 899 1337 898 1337 887 1337 899 1338 892 1338 898 1338 899 1339 887 1339 900 1339 888 1340 900 1340 887 1340 891 1341 901 1341 863 1341 891 1342 863 1342 862 1342 893 1343 902 1343 901 1343 893 1344 901 1344 891 1344 893 1345 903 1345 902 1345 893 1346 895 1346 903 1346 896 1347 862 1347 866 1347 890 1348 862 1348 896 1348 903 1349 904 1349 905 1349 903 1350 906 1350 904 1350 902 1351 903 1351 905 1351 907 1352 901 1352 902 1352 907 1353 902 1353 905 1353 907 1354 863 1354 901 1354 861 1355 863 1355 907 1355 904 1356 908 1356 905 1356 861 1357 853 1357 858 1357 907 1358 909 1358 853 1358 907 1359 853 1359 861 1359 905 1360 910 1360 909 1360 905 1361 909 1361 907 1361 905 1362 908 1362 910 1362 911 1363 909 1363 910 1363 854 1364 909 1364 911 1364 853 1365 909 1365 854 1365 854 1366 912 1366 852 1366 913 1367 854 1367 911 1367 913 1368 912 1368 854 1368 913 1369 914 1369 912 1369 913 1370 911 1370 915 1370 913 1371 916 1371 914 1371 917 1372 916 1372 913 1372 917 1373 913 1373 915 1373 912 1374 851 1374 852 1374 912 1375 918 1375 851 1375 912 1376 914 1376 918 1376 851 1377 919 1377 842 1377 918 1378 919 1378 851 1378 918 1379 920 1379 919 1379 921 1380 920 1380 918 1380 921 1381 922 1381 923 1381 921 1382 923 1382 920 1382 919 1383 843 1383 842 1383 924 1384 843 1384 919 1384 920 1385 925 1385 924 1385 919 1386 920 1386 924 1386 923 1387 926 1387 927 1387 923 1388 927 1388 925 1388 923 1389 925 1389 920 1389 928 1390 929 1390 930 1390 928 1391 930 1391 931 1391 928 1392 925 1392 929 1392 930 1393 932 1393 933 1393 927 1394 929 1394 925 1394 934 1395 935 1395 838 1395 934 1396 838 1396 837 1396 931 1397 933 1397 935 1397 931 1398 935 1398 934 1398 936 1399 843 1399 924 1399 936 1400 837 1400 843 1400 936 1401 934 1401 837 1401 930 1402 933 1402 931 1402 936 1403 924 1403 925 1403 928 1404 931 1404 934 1404 928 1405 936 1405 925 1405 928 1406 934 1406 936 1406 933 1407 932 1407 937 1407 938 1408 935 1408 933 1408 938 1409 933 1409 937 1409 938 1410 838 1410 935 1410 838 1411 938 1411 836 1411 932 1412 939 1412 937 1412 932 1413 940 1413 939 1413 941 1414 823 1414 828 1414 939 1415 942 1415 937 1415 941 1416 828 1416 836 1416 938 1417 943 1417 941 1417 938 1418 941 1418 836 1418 937 1419 944 1419 943 1419 937 1420 943 1420 938 1420 942 1421 944 1421 937 1421 945 1422 944 1422 946 1422 945 1423 943 1423 944 1423 947 1424 943 1424 945 1424 947 1425 941 1425 943 1425 947 1426 808 1426 823 1426 947 1427 823 1427 941 1427 947 1428 806 1428 808 1428 947 1429 948 1429 806 1429 945 1430 949 1430 948 1430 945 1431 948 1431 947 1431 950 1432 951 1432 949 1432 950 1433 949 1433 945 1433 946 1434 950 1434 945 1434 806 1435 952 1435 807 1435 948 1436 952 1436 806 1436 948 1437 953 1437 952 1437 949 1438 953 1438 948 1438 807 1439 954 1439 798 1439 952 1440 954 1440 807 1440 953 1441 954 1441 952 1441 955 1442 956 1442 954 1442 955 1443 953 1443 957 1443 955 1444 954 1444 953 1444 958 1445 798 1445 954 1445 959 1446 956 1446 960 1446 961 1447 954 1447 956 1447 958 1448 954 1448 961 1448 958 1449 799 1449 798 1449 961 1450 956 1450 959 1450 962 1451 963 1451 804 1451 964 1452 965 1452 963 1452 964 1453 963 1453 962 1453 966 1454 967 1454 965 1454 966 1455 965 1455 964 1455 968 1456 799 1456 958 1456 968 1457 797 1457 799 1457 968 1458 962 1458 813 1458 968 1459 813 1459 797 1459 969 1460 958 1460 961 1460 969 1461 964 1461 962 1461 969 1462 968 1462 958 1462 969 1463 962 1463 968 1463 970 1464 971 1464 966 1464 970 1465 966 1465 964 1465 970 1466 969 1466 961 1466 970 1467 964 1467 969 1467 970 1468 961 1468 971 1468 967 1469 972 1469 973 1469 959 1470 971 1470 961 1470 963 1471 974 1471 802 1471 963 1472 802 1472 804 1472 965 1473 973 1473 974 1473 965 1474 974 1474 963 1474 965 1475 967 1475 973 1475 962 1476 804 1476 813 1476 972 1477 975 1477 976 1477 973 1478 972 1478 976 1478 977 1479 973 1479 976 1479 978 1480 973 1480 977 1480 978 1481 974 1481 973 1481 974 1482 803 1482 802 1482 974 1483 978 1483 803 1483 978 1484 821 1484 803 1484 978 1485 979 1485 821 1485 977 1486 980 1486 979 1486 977 1487 979 1487 978 1487 981 1488 980 1488 977 1488 981 1489 977 1489 976 1489 982 1490 980 1490 983 1490 979 1491 820 1491 821 1491 982 1492 979 1492 980 1492 982 1493 820 1493 979 1493 982 1494 984 1494 818 1494 982 1495 818 1495 820 1495 985 1496 986 1496 984 1496 983 1497 984 1497 982 1497 983 1498 985 1498 984 1498 987 1499 985 1499 983 1499 984 1500 819 1500 818 1500 984 1501 988 1501 819 1501 984 1502 986 1502 988 1502 989 1503 833 1503 827 1503 819 1504 989 1504 827 1504 988 1505 989 1505 819 1505 988 1506 990 1506 989 1506 991 1507 990 1507 988 1507 991 1508 992 1508 993 1508 991 1509 993 1509 990 1509 989 1510 831 1510 833 1510 994 1511 831 1511 989 1511 990 1512 995 1512 994 1512 989 1513 990 1513 994 1513 993 1514 996 1514 791 1514 993 1515 791 1515 995 1515 993 1516 995 1516 990 1516 997 1517 998 1517 999 1517 1000 1518 999 1518 832 1518 1001 1519 997 1519 999 1519 1002 1520 999 1520 1000 1520 793 1521 999 1521 1002 1521 793 1522 1001 1522 999 1522 994 1523 832 1523 831 1523 994 1524 1000 1524 832 1524 995 1525 1002 1525 1000 1525 995 1526 1000 1526 994 1526 790 1527 995 1527 791 1527 790 1528 793 1528 1002 1528 790 1529 792 1529 793 1529 790 1530 1002 1530 995 1530 999 1531 1003 1531 840 1531 999 1532 840 1532 832 1532 999 1533 998 1533 1003 1533 997 1534 1004 1534 998 1534 998 1535 1004 1535 1005 1535 1005 1536 1003 1536 998 1536 1006 1537 1003 1537 1005 1537 1006 1538 840 1538 1003 1538 840 1539 1006 1539 1007 1539 1007 1540 841 1540 840 1540 1004 1541 1008 1541 1005 1541 1004 1542 1009 1542 1008 1542 1008 1543 1010 1543 1005 1543 1007 1544 850 1544 841 1544 1007 1545 1011 1545 850 1545 1006 1546 1012 1546 1011 1546 1006 1547 1011 1547 1007 1547 1005 1548 1013 1548 1012 1548 1005 1549 1012 1549 1006 1549 1010 1550 1013 1550 1005 1550 1014 1551 1013 1551 598 1551 1014 1552 1012 1552 1013 1552 1015 1553 1012 1553 1014 1553 1015 1554 1011 1554 1012 1554 1015 1555 857 1555 850 1555 1015 1556 850 1556 1011 1556 1015 1557 855 1557 857 1557 1015 1558 1016 1558 855 1558 1014 1559 1016 1559 1015 1559 1014 1560 626 1560 1016 1560 607 1561 1014 1561 598 1561 607 1562 610 1562 626 1562 607 1563 626 1563 1014 1563 855 1564 1017 1564 856 1564 1016 1565 1017 1565 855 1565 1016 1566 1018 1566 1017 1566 1016 1567 626 1567 1018 1567 1019 1568 1020 1568 1021 1568 856 1569 860 1569 859 1569 1017 1570 1021 1570 860 1570 1017 1571 860 1571 856 1571 1018 1572 1021 1572 1017 1572 1022 1573 1021 1573 1018 1573 1022 1574 1019 1574 1021 1574 1023 1575 1021 1575 1020 1575 1024 1576 1020 1576 1025 1576 1023 1577 1020 1577 1024 1577 864 1578 860 1578 1021 1578 1026 1579 1021 1579 1023 1579 1026 1580 864 1580 1021 1580 1027 1581 1028 1581 1029 1581 1027 1582 1030 1582 1028 1582 1031 1583 865 1583 864 1583 1031 1584 867 1584 865 1584 1031 1585 1032 1585 867 1585 1033 1586 864 1586 1026 1586 1033 1587 1031 1587 864 1587 1033 1588 1034 1588 1032 1588 1033 1589 1032 1589 1031 1589 1033 1590 1026 1590 1023 1590 1035 1591 1029 1591 1034 1591 1035 1592 1034 1592 1033 1592 1035 1593 1023 1593 1036 1593 1035 1594 1033 1594 1023 1594 1035 1595 1036 1595 1027 1595 1035 1596 1027 1596 1029 1596 1024 1597 1036 1597 1023 1597 1037 1598 872 1598 869 1598 1038 1599 1039 1599 872 1599 1038 1600 872 1600 1037 1600 1028 1601 1040 1601 1039 1601 1028 1602 1039 1602 1038 1602 1030 1603 1040 1603 1028 1603 1032 1604 869 1604 867 1604 1032 1605 1037 1605 869 1605 1034 1606 1038 1606 1037 1606 1034 1607 1037 1607 1032 1607 1029 1608 1028 1608 1038 1608 1029 1609 1038 1609 1034 1609 1041 1610 1040 1610 1042 1610 1043 1611 1039 1611 1040 1611 1043 1612 1040 1612 1041 1612 1044 1613 1039 1613 1043 1613 871 1614 872 1614 1039 1614 871 1615 1039 1615 1044 1615 871 1616 876 1616 875 1616 1044 1617 1045 1617 876 1617 1044 1618 876 1618 871 1618 1043 1619 1046 1619 1045 1619 1043 1620 1045 1620 1044 1620 1043 1621 1047 1621 1046 1621 1047 1622 1043 1622 1041 1622 878 1623 876 1623 1045 1623 878 1624 1045 1624 1048 1624 1045 1625 1046 1625 733 1625 1048 1626 1045 1626 733 1626 754 1627 758 1627 1049 1627 1050 1628 1049 1628 879 1628 1050 1629 879 1629 878 1629 1050 1630 878 1630 1048 1630 1050 1631 1048 1631 733 1631 745 1632 1049 1632 1050 1632 745 1633 754 1633 1049 1633 745 1634 1050 1634 733 1634 1051 1635 758 1635 1052 1635 1049 1636 1051 1636 800 1636 1049 1637 800 1637 879 1637 1049 1638 758 1638 1051 1638 1053 1639 801 1639 800 1639 1054 1640 1055 1640 1056 1640 1057 1641 800 1641 1051 1641 1057 1642 1053 1642 800 1642 1057 1643 1056 1643 1053 1643 1057 1644 1051 1644 1052 1644 1054 1645 1057 1645 1052 1645 1054 1646 1056 1646 1057 1646 1056 1647 1058 1647 1059 1647 1060 1648 1058 1648 1056 1648 1053 1649 810 1649 801 1649 1053 1650 1056 1650 1059 1650 1053 1651 1059 1651 810 1651 1060 1652 1056 1652 1055 1652 1060 1653 1055 1653 1061 1653 1062 1654 1063 1654 1064 1654 1060 1655 1065 1655 1058 1655 1066 1656 1067 1656 816 1656 1066 1657 816 1657 809 1657 1066 1658 1064 1658 1067 1658 1068 1659 809 1659 810 1659 1062 1660 1064 1660 1066 1660 1069 1661 810 1661 1059 1661 1069 1662 1066 1662 809 1662 1069 1663 809 1663 1068 1663 1069 1664 1068 1664 810 1664 1069 1665 1059 1665 1058 1665 1065 1666 1062 1666 1066 1666 1065 1667 1069 1667 1058 1667 1065 1668 1066 1668 1069 1668 1063 1669 1070 1669 1071 1669 1063 1670 1071 1670 1072 1670 1067 1671 1064 1671 1072 1671 1073 1672 1067 1672 1072 1672 814 1673 816 1673 1067 1673 814 1674 1067 1674 1073 1674 1072 1675 1064 1675 1063 1675 1071 1676 1074 1676 1072 1676 814 1677 825 1677 822 1677 1073 1678 1075 1678 825 1678 1073 1679 825 1679 814 1679 1072 1680 1076 1680 1075 1680 1072 1681 1075 1681 1073 1681 1074 1682 1076 1682 1072 1682 1077 1683 825 1683 1075 1683 834 1684 825 1684 1077 1684 577 1685 1075 1685 1076 1685 1077 1686 1075 1686 577 1686 834 1687 1078 1687 835 1687 1077 1688 1078 1688 834 1688 1077 1689 1079 1689 1078 1689 583 1690 1077 1690 577 1690 583 1691 1079 1691 1077 1691 583 1692 595 1692 1079 1692 583 1693 585 1693 595 1693 1080 1694 595 1694 1081 1694 1078 1695 830 1695 835 1695 1078 1696 1080 1696 830 1696 1079 1697 1080 1697 1078 1697 1079 1698 595 1698 1080 1698 1082 1699 846 1699 830 1699 1080 1700 1082 1700 830 1700 1080 1701 1083 1701 1082 1701 1084 1702 1080 1702 1081 1702 1084 1703 1083 1703 1080 1703 1084 1704 1085 1704 1083 1704 1082 1705 848 1705 846 1705 1086 1706 1082 1706 1083 1706 1087 1707 1085 1707 1088 1707 1087 1708 1083 1708 1085 1708 1089 1709 1082 1709 1086 1709 1086 1710 1083 1710 1087 1710 848 1711 1082 1711 1089 1711 1087 1712 1090 1712 1086 1712 1091 1713 547 1713 546 1713 1091 1714 546 1714 849 1714 1091 1715 550 1715 547 1715 1092 1716 550 1716 1091 1716 1092 1717 536 1717 550 1717 1092 1718 1093 1718 536 1718 1094 1719 847 1719 848 1719 1094 1720 849 1720 847 1720 1094 1721 1091 1721 849 1721 1094 1722 848 1722 1089 1722 1094 1723 1089 1723 1086 1723 1095 1724 1091 1724 1094 1724 1095 1725 1094 1725 1086 1725 1095 1726 1086 1726 1090 1726 1095 1727 1092 1727 1091 1727 1095 1728 1090 1728 1093 1728 1095 1729 1093 1729 1092 1729 541 1730 1096 1730 539 1730 541 1731 1097 1731 1096 1731 541 1732 1098 1732 1097 1732 543 1733 1098 1733 541 1733 543 1734 1099 1734 1098 1734 543 1735 1100 1735 1099 1735 1096 1736 845 1736 539 1736 1096 1737 829 1737 845 1737 1096 1738 1101 1738 829 1738 1097 1739 1102 1739 1101 1739 1097 1740 1101 1740 1096 1740 1098 1741 1103 1741 1102 1741 1098 1742 1102 1742 1097 1742 1098 1743 1104 1743 1103 1743 1104 1744 1098 1744 1099 1744 1105 1745 1101 1745 1102 1745 844 1746 829 1746 1101 1746 844 1747 1101 1747 1105 1747 1102 1748 1103 1748 713 1748 1105 1749 1102 1749 713 1749 730 1750 735 1750 1106 1750 1107 1751 1106 1751 839 1751 1107 1752 844 1752 1105 1752 1107 1753 839 1753 844 1753 1107 1754 1105 1754 713 1754 717 1755 1106 1755 1107 1755 717 1756 730 1756 1106 1756 717 1757 1107 1757 713 1757 1108 1758 735 1758 1109 1758 1106 1759 1108 1759 826 1759 1106 1760 826 1760 839 1760 1106 1761 735 1761 1108 1761 1110 1762 1111 1762 1112 1762 826 1763 815 1763 824 1763 1113 1764 1114 1764 815 1764 1113 1765 826 1765 1108 1765 1113 1766 815 1766 826 1766 1113 1767 1112 1767 1114 1767 1113 1768 1108 1768 1109 1768 1110 1769 1113 1769 1109 1769 1110 1770 1112 1770 1113 1770 1112 1771 1115 1771 1116 1771 1117 1772 1115 1772 1112 1772 1114 1773 1112 1773 1116 1773 1114 1774 1116 1774 817 1774 1114 1775 817 1775 815 1775 1117 1776 1112 1776 1111 1776 1117 1777 1111 1777 1118 1777 1119 1778 1120 1778 1121 1778 1117 1779 1122 1779 1115 1779 1123 1780 1124 1780 812 1780 1123 1781 812 1781 811 1781 1123 1782 1121 1782 1124 1782 1125 1783 811 1783 817 1783 1119 1784 1121 1784 1123 1784 1126 1785 817 1785 1116 1785 1126 1786 1123 1786 811 1786 1126 1787 811 1787 1125 1787 1126 1788 1125 1788 817 1788 1126 1789 1116 1789 1115 1789 1122 1790 1119 1790 1123 1790 1122 1791 1126 1791 1115 1791 1122 1792 1123 1792 1126 1792 1120 1793 1127 1793 1128 1793 1124 1794 1121 1794 1128 1794 1129 1795 1124 1795 1128 1795 1129 1796 805 1796 812 1796 1129 1797 812 1797 1124 1797 1128 1798 1121 1798 1120 1798 1120 1799 1130 1799 1127 1799 1129 1800 794 1800 805 1800 1127 1801 1131 1801 1128 1801 1129 1802 1132 1802 794 1802 1128 1803 1133 1803 1132 1803 1128 1804 1132 1804 1129 1804 1131 1805 1133 1805 1128 1805 1134 1806 794 1806 1132 1806 795 1807 794 1807 1134 1807 1135 1808 1132 1808 1133 1808 1134 1809 1132 1809 1135 1809 795 1810 1136 1810 796 1810 1134 1811 1136 1811 795 1811 1134 1812 1137 1812 1136 1812 1138 1813 1134 1813 1135 1813 1138 1814 1137 1814 1134 1814 1138 1815 1139 1815 1137 1815 1138 1816 1140 1816 1139 1816 881 1817 1139 1817 884 1817 1136 1818 877 1818 796 1818 1136 1819 881 1819 877 1819 1137 1820 881 1820 1136 1820 1137 1821 1139 1821 881 1821 1141 1822 1142 1822 1143 1822 1144 1823 1145 1823 1146 1823 1147 1824 1141 1824 1143 1824 1148 1825 1147 1825 1143 1825 1149 1826 1150 1826 1151 1826 1152 1827 1149 1827 1151 1827 1149 1828 1153 1828 1150 1828 1149 1829 1154 1829 1153 1829 1155 1830 1144 1830 1146 1830 1155 1831 1156 1831 1144 1831 1155 1832 1157 1832 1156 1832 1158 1833 1159 1833 1160 1833 1152 1834 1151 1834 1161 1834 1162 1835 1163 1835 1164 1835 1165 1836 1161 1836 1166 1836 1165 1837 1152 1837 1161 1837 1158 1838 1160 1838 1167 1838 1168 1839 1164 1839 1169 1839 1168 1840 1162 1840 1164 1840 1162 1841 1170 1841 1163 1841 1171 1842 1147 1842 1148 1842 1162 1843 1172 1843 1170 1843 1165 1844 1166 1844 1173 1844 1174 1845 1165 1845 1173 1845 1175 1846 1167 1846 1176 1846 1175 1847 1158 1847 1167 1847 1174 1848 1173 1848 1177 1848 1178 1849 1175 1849 1176 1849 1178 1850 1176 1850 1179 1850 1180 1851 1169 1851 1181 1851 1180 1852 1168 1852 1169 1852 1182 1853 1174 1853 1177 1853 1183 1854 1147 1854 1171 1854 1182 1855 1177 1855 1184 1855 1185 1856 1178 1856 1179 1856 1145 1857 1182 1857 1184 1857 1186 1858 1185 1858 1179 1858 1186 1859 1179 1859 1187 1859 1188 1860 1157 1860 1155 1860 1189 1861 1187 1861 1172 1861 1160 1862 1188 1862 1155 1862 1190 1863 1145 1863 1184 1863 1189 1864 1172 1864 1162 1864 1180 1865 1181 1865 1191 1865 1192 1866 1187 1866 1189 1866 1193 1867 1186 1867 1187 1867 1193 1868 1187 1868 1192 1868 1194 1869 1145 1869 1190 1869 904 1870 1147 1870 1183 1870 882 1871 884 1871 1154 1871 1146 1872 1145 1872 1194 1872 1195 1873 1180 1873 1191 1873 885 1874 1154 1874 1149 1874 885 1875 882 1875 1154 1875 1195 1876 1191 1876 1142 1876 908 1877 904 1877 1183 1877 1159 1878 1188 1878 1160 1878 910 1879 908 1879 1183 1879 1141 1880 1195 1880 1142 1880 1139 1881 1196 1881 1154 1881 884 1882 1139 1882 1154 1882 1197 1883 888 1883 889 1883 1149 1884 889 1884 885 1884 1149 1885 1197 1885 889 1885 1198 1886 1197 1886 1199 1886 1200 1887 1197 1887 1198 1887 894 1888 900 1888 1201 1888 894 1889 1201 1889 1202 1889 894 1890 1202 1890 1203 1890 894 1891 1203 1891 1204 1891 894 1892 1204 1892 1205 1892 894 1893 1205 1893 1206 1893 1207 1894 1208 1894 1209 1894 1210 1895 894 1895 1206 1895 895 1896 1207 1896 1209 1896 895 1897 1210 1897 1211 1897 895 1898 1211 1898 1212 1898 1213 1899 1214 1899 1215 1899 895 1900 1212 1900 1207 1900 1213 1901 1200 1901 1214 1901 895 1902 894 1902 1210 1902 1213 1903 1197 1903 1200 1903 903 1904 895 1904 1209 1904 900 1905 888 1905 1197 1905 1216 1906 1197 1906 1213 1906 1216 1907 900 1907 1197 1907 1217 1908 900 1908 1216 1908 1218 1909 1208 1909 1219 1909 1220 1910 900 1910 1217 1910 1201 1911 900 1911 1220 1911 1209 1912 1221 1912 1222 1912 1209 1913 1208 1913 1218 1913 1209 1914 1218 1914 1221 1914 906 1915 903 1915 1209 1915 906 1916 1209 1916 1147 1916 904 1917 906 1917 1147 1917 910 1918 915 1918 911 1918 1223 1919 915 1919 910 1919 1183 1920 1223 1920 910 1920 379 1921 1224 1921 1225 1921 1225 1922 1224 1922 1226 1922 1227 1923 1228 1923 1229 1923 1230 1924 1231 1924 1232 1924 1224 1925 1233 1925 1226 1925 1229 1926 1234 1926 380 1926 1235 1927 1236 1927 1230 1927 379 1928 1237 1928 1224 1928 1237 1929 327 1929 1238 1929 1239 1930 333 1930 1234 1930 1240 1931 1241 1931 1239 1931 1239 1932 1241 1932 333 1932 1238 1933 1242 1933 1243 1933 327 1934 1242 1934 1238 1934 1244 1935 1245 1935 1246 1935 1247 1936 1248 1936 1249 1936 1241 1937 1250 1937 349 1937 348 1938 1251 1938 1242 1938 1250 1939 1252 1939 363 1939 361 1940 1253 1940 1251 1940 1254 1941 1245 1941 1244 1941 1252 1942 1255 1942 363 1942 1249 1943 1248 1943 1256 1943 361 1944 1257 1944 1253 1944 1252 1945 1258 1945 1255 1945 1255 1946 1259 1946 387 1946 383 1947 1260 1947 1257 1947 1257 1948 1261 1948 1253 1948 1231 1949 342 1949 1254 1949 1230 1950 342 1950 1231 1950 1259 1951 1262 1951 387 1951 1256 1952 343 1952 1236 1952 1236 1953 343 1953 1230 1953 383 1954 1263 1954 1260 1954 1264 1955 1265 1955 1266 1955 1267 1956 1268 1956 1269 1956 1254 1957 351 1957 1245 1957 1245 1958 351 1958 1267 1958 1248 1959 354 1959 1256 1959 388 1960 1270 1960 1263 1960 1266 1961 354 1961 1248 1961 1262 1962 1271 1962 324 1962 1268 1963 370 1963 1272 1963 1267 1964 370 1964 1268 1964 1265 1965 372 1965 1266 1965 1273 1966 372 1966 1265 1966 1273 1967 1274 1967 335 1967 331 1968 1275 1968 1272 1968 1276 1969 1277 1969 1259 1969 1275 1970 1278 1970 1279 1970 1263 1971 1280 1971 1260 1971 1281 1972 1282 1972 1274 1972 1274 1973 1282 1973 345 1973 1259 1974 1277 1974 1262 1974 339 1975 1278 1975 1275 1975 1282 1976 1283 1976 345 1976 339 1977 1284 1977 1278 1977 1263 1978 1285 1978 1280 1978 1271 1979 1286 1979 324 1979 1287 1980 1286 1980 1271 1980 388 1981 1286 1981 1270 1981 1288 1982 1286 1982 1289 1982 1270 1983 1286 1983 1288 1983 1284 1984 353 1984 1290 1984 1291 1985 357 1985 1283 1985 1292 1986 1293 1986 1294 1986 1295 1987 1296 1987 1297 1987 1290 1988 1293 1988 1292 1988 353 1989 1293 1989 1290 1989 1291 1990 1296 1990 357 1990 1297 1991 1296 1991 1291 1991 1296 1992 1298 1992 357 1992 353 1993 1299 1993 1293 1993 1300 1994 1301 1994 1298 1994 557 1995 367 1995 558 1995 1299 1996 367 1996 557 1996 1301 1997 369 1997 1298 1997 367 1998 1302 1998 558 1998 1301 1999 1303 1999 369 1999 1301 2000 1304 2000 1303 2000 1302 2001 379 2001 1225 2001 1305 2002 380 2002 1303 2002 1305 2003 1229 2003 380 2003 1227 2004 1229 2004 1305 2004 1306 2005 1290 2005 1292 2005 1307 2006 1306 2006 1292 2006 1307 2007 1308 2007 1309 2007 1307 2008 1310 2008 1306 2008 1307 2009 1309 2009 1310 2009 1306 2010 1311 2010 1278 2010 1306 2011 1284 2011 1290 2011 1306 2012 1278 2012 1284 2012 1310 2013 1311 2013 1306 2013 1310 2014 1312 2014 1311 2014 1313 2015 1312 2015 1310 2015 1313 2016 1310 2016 1314 2016 1313 2017 1315 2017 1312 2017 1316 2018 1311 2018 1312 2018 1317 2019 1315 2019 1318 2019 1319 2020 1312 2020 1315 2020 1319 2021 1315 2021 1317 2021 1316 2022 1312 2022 1319 2022 1279 2023 1311 2023 1316 2023 1279 2024 1278 2024 1311 2024 1320 2025 1321 2025 1322 2025 1320 2026 1323 2026 1321 2026 1324 2027 1275 2027 1279 2027 1324 2028 1272 2028 1275 2028 1324 2029 1325 2029 1272 2029 1326 2030 1279 2030 1316 2030 1326 2031 1324 2031 1279 2031 1326 2032 1327 2032 1325 2032 1326 2033 1325 2033 1324 2033 1328 2034 1316 2034 1319 2034 1328 2035 1322 2035 1327 2035 1328 2036 1327 2036 1326 2036 1328 2037 1319 2037 1329 2037 1328 2038 1326 2038 1316 2038 1328 2039 1329 2039 1320 2039 1328 2040 1320 2040 1322 2040 1317 2041 1329 2041 1319 2041 1330 2042 1269 2042 1268 2042 1331 2043 1332 2043 1269 2043 1331 2044 1269 2044 1330 2044 1321 2045 1333 2045 1332 2045 1321 2046 1332 2046 1331 2046 1323 2047 1333 2047 1321 2047 1325 2048 1268 2048 1272 2048 1325 2049 1330 2049 1268 2049 1327 2050 1331 2050 1330 2050 1327 2051 1330 2051 1325 2051 1322 2052 1321 2052 1331 2052 1322 2053 1331 2053 1327 2053 1334 2054 1333 2054 1335 2054 1334 2055 1332 2055 1333 2055 1336 2056 1332 2056 1334 2056 1337 2057 1269 2057 1332 2057 1337 2058 1332 2058 1336 2058 1267 2059 1269 2059 1337 2059 1335 2060 1333 2060 1338 2060 1337 2061 1245 2061 1267 2061 1337 2062 1339 2062 1245 2062 1336 2063 1340 2063 1339 2063 1336 2064 1339 2064 1337 2064 1334 2065 1341 2065 1340 2065 1334 2066 1340 2066 1336 2066 1334 2067 1342 2067 1341 2067 1342 2068 1334 2068 1335 2068 1340 2069 1341 2069 1343 2069 1344 2070 1340 2070 1343 2070 1344 2071 1339 2071 1340 2071 1246 2072 1245 2072 1339 2072 1246 2073 1339 2073 1344 2073 1345 2074 1346 2074 1347 2074 1344 2075 1347 2075 1244 2075 1344 2076 1244 2076 1246 2076 1348 2077 1347 2077 1344 2077 1348 2078 1344 2078 1343 2078 1348 2079 1345 2079 1347 2079 1349 2080 1254 2080 1244 2080 1350 2081 1346 2081 1351 2081 1347 2082 1350 2082 1349 2082 1347 2083 1349 2083 1244 2083 1347 2084 1346 2084 1350 2084 1349 2085 1231 2085 1254 2085 1352 2086 1353 2086 1354 2086 1355 2087 1356 2087 1231 2087 1355 2088 1349 2088 1350 2088 1355 2089 1231 2089 1349 2089 1355 2090 1354 2090 1356 2090 1355 2091 1350 2091 1351 2091 1352 2092 1354 2092 1355 2092 1352 2093 1355 2093 1351 2093 1357 2094 1356 2094 1354 2094 1357 2095 1354 2095 1358 2095 1359 2096 1356 2096 1357 2096 1232 2097 1231 2097 1356 2097 1232 2098 1356 2098 1359 2098 1358 2099 1354 2099 1353 2099 1358 2100 1353 2100 1360 2100 1358 2101 1361 2101 1357 2101 1362 2102 1235 2102 1230 2102 1363 2103 1364 2103 1235 2103 1363 2104 1235 2104 1362 2104 1362 2105 1230 2105 1232 2105 1365 2106 1364 2106 1363 2106 1366 2107 1232 2107 1359 2107 1366 2108 1363 2108 1362 2108 1366 2109 1362 2109 1232 2109 1365 2110 1367 2110 1364 2110 1366 2111 1359 2111 1357 2111 1361 2112 1365 2112 1363 2112 1361 2113 1366 2113 1357 2113 1361 2114 1363 2114 1366 2114 1368 2115 1235 2115 1364 2115 1368 2116 1364 2116 1369 2116 1236 2117 1235 2117 1368 2117 1370 2118 1367 2118 1371 2118 1369 2119 1364 2119 1367 2119 1369 2120 1367 2120 1370 2120 1236 2121 1372 2121 1256 2121 1368 2122 1373 2122 1372 2122 1368 2123 1372 2123 1236 2123 1369 2124 1374 2124 1373 2124 1369 2125 1373 2125 1368 2125 1375 2126 1369 2126 1370 2126 1375 2127 1374 2127 1369 2127 1376 2128 1373 2128 1374 2128 1376 2129 1374 2129 1377 2129 1378 2130 1373 2130 1376 2130 1378 2131 1372 2131 1373 2131 1378 2132 1249 2132 1256 2132 1378 2133 1256 2133 1372 2133 1378 2134 1247 2134 1249 2134 1378 2135 1379 2135 1247 2135 1376 2136 1379 2136 1378 2136 1376 2137 1380 2137 1379 2137 1381 2138 1376 2138 1377 2138 1381 2139 1382 2139 1380 2139 1381 2140 1380 2140 1376 2140 1247 2141 1383 2141 1248 2141 1379 2142 1383 2142 1247 2142 1379 2143 1384 2143 1383 2143 1379 2144 1385 2144 1384 2144 1379 2145 1380 2145 1385 2145 1386 2146 1387 2146 1388 2146 1248 2147 1389 2147 1266 2147 1383 2148 1389 2148 1248 2148 1383 2149 1388 2149 1389 2149 1384 2150 1388 2150 1383 2150 1390 2151 1388 2151 1384 2151 1390 2152 1386 2152 1388 2152 1391 2153 1388 2153 1387 2153 1391 2154 1387 2154 1392 2154 1393 2155 1389 2155 1388 2155 1264 2156 1266 2156 1389 2156 1264 2157 1389 2157 1393 2157 1393 2158 1388 2158 1394 2158 1394 2159 1388 2159 1391 2159 1395 2160 1396 2160 1274 2160 1397 2161 1398 2161 1396 2161 1397 2162 1396 2162 1395 2162 1399 2163 1400 2163 1398 2163 1399 2164 1398 2164 1397 2164 1265 2165 1401 2165 1273 2165 1402 2166 1264 2166 1393 2166 1402 2167 1265 2167 1264 2167 1402 2168 1395 2168 1401 2168 1402 2169 1401 2169 1265 2169 1403 2170 1393 2170 1394 2170 1403 2171 1397 2171 1395 2171 1403 2172 1402 2172 1393 2172 1403 2173 1395 2173 1402 2173 1404 2174 1405 2174 1399 2174 1404 2175 1399 2175 1397 2175 1404 2176 1403 2176 1394 2176 1404 2177 1397 2177 1403 2177 1404 2178 1394 2178 1405 2178 1391 2179 1405 2179 1394 2179 1396 2180 1406 2180 1281 2180 1396 2181 1281 2181 1274 2181 1398 2182 1407 2182 1406 2182 1398 2183 1406 2183 1396 2183 1398 2184 1408 2184 1407 2184 1398 2185 1400 2185 1408 2185 1401 2186 1274 2186 1273 2186 1395 2187 1274 2187 1401 2187 1408 2188 1409 2188 1410 2188 1407 2189 1408 2189 1411 2189 1412 2190 1281 2190 1406 2190 1412 2191 1406 2191 1407 2191 1412 2192 1407 2192 1411 2192 1282 2193 1281 2193 1412 2193 1408 2194 1410 2194 1411 2194 1410 2195 1413 2195 1411 2195 1282 2196 1291 2196 1283 2196 1412 2197 1414 2197 1291 2197 1412 2198 1291 2198 1282 2198 1411 2199 1414 2199 1412 2199 1411 2200 1415 2200 1414 2200 1411 2201 1413 2201 1415 2201 1297 2202 1291 2202 1414 2202 1297 2203 1414 2203 1416 2203 687 2204 1416 2204 1415 2204 1416 2205 1414 2205 1415 2205 1416 2206 1295 2206 1297 2206 1416 2207 1417 2207 1295 2207 1418 2208 1417 2208 1416 2208 1418 2209 659 2209 1417 2209 1418 2210 1416 2210 687 2210 684 2211 682 2211 659 2211 684 2212 659 2212 1418 2212 684 2213 1418 2213 687 2213 1295 2214 1419 2214 1296 2214 1417 2215 1419 2215 1295 2215 1417 2216 1420 2216 1419 2216 1417 2217 659 2217 1420 2217 1419 2218 1298 2218 1296 2218 1419 2219 1421 2219 1298 2219 1420 2220 1421 2220 1419 2220 1420 2221 1422 2221 1421 2221 1423 2222 1422 2222 1420 2222 1423 2223 1420 2223 1424 2223 1423 2224 1425 2224 1422 2224 1422 2225 1425 2225 1426 2225 1300 2226 1298 2226 1421 2226 1427 2227 1421 2227 1422 2227 1427 2228 1422 2228 1428 2228 1300 2229 1421 2229 1427 2229 1428 2230 1422 2230 1426 2230 1426 2231 1425 2231 1429 2231 1430 2232 1431 2232 1432 2232 1430 2233 1432 2233 1433 2233 1430 2234 1428 2234 1431 2234 1432 2235 1434 2235 1435 2235 1426 2236 1431 2236 1428 2236 1433 2237 1436 2237 1304 2237 1433 2238 1304 2238 1301 2238 1433 2239 1435 2239 1436 2239 1437 2240 1300 2240 1427 2240 1437 2241 1301 2241 1300 2241 1437 2242 1433 2242 1301 2242 1432 2243 1435 2243 1433 2243 1437 2244 1427 2244 1428 2244 1430 2245 1433 2245 1437 2245 1430 2246 1437 2246 1428 2246 1435 2247 1434 2247 1438 2247 1439 2248 1436 2248 1435 2248 1439 2249 1435 2249 1438 2249 1439 2250 1304 2250 1436 2250 1304 2251 1439 2251 1440 2251 1440 2252 1303 2252 1304 2252 1434 2253 1441 2253 1438 2253 1434 2254 1442 2254 1441 2254 1441 2255 1443 2255 1438 2255 1440 2256 1305 2256 1303 2256 1440 2257 1444 2257 1305 2257 1439 2258 1445 2258 1444 2258 1439 2259 1444 2259 1440 2259 1438 2260 1446 2260 1445 2260 1438 2261 1445 2261 1439 2261 1443 2262 1446 2262 1438 2262 1447 2263 1445 2263 1446 2263 1447 2264 1446 2264 606 2264 1448 2265 1445 2265 1447 2265 1448 2266 1444 2266 1445 2266 1448 2267 1227 2267 1305 2267 1448 2268 1305 2268 1444 2268 1448 2269 1228 2269 1227 2269 1448 2270 1449 2270 1228 2270 1447 2271 1449 2271 1448 2271 1447 2272 590 2272 1449 2272 604 2273 1447 2273 606 2273 604 2274 594 2274 590 2274 604 2275 590 2275 1447 2275 1228 2276 1450 2276 1229 2276 1449 2277 1450 2277 1228 2277 1449 2278 1451 2278 1450 2278 1449 2279 1452 2279 1451 2279 1449 2280 590 2280 1452 2280 1453 2281 1454 2281 1455 2281 1229 2282 1239 2282 1234 2282 1450 2283 1239 2283 1229 2283 1450 2284 1455 2284 1239 2284 1451 2285 1455 2285 1450 2285 1456 2286 1455 2286 1451 2286 1456 2287 1453 2287 1455 2287 1457 2288 1455 2288 1454 2288 1457 2289 1454 2289 1458 2289 1459 2290 1239 2290 1455 2290 1240 2291 1239 2291 1459 2291 1459 2292 1455 2292 1460 2292 1460 2293 1455 2293 1457 2293 1461 2294 1462 2294 1252 2294 1463 2295 1464 2295 1462 2295 1463 2296 1462 2296 1461 2296 1465 2297 1466 2297 1464 2297 1465 2298 1464 2298 1463 2298 1241 2299 1467 2299 1250 2299 1468 2300 1240 2300 1459 2300 1468 2301 1241 2301 1240 2301 1468 2302 1461 2302 1467 2302 1468 2303 1467 2303 1241 2303 1469 2304 1459 2304 1460 2304 1469 2305 1463 2305 1461 2305 1469 2306 1468 2306 1459 2306 1469 2307 1461 2307 1468 2307 1470 2308 1471 2308 1465 2308 1470 2309 1465 2309 1463 2309 1470 2310 1469 2310 1460 2310 1470 2311 1463 2311 1469 2311 1470 2312 1460 2312 1471 2312 1457 2313 1471 2313 1460 2313 1462 2314 1472 2314 1258 2314 1462 2315 1258 2315 1252 2315 1464 2316 1473 2316 1472 2316 1464 2317 1472 2317 1462 2317 1464 2318 1474 2318 1473 2318 1464 2319 1466 2319 1474 2319 1467 2320 1252 2320 1250 2320 1461 2321 1252 2321 1467 2321 1474 2322 1475 2322 1476 2322 1473 2323 1474 2323 1477 2323 1478 2324 1258 2324 1472 2324 1478 2325 1472 2325 1473 2325 1478 2326 1473 2326 1477 2326 1255 2327 1258 2327 1478 2327 1474 2328 1476 2328 1477 2328 1476 2329 1479 2329 1477 2329 1255 2330 1480 2330 1259 2330 1478 2331 1480 2331 1255 2331 1478 2332 1481 2332 1480 2332 1477 2333 1481 2333 1478 2333 1477 2334 1482 2334 1481 2334 1477 2335 1479 2335 1482 2335 1276 2336 1259 2336 1480 2336 1276 2337 1480 2337 1483 2337 704 2338 1483 2338 1481 2338 1483 2339 1480 2339 1481 2339 1483 2340 1277 2340 1276 2340 1483 2341 1484 2341 1277 2341 1485 2342 1484 2342 1483 2342 1485 2343 674 2343 1484 2343 1485 2344 1483 2344 704 2344 701 2345 699 2345 674 2345 701 2346 674 2346 1485 2346 701 2347 1485 2347 704 2347 1486 2348 1262 2348 1277 2348 1484 2349 1486 2349 1277 2349 1484 2350 1487 2350 1486 2350 1484 2351 674 2351 1487 2351 1486 2352 1271 2352 1262 2352 1486 2353 1488 2353 1271 2353 1487 2354 1488 2354 1486 2354 1487 2355 1489 2355 1488 2355 1490 2356 1489 2356 1487 2356 1490 2357 1487 2357 1491 2357 1490 2358 1492 2358 1489 2358 1488 2359 1287 2359 1271 2359 1489 2360 1493 2360 1287 2360 1488 2361 1489 2361 1287 2361 1492 2362 1494 2362 1495 2362 1492 2363 1495 2363 1493 2363 1492 2364 1493 2364 1489 2364 1496 2365 1497 2365 1498 2365 1496 2366 1498 2366 1499 2366 1496 2367 1493 2367 1497 2367 1495 2368 1497 2368 1493 2368 1500 2369 1289 2369 1286 2369 1499 2370 1289 2370 1500 2370 1499 2371 1501 2371 1289 2371 1500 2372 1286 2372 1287 2372 1502 2373 1500 2373 1287 2373 1502 2374 1499 2374 1500 2374 1498 2375 1503 2375 1501 2375 1498 2376 1501 2376 1499 2376 1502 2377 1287 2377 1493 2377 1496 2378 1499 2378 1502 2378 1496 2379 1502 2379 1493 2379 1504 2380 1503 2380 1505 2380 1504 2381 1501 2381 1503 2381 1506 2382 1288 2382 1289 2382 1506 2383 1501 2383 1504 2383 1506 2384 1289 2384 1501 2384 1270 2385 1288 2385 1506 2385 1503 2386 1507 2386 1505 2386 1270 2387 1508 2387 1263 2387 1506 2388 1508 2388 1270 2388 1506 2389 1509 2389 1508 2389 1504 2390 1509 2390 1506 2390 1510 2391 1504 2391 1505 2391 1510 2392 1509 2392 1504 2392 1285 2393 1263 2393 1508 2393 1285 2394 1508 2394 1511 2394 1511 2395 1508 2395 1509 2395 1511 2396 1509 2396 635 2396 1511 2397 1512 2397 1280 2397 1511 2398 1280 2398 1285 2398 633 2399 617 2399 1512 2399 633 2400 1511 2400 635 2400 633 2401 1512 2401 1511 2401 633 2402 625 2402 617 2402 1513 2403 1260 2403 1280 2403 1512 2404 1513 2404 1280 2404 1512 2405 617 2405 1514 2405 1512 2406 1515 2406 1513 2406 1512 2407 1514 2407 1515 2407 1516 2408 1257 2408 1260 2408 1513 2409 1516 2409 1260 2409 1515 2410 1516 2410 1513 2410 1515 2411 1517 2411 1516 2411 1518 2412 1517 2412 1515 2412 1518 2413 1515 2413 1519 2413 1518 2414 1520 2414 1517 2414 1516 2415 1261 2415 1257 2415 1521 2416 1516 2416 1517 2416 1522 2417 1520 2417 1523 2417 1522 2418 1517 2418 1520 2418 1521 2419 1517 2419 1522 2419 1261 2420 1516 2420 1521 2420 1524 2421 769 2421 773 2421 1524 2422 773 2422 1525 2422 1524 2423 1525 2423 1526 2423 1527 2424 1526 2424 1528 2424 769 2425 1526 2425 1527 2425 769 2426 1524 2426 1526 2426 1529 2427 1528 2427 1251 2427 1530 2428 1527 2428 1528 2428 1530 2429 1528 2429 1529 2429 775 2430 769 2430 1527 2430 775 2431 1527 2431 1530 2431 1531 2432 1251 2432 1253 2432 1531 2433 1529 2433 1251 2433 1532 2434 1529 2434 1531 2434 1532 2435 1530 2435 1529 2435 1533 2436 775 2436 1530 2436 1533 2437 1530 2437 1532 2437 1534 2438 1531 2438 1253 2438 1534 2439 1532 2439 1531 2439 1535 2440 1253 2440 1261 2440 1536 2441 1537 2441 1533 2441 1536 2442 1533 2442 1532 2442 1536 2443 1532 2443 1534 2443 1538 2444 1261 2444 1521 2444 1538 2445 1534 2445 1253 2445 1538 2446 1535 2446 1261 2446 1539 2447 1243 2447 1242 2447 1538 2448 1253 2448 1535 2448 1525 2449 1540 2449 1243 2449 1525 2450 1243 2450 1539 2450 1537 2451 1521 2451 1522 2451 1537 2452 1536 2452 1534 2452 1537 2453 1538 2453 1521 2453 1537 2454 1534 2454 1538 2454 1528 2455 1539 2455 1242 2455 773 2456 779 2456 1540 2456 773 2457 1540 2457 1525 2457 1526 2458 1525 2458 1539 2458 1526 2459 1539 2459 1528 2459 1528 2460 1242 2460 1251 2460 1541 2461 779 2461 1542 2461 1541 2462 1540 2462 779 2462 1543 2463 1540 2463 1541 2463 1238 2464 1243 2464 1540 2464 1238 2465 1540 2465 1543 2465 1542 2466 779 2466 1544 2466 1238 2467 1224 2467 1237 2467 1238 2468 1545 2468 1224 2468 1543 2469 1546 2469 1545 2469 1543 2470 1545 2470 1238 2470 1541 2471 1547 2471 1546 2471 1541 2472 1546 2472 1543 2472 1541 2473 1548 2473 1547 2473 1548 2474 1541 2474 1542 2474 1546 2475 1547 2475 1549 2475 1550 2476 1546 2476 1549 2476 1550 2477 1545 2477 1546 2477 1233 2478 1224 2478 1545 2478 1233 2479 1545 2479 1550 2479 1550 2480 1226 2480 1233 2480 1550 2481 1551 2481 1226 2481 1552 2482 1551 2482 1550 2482 1552 2483 1553 2483 1551 2483 1552 2484 1550 2484 1549 2484 1552 2485 1554 2485 1553 2485 1226 2486 1555 2486 1225 2486 1551 2487 1556 2487 1555 2487 1551 2488 1555 2488 1226 2488 1551 2489 1553 2489 1556 2489 1555 2490 1302 2490 1225 2490 1557 2491 1558 2491 1559 2491 1555 2492 1560 2492 1302 2492 1556 2493 1559 2493 1560 2493 1556 2494 1560 2494 1555 2494 1557 2495 1559 2495 1556 2495 1559 2496 1561 2496 1562 2496 1563 2497 1561 2497 1559 2497 1560 2498 558 2498 1302 2498 1560 2499 1559 2499 1562 2499 1560 2500 1562 2500 558 2500 1563 2501 1559 2501 1558 2501 1563 2502 1558 2502 1564 2502 1563 2503 1565 2503 1561 2503 1566 2504 558 2504 1562 2504 1566 2505 556 2505 558 2505 1566 2506 552 2506 556 2506 1567 2507 1562 2507 1561 2507 1567 2508 552 2508 1566 2508 1567 2509 1566 2509 1562 2509 1567 2510 553 2510 552 2510 1567 2511 1568 2511 553 2511 1567 2512 1565 2512 1568 2512 1567 2513 1561 2513 1565 2513 559 2514 1569 2514 1570 2514 559 2515 1570 2515 1571 2515 561 2516 560 2516 1571 2516 1572 2517 561 2517 1571 2517 1572 2518 1299 2518 557 2518 1572 2519 557 2519 561 2519 1571 2520 560 2520 559 2520 1572 2521 1293 2521 1299 2521 1570 2522 1573 2522 1571 2522 1572 2523 1574 2523 1293 2523 1571 2524 1574 2524 1572 2524 1571 2525 1575 2525 1574 2525 1573 2526 1575 2526 1571 2526 1294 2527 1574 2527 1576 2527 1294 2528 1293 2528 1574 2528 1577 2529 1574 2529 1575 2529 1576 2530 1574 2530 1577 2530 1576 2531 1307 2531 1292 2531 1576 2532 1292 2532 1294 2532 1578 2533 1308 2533 1307 2533 1578 2534 1576 2534 1577 2534 1578 2535 1307 2535 1576 2535 1578 2536 1579 2536 1308 2536 1309 2537 1314 2537 1310 2537 1308 2538 1580 2538 1309 2538 1309 2539 1581 2539 1314 2539 1580 2540 1581 2540 1309 2540 1582 2541 1583 2541 1584 2541 1585 2542 1586 2542 1587 2542 1582 2543 1588 2543 1583 2543 1589 2544 1590 2544 1591 2544 1592 2545 1582 2545 1584 2545 1581 2546 1315 2546 1313 2546 1581 2547 1584 2547 1315 2547 1581 2548 1313 2548 1314 2548 1590 2549 1587 2549 1593 2549 1594 2550 1592 2550 1584 2550 1590 2551 1585 2551 1587 2551 1594 2552 1584 2552 1581 2552 1595 2553 1596 2553 1597 2553 1595 2554 1598 2554 1596 2554 1599 2555 1342 2555 1335 2555 1599 2556 1341 2556 1342 2556 1600 2557 1589 2557 1591 2557 1600 2558 1601 2558 1602 2558 1600 2559 1602 2559 1589 2559 1603 2560 1600 2560 1604 2560 1603 2561 1601 2561 1600 2561 1605 2562 1599 2562 1335 2562 1605 2563 1606 2563 1599 2563 1607 2564 1590 2564 1593 2564 1608 2565 1609 2565 1610 2565 1608 2566 1610 2566 1611 2566 1612 2567 1603 2567 1604 2567 1613 2568 1597 2568 1614 2568 1609 2569 1615 2569 1616 2569 1609 2570 1616 2570 1617 2570 1609 2571 1617 2571 1610 2571 1613 2572 1595 2572 1597 2572 1608 2573 1611 2573 1618 2573 1619 2574 1590 2574 1607 2574 1620 2575 1614 2575 1621 2575 1620 2576 1613 2576 1614 2576 1622 2577 1620 2577 1621 2577 1623 2578 1606 2578 1605 2578 1624 2579 1608 2579 1618 2579 1624 2580 1618 2580 1625 2580 1591 2581 1590 2581 1619 2581 1626 2582 1621 2582 1627 2582 1626 2583 1622 2583 1621 2583 1628 2584 1627 2584 1615 2584 1628 2585 1615 2585 1609 2585 1629 2586 1626 2586 1627 2586 1630 2587 1629 2587 1627 2587 1630 2588 1627 2588 1628 2588 1631 2589 1604 2589 1632 2589 1585 2590 1625 2590 1586 2590 1585 2591 1624 2591 1625 2591 1631 2592 1612 2592 1604 2592 1633 2593 1632 2593 1634 2593 1598 2594 1605 2594 1596 2594 1633 2595 1631 2595 1632 2595 1598 2596 1623 2596 1605 2596 1588 2597 1634 2597 1583 2597 1588 2598 1633 2598 1634 2598 1635 2599 1318 2599 1584 2599 1317 2600 1318 2600 1635 2600 1318 2601 1315 2601 1584 2601 1636 2602 1637 2602 1638 2602 1639 2603 1323 2603 1640 2603 1641 2604 1640 2604 1323 2604 1642 2605 1323 2605 1639 2605 1320 2606 1641 2606 1323 2606 1643 2607 1641 2607 1320 2607 1644 2608 1643 2608 1320 2608 1645 2609 1644 2609 1320 2609 1635 2610 1646 2610 1329 2610 1635 2611 1647 2611 1636 2611 1648 2612 1645 2612 1320 2612 1635 2613 1329 2613 1317 2613 1635 2614 1638 2614 1646 2614 1635 2615 1636 2615 1638 2615 1649 2616 1648 2616 1320 2616 1650 2617 1333 2617 1323 2617 1650 2618 1323 2618 1642 2618 1635 2619 1651 2619 1647 2619 1652 2620 1649 2620 1320 2620 1653 2621 1654 2621 1650 2621 1655 2622 1653 2622 1650 2622 1656 2623 1657 2623 1655 2623 1656 2624 1650 2624 1642 2624 1656 2625 1655 2625 1650 2625 1658 2626 1657 2626 1656 2626 1329 2627 1659 2627 1652 2627 1329 2628 1660 2628 1659 2628 1329 2629 1646 2629 1660 2629 1329 2630 1652 2630 1320 2630 1333 2631 1650 2631 1338 2631 1338 2632 1605 2632 1335 2632 1650 2633 1605 2633 1338 2633 1661 2634 1343 2634 1599 2634 1343 2635 1341 2635 1599 2635 1662 2636 1663 2636 1664 2636 1665 2637 1663 2637 1662 2637 1666 2638 712 2638 1667 2638 742 2639 712 2639 1666 2639 1668 2640 742 2640 1666 2640 1669 2641 1668 2641 1666 2641 1670 2642 1669 2642 1666 2642 1671 2643 1672 2643 1670 2643 1671 2644 1673 2644 1672 2644 1671 2645 1674 2645 1673 2645 1671 2646 1670 2646 1666 2646 946 2647 1663 2647 1665 2647 1675 2648 1674 2648 1671 2648 946 2649 1676 2649 1677 2649 946 2650 1678 2650 1676 2650 946 2651 1665 2651 1678 2651 1679 2652 1674 2652 1675 2652 950 2653 946 2653 1677 2653 950 2654 1677 2654 1680 2654 951 2655 950 2655 1680 2655 951 2656 1680 2656 1681 2656 1682 2657 1580 2657 1308 2657 1683 2658 1682 2658 1308 2658 1684 2659 1683 2659 1308 2659 1685 2660 1684 2660 1308 2660 1685 2661 1308 2661 1579 2661 949 2662 1580 2662 1682 2662 949 2663 951 2663 1681 2663 949 2664 1686 2664 1580 2664 949 2665 1687 2665 1686 2665 949 2666 1688 2666 1687 2666 949 2667 1681 2667 1688 2667 1135 2668 1689 2668 1690 2668 1135 2669 1691 2669 1689 2669 1135 2670 1679 2670 1691 2670 1692 2671 1685 2671 1579 2671 1135 2672 1674 2672 1679 2672 1693 2673 1692 2673 1579 2673 1693 2674 1579 2674 1578 2674 1694 2675 1693 2675 1578 2675 1138 2676 1690 2676 1695 2676 1694 2677 1578 2677 1577 2677 1138 2678 1135 2678 1690 2678 1696 2679 1694 2679 1577 2679 1140 2680 1138 2680 1695 2680 1697 2681 1696 2681 1577 2681 1140 2682 1698 2682 1699 2682 1140 2683 1695 2683 1698 2683 1700 2684 1697 2684 1577 2684 1196 2685 1701 2685 1380 2685 1702 2686 1196 2686 1380 2686 1703 2687 1702 2687 1380 2687 1704 2688 1705 2688 1706 2688 1704 2689 1706 2689 1700 2689 1704 2690 1700 2690 1577 2690 1707 2691 1705 2691 1704 2691 1708 2692 1703 2692 1380 2692 1708 2693 1380 2693 1382 2693 1709 2694 1705 2694 1707 2694 1139 2695 1710 2695 1701 2695 1139 2696 1140 2696 1699 2696 1139 2697 1711 2697 1710 2697 1139 2698 1699 2698 1711 2698 1139 2699 1701 2699 1196 2699 1712 2700 1705 2700 1709 2700 1713 2701 1708 2701 1382 2701 1714 2702 1713 2702 1382 2702 1714 2703 1382 2703 1381 2703 1715 2704 1381 2704 1377 2704 1715 2705 1714 2705 1381 2705 1716 2706 1715 2706 1377 2706 1717 2707 1716 2707 1377 2707 1718 2708 1717 2708 1377 2708 1719 2709 1720 2709 1721 2709 1719 2710 1721 2710 1718 2710 1719 2711 1718 2711 1377 2711 1722 2712 1720 2712 1719 2712 1723 2713 1705 2713 1712 2713 1724 2714 1720 2714 1722 2714 1723 2715 1725 2715 1726 2715 1723 2716 1727 2716 1725 2716 1723 2717 1712 2717 1727 2717 1728 2718 1720 2718 1724 2718 1729 2719 1730 2719 1731 2719 1729 2720 1732 2720 1730 2720 1729 2721 1733 2721 1732 2721 1734 2722 1729 2722 1731 2722 1735 2723 1736 2723 1723 2723 1737 2724 1738 2724 1739 2724 1740 2725 1734 2725 1731 2725 1737 2726 1741 2726 1738 2726 1740 2727 1731 2727 1553 2727 1737 2728 1728 2728 1741 2728 1737 2729 1720 2729 1728 2729 1742 2730 1740 2730 1553 2730 1743 2731 1735 2731 1723 2731 1744 2732 1745 2732 1746 2732 1744 2733 1747 2733 1745 2733 1744 2734 1748 2734 1747 2734 1749 2735 1742 2735 1553 2735 1750 2736 1744 2736 1746 2736 1751 2737 1752 2737 1737 2737 1753 2738 1746 2738 1346 2738 1753 2739 1750 2739 1746 2739 1754 2740 1743 2740 1723 2740 1754 2741 1755 2741 1743 2741 1754 2742 1723 2742 1726 2742 1754 2743 1756 2743 1733 2743 1754 2744 1757 2744 1756 2744 1754 2745 1733 2745 1729 2745 1754 2746 1726 2746 1757 2746 1758 2747 1753 2747 1346 2747 1759 2748 1749 2748 1553 2748 1759 2749 1553 2749 1554 2749 1760 2750 1759 2750 1554 2750 1760 2751 1554 2751 1552 2751 1761 2752 1760 2752 1552 2752 1762 2753 1552 2753 1549 2753 1762 2754 1761 2754 1552 2754 1763 2755 1758 2755 1346 2755 1764 2756 1762 2756 1549 2756 1765 2757 1764 2757 1549 2757 1766 2758 1765 2758 1549 2758 1767 2759 1768 2759 1769 2759 1767 2760 1769 2760 1751 2760 1767 2761 1770 2761 1748 2761 1767 2762 1771 2762 1770 2762 1767 2763 1739 2763 1771 2763 1772 2764 1766 2764 1549 2764 1767 2765 1737 2765 1739 2765 1767 2766 1748 2766 1744 2766 1767 2767 1751 2767 1737 2767 1773 2768 1346 2768 1345 2768 1773 2769 1763 2769 1346 2769 1774 2770 1345 2770 1348 2770 1774 2771 1773 2771 1345 2771 1775 2772 1774 2772 1348 2772 1776 2773 1348 2773 1343 2773 1776 2774 1775 2774 1348 2774 1777 2775 1776 2775 1343 2775 1778 2776 1777 2776 1343 2776 1223 2777 1778 2777 1343 2777 1661 2778 1223 2778 1343 2778 1779 2779 1780 2779 1781 2779 567 2780 1780 2780 1779 2780 983 2781 1782 2781 1783 2781 983 2782 1784 2782 1782 2782 983 2783 1785 2783 1784 2783 983 2784 1772 2784 1785 2784 983 2785 1766 2785 1772 2785 987 2786 1783 2786 1786 2786 987 2787 983 2787 1783 2787 1787 2788 1788 2788 1789 2788 1790 2789 1791 2789 1792 2789 1790 2790 1793 2790 1791 2790 1790 2791 1792 2791 1794 2791 1795 2792 1788 2792 1787 2792 1796 2793 1794 2793 1792 2793 985 2794 1786 2794 1797 2794 985 2795 987 2795 1786 2795 1798 2796 1796 2796 1792 2796 1798 2797 1792 2797 1780 2797 1799 2798 1798 2798 1780 2798 986 2799 1800 2799 1793 2799 986 2800 1801 2800 1800 2800 986 2801 1797 2801 1801 2801 915 2802 1223 2802 1661 2802 986 2803 1793 2803 1790 2803 986 2804 985 2804 1797 2804 1802 2805 1799 2805 1780 2805 915 2806 1803 2806 1804 2806 915 2807 1805 2807 1803 2807 915 2808 1661 2808 1805 2808 569 2809 1802 2809 1780 2809 569 2810 1780 2810 567 2810 1806 2811 1788 2811 1795 2811 1806 2812 1795 2812 1807 2812 917 2813 915 2813 1804 2813 917 2814 1808 2814 1809 2814 917 2815 1804 2815 1808 2815 1810 2816 1811 2816 1812 2816 1810 2817 1813 2817 1811 2817 1810 2818 1812 2818 1814 2818 1815 2819 1814 2819 1812 2819 916 2820 917 2820 1809 2820 916 2821 1809 2821 1816 2821 1817 2822 1812 2822 1788 2822 1817 2823 1815 2823 1812 2823 1818 2824 1817 2824 1788 2824 914 2825 916 2825 1816 2825 914 2826 1819 2826 1813 2826 914 2827 1820 2827 1819 2827 914 2828 1816 2828 1820 2828 914 2829 1813 2829 1810 2829 1821 2830 1818 2830 1788 2830 1822 2831 1821 2831 1788 2831 1822 2832 1788 2832 1806 2832 1823 2833 1822 2833 1806 2833 1824 2834 1823 2834 1806 2834 1825 2835 1824 2835 1806 2835 1664 2836 1825 2836 1806 2836 1664 2837 1826 2837 1825 2837 1664 2838 1827 2838 1826 2838 1664 2839 1663 2839 1827 2839 1746 2840 1828 2840 1346 2840 1346 2841 1828 2841 1351 2841 1829 2842 1830 2842 1831 2842 1832 2843 1833 2843 1828 2843 1834 2844 1829 2844 1831 2844 1835 2845 1833 2845 1832 2845 1835 2846 1834 2846 1831 2846 1835 2847 1831 2847 1833 2847 1836 2848 1374 2848 1375 2848 1836 2849 1375 2849 1370 2849 1837 2850 1838 2850 1836 2850 1837 2851 1836 2851 1370 2851 1837 2852 1839 2852 1838 2852 1840 2853 1837 2853 1841 2853 1840 2854 1839 2854 1837 2854 1842 2855 1840 2855 1841 2855 1843 2856 1842 2856 1841 2856 1844 2857 1841 2857 1845 2857 1844 2858 1843 2858 1841 2858 1830 2859 1844 2859 1845 2859 1830 2860 1845 2860 1831 2860 1828 2861 1352 2861 1351 2861 1828 2862 1833 2862 1353 2862 1828 2863 1353 2863 1352 2863 1846 2864 1360 2864 1833 2864 1358 2865 1360 2865 1846 2865 1360 2866 1353 2866 1833 2866 1847 2867 1367 2867 1365 2867 1846 2868 1365 2868 1361 2868 1846 2869 1847 2869 1365 2869 1846 2870 1361 2870 1358 2870 1846 2871 1848 2871 1847 2871 1846 2872 1849 2872 1848 2872 1846 2873 1850 2873 1849 2873 1851 2874 1850 2874 1846 2874 1367 2875 1847 2875 1371 2875 1371 2876 1837 2876 1370 2876 1847 2877 1837 2877 1371 2877 1719 2878 1377 2878 1836 2878 1377 2879 1374 2879 1836 2879 1390 2880 1384 2880 1385 2880 1380 2881 1701 2881 1385 2881 1385 2882 1852 2882 1390 2882 1701 2883 1852 2883 1385 2883 1853 2884 1854 2884 1855 2884 1856 2885 1857 2885 1858 2885 1853 2886 1859 2886 1854 2886 1860 2887 1861 2887 1862 2887 1863 2888 1853 2888 1855 2888 1852 2889 1387 2889 1386 2889 1852 2890 1855 2890 1387 2890 1852 2891 1386 2891 1390 2891 1861 2892 1858 2892 1864 2892 1865 2893 1863 2893 1855 2893 1861 2894 1856 2894 1858 2894 1865 2895 1855 2895 1852 2895 1866 2896 1867 2896 1868 2896 1866 2897 1869 2897 1867 2897 1870 2898 1413 2898 1410 2898 1870 2899 1415 2899 1413 2899 1871 2900 1860 2900 1862 2900 1871 2901 1872 2901 1873 2901 1871 2902 1873 2902 1860 2902 1874 2903 1871 2903 1875 2903 1874 2904 1872 2904 1871 2904 1876 2905 1870 2905 1410 2905 1876 2906 1877 2906 1870 2906 1878 2907 1861 2907 1864 2907 1879 2908 1880 2908 1881 2908 1879 2909 1881 2909 1882 2909 1883 2910 1874 2910 1875 2910 1884 2911 1868 2911 1885 2911 1880 2912 1886 2912 1887 2912 1880 2913 1887 2913 1888 2913 1880 2914 1888 2914 1881 2914 1884 2915 1866 2915 1868 2915 1879 2916 1882 2916 1889 2916 1890 2917 1861 2917 1878 2917 1891 2918 1885 2918 1892 2918 1891 2919 1884 2919 1885 2919 1893 2920 1879 2920 1889 2920 1894 2921 1891 2921 1892 2921 1895 2922 1877 2922 1876 2922 1893 2923 1889 2923 1896 2923 1862 2924 1861 2924 1890 2924 1897 2925 1892 2925 1898 2925 1897 2926 1894 2926 1892 2926 1899 2927 1898 2927 1886 2927 1900 2928 1893 2928 1896 2928 1899 2929 1886 2929 1880 2929 1901 2930 1897 2930 1898 2930 1902 2931 1901 2931 1898 2931 1902 2932 1898 2932 1899 2932 1903 2933 1875 2933 1904 2933 1900 2934 1896 2934 1857 2934 1903 2935 1883 2935 1875 2935 1905 2936 1904 2936 1906 2936 1869 2937 1876 2937 1867 2937 1905 2938 1903 2938 1904 2938 1869 2939 1895 2939 1876 2939 1859 2940 1906 2940 1854 2940 1856 2941 1900 2941 1857 2941 1859 2942 1905 2942 1906 2942 1907 2943 1392 2943 1855 2943 1391 2944 1392 2944 1907 2944 1392 2945 1387 2945 1855 2945 1908 2946 1909 2946 1910 2946 1911 2947 1400 2947 1912 2947 1913 2948 1912 2948 1400 2948 1914 2949 1400 2949 1911 2949 1399 2950 1913 2950 1400 2950 1915 2951 1913 2951 1399 2951 1916 2952 1915 2952 1399 2952 1917 2953 1916 2953 1399 2953 1907 2954 1918 2954 1405 2954 1907 2955 1919 2955 1908 2955 1920 2956 1917 2956 1399 2956 1907 2957 1405 2957 1391 2957 1907 2958 1910 2958 1918 2958 1907 2959 1908 2959 1910 2959 1921 2960 1920 2960 1399 2960 1922 2961 1408 2961 1400 2961 1922 2962 1400 2962 1914 2962 1907 2963 1923 2963 1919 2963 1924 2964 1921 2964 1399 2964 1925 2965 1926 2965 1922 2965 1927 2966 1925 2966 1922 2966 1928 2967 1929 2967 1927 2967 1928 2968 1922 2968 1914 2968 1928 2969 1927 2969 1922 2969 1930 2970 1929 2970 1928 2970 1405 2971 1931 2971 1924 2971 1405 2972 1932 2972 1931 2972 1405 2973 1918 2973 1932 2973 1405 2974 1924 2974 1399 2974 1408 2975 1922 2975 1409 2975 1409 2976 1876 2976 1410 2976 1922 2977 1876 2977 1409 2977 697 2978 687 2978 1870 2978 687 2979 1415 2979 1870 2979 659 2980 1424 2980 1420 2980 651 2981 1933 2981 659 2981 659 2982 1933 2982 1424 2982 1933 2983 1425 2983 1423 2983 1934 2984 1935 2984 1936 2984 1937 2985 1938 2985 1933 2985 1939 2986 1934 2986 1936 2986 1940 2987 1938 2987 1937 2987 1940 2988 1939 2988 1936 2988 1940 2989 1936 2989 1938 2989 1941 2990 1446 2990 1443 2990 1941 2991 1443 2991 1441 2991 1942 2992 1943 2992 1941 2992 1942 2993 1941 2993 1441 2993 1942 2994 1944 2994 1943 2994 1945 2995 1942 2995 1946 2995 1945 2996 1944 2996 1942 2996 1947 2997 1945 2997 1946 2997 1948 2998 1947 2998 1946 2998 1949 2999 1946 2999 1950 2999 1949 3000 1948 3000 1946 3000 1935 3001 1950 3001 1936 3001 1935 3002 1949 3002 1950 3002 1933 3003 1938 3003 1425 3003 1933 3004 1423 3004 1424 3004 1951 3005 1429 3005 1938 3005 1426 3006 1429 3006 1951 3006 1429 3007 1425 3007 1938 3007 1952 3008 1434 3008 1432 3008 1951 3009 1432 3009 1431 3009 1951 3010 1952 3010 1432 3010 1951 3011 1431 3011 1426 3011 1951 3012 1953 3012 1952 3012 1951 3013 1954 3013 1953 3013 1951 3014 1955 3014 1954 3014 1956 3015 1955 3015 1951 3015 1434 3016 1952 3016 1442 3016 1442 3017 1942 3017 1441 3017 1952 3018 1942 3018 1442 3018 619 3019 606 3019 1941 3019 606 3020 1446 3020 1941 3020 1456 3021 1451 3021 1452 3021 590 3022 589 3022 1452 3022 1452 3023 1957 3023 1456 3023 589 3024 1957 3024 1452 3024 1958 3025 1959 3025 1960 3025 1961 3026 1962 3026 1963 3026 1958 3027 1964 3027 1959 3027 1965 3028 1966 3028 1967 3028 1968 3029 1958 3029 1960 3029 1957 3030 1454 3030 1453 3030 1957 3031 1960 3031 1454 3031 1957 3032 1453 3032 1456 3032 1966 3033 1963 3033 1969 3033 1970 3034 1968 3034 1960 3034 1966 3035 1961 3035 1963 3035 1970 3036 1960 3036 1957 3036 1971 3037 1972 3037 1973 3037 1971 3038 1974 3038 1972 3038 1975 3039 1479 3039 1476 3039 1975 3040 1482 3040 1479 3040 1976 3041 1965 3041 1967 3041 1976 3042 1977 3042 1978 3042 1976 3043 1978 3043 1965 3043 1979 3044 1976 3044 1980 3044 1979 3045 1977 3045 1976 3045 1981 3046 1975 3046 1476 3046 1981 3047 1982 3047 1975 3047 1983 3048 1966 3048 1969 3048 1984 3049 1985 3049 1986 3049 1984 3050 1986 3050 1987 3050 1988 3051 1979 3051 1980 3051 1989 3052 1973 3052 1990 3052 1985 3053 1991 3053 1992 3053 1985 3054 1992 3054 1993 3054 1985 3055 1993 3055 1986 3055 1989 3056 1971 3056 1973 3056 1984 3057 1987 3057 1994 3057 1995 3058 1966 3058 1983 3058 1996 3059 1990 3059 1997 3059 1996 3060 1989 3060 1990 3060 1998 3061 1996 3061 1997 3061 1999 3062 1982 3062 1981 3062 2000 3063 1984 3063 1994 3063 2000 3064 1994 3064 2001 3064 1967 3065 1966 3065 1995 3065 2002 3066 1997 3066 2003 3066 2002 3067 1998 3067 1997 3067 2004 3068 2003 3068 1991 3068 2004 3069 1991 3069 1985 3069 2005 3070 2002 3070 2003 3070 2006 3071 2005 3071 2003 3071 2006 3072 2003 3072 2004 3072 2007 3073 1980 3073 2008 3073 1961 3074 2001 3074 1962 3074 1961 3075 2000 3075 2001 3075 2007 3076 1988 3076 1980 3076 2009 3077 2008 3077 2010 3077 1974 3078 1981 3078 1972 3078 2009 3079 2007 3079 2008 3079 1974 3080 1999 3080 1981 3080 1964 3081 2010 3081 1959 3081 1964 3082 2009 3082 2010 3082 2011 3083 1458 3083 1960 3083 1457 3084 1458 3084 2011 3084 1458 3085 1454 3085 1960 3085 2012 3086 2013 3086 2014 3086 2015 3087 1466 3087 2016 3087 2017 3088 2016 3088 1466 3088 2018 3089 1466 3089 2015 3089 1465 3090 2017 3090 1466 3090 2019 3091 2017 3091 1465 3091 2020 3092 2019 3092 1465 3092 2021 3093 2020 3093 1465 3093 2011 3094 2022 3094 1471 3094 2011 3095 2023 3095 2012 3095 2024 3096 2021 3096 1465 3096 2011 3097 1471 3097 1457 3097 2011 3098 2014 3098 2022 3098 2011 3099 2012 3099 2014 3099 2025 3100 2024 3100 1465 3100 2026 3101 1474 3101 1466 3101 2026 3102 1466 3102 2018 3102 2011 3103 2027 3103 2023 3103 2028 3104 2025 3104 1465 3104 2029 3105 2030 3105 2026 3105 2031 3106 2029 3106 2026 3106 2032 3107 2033 3107 2031 3107 2032 3108 2026 3108 2018 3108 2032 3109 2031 3109 2026 3109 2034 3110 2033 3110 2032 3110 1471 3111 2035 3111 2028 3111 1471 3112 2036 3112 2035 3112 1471 3113 2022 3113 2036 3113 1471 3114 2028 3114 1465 3114 1474 3115 2026 3115 1475 3115 1475 3116 1981 3116 1476 3116 2026 3117 1981 3117 1475 3117 708 3118 704 3118 1975 3118 704 3119 1482 3119 1975 3119 1481 3120 1482 3120 704 3120 674 3121 1491 3121 1487 3121 666 3122 2037 3122 674 3122 674 3123 2037 3123 1491 3123 2038 3124 2039 3124 2040 3124 2041 3125 2042 3125 2037 3125 2043 3126 2038 3126 2040 3126 2044 3127 2042 3127 2041 3127 2044 3128 2043 3128 2040 3128 2044 3129 2040 3129 2042 3129 2045 3130 1509 3130 1510 3130 2045 3131 1510 3131 1505 3131 2046 3132 2047 3132 2045 3132 2046 3133 2045 3133 1505 3133 2046 3134 2048 3134 2047 3134 2049 3135 2046 3135 2050 3135 2049 3136 2048 3136 2046 3136 2051 3137 2049 3137 2050 3137 2052 3138 2051 3138 2050 3138 2053 3139 2050 3139 2054 3139 2053 3140 2052 3140 2050 3140 2039 3141 2054 3141 2040 3141 2039 3142 2053 3142 2054 3142 2037 3143 2042 3143 1492 3143 2037 3144 1490 3144 1491 3144 2037 3145 1492 3145 1490 3145 1495 3146 1494 3146 2055 3146 2055 3147 1494 3147 2042 3147 1494 3148 1492 3148 2042 3148 2056 3149 1503 3149 1498 3149 2055 3150 1498 3150 1497 3150 2055 3151 2056 3151 1498 3151 2055 3152 1497 3152 1495 3152 2055 3153 2057 3153 2056 3153 2055 3154 2058 3154 2057 3154 2055 3155 2059 3155 2058 3155 2060 3156 2059 3156 2055 3156 1503 3157 2056 3157 1507 3157 1507 3158 2046 3158 1505 3158 2056 3159 2046 3159 1507 3159 639 3160 635 3160 2045 3160 635 3161 1509 3161 2045 3161 1514 3162 1519 3162 1515 3162 617 3163 616 3163 1514 3163 1514 3164 2061 3164 1519 3164 616 3165 2061 3165 1514 3165 2062 3166 2063 3166 2064 3166 2065 3167 2066 3167 2067 3167 2062 3168 2068 3168 2063 3168 2069 3169 2070 3169 2071 3169 2072 3170 2062 3170 2064 3170 2061 3171 1520 3171 1518 3171 2061 3172 2064 3172 1520 3172 2061 3173 1518 3173 1519 3173 2070 3174 2067 3174 2073 3174 2074 3175 2072 3175 2064 3175 2070 3176 2065 3176 2067 3176 2074 3177 2064 3177 2061 3177 2075 3178 2076 3178 2077 3178 2075 3179 2078 3179 2076 3179 2079 3180 1548 3180 1542 3180 2079 3181 1547 3181 1548 3181 2080 3182 2069 3182 2071 3182 2080 3183 2081 3183 2082 3183 2080 3184 2082 3184 2069 3184 2083 3185 2080 3185 2084 3185 2083 3186 2081 3186 2080 3186 2085 3187 2079 3187 1542 3187 2085 3188 2086 3188 2079 3188 2087 3189 2070 3189 2073 3189 2088 3190 2089 3190 2090 3190 2088 3191 2090 3191 2091 3191 2092 3192 2083 3192 2084 3192 2093 3193 2077 3193 2094 3193 2089 3194 2095 3194 2096 3194 2089 3195 2096 3195 2097 3195 2089 3196 2097 3196 2090 3196 2093 3197 2075 3197 2077 3197 2088 3198 2091 3198 2098 3198 2099 3199 2070 3199 2087 3199 2100 3200 2094 3200 2101 3200 2100 3201 2093 3201 2094 3201 2102 3202 2088 3202 2098 3202 2103 3203 2100 3203 2101 3203 2104 3204 2086 3204 2085 3204 2102 3205 2098 3205 2105 3205 2071 3206 2070 3206 2099 3206 2106 3207 2101 3207 2107 3207 2106 3208 2103 3208 2101 3208 2108 3209 2107 3209 2095 3209 2109 3210 2102 3210 2105 3210 2108 3211 2095 3211 2089 3211 2110 3212 2106 3212 2107 3212 2111 3213 2110 3213 2107 3213 2111 3214 2107 3214 2108 3214 2112 3215 2084 3215 2113 3215 2109 3216 2105 3216 2066 3216 2112 3217 2092 3217 2084 3217 2114 3218 2113 3218 2115 3218 2078 3219 2085 3219 2076 3219 2114 3220 2112 3220 2113 3220 2078 3221 2104 3221 2085 3221 2068 3222 2115 3222 2063 3222 2065 3223 2109 3223 2066 3223 2068 3224 2114 3224 2115 3224 2116 3225 1523 3225 2064 3225 1522 3226 1523 3226 2116 3226 1523 3227 1520 3227 2064 3227 2117 3228 777 3228 775 3228 2118 3229 2117 3229 775 3229 1533 3230 2119 3230 2118 3230 1533 3231 2118 3231 775 3231 2120 3232 2119 3232 1533 3232 2121 3233 2120 3233 1533 3233 2122 3234 2121 3234 1533 3234 1537 3235 2122 3235 1533 3235 2123 3236 2124 3236 2125 3236 2116 3237 2126 3237 2123 3237 2116 3238 2125 3238 2122 3238 2116 3239 2122 3239 1537 3239 2116 3240 1537 3240 1522 3240 2116 3241 2123 3241 2125 3241 2116 3242 2127 3242 2126 3242 779 3243 778 3243 1544 3243 1544 3244 2085 3244 1542 3244 778 3245 2085 3245 1544 3245 1772 3246 1549 3246 2079 3246 1549 3247 1547 3247 2079 3247 1553 3248 1731 3248 1556 3248 1731 3249 2128 3249 1556 3249 2129 3250 2130 3250 2131 3250 2132 3251 2133 3251 2128 3251 2134 3252 2129 3252 2131 3252 2135 3253 2133 3253 2132 3253 2135 3254 2134 3254 2131 3254 2135 3255 2131 3255 2133 3255 2136 3256 1575 3256 1573 3256 2136 3257 1573 3257 1570 3257 2137 3258 2138 3258 2136 3258 2137 3259 2136 3259 1570 3259 2137 3260 2139 3260 2138 3260 2140 3261 2137 3261 2141 3261 2140 3262 2139 3262 2137 3262 2142 3263 2140 3263 2141 3263 2143 3264 2142 3264 2141 3264 2144 3265 2141 3265 2145 3265 2144 3266 2143 3266 2141 3266 2130 3267 2145 3267 2131 3267 2130 3268 2144 3268 2145 3268 2128 3269 2133 3269 1558 3269 2128 3270 1557 3270 1556 3270 2128 3271 1558 3271 1557 3271 1563 3272 1564 3272 2146 3272 2146 3273 1564 3273 2133 3273 1564 3274 1558 3274 2133 3274 2147 3275 554 3275 551 3275 2147 3276 551 3276 553 3276 2147 3277 559 3277 554 3277 2146 3278 553 3278 1568 3278 2146 3279 1568 3279 1565 3279 2146 3280 2147 3280 553 3280 2146 3281 1565 3281 1563 3281 2146 3282 2148 3282 2147 3282 2146 3283 2149 3283 2148 3283 2146 3284 2150 3284 2149 3284 2151 3285 2150 3285 2146 3285 559 3286 2147 3286 1569 3286 1569 3287 2137 3287 1570 3287 2147 3288 2137 3288 1569 3288 1704 3289 1575 3289 2136 3289 1577 3290 1575 3290 1704 3290 914 3291 921 3291 918 3291 914 3292 1810 3292 921 3292 1810 3293 2152 3293 921 3293 942 3294 939 3294 2153 3294 944 3295 942 3295 2153 3295 2154 3296 2155 3296 2156 3296 2154 3297 2156 3297 2157 3297 2158 3298 2159 3298 2155 3298 2158 3299 2155 3299 2154 3299 2154 3300 2157 3300 2160 3300 2158 3301 2152 3301 2159 3301 2161 3302 2160 3302 2162 3302 2161 3303 2154 3303 2160 3303 2163 3304 2162 3304 2164 3304 2163 3305 2161 3305 2162 3305 2163 3306 2164 3306 2165 3306 2163 3307 2165 3307 2166 3307 2167 3308 2163 3308 2166 3308 2168 3309 2167 3309 2166 3309 2169 3310 2167 3310 2168 3310 2153 3311 2167 3311 2169 3311 922 3312 921 3312 2152 3312 923 3313 2152 3313 2158 3313 923 3314 922 3314 2152 3314 939 3315 2167 3315 2153 3315 927 3316 926 3316 2170 3316 2170 3317 926 3317 2158 3317 926 3318 923 3318 2158 3318 2171 3319 2170 3319 2172 3319 2173 3320 2170 3320 2171 3320 2174 3321 2170 3321 2173 3321 2175 3322 2170 3322 2174 3322 929 3323 927 3323 2170 3323 930 3324 2170 3324 2175 3324 930 3325 929 3325 2170 3325 932 3326 930 3326 2175 3326 932 3327 2175 3327 940 3327 940 3328 2167 3328 939 3328 2175 3329 2167 3329 940 3329 1663 3330 944 3330 2153 3330 946 3331 944 3331 1663 3331 949 3332 1682 3332 2176 3332 957 3333 949 3333 2176 3333 953 3334 949 3334 957 3334 980 3335 981 3335 2177 3335 2178 3336 2179 3336 2180 3336 2178 3337 2180 3337 2181 3337 2182 3338 2183 3338 2184 3338 2185 3339 2178 3339 2181 3339 2186 3340 2187 3340 2188 3340 2189 3341 2185 3341 2181 3341 2190 3342 2188 3342 2191 3342 2190 3343 2186 3343 2188 3343 2186 3344 2192 3344 2187 3344 2186 3345 2176 3345 2192 3345 2193 3346 2194 3346 2182 3346 2193 3347 2195 3347 2194 3347 2193 3348 2182 3348 2184 3348 2196 3349 2190 3349 2191 3349 2196 3350 2191 3350 2197 3350 2198 3351 2199 3351 2200 3351 2201 3352 2202 3352 2203 3352 2204 3353 2198 3353 2200 3353 2196 3354 2197 3354 2205 3354 2204 3355 2200 3355 2206 3355 2201 3356 2203 3356 2207 3356 2208 3357 2196 3357 2205 3357 2208 3358 2205 3358 2209 3358 2210 3359 2185 3359 2189 3359 2198 3360 2211 3360 2199 3360 2198 3361 2212 3361 2211 3361 2213 3362 2201 3362 2207 3362 2213 3363 2207 3363 2214 3363 2215 3364 2208 3364 2209 3364 2215 3365 2209 3365 2216 3365 2217 3366 2213 3366 2214 3366 2218 3367 2206 3367 2219 3367 2218 3368 2204 3368 2206 3368 2217 3369 2214 3369 2220 3369 2177 3370 2185 3370 2210 3370 2183 3371 2215 3371 2216 3371 2221 3372 2217 3372 2220 3372 2222 3373 2183 3373 2216 3373 2223 3374 2221 3374 2220 3374 2224 3375 2195 3375 2193 3375 2223 3376 2220 3376 2225 3376 2203 3377 2224 3377 2193 3377 2226 3378 2225 3378 2212 3378 2227 3379 2183 3379 2222 3379 2226 3380 2212 3380 2198 3380 2228 3381 2225 3381 2226 3381 2218 3382 2219 3382 2229 3382 2230 3383 2223 3383 2225 3383 2230 3384 2225 3384 2228 3384 955 3385 957 3385 2176 3385 2184 3386 2183 3386 2227 3386 976 3387 2185 3387 2177 3387 2179 3388 2218 3388 2229 3388 956 3389 2176 3389 2186 3389 956 3390 955 3390 2176 3390 2179 3391 2229 3391 2180 3391 2202 3392 2224 3392 2203 3392 981 3393 976 3393 2177 3393 2231 3394 959 3394 960 3394 2186 3395 960 3395 956 3395 2186 3396 2231 3396 960 3396 2232 3397 2233 3397 2234 3397 2235 3398 2231 3398 2236 3398 2237 3399 2231 3399 2235 3399 966 3400 2238 3400 2239 3400 966 3401 2239 3401 2240 3401 966 3402 2240 3402 2241 3402 966 3403 2241 3403 2242 3403 966 3404 2242 3404 2243 3404 966 3405 971 3405 2238 3405 2244 3406 2245 3406 2232 3406 2246 3407 966 3407 2243 3407 967 3408 966 3408 2246 3408 2247 3409 2248 3409 2249 3409 967 3410 2244 3410 2232 3410 2247 3411 2237 3411 2248 3411 967 3412 2246 3412 2250 3412 967 3413 2250 3413 2251 3413 2247 3414 2231 3414 2237 3414 967 3415 2251 3415 2244 3415 972 3416 967 3416 2232 3416 971 3417 959 3417 2231 3417 2252 3418 2231 3418 2247 3418 2252 3419 971 3419 2231 3419 2253 3420 971 3420 2252 3420 2233 3421 2245 3421 2254 3421 2255 3422 971 3422 2253 3422 2238 3423 971 3423 2255 3423 2232 3424 2234 3424 2256 3424 2232 3425 2245 3425 2233 3425 975 3426 972 3426 2232 3426 975 3427 2232 3427 2185 3427 976 3428 975 3428 2185 3428 2177 3429 1766 3429 983 3429 2177 3430 983 3430 980 3430 986 3431 991 3431 988 3431 986 3432 1790 3432 991 3432 1790 3433 2257 3433 991 3433 1010 3434 1008 3434 2258 3434 1013 3435 1010 3435 2258 3435 2259 3436 2260 3436 2261 3436 2259 3437 2261 3437 2262 3437 2263 3438 2264 3438 2260 3438 2263 3439 2260 3439 2259 3439 2259 3440 2262 3440 2265 3440 2263 3441 2257 3441 2264 3441 2266 3442 2265 3442 2267 3442 2266 3443 2259 3443 2265 3443 2268 3444 2267 3444 2269 3444 2268 3445 2266 3445 2267 3445 2268 3446 2269 3446 2270 3446 2271 3447 2270 3447 2272 3447 2271 3448 2268 3448 2270 3448 2273 3449 2274 3449 2271 3449 2273 3450 2271 3450 2272 3450 2275 3451 2274 3451 2273 3451 2258 3452 2274 3452 2275 3452 992 3453 991 3453 2257 3453 993 3454 2257 3454 2263 3454 993 3455 992 3455 2257 3455 1008 3456 2274 3456 2258 3456 791 3457 996 3457 787 3457 787 3458 996 3458 2263 3458 996 3459 993 3459 2263 3459 2276 3460 789 3460 2277 3460 793 3461 789 3461 2276 3461 1001 3462 793 3462 2276 3462 997 3463 1001 3463 2276 3463 1004 3464 997 3464 2276 3464 1004 3465 2276 3465 1009 3465 1009 3466 2274 3466 1008 3466 2276 3467 2274 3467 1009 3467 576 3468 1013 3468 2258 3468 598 3469 1013 3469 576 3469 1022 3470 626 3470 615 3470 1022 3471 615 3471 2278 3471 1018 3472 626 3472 1022 3472 2279 3473 2280 3473 2281 3473 2282 3474 2283 3474 2284 3474 2285 3475 2279 3475 2281 3475 2286 3476 2285 3476 2281 3476 2287 3477 2288 3477 2289 3477 2290 3478 2287 3478 2289 3478 2291 3479 2292 3479 2282 3479 2287 3480 2293 3480 2288 3480 2291 3481 2294 3481 2292 3481 2287 3482 2278 3482 2293 3482 2291 3483 2282 3483 2284 3483 2295 3484 2296 3484 2297 3484 2290 3485 2289 3485 2298 3485 2299 3486 2290 3486 2298 3486 2300 3487 2301 3487 2302 3487 2299 3488 2298 3488 2303 3488 2295 3489 2297 3489 2304 3489 2305 3490 2300 3490 2302 3490 2305 3491 2302 3491 2306 3491 2307 3492 2285 3492 2286 3492 2308 3493 2295 3493 2304 3493 2300 3494 2309 3494 2301 3494 2299 3495 2303 3495 2310 3495 2300 3496 2311 3496 2309 3496 2312 3497 2299 3497 2310 3497 2308 3498 2304 3498 2313 3498 2312 3499 2310 3499 2314 3499 2315 3500 2308 3500 2313 3500 2316 3501 2312 3501 2314 3501 2315 3502 2313 3502 2317 3502 2318 3503 2306 3503 2319 3503 2318 3504 2305 3504 2306 3504 2320 3505 2285 3505 2307 3505 2321 3506 2315 3506 2317 3506 2316 3507 2314 3507 2322 3507 2283 3508 2316 3508 2322 3508 2323 3509 2294 3509 2291 3509 2324 3510 2321 3510 2317 3510 2324 3511 2317 3511 2325 3511 2297 3512 2323 3512 2291 3512 2326 3513 2311 3513 2300 3513 2327 3514 2283 3514 2322 3514 2326 3515 2325 3515 2311 3515 2318 3516 2319 3516 2328 3516 2329 3517 2325 3517 2326 3517 2330 3518 2324 3518 2325 3518 2330 3519 2325 3519 2329 3519 2331 3520 2283 3520 2327 3520 1041 3521 2285 3521 2320 3521 1019 3522 1022 3522 2278 3522 2284 3523 2283 3523 2331 3523 2332 3524 2318 3524 2328 3524 1020 3525 2278 3525 2287 3525 1020 3526 1019 3526 2278 3526 2332 3527 2328 3527 2280 3527 1047 3528 1041 3528 2320 3528 2296 3529 2323 3529 2297 3529 1046 3530 1047 3530 2320 3530 2279 3531 2332 3531 2280 3531 2333 3532 1024 3532 1025 3532 2287 3533 1025 3533 1020 3533 2287 3534 2333 3534 1025 3534 2334 3535 2333 3535 2335 3535 2336 3536 2333 3536 2334 3536 1027 3537 1036 3537 2337 3537 1027 3538 2337 3538 2338 3538 1027 3539 2338 3539 2339 3539 1027 3540 2339 3540 2340 3540 1027 3541 2340 3541 2341 3541 1027 3542 2341 3542 2342 3542 2343 3543 2344 3543 2345 3543 2346 3544 1027 3544 2342 3544 1030 3545 2343 3545 2345 3545 1030 3546 1027 3546 2346 3546 1030 3547 2346 3547 2347 3547 2348 3548 2349 3548 2350 3548 2348 3549 2336 3549 2349 3549 1030 3550 2347 3550 2351 3550 1030 3551 2351 3551 2343 3551 2348 3552 2333 3552 2336 3552 1040 3553 1030 3553 2345 3553 1036 3554 1024 3554 2333 3554 2352 3555 2333 3555 2348 3555 2352 3556 1036 3556 2333 3556 2353 3557 1036 3557 2352 3557 2354 3558 2344 3558 2355 3558 2356 3559 1036 3559 2353 3559 2337 3560 1036 3560 2356 3560 2345 3561 2357 3561 2358 3561 2345 3562 2344 3562 2354 3562 2345 3563 2354 3563 2357 3563 1042 3564 1040 3564 2345 3564 1042 3565 2345 3565 2285 3565 1041 3566 1042 3566 2285 3566 707 3567 733 3567 1046 3567 2320 3568 707 3568 1046 3568 758 3569 748 3569 1052 3569 748 3570 2359 3570 1052 3570 1074 3571 1071 3571 2360 3571 1076 3572 1074 3572 2360 3572 2361 3573 2362 3573 2363 3573 2361 3574 2363 3574 2364 3574 2365 3575 2366 3575 2362 3575 2365 3576 2362 3576 2361 3576 2361 3577 2364 3577 2367 3577 2365 3578 2359 3578 2366 3578 2368 3579 2367 3579 2369 3579 2368 3580 2361 3580 2367 3580 2370 3581 2369 3581 2371 3581 2370 3582 2368 3582 2369 3582 2370 3583 2371 3583 2372 3583 2370 3584 2372 3584 2373 3584 2374 3585 2370 3585 2373 3585 2375 3586 2374 3586 2373 3586 2376 3587 2374 3587 2375 3587 2360 3588 2374 3588 2376 3588 1054 3589 1052 3589 2359 3589 1055 3590 2359 3590 2365 3590 1055 3591 1054 3591 2359 3591 1071 3592 2374 3592 2360 3592 2377 3593 1061 3593 2365 3593 1060 3594 1061 3594 2377 3594 1061 3595 1055 3595 2365 3595 2378 3596 2377 3596 2379 3596 2380 3597 2377 3597 2378 3597 2381 3598 2377 3598 2380 3598 2382 3599 2377 3599 2381 3599 1065 3600 1060 3600 2377 3600 1062 3601 2377 3601 2382 3601 1062 3602 1065 3602 2377 3602 1063 3603 1062 3603 2382 3603 1063 3604 2382 3604 1070 3604 1070 3605 2374 3605 1071 3605 2382 3606 2374 3606 1070 3606 563 3607 1076 3607 2360 3607 577 3608 1076 3608 563 3608 595 3609 588 3609 2383 3609 1081 3610 595 3610 2383 3610 2384 3611 2385 3611 2386 3611 2387 3612 2388 3612 2389 3612 2390 3613 2384 3613 2386 3613 2391 3614 2390 3614 2386 3614 2392 3615 2393 3615 2394 3615 2395 3616 2392 3616 2394 3616 2396 3617 2397 3617 2387 3617 2392 3618 2398 3618 2393 3618 2396 3619 2399 3619 2397 3619 2392 3620 2383 3620 2398 3620 2396 3621 2387 3621 2389 3621 2400 3622 2401 3622 2402 3622 2395 3623 2394 3623 2403 3623 2404 3624 2395 3624 2403 3624 2405 3625 2406 3625 2407 3625 2404 3626 2403 3626 2408 3626 2400 3627 2402 3627 2409 3627 2410 3628 2405 3628 2407 3628 2410 3629 2407 3629 2411 3629 2412 3630 2390 3630 2391 3630 2413 3631 2400 3631 2409 3631 2405 3632 2414 3632 2406 3632 2404 3633 2408 3633 2415 3633 2405 3634 2416 3634 2414 3634 2417 3635 2404 3635 2415 3635 2413 3636 2409 3636 2418 3636 2417 3637 2415 3637 2419 3637 2420 3638 2413 3638 2418 3638 2421 3639 2417 3639 2419 3639 2420 3640 2418 3640 2422 3640 2423 3641 2411 3641 2424 3641 2423 3642 2410 3642 2411 3642 2425 3643 2390 3643 2412 3643 2426 3644 2420 3644 2422 3644 2421 3645 2419 3645 2427 3645 2388 3646 2421 3646 2427 3646 2428 3647 2399 3647 2396 3647 2429 3648 2426 3648 2422 3648 2429 3649 2422 3649 2430 3649 2402 3650 2428 3650 2396 3650 2431 3651 2416 3651 2405 3651 2432 3652 2388 3652 2427 3652 2431 3653 2430 3653 2416 3653 2423 3654 2424 3654 2433 3654 2434 3655 2430 3655 2431 3655 2435 3656 2429 3656 2430 3656 2435 3657 2430 3657 2434 3657 2436 3658 2388 3658 2432 3658 1099 3659 2390 3659 2425 3659 1084 3660 1081 3660 2383 3660 2389 3661 2388 3661 2436 3661 2437 3662 2423 3662 2433 3662 1085 3663 2383 3663 2392 3663 1085 3664 1084 3664 2383 3664 2437 3665 2433 3665 2385 3665 1104 3666 1099 3666 2425 3666 2401 3667 2428 3667 2402 3667 1103 3668 1104 3668 2425 3668 2384 3669 2437 3669 2385 3669 2438 3670 1087 3670 1088 3670 2392 3671 1088 3671 1085 3671 2392 3672 2438 3672 1088 3672 2439 3673 2440 3673 2441 3673 2442 3674 1093 3674 2443 3674 2444 3675 2438 3675 2445 3675 2446 3676 2438 3676 2444 3676 536 3677 1093 3677 2442 3677 536 3678 2442 3678 2447 3678 536 3679 2447 3679 2448 3679 536 3680 2448 3680 2449 3680 536 3681 2449 3681 2450 3681 2451 3682 2452 3682 2439 3682 2453 3683 2454 3683 2455 3683 537 3684 2450 3684 2456 3684 2453 3685 2446 3685 2454 3685 537 3686 2456 3686 2457 3686 537 3687 2457 3687 2458 3687 2453 3688 2438 3688 2446 3688 537 3689 2458 3689 2451 3689 537 3690 536 3690 2450 3690 544 3691 2451 3691 2439 3691 544 3692 537 3692 2451 3692 543 3693 544 3693 2439 3693 1090 3694 1087 3694 2438 3694 2459 3695 2438 3695 2453 3695 2459 3696 1090 3696 2438 3696 2440 3697 2452 3697 2460 3697 1093 3698 2459 3698 2461 3698 1093 3699 1090 3699 2459 3699 2462 3700 1093 3700 2461 3700 2443 3701 1093 3701 2462 3701 2439 3702 2441 3702 2463 3702 2439 3703 2452 3703 2440 3703 1100 3704 543 3704 2439 3704 1100 3705 2439 3705 2390 3705 1099 3706 1100 3706 2390 3706 691 3707 713 3707 1103 3707 2425 3708 691 3708 1103 3708 735 3709 723 3709 1109 3709 723 3710 2464 3710 1109 3710 1131 3711 1127 3711 2465 3711 1133 3712 1131 3712 2465 3712 2466 3713 2467 3713 2468 3713 2466 3714 2468 3714 2469 3714 2470 3715 2471 3715 2467 3715 2470 3716 2467 3716 2466 3716 2466 3717 2469 3717 2472 3717 2470 3718 2464 3718 2471 3718 2473 3719 2472 3719 2474 3719 2473 3720 2466 3720 2472 3720 2475 3721 2474 3721 2476 3721 2475 3722 2473 3722 2474 3722 2475 3723 2476 3723 2477 3723 2475 3724 2477 3724 2478 3724 2479 3725 2475 3725 2478 3725 2480 3726 2479 3726 2478 3726 2481 3727 2479 3727 2480 3727 2465 3728 2479 3728 2481 3728 1110 3729 1109 3729 2464 3729 1111 3730 2464 3730 2470 3730 1111 3731 1110 3731 2464 3731 1127 3732 2479 3732 2465 3732 2482 3733 1118 3733 2470 3733 1117 3734 1118 3734 2482 3734 1118 3735 1111 3735 2470 3735 2483 3736 2482 3736 2484 3736 2485 3737 2482 3737 2483 3737 2486 3738 2482 3738 2485 3738 2487 3739 2482 3739 2486 3739 1122 3740 1117 3740 2482 3740 1119 3741 2482 3741 2487 3741 1119 3742 1122 3742 2482 3742 1120 3743 1119 3743 2487 3743 1120 3744 2487 3744 1130 3744 1130 3745 2479 3745 1127 3745 2487 3746 2479 3746 1130 3746 1674 3747 1133 3747 2465 3747 1135 3748 1133 3748 1674 3748 1686 3749 1594 3749 1580 3749 1580 3750 1594 3750 1581 3750 1687 3751 1594 3751 1686 3751 1688 3752 1592 3752 1687 3752 1687 3753 1592 3753 1594 3753 1681 3754 1582 3754 1688 3754 1688 3755 1582 3755 1592 3755 1680 3756 1588 3756 1681 3756 1681 3757 1588 3757 1582 3757 1677 3758 1633 3758 1680 3758 1680 3759 1633 3759 1588 3759 1676 3760 1631 3760 1677 3760 1677 3761 1631 3761 1633 3761 1678 3762 1612 3762 1676 3762 1676 3763 1612 3763 1631 3763 1665 3764 1603 3764 1678 3764 1678 3765 1603 3765 1612 3765 1662 3766 1601 3766 1665 3766 1665 3767 1601 3767 1603 3767 1662 3768 1602 3768 1601 3768 1664 3769 1602 3769 1662 3769 1664 3770 1589 3770 1602 3770 1654 3771 1605 3771 1650 3771 1653 3772 1596 3772 1654 3772 1654 3773 1596 3773 1605 3773 1653 3774 1597 3774 1596 3774 1655 3775 1597 3775 1653 3775 1657 3776 1614 3776 1655 3776 1655 3777 1614 3777 1597 3777 1658 3778 1621 3778 1657 3778 1657 3779 1621 3779 1614 3779 1656 3780 1621 3780 1658 3780 1656 3781 1627 3781 1621 3781 1656 3782 1642 3782 1627 3782 1642 3783 1615 3783 1627 3783 1639 3784 1616 3784 1642 3784 1642 3785 1616 3785 1615 3785 1640 3786 1617 3786 1639 3786 1641 3787 1617 3787 1640 3787 1639 3788 1617 3788 1616 3788 1641 3789 1610 3789 1617 3789 1643 3790 1611 3790 1641 3790 1641 3791 1611 3791 1610 3791 1644 3792 1618 3792 1643 3792 1643 3793 1618 3793 1611 3793 1645 3794 1625 3794 1644 3794 1648 3795 1625 3795 1645 3795 1644 3796 1625 3796 1618 3796 1648 3797 1586 3797 1625 3797 1649 3798 1587 3798 1648 3798 1648 3799 1587 3799 1586 3799 1652 3800 1593 3800 1649 3800 1659 3801 1593 3801 1652 3801 1649 3802 1593 3802 1587 3802 1659 3803 1607 3803 1593 3803 1660 3804 1619 3804 1659 3804 1659 3805 1619 3805 1607 3805 1646 3806 1591 3806 1660 3806 1660 3807 1591 3807 1619 3807 1638 3808 1600 3808 1646 3808 1646 3809 1600 3809 1591 3809 1637 3810 1600 3810 1638 3810 1637 3811 1604 3811 1600 3811 1636 3812 1604 3812 1637 3812 1636 3813 1632 3813 1604 3813 1647 3814 1634 3814 1636 3814 1636 3815 1634 3815 1632 3815 1651 3816 1583 3816 1647 3816 1647 3817 1583 3817 1634 3817 1635 3818 1583 3818 1651 3818 1635 3819 1584 3819 1583 3819 1664 3820 1806 3820 1589 3820 1806 3821 1590 3821 1589 3821 1807 3822 1590 3822 1806 3822 1807 3823 1585 3823 1590 3823 1795 3824 1585 3824 1807 3824 1787 3825 1624 3825 1795 3825 1795 3826 1624 3826 1585 3826 1789 3827 1608 3827 1787 3827 1787 3828 1608 3828 1624 3828 1788 3829 1608 3829 1789 3829 1788 3830 1609 3830 1608 3830 1812 3831 1628 3831 1788 3831 1788 3832 1628 3832 1609 3832 1811 3833 1630 3833 1812 3833 1812 3834 1630 3834 1628 3834 1813 3835 1629 3835 1811 3835 1819 3836 1629 3836 1813 3836 1811 3837 1629 3837 1630 3837 1820 3838 1626 3838 1819 3838 1819 3839 1626 3839 1629 3839 1816 3840 1622 3840 1820 3840 1820 3841 1622 3841 1626 3841 1809 3842 1620 3842 1816 3842 1816 3843 1620 3843 1622 3843 1809 3844 1613 3844 1620 3844 1808 3845 1595 3845 1809 3845 1804 3846 1595 3846 1808 3846 1809 3847 1595 3847 1613 3847 1803 3848 1598 3848 1804 3848 1804 3849 1598 3849 1595 3849 1803 3850 1623 3850 1598 3850 1805 3851 1606 3851 1803 3851 1803 3852 1606 3852 1623 3852 1661 3853 1599 3853 1805 3853 1805 3854 1599 3854 1606 3854 1730 3855 2128 3855 1731 3855 1732 3856 2132 3856 1730 3856 1730 3857 2132 3857 2128 3857 1732 3858 2135 3858 2132 3858 1733 3859 2134 3859 1732 3859 1732 3860 2134 3860 2135 3860 1756 3861 2129 3861 1733 3861 1733 3862 2129 3862 2134 3862 1757 3863 2130 3863 1756 3863 1726 3864 2130 3864 1757 3864 1756 3865 2130 3865 2129 3865 1725 3866 2144 3866 1726 3866 1726 3867 2144 3867 2130 3867 1725 3868 2143 3868 2144 3868 1727 3869 2142 3869 1725 3869 1725 3870 2142 3870 2143 3870 1712 3871 2140 3871 1727 3871 1709 3872 2140 3872 1712 3872 1727 3873 2140 3873 2142 3873 1709 3874 2139 3874 2140 3874 1707 3875 2138 3875 1709 3875 1709 3876 2138 3876 2139 3876 1704 3877 2136 3877 1707 3877 1707 3878 2136 3878 2138 3878 1791 3879 2111 3879 1792 3879 1792 3880 2111 3880 2108 3880 1793 3881 2110 3881 1791 3881 1800 3882 2110 3882 1793 3882 1791 3883 2110 3883 2111 3883 1801 3884 2106 3884 1800 3884 1800 3885 2106 3885 2110 3885 1797 3886 2103 3886 1801 3886 1801 3887 2103 3887 2106 3887 1786 3888 2100 3888 1797 3888 1797 3889 2100 3889 2103 3889 1786 3890 2093 3890 2100 3890 1783 3891 2075 3891 1786 3891 1782 3892 2075 3892 1783 3892 1786 3893 2075 3893 2093 3893 1784 3894 2078 3894 1782 3894 1782 3895 2078 3895 2075 3895 1784 3896 2104 3896 2078 3896 1785 3897 2086 3897 1784 3897 1784 3898 2086 3898 2104 3898 1772 3899 2079 3899 1785 3899 1785 3900 2079 3900 2086 3900 1792 3901 2108 3901 1780 3901 1780 3902 2108 3902 2089 3902 568 3903 2070 3903 566 3903 568 3904 2065 3904 2070 3904 567 3905 2065 3905 568 3905 567 3906 2109 3906 2065 3906 1779 3907 2102 3907 567 3907 567 3908 2102 3908 2109 3908 1781 3909 2088 3909 1779 3909 1779 3910 2088 3910 2102 3910 1780 3911 2089 3911 1781 3911 1781 3912 2089 3912 2088 3912 573 3913 566 3913 2069 3913 566 3914 2070 3914 2069 3914 628 3915 2074 3915 616 3915 616 3916 2074 3916 2061 3916 629 3917 2074 3917 628 3917 613 3918 2072 3918 629 3918 629 3919 2072 3919 2074 3919 612 3920 2062 3920 613 3920 613 3921 2062 3921 2072 3921 608 3922 2068 3922 612 3922 612 3923 2068 3923 2062 3923 600 3924 2114 3924 608 3924 608 3925 2114 3925 2068 3925 599 3926 2112 3926 600 3926 600 3927 2112 3927 2114 3927 601 3928 2092 3928 599 3928 599 3929 2092 3929 2112 3929 582 3930 2083 3930 601 3930 601 3931 2083 3931 2092 3931 581 3932 2081 3932 582 3932 582 3933 2081 3933 2083 3933 581 3934 2082 3934 2081 3934 573 3935 2082 3935 581 3935 573 3936 2069 3936 2082 3936 665 3937 2041 3937 666 3937 666 3938 2041 3938 2037 3938 667 3939 2044 3939 665 3939 668 3940 2044 3940 667 3940 665 3941 2044 3941 2041 3941 693 3942 2043 3942 668 3942 668 3943 2043 3943 2044 3943 693 3944 2038 3944 2043 3944 694 3945 2039 3945 693 3945 693 3946 2039 3946 2038 3946 661 3947 2053 3947 694 3947 660 3948 2053 3948 661 3948 694 3949 2053 3949 2039 3949 660 3950 2052 3950 2053 3950 662 3951 2051 3951 660 3951 660 3952 2051 3952 2052 3952 648 3953 2049 3953 662 3953 643 3954 2049 3954 648 3954 662 3955 2049 3955 2051 3955 643 3956 2048 3956 2049 3956 642 3957 2047 3957 643 3957 643 3958 2047 3958 2048 3958 639 3959 2045 3959 642 3959 642 3960 2045 3960 2047 3960 749 3961 2006 3961 750 3961 750 3962 2006 3962 2004 3962 751 3963 2005 3963 749 3963 759 3964 2005 3964 751 3964 749 3965 2005 3965 2006 3965 760 3966 2002 3966 759 3966 759 3967 2002 3967 2005 3967 755 3968 1998 3968 760 3968 760 3969 1998 3969 2002 3969 747 3970 1996 3970 755 3970 755 3971 1996 3971 1998 3971 747 3972 1989 3972 1996 3972 746 3973 1971 3973 747 3973 739 3974 1971 3974 746 3974 747 3975 1971 3975 1989 3975 738 3976 1974 3976 739 3976 739 3977 1974 3977 1971 3977 738 3978 1999 3978 1974 3978 740 3979 1982 3979 738 3979 738 3980 1982 3980 1999 3980 708 3981 1975 3981 740 3981 740 3982 1975 3982 1982 3982 750 3983 2004 3983 721 3983 721 3984 2004 3984 1985 3984 744 3985 1966 3985 743 3985 744 3986 1961 3986 1966 3986 726 3987 1961 3987 744 3987 720 3988 2000 3988 726 3988 726 3989 2000 3989 1961 3989 722 3990 1984 3990 720 3990 720 3991 1984 3991 2000 3991 721 3992 1984 3992 722 3992 721 3993 1985 3993 1984 3993 564 3994 743 3994 1965 3994 743 3995 1966 3995 1965 3995 596 3996 1970 3996 589 3996 589 3997 1970 3997 1957 3997 597 3998 1970 3998 596 3998 587 3999 1968 3999 597 3999 597 4000 1968 4000 1970 4000 586 4001 1958 4001 587 4001 587 4002 1958 4002 1968 4002 584 4003 1964 4003 586 4003 586 4004 1964 4004 1958 4004 579 4005 2009 4005 584 4005 584 4006 2009 4006 1964 4006 578 4007 2007 4007 579 4007 579 4008 2007 4008 2009 4008 580 4009 1988 4009 578 4009 578 4010 1988 4010 2007 4010 565 4011 1979 4011 580 4011 580 4012 1979 4012 1988 4012 562 4013 1977 4013 565 4013 565 4014 1977 4014 1979 4014 562 4015 1978 4015 1977 4015 564 4016 1978 4016 562 4016 564 4017 1965 4017 1978 4017 650 4018 1937 4018 651 4018 651 4019 1937 4019 1933 4019 652 4020 1940 4020 650 4020 653 4021 1940 4021 652 4021 650 4022 1940 4022 1937 4022 676 4023 1939 4023 653 4023 653 4024 1939 4024 1940 4024 676 4025 1934 4025 1939 4025 677 4026 1935 4026 676 4026 676 4027 1935 4027 1934 4027 646 4028 1949 4028 677 4028 645 4029 1949 4029 646 4029 677 4030 1949 4030 1935 4030 645 4031 1948 4031 1949 4031 647 4032 1947 4032 645 4032 645 4033 1947 4033 1948 4033 630 4034 1945 4034 647 4034 627 4035 1945 4035 630 4035 647 4036 1945 4036 1947 4036 627 4037 1944 4037 1945 4037 623 4038 1943 4038 627 4038 627 4039 1943 4039 1944 4039 619 4040 1941 4040 623 4040 623 4041 1941 4041 1943 4041 727 4042 1902 4042 724 4042 724 4043 1902 4043 1899 4043 728 4044 1901 4044 727 4044 736 4045 1901 4045 728 4045 727 4046 1901 4046 1902 4046 737 4047 1897 4047 736 4047 736 4048 1897 4048 1901 4048 731 4049 1894 4049 737 4049 737 4050 1894 4050 1897 4050 719 4051 1891 4051 731 4051 731 4052 1891 4052 1894 4052 719 4053 1884 4053 1891 4053 718 4054 1866 4054 719 4054 715 4055 1866 4055 718 4055 719 4056 1866 4056 1884 4056 714 4057 1869 4057 715 4057 715 4058 1869 4058 1866 4058 714 4059 1895 4059 1869 4059 716 4060 1877 4060 714 4060 714 4061 1877 4061 1895 4061 697 4062 1870 4062 716 4062 716 4063 1870 4063 1877 4063 724 4064 1899 4064 710 4064 710 4065 1899 4065 1880 4065 1667 4066 1861 4066 1666 4066 1667 4067 1856 4067 1861 4067 712 4068 1856 4068 1667 4068 712 4069 1900 4069 1856 4069 709 4070 1893 4070 712 4070 712 4071 1893 4071 1900 4071 711 4072 1879 4072 709 4072 709 4073 1879 4073 1893 4073 710 4074 1880 4074 711 4074 711 4075 1880 4075 1879 4075 1671 4076 1666 4076 1860 4076 1666 4077 1861 4077 1860 4077 1710 4078 1865 4078 1701 4078 1701 4079 1865 4079 1852 4079 1711 4080 1865 4080 1710 4080 1699 4081 1863 4081 1711 4081 1711 4082 1863 4082 1865 4082 1698 4083 1853 4083 1699 4083 1699 4084 1853 4084 1863 4084 1695 4085 1859 4085 1698 4085 1698 4086 1859 4086 1853 4086 1690 4087 1905 4087 1695 4087 1695 4088 1905 4088 1859 4088 1689 4089 1903 4089 1690 4089 1690 4090 1903 4090 1905 4090 1691 4091 1883 4091 1689 4091 1689 4092 1883 4092 1903 4092 1679 4093 1874 4093 1691 4093 1691 4094 1874 4094 1883 4094 1675 4095 1872 4095 1679 4095 1679 4096 1872 4096 1874 4096 1675 4097 1873 4097 1872 4097 1671 4098 1873 4098 1675 4098 1671 4099 1860 4099 1873 4099 1745 4100 1832 4100 1746 4100 1746 4101 1832 4101 1828 4101 1747 4102 1835 4102 1745 4102 1748 4103 1835 4103 1747 4103 1745 4104 1835 4104 1832 4104 1770 4105 1834 4105 1748 4105 1748 4106 1834 4106 1835 4106 1770 4107 1829 4107 1834 4107 1771 4108 1830 4108 1770 4108 1770 4109 1830 4109 1829 4109 1739 4110 1844 4110 1771 4110 1738 4111 1844 4111 1739 4111 1771 4112 1844 4112 1830 4112 1738 4113 1843 4113 1844 4113 1741 4114 1842 4114 1738 4114 1738 4115 1842 4115 1843 4115 1728 4116 1840 4116 1741 4116 1724 4117 1840 4117 1728 4117 1741 4118 1840 4118 1842 4118 1724 4119 1839 4119 1840 4119 1722 4120 1838 4120 1724 4120 1724 4121 1838 4121 1839 4121 1719 4122 1836 4122 1722 4122 1722 4123 1836 4123 1838 4123 725 4124 2471 4124 723 4124 729 4125 2471 4125 725 4125 723 4126 2471 4126 2464 4126 732 4127 2467 4127 729 4127 729 4128 2467 4128 2471 4128 734 4129 2468 4129 732 4129 732 4130 2468 4130 2467 4130 741 4131 2469 4131 734 4131 734 4132 2469 4132 2468 4132 741 4133 2472 4133 2469 4133 1668 4134 2474 4134 742 4134 742 4135 2474 4135 741 4135 741 4136 2474 4136 2472 4136 1668 4137 2476 4137 2474 4137 1669 4138 2477 4138 1668 4138 1668 4139 2477 4139 2476 4139 1670 4140 2478 4140 1669 4140 1672 4141 2478 4141 1670 4141 1669 4142 2478 4142 2477 4142 1673 4143 2480 4143 1672 4143 1672 4144 2480 4144 2478 4144 1674 4145 2481 4145 1673 4145 1673 4146 2481 4146 2480 4146 1674 4147 2465 4147 2481 4147 2412 4148 690 4148 691 4148 2412 4149 691 4149 2425 4149 2391 4150 689 4150 690 4150 2391 4151 690 4151 2412 4151 2386 4152 686 4152 689 4152 2386 4153 689 4153 2391 4153 2385 4154 685 4154 686 4154 2385 4155 683 4155 685 4155 2385 4156 686 4156 2386 4156 2433 4157 683 4157 2385 4157 2424 4158 681 4158 683 4158 2424 4159 683 4159 2433 4159 2411 4160 669 4160 681 4160 2411 4161 681 4161 2424 4161 2407 4162 663 4162 669 4162 2407 4163 669 4163 2411 4163 2406 4164 658 4164 663 4164 2406 4165 663 4165 2407 4165 2414 4166 654 4166 658 4166 2414 4167 658 4167 2406 4167 2414 4168 649 4168 654 4168 2416 4169 649 4169 2414 4169 2430 4170 675 4170 649 4170 2430 4171 649 4171 2416 4171 2422 4172 678 4172 675 4172 2422 4173 675 4173 2430 4173 2422 4174 679 4174 678 4174 2418 4175 679 4175 2422 4175 2418 4176 655 4176 679 4176 2409 4177 655 4177 2418 4177 2409 4178 656 4178 655 4178 2402 4179 656 4179 2409 4179 2402 4180 644 4180 656 4180 2396 4181 644 4181 2402 4181 620 4182 644 4182 2396 4182 2389 4183 620 4183 2396 4183 2436 4184 621 4184 620 4184 2436 4185 620 4185 2389 4185 2432 4186 614 4186 621 4186 2432 4187 621 4187 2436 4187 2427 4188 611 4188 614 4188 2427 4189 614 4189 2432 4189 2419 4190 609 4190 611 4190 2419 4191 611 4191 2427 4191 2415 4192 605 4192 609 4192 2415 4193 609 4193 2419 4193 2408 4194 603 4194 605 4194 2408 4195 605 4195 2415 4195 2403 4196 602 4196 603 4196 2403 4197 603 4197 2408 4197 2394 4198 593 4198 602 4198 2394 4199 602 4199 2403 4199 2393 4200 592 4200 593 4200 2393 4201 593 4201 2394 4201 2398 4202 591 4202 592 4202 2398 4203 592 4203 2393 4203 2398 4204 588 4204 591 4204 2383 4205 588 4205 2398 4205 752 4206 2366 4206 748 4206 753 4207 2366 4207 752 4207 748 4208 2366 4208 2359 4208 756 4209 2362 4209 753 4209 753 4210 2362 4210 2366 4210 757 4211 2363 4211 756 4211 756 4212 2363 4212 2362 4212 757 4213 2364 4213 2363 4213 761 4214 2367 4214 757 4214 757 4215 2367 4215 2364 4215 762 4216 2369 4216 761 4216 763 4217 2369 4217 762 4217 761 4218 2369 4218 2367 4218 763 4219 2371 4219 2369 4219 764 4220 2372 4220 763 4220 763 4221 2372 4221 2371 4221 765 4222 2373 4222 764 4222 766 4223 2373 4223 765 4223 764 4224 2373 4224 2372 4224 766 4225 2375 4225 2373 4225 767 4226 2376 4226 766 4226 766 4227 2376 4227 2375 4227 563 4228 2360 4228 767 4228 767 4229 2360 4229 2376 4229 2307 4230 706 4230 707 4230 2307 4231 707 4231 2320 4231 2286 4232 705 4232 706 4232 2286 4233 706 4233 2307 4233 2281 4234 703 4234 705 4234 2281 4235 705 4235 2286 4235 2280 4236 702 4236 703 4236 2280 4237 700 4237 702 4237 2280 4238 703 4238 2281 4238 2328 4239 700 4239 2280 4239 2319 4240 698 4240 700 4240 2319 4241 700 4241 2328 4241 2306 4242 688 4242 698 4242 2306 4243 698 4243 2319 4243 2302 4244 680 4244 688 4244 2302 4245 688 4245 2306 4245 2301 4246 673 4246 680 4246 2301 4247 680 4247 2302 4247 2309 4248 670 4248 673 4248 2309 4249 673 4249 2301 4249 2309 4250 664 4250 670 4250 2311 4251 664 4251 2309 4251 2325 4252 692 4252 664 4252 2325 4253 664 4253 2311 4253 2317 4254 695 4254 692 4254 2317 4255 692 4255 2325 4255 2317 4256 696 4256 695 4256 2313 4257 696 4257 2317 4257 2313 4258 671 4258 696 4258 2304 4259 671 4259 2313 4259 2304 4260 672 4260 671 4260 2297 4261 672 4261 2304 4261 2297 4262 657 4262 672 4262 2291 4263 657 4263 2297 4263 640 4264 657 4264 2291 4264 2284 4265 640 4265 2291 4265 2331 4266 641 4266 640 4266 2331 4267 640 4267 2284 4267 2327 4268 638 4268 641 4268 2327 4269 641 4269 2331 4269 2322 4270 637 4270 638 4270 2322 4271 638 4271 2327 4271 2314 4272 636 4272 637 4272 2314 4273 637 4273 2322 4273 2310 4274 634 4274 636 4274 2310 4275 636 4275 2314 4275 2303 4276 632 4276 634 4276 2303 4277 634 4277 2310 4277 2298 4278 631 4278 632 4278 2298 4279 632 4279 2303 4279 2289 4280 624 4280 631 4280 2289 4281 631 4281 2298 4281 2288 4282 622 4282 624 4282 2288 4283 624 4283 2289 4283 2293 4284 618 4284 622 4284 2293 4285 622 4285 2288 4285 2293 4286 615 4286 618 4286 2278 4287 615 4287 2293 4287 1794 4288 2264 4288 1790 4288 1796 4289 2264 4289 1794 4289 1790 4290 2264 4290 2257 4290 1798 4291 2260 4291 1796 4291 1796 4292 2260 4292 2264 4292 1799 4293 2261 4293 1798 4293 1798 4294 2261 4294 2260 4294 1802 4295 2262 4295 1799 4295 1799 4296 2262 4296 2261 4296 1802 4297 2265 4297 2262 4297 570 4298 2267 4298 569 4298 569 4299 2267 4299 1802 4299 1802 4300 2267 4300 2265 4300 570 4301 2269 4301 2267 4301 571 4302 2270 4302 570 4302 570 4303 2270 4303 2269 4303 572 4304 2272 4304 571 4304 574 4305 2272 4305 572 4305 571 4306 2272 4306 2270 4306 575 4307 2273 4307 574 4307 574 4308 2273 4308 2272 4308 576 4309 2275 4309 575 4309 575 4310 2275 4310 2273 4310 576 4311 2258 4311 2275 4311 2210 4312 1765 4312 1766 4312 2210 4313 1766 4313 2177 4313 2189 4314 1764 4314 1765 4314 2189 4315 1765 4315 2210 4315 2181 4316 1762 4316 1764 4316 2181 4317 1761 4317 1762 4317 2181 4318 1764 4318 2189 4318 2180 4319 1760 4319 1761 4319 2180 4320 1761 4320 2181 4320 2229 4321 1760 4321 2180 4321 2219 4322 1759 4322 1760 4322 2219 4323 1760 4323 2229 4323 2206 4324 1749 4324 1759 4324 2206 4325 1759 4325 2219 4325 2200 4326 1742 4326 1749 4326 2200 4327 1749 4327 2206 4327 2199 4328 1740 4328 1742 4328 2199 4329 1742 4329 2200 4329 2211 4330 1734 4330 1740 4330 2211 4331 1740 4331 2199 4331 2211 4332 1729 4332 1734 4332 2212 4333 1729 4333 2211 4333 2225 4334 1754 4334 1729 4334 2225 4335 1729 4335 2212 4335 2225 4336 1755 4336 1754 4336 2220 4337 1755 4337 2225 4337 2214 4338 1743 4338 1755 4338 2214 4339 1755 4339 2220 4339 2207 4340 1743 4340 2214 4340 2207 4341 1735 4341 1743 4341 2203 4342 1736 4342 1735 4342 2203 4343 1735 4343 2207 4343 2203 4344 1723 4344 1736 4344 2193 4345 1723 4345 2203 4345 1705 4346 1723 4346 2193 4346 2184 4347 1705 4347 2193 4347 2227 4348 1706 4348 1705 4348 2227 4349 1705 4349 2184 4349 2227 4350 1700 4350 1706 4350 2222 4351 1697 4351 1700 4351 2222 4352 1700 4352 2227 4352 2216 4353 1696 4353 1697 4353 2216 4354 1697 4354 2222 4354 2209 4355 1694 4355 1696 4355 2209 4356 1696 4356 2216 4356 2205 4357 1693 4357 1694 4357 2205 4358 1694 4358 2209 4358 2197 4359 1692 4359 1693 4359 2197 4360 1693 4360 2205 4360 2191 4361 1685 4361 1692 4361 2191 4362 1692 4362 2197 4362 2188 4363 1684 4363 1685 4363 2188 4364 1685 4364 2191 4364 2187 4365 1683 4365 1684 4365 2187 4366 1684 4366 2188 4366 2192 4367 1683 4367 2187 4367 2192 4368 1682 4368 1683 4368 2176 4369 1682 4369 2192 4369 1814 4370 2159 4370 1810 4370 1815 4371 2159 4371 1814 4371 1810 4372 2159 4372 2152 4372 1817 4373 2155 4373 1815 4373 1815 4374 2155 4374 2159 4374 1818 4375 2156 4375 1817 4375 1817 4376 2156 4376 2155 4376 1818 4377 2157 4377 2156 4377 1821 4378 2160 4378 1818 4378 1818 4379 2160 4379 2157 4379 1822 4380 2162 4380 1821 4380 1823 4381 2162 4381 1822 4381 1821 4382 2162 4382 2160 4382 1823 4383 2164 4383 2162 4383 1824 4384 2165 4384 1823 4384 1823 4385 2165 4385 2164 4385 1825 4386 2166 4386 1824 4386 1826 4387 2166 4387 1825 4387 1824 4388 2166 4388 2165 4388 1826 4389 2168 4389 2166 4389 1827 4390 2169 4390 1826 4390 1826 4391 2169 4391 2168 4391 1663 4392 2153 4392 1827 4392 1827 4393 2153 4393 2169 4393 1171 4394 1778 4394 1223 4394 1171 4395 1223 4395 1183 4395 1148 4396 1777 4396 1778 4396 1148 4397 1778 4397 1171 4397 1143 4398 1776 4398 1777 4398 1143 4399 1777 4399 1148 4399 1142 4400 1775 4400 1776 4400 1142 4401 1774 4401 1775 4401 1142 4402 1776 4402 1143 4402 1191 4403 1774 4403 1142 4403 1181 4404 1773 4404 1774 4404 1181 4405 1774 4405 1191 4405 1169 4406 1763 4406 1773 4406 1169 4407 1773 4407 1181 4407 1164 4408 1758 4408 1763 4408 1164 4409 1763 4409 1169 4409 1163 4410 1753 4410 1758 4410 1163 4411 1758 4411 1164 4411 1170 4412 1750 4412 1753 4412 1170 4413 1753 4413 1163 4413 1170 4414 1744 4414 1750 4414 1172 4415 1744 4415 1170 4415 1187 4416 1767 4416 1744 4416 1187 4417 1744 4417 1172 4417 1179 4418 1768 4418 1767 4418 1179 4419 1767 4419 1187 4419 1179 4420 1769 4420 1768 4420 1176 4421 1769 4421 1179 4421 1176 4422 1751 4422 1769 4422 1167 4423 1751 4423 1176 4423 1167 4424 1752 4424 1751 4424 1160 4425 1752 4425 1167 4425 1160 4426 1737 4426 1752 4426 1155 4427 1737 4427 1160 4427 1720 4428 1737 4428 1155 4428 1146 4429 1720 4429 1155 4429 1194 4430 1721 4430 1720 4430 1194 4431 1720 4431 1146 4431 1190 4432 1718 4432 1721 4432 1190 4433 1721 4433 1194 4433 1184 4434 1717 4434 1718 4434 1184 4435 1718 4435 1190 4435 1177 4436 1716 4436 1717 4436 1177 4437 1717 4437 1184 4437 1173 4438 1715 4438 1716 4438 1173 4439 1716 4439 1177 4439 1166 4440 1714 4440 1715 4440 1166 4441 1715 4441 1173 4441 1161 4442 1713 4442 1714 4442 1161 4443 1714 4443 1166 4443 1151 4444 1708 4444 1713 4444 1151 4445 1713 4445 1161 4445 1150 4446 1703 4446 1708 4446 1150 4447 1708 4447 1151 4447 1153 4448 1702 4448 1703 4448 1153 4449 1703 4449 1150 4449 1153 4450 1196 4450 1702 4450 1154 4451 1196 4451 1153 4451 1848 4452 1837 4452 1847 4452 1848 4453 1841 4453 1837 4453 1849 4454 1841 4454 1848 4454 1850 4455 1845 4455 1849 4455 1849 4456 1845 4456 1841 4456 1851 4457 1831 4457 1850 4457 1850 4458 1831 4458 1845 4458 1846 4459 1831 4459 1851 4459 1846 4460 1833 4460 1831 4460 1926 4461 1876 4461 1922 4461 1925 4462 1867 4462 1926 4462 1926 4463 1867 4463 1876 4463 1925 4464 1868 4464 1867 4464 1927 4465 1868 4465 1925 4465 1929 4466 1885 4466 1927 4466 1927 4467 1885 4467 1868 4467 1930 4468 1892 4468 1929 4468 1929 4469 1892 4469 1885 4469 1928 4470 1892 4470 1930 4470 1928 4471 1898 4471 1892 4471 1928 4472 1914 4472 1898 4472 1914 4473 1886 4473 1898 4473 1911 4474 1887 4474 1914 4474 1914 4475 1887 4475 1886 4475 1912 4476 1888 4476 1911 4476 1913 4477 1888 4477 1912 4477 1911 4478 1888 4478 1887 4478 1913 4479 1881 4479 1888 4479 1915 4480 1882 4480 1913 4480 1913 4481 1882 4481 1881 4481 1916 4482 1889 4482 1915 4482 1915 4483 1889 4483 1882 4483 1917 4484 1896 4484 1916 4484 1920 4485 1896 4485 1917 4485 1916 4486 1896 4486 1889 4486 1920 4487 1857 4487 1896 4487 1921 4488 1858 4488 1920 4488 1920 4489 1858 4489 1857 4489 1924 4490 1864 4490 1921 4490 1931 4491 1864 4491 1924 4491 1921 4492 1864 4492 1858 4492 1931 4493 1878 4493 1864 4493 1932 4494 1890 4494 1931 4494 1931 4495 1890 4495 1878 4495 1918 4496 1862 4496 1932 4496 1932 4497 1862 4497 1890 4497 1910 4498 1871 4498 1918 4498 1918 4499 1871 4499 1862 4499 1909 4500 1871 4500 1910 4500 1909 4501 1875 4501 1871 4501 1908 4502 1875 4502 1909 4502 1908 4503 1904 4503 1875 4503 1919 4504 1906 4504 1908 4504 1908 4505 1906 4505 1904 4505 1923 4506 1854 4506 1919 4506 1919 4507 1854 4507 1906 4507 1907 4508 1854 4508 1923 4508 1907 4509 1855 4509 1854 4509 1953 4510 1942 4510 1952 4510 1953 4511 1946 4511 1942 4511 1954 4512 1946 4512 1953 4512 1955 4513 1950 4513 1954 4513 1954 4514 1950 4514 1946 4514 1956 4515 1936 4515 1955 4515 1955 4516 1936 4516 1950 4516 1951 4517 1936 4517 1956 4517 1951 4518 1938 4518 1936 4518 2030 4519 1981 4519 2026 4519 2029 4520 1972 4520 2030 4520 2030 4521 1972 4521 1981 4521 2029 4522 1973 4522 1972 4522 2031 4523 1973 4523 2029 4523 2033 4524 1990 4524 2031 4524 2031 4525 1990 4525 1973 4525 2034 4526 1997 4526 2033 4526 2033 4527 1997 4527 1990 4527 2032 4528 1997 4528 2034 4528 2032 4529 2003 4529 1997 4529 2032 4530 2018 4530 2003 4530 2018 4531 1991 4531 2003 4531 2015 4532 1992 4532 2018 4532 2018 4533 1992 4533 1991 4533 2016 4534 1993 4534 2015 4534 2017 4535 1993 4535 2016 4535 2015 4536 1993 4536 1992 4536 2017 4537 1986 4537 1993 4537 2019 4538 1987 4538 2017 4538 2017 4539 1987 4539 1986 4539 2020 4540 1994 4540 2019 4540 2019 4541 1994 4541 1987 4541 2021 4542 2001 4542 2020 4542 2024 4543 2001 4543 2021 4543 2020 4544 2001 4544 1994 4544 2024 4545 1962 4545 2001 4545 2025 4546 1963 4546 2024 4546 2024 4547 1963 4547 1962 4547 2028 4548 1969 4548 2025 4548 2035 4549 1969 4549 2028 4549 2025 4550 1969 4550 1963 4550 2035 4551 1983 4551 1969 4551 2036 4552 1995 4552 2035 4552 2035 4553 1995 4553 1983 4553 2022 4554 1967 4554 2036 4554 2036 4555 1967 4555 1995 4555 2014 4556 1976 4556 2022 4556 2022 4557 1976 4557 1967 4557 2013 4558 1976 4558 2014 4558 2013 4559 1980 4559 1976 4559 2012 4560 1980 4560 2013 4560 2012 4561 2008 4561 1980 4561 2023 4562 2010 4562 2012 4562 2012 4563 2010 4563 2008 4563 2027 4564 1959 4564 2023 4564 2023 4565 1959 4565 2010 4565 2011 4566 1959 4566 2027 4566 2011 4567 1960 4567 1959 4567 2057 4568 2046 4568 2056 4568 2057 4569 2050 4569 2046 4569 2058 4570 2050 4570 2057 4570 2059 4571 2054 4571 2058 4571 2058 4572 2054 4572 2050 4572 2060 4573 2040 4573 2059 4573 2059 4574 2040 4574 2054 4574 2055 4575 2040 4575 2060 4575 2055 4576 2042 4576 2040 4576 781 4577 2085 4577 778 4577 780 4578 2076 4578 781 4578 781 4579 2076 4579 2085 4579 780 4580 2077 4580 2076 4580 782 4581 2077 4581 780 4581 784 4582 2094 4582 782 4582 782 4583 2094 4583 2077 4583 785 4584 2101 4584 784 4584 784 4585 2101 4585 2094 4585 783 4586 2101 4586 785 4586 783 4587 2107 4587 2101 4587 783 4588 772 4588 2107 4588 772 4589 2095 4589 2107 4589 768 4590 2095 4590 772 4590 770 4591 2096 4591 768 4591 768 4592 2096 4592 2095 4592 771 4593 2097 4593 770 4593 770 4594 2097 4594 2096 4594 774 4595 2090 4595 771 4595 771 4596 2090 4596 2097 4596 776 4597 2091 4597 774 4597 774 4598 2091 4598 2090 4598 777 4599 2098 4599 776 4599 776 4600 2098 4600 2091 4600 2117 4601 2105 4601 777 4601 777 4602 2105 4602 2098 4602 2118 4603 2066 4603 2117 4603 2117 4604 2066 4604 2105 4604 2119 4605 2067 4605 2118 4605 2118 4606 2067 4606 2066 4606 2120 4607 2073 4607 2119 4607 2119 4608 2073 4608 2067 4608 2121 4609 2087 4609 2120 4609 2120 4610 2087 4610 2073 4610 2122 4611 2099 4611 2121 4611 2121 4612 2099 4612 2087 4612 2122 4613 2071 4613 2099 4613 2125 4614 2080 4614 2122 4614 2122 4615 2080 4615 2071 4615 2124 4616 2080 4616 2125 4616 2124 4617 2084 4617 2080 4617 2123 4618 2084 4618 2124 4618 2123 4619 2113 4619 2084 4619 2126 4620 2115 4620 2123 4620 2123 4621 2115 4621 2113 4621 2127 4622 2063 4622 2126 4622 2126 4623 2063 4623 2115 4623 2116 4624 2063 4624 2127 4624 2116 4625 2064 4625 2063 4625 2148 4626 2137 4626 2147 4626 2148 4627 2141 4627 2137 4627 2149 4628 2141 4628 2148 4628 2150 4629 2145 4629 2149 4629 2149 4630 2145 4630 2141 4630 2151 4631 2131 4631 2150 4631 2150 4632 2131 4632 2145 4632 2146 4633 2131 4633 2151 4633 2146 4634 2133 4634 2131 4634 1168 4635 1219 4635 1208 4635 1168 4636 1208 4636 1162 4636 1180 4637 1218 4637 1219 4637 1180 4638 1219 4638 1168 4638 1195 4639 1221 4639 1218 4639 1195 4640 1218 4640 1180 4640 1141 4641 1222 4641 1221 4641 1141 4642 1221 4642 1195 4642 1147 4643 1209 4643 1222 4643 1147 4644 1222 4644 1141 4644 1208 4645 1207 4645 1189 4645 1162 4646 1208 4646 1189 4646 1144 4647 1217 4647 1216 4647 1156 4648 1217 4648 1144 4648 1157 4649 1220 4649 1217 4649 1157 4650 1217 4650 1156 4650 1188 4651 1201 4651 1220 4651 1188 4652 1202 4652 1201 4652 1188 4653 1220 4653 1157 4653 1159 4654 1203 4654 1202 4654 1159 4655 1202 4655 1188 4655 1158 4656 1203 4656 1159 4656 1175 4657 1204 4657 1203 4657 1175 4658 1203 4658 1158 4658 1178 4659 1205 4659 1204 4659 1178 4660 1206 4660 1205 4660 1178 4661 1204 4661 1175 4661 1185 4662 1210 4662 1206 4662 1185 4663 1206 4663 1178 4663 1186 4664 1211 4664 1210 4664 1186 4665 1210 4665 1185 4665 1193 4666 1211 4666 1186 4666 1192 4667 1212 4667 1211 4667 1192 4668 1211 4668 1193 4668 1189 4669 1207 4669 1212 4669 1189 4670 1212 4670 1192 4670 1144 4671 1216 4671 1213 4671 1144 4672 1213 4672 1145 4672 1149 4673 1199 4673 1197 4673 1152 4674 1199 4674 1149 4674 1152 4675 1198 4675 1199 4675 1165 4676 1200 4676 1198 4676 1165 4677 1198 4677 1152 4677 1174 4678 1214 4678 1200 4678 1174 4679 1200 4679 1165 4679 1182 4680 1215 4680 1214 4680 1182 4681 1214 4681 1174 4681 1145 4682 1213 4682 1215 4682 1145 4683 1215 4683 1182 4683 2174 4684 2167 4684 2175 4684 2174 4685 2163 4685 2167 4685 2173 4686 2163 4686 2174 4686 2171 4687 2161 4687 2173 4687 2173 4688 2161 4688 2163 4688 2172 4689 2154 4689 2171 4689 2171 4690 2154 4690 2161 4690 2170 4691 2154 4691 2172 4691 2170 4692 2158 4692 2154 4692 2204 4693 2254 4693 2245 4693 2204 4694 2245 4694 2198 4694 2218 4695 2233 4695 2254 4695 2218 4696 2254 4696 2204 4696 2179 4697 2234 4697 2233 4697 2179 4698 2233 4698 2218 4698 2178 4699 2256 4699 2234 4699 2178 4700 2234 4700 2179 4700 2185 4701 2232 4701 2256 4701 2185 4702 2256 4702 2178 4702 2245 4703 2244 4703 2226 4703 2198 4704 2245 4704 2226 4704 2182 4705 2253 4705 2252 4705 2194 4706 2253 4706 2182 4706 2195 4707 2255 4707 2253 4707 2195 4708 2253 4708 2194 4708 2224 4709 2238 4709 2255 4709 2224 4710 2255 4710 2195 4710 2202 4711 2239 4711 2238 4711 2202 4712 2240 4712 2239 4712 2202 4713 2238 4713 2224 4713 2201 4714 2241 4714 2240 4714 2201 4715 2240 4715 2202 4715 2213 4716 2241 4716 2201 4716 2217 4717 2242 4717 2241 4717 2217 4718 2243 4718 2242 4718 2217 4719 2241 4719 2213 4719 2221 4720 2246 4720 2243 4720 2221 4721 2243 4721 2217 4721 2223 4722 2246 4722 2221 4722 2230 4723 2250 4723 2246 4723 2230 4724 2246 4724 2223 4724 2228 4725 2251 4725 2250 4725 2228 4726 2250 4726 2230 4726 2226 4727 2244 4727 2251 4727 2226 4728 2251 4728 2228 4728 2182 4729 2252 4729 2247 4729 2182 4730 2247 4730 2183 4730 2186 4731 2236 4731 2231 4731 2190 4732 2236 4732 2186 4732 2190 4733 2235 4733 2236 4733 2196 4734 2237 4734 2235 4734 2196 4735 2235 4735 2190 4735 2208 4736 2248 4736 2237 4736 2208 4737 2237 4737 2196 4737 2215 4738 2249 4738 2248 4738 2215 4739 2248 4739 2208 4739 2183 4740 2247 4740 2249 4740 2183 4741 2249 4741 2215 4741 2277 4742 2271 4742 2276 4742 2276 4743 2271 4743 2274 4743 789 4744 2268 4744 2277 4744 2277 4745 2268 4745 2271 4745 789 4746 2266 4746 2268 4746 786 4747 2266 4747 789 4747 786 4748 2259 4748 2266 4748 788 4749 2259 4749 786 4749 787 4750 2259 4750 788 4750 787 4751 2263 4751 2259 4751 2305 4752 2355 4752 2344 4752 2305 4753 2344 4753 2300 4753 2318 4754 2354 4754 2355 4754 2318 4755 2355 4755 2305 4755 2332 4756 2357 4756 2354 4756 2332 4757 2354 4757 2318 4757 2279 4758 2358 4758 2357 4758 2279 4759 2357 4759 2332 4759 2285 4760 2345 4760 2358 4760 2285 4761 2358 4761 2279 4761 2344 4762 2343 4762 2326 4762 2300 4763 2344 4763 2326 4763 2282 4764 2353 4764 2352 4764 2292 4765 2353 4765 2282 4765 2294 4766 2356 4766 2353 4766 2294 4767 2353 4767 2292 4767 2323 4768 2337 4768 2356 4768 2323 4769 2338 4769 2337 4769 2323 4770 2356 4770 2294 4770 2296 4771 2339 4771 2338 4771 2296 4772 2338 4772 2323 4772 2295 4773 2339 4773 2296 4773 2308 4774 2340 4774 2339 4774 2308 4775 2339 4775 2295 4775 2315 4776 2341 4776 2340 4776 2315 4777 2342 4777 2341 4777 2315 4778 2340 4778 2308 4778 2321 4779 2346 4779 2342 4779 2321 4780 2342 4780 2315 4780 2324 4781 2347 4781 2346 4781 2324 4782 2346 4782 2321 4782 2330 4783 2347 4783 2324 4783 2329 4784 2351 4784 2347 4784 2329 4785 2347 4785 2330 4785 2326 4786 2343 4786 2351 4786 2326 4787 2351 4787 2329 4787 2282 4788 2352 4788 2348 4788 2282 4789 2348 4789 2283 4789 2287 4790 2335 4790 2333 4790 2290 4791 2335 4791 2287 4791 2290 4792 2334 4792 2335 4792 2299 4793 2336 4793 2334 4793 2299 4794 2334 4794 2290 4794 2312 4795 2349 4795 2336 4795 2312 4796 2336 4796 2299 4796 2316 4797 2350 4797 2349 4797 2316 4798 2349 4798 2312 4798 2283 4799 2348 4799 2350 4799 2283 4800 2350 4800 2316 4800 2381 4801 2374 4801 2382 4801 2381 4802 2370 4802 2374 4802 2380 4803 2370 4803 2381 4803 2378 4804 2368 4804 2380 4804 2380 4805 2368 4805 2370 4805 2379 4806 2361 4806 2378 4806 2378 4807 2361 4807 2368 4807 2377 4808 2361 4808 2379 4808 2377 4809 2365 4809 2361 4809 2410 4810 2460 4810 2452 4810 2410 4811 2452 4811 2405 4811 2423 4812 2440 4812 2460 4812 2423 4813 2460 4813 2410 4813 2437 4814 2441 4814 2440 4814 2437 4815 2440 4815 2423 4815 2384 4816 2463 4816 2441 4816 2384 4817 2441 4817 2437 4817 2390 4818 2439 4818 2463 4818 2390 4819 2463 4819 2384 4819 2452 4820 2451 4820 2431 4820 2405 4821 2452 4821 2431 4821 2387 4822 2461 4822 2459 4822 2397 4823 2461 4823 2387 4823 2399 4824 2462 4824 2461 4824 2399 4825 2461 4825 2397 4825 2428 4826 2443 4826 2462 4826 2428 4827 2442 4827 2443 4827 2428 4828 2462 4828 2399 4828 2401 4829 2447 4829 2442 4829 2401 4830 2442 4830 2428 4830 2400 4831 2447 4831 2401 4831 2413 4832 2448 4832 2447 4832 2413 4833 2447 4833 2400 4833 2420 4834 2449 4834 2448 4834 2420 4835 2450 4835 2449 4835 2420 4836 2448 4836 2413 4836 2426 4837 2456 4837 2450 4837 2426 4838 2450 4838 2420 4838 2429 4839 2457 4839 2456 4839 2429 4840 2456 4840 2426 4840 2435 4841 2457 4841 2429 4841 2434 4842 2458 4842 2457 4842 2434 4843 2457 4843 2435 4843 2431 4844 2451 4844 2458 4844 2431 4845 2458 4845 2434 4845 2387 4846 2459 4846 2453 4846 2387 4847 2453 4847 2388 4847 2392 4848 2445 4848 2438 4848 2395 4849 2445 4849 2392 4849 2395 4850 2444 4850 2445 4850 2404 4851 2446 4851 2444 4851 2404 4852 2444 4852 2395 4852 2417 4853 2454 4853 2446 4853 2417 4854 2446 4854 2404 4854 2421 4855 2455 4855 2454 4855 2421 4856 2454 4856 2417 4856 2388 4857 2453 4857 2455 4857 2388 4858 2455 4858 2421 4858 2486 4859 2479 4859 2487 4859 2486 4860 2475 4860 2479 4860 2485 4861 2475 4861 2486 4861 2483 4862 2473 4862 2485 4862 2485 4863 2473 4863 2475 4863 2484 4864 2466 4864 2483 4864 2483 4865 2466 4865 2473 4865 2482 4866 2466 4866 2484 4866 2482 4867 2470 4867 2466 4867</p>
        </triangles>
      </mesh>
    </geometry>
  </library_geometries>
  <library_materials>
    <material id="mat_Part__Feature" name="Part__Feature">
      <instance_effect url="#effect_Part__Feature" />
    </material>
  </library_materials>
  <library_visual_scenes>
    <visual_scene id="myscene">
      <node id="node0" name="node0">
        <instance_geometry url="#geometry0">
          <bind_material>
            <technique_common>
              <instance_material symbol="ref_Part__Feature" target="#mat_Part__Feature" />
            </technique_common>
          </bind_material>
        </instance_geometry>
      </node>
    </visual_scene>
  </library_visual_scenes>
  <scene>
    <instance_visual_scene url="#myscene" />
  </scene>
</COLLADA>