run_id,waypoint,time_s,in_contact,base_x,base_y,base_yaw,q1,q2,q3,q4,q5,q6,tool_x,tool_y,tool_z
0,0,0,0,0.67,2.06,0,0.110157787329,2.14620220683,2.38412349242,-1.38873598117,4.60143488943,0.78530161362,0.750000100323,2.78000065304,0.600000367957
0,1,0.5,0,0.67,2.06,0,0.110157787329,2.14620220683,2.38412349242,-1.38873598117,4.60143488943,0.78530161362,0.750000100323,2.78000065304,0.600000367957
0,2,3.5,0,0.67,2.06,0,0.100127677008,2.16756584119,2.29797586186,-1.32395260536,4.61146459758,0.785301580392,0.749999773987,2.80999980602,0.600000068398
0,3,6.5,0,0.67,2.06,0,0.0917786728228,2.19290806411,2.21089114054,-1.26221007219,4.61981363281,0.785301613156,0.749999799062,2.83999979722,0.600000080455
0,4,9.5,0,0.67,2.06,0,0.0847182035448,2.22154271892,2.1224516683,-1.20240523258,4.62687412488,0.785301639812,0.749999817347,2.86999978275,0.600000086286
0,5,39.5,1,0.67,2.06,0,0.0786669864438,2.2530559912,2.03224302589,-1.14370984775,4.632925359,0.78530166208,0.74999983091,2.89999976334,0.600000088505
0,6,40.530635544,1,0.7,2.06,0,0.130198763644,2.24922478526,2.04291356317,-1.15054903626,4.58139411239,0.785301502203,0.758134673971,2.90000027781,0.600000160727
0,7,41.5617050629,1,0.73,2.06,0,0.181752227763,2.24660921539,2.05024077625,-1.15526071049,4.52984063645,0.785301326441,0.766269151936,2.90000027195,0.600000159607
0,8,42.5876751609,1,0.76,2.06,0,0.233050719287,2.24520631701,2.05418529657,-1.15780237374,4.47854213155,0.785301147623,0.774403629143,2.90000026472,0.600000157887
0,9,43.7309797961,1,0.79,2.06,0,0.290215951048,2.24507639657,2.05455114183,-1.15803835704,4.42137693243,0.785300942403,0.779762077938,2.90000026498,0.600000155478
0,10,44.2038540319,1,0.779761904762,2.06,0,0.266572239257,2.24494361033,2.05492511631,-1.15827952181,4.44502003172,0.785301027515,0.779761705264,2.90000015709,0.600000155534
0,11,45.195917524,1,0.809761904762,2.06,0,0.267123526674,2.24494371535,2.05492482386,-1.15827933551,4.44446892914,0.785301025384,0.809523723108,2.90000018624,0.600000155276
0,12,45.245917524,1,0.809523809524,2.06,0,0.266571804255,2.24494364194,2.05492503063,-1.15827946835,4.4450206432,0.785301027357,0.809523718029,2.90000018487,0.600000155276
0,13,46.237981016,1,0.839523809524,2.06,0,0.267123526664,2.24494371536,2.05492482385,-1.1582793355,4.44446892915,0.785301025384,0.839285627873,2.90000018624,0.600000155276
0,14,46.287981016,1,0.839285714286,2.06,0,0.266571804255,2.24494364194,2.05492503063,-1.15827946835,4.4450206432,0.785301027357,0.839285622791,2.90000018487,0.600000155276
0,15,47.2800445081,1,0.869285714286,2.06,0,0.267123526664,2.24494371536,2.05492482385,-1.1582793355,4.44446892915,0.785301025384,0.869047532635,2.90000018624,0.600000155276
0,16,47.3300445081,1,0.869047619048,2.06,0,0.266571804255,2.24494364194,2.05492503063,-1.15827946835,4.4450206432,0.785301027357,0.869047527553,2.90000018487,0.600000155276
0,17,48.3221080002,1,0.899047619048,2.06,0,0.267123526664,2.24494371536,2.05492482385,-1.1582793355,4.44446892915,0.785301025384,0.898809437397,2.90000018624,0.600000155276
0,18,48.3721080002,1,0.89880952381,2.06,0,0.266571804255,2.24494364194,2.05492503063,-1.15827946835,4.4450206432,0.785301027357,0.898809432315,2.90000018487,0.600000155276
0,19,49.3641714922,1,0.92880952381,2.06,0,0.267123526664,2.24494371536,2.05492482385,-1.1582793355,4.44446892915,0.785301025384,0.928571342159,2.90000018624,0.600000155276
0,20,49.4141714922,1,0.928571428571,2.06,0,0.266571804255,2.24494364194,2.05492503063,-1.15827946835,4.4450206432,0.785301027357,0.928571337077,2.90000018487,0.600000155276
0,21,50.4062349843,1,0.958571428571,2.06,0,0.267123526664,2.24494371536,2.05492482385,-1.1582793355,4.44446892915,0.785301025384,0.95833324692,2.90000018624,0.600000155276
0,22,50.4562349843,1,0.958333333333,2.06,0,0.266571804255,2.24494364194,2.05492503063,-1.15827946835,4.4450206432,0.785301027357,0.958333241839,2.90000018487,0.600000155276
0,23,51.4482984764,1,0.988333333333,2.06,0,0.267123526664,2.24494371536,2.05492482385,-1.1582793355,4.44446892915,0.785301025384,0.988095151682,2.90000018624,0.600000155276
0,24,51.4982984764,1,0.988095238095,2.06,0,0.266571804255,2.24494364194,2.05492503063,-1.15827946835,4.4450206432,0.785301027357,0.988095146601,2.90000018487,0.600000155276
0,25,52.4903619684,1,1.0180952381,2.06,0,0.267123526664,2.24494371536,2.05492482385,-1.1582793355,4.44446892915,0.785301025384,1.01785705644,2.90000018624,0.600000155276
0,26,52.5403619684,1,1.01785714286,2.06,0,0.266571804255,2.24494364194,2.05492503063,-1.15827946835,4.4450206432,0.785301027357,1.01785705136,2.90000018487,0.600000155276
0,27,53.5324254605,1,1.04785714286,2.06,0,0.267123526664,2.24494371536,2.05492482385,-1.1582793355,4.44446892915,0.785301025384,1.04761896121,2.90000018624,0.600000155276
0,28,53.5824254605,1,1.04761904762,2.06,0,0.266571804255,2.24494364194,2.05492503063,-1.15827946835,4.4450206432,0.785301027357,1.04761895612,2.90000018487,0.600000155276
0,29,54.5744889525,1,1.07761904762,2.06,0,0.267123526664,2.24494371536,2.05492482385,-1.1582793355,4.44446892915,0.785301025384,1.07738086597,2.90000018624,0.600000155276
0,30,54.6244889525,1,1.07738095238,2.06,0,0.266571804255,2.24494364194,2.05492503063,-1.15827946835,4.4450206432,0.785301027357,1.07738086089,2.90000018487,0.600000155276
0,31,55.6165524446,1,1.10738095238,2.06,0,0.267123526664,2.24494371536,2.05492482385,-1.1582793355,4.44446892915,0.785301025384,1.10714277073,2.90000018624,0.600000155276
0,32,55.6665524446,1,1.10714285714,2.06,0,0.266571804255,2.24494364194,2.05492503063,-1.15827946835,4.4450206432,0.785301027357,1.10714276565,2.90000018487,0.600000155276
0,33,56.6586159367,1,1.13714285714,2.06,0,0.267123526664,2.24494371536,2.05492482385,-1.1582793355,4.44446892915,0.785301025384,1.13690467549,2.90000018624,0.600000155276
0,34,56.7086159367,1,1.1369047619,2.06,0,0.266571804255,2.24494364194,2.05492503063,-1.15827946835,4.4450206432,0.785301027357,1.13690467041,2.90000018487,0.600000155276
0,35,57.7006794287,1,1.1669047619,2.06,0,0.267123526664,2.24494371536,2.05492482385,-1.1582793355,4.44446892915,0.785301025384,1.16666658025,2.90000018624,0.600000155276
0,36,57.7506794287,1,1.16666666667,2.06,0,0.266571804255,2.24494364194,2.05492503063,-1.15827946835,4.4450206432,0.785301027357,1.16666657517,2.90000018487,0.600000155276
0,37,58.7427429208,1,1.19666666667,2.06,0,0.267123526664,2.24494371536,2.05492482385,-1.1582793355,4.44446892915,0.785301025384,1.19642848502,2.90000018624,0.600000155276
0,38,58.7927429208,1,1.19642857143,2.06,0,0.266571804255,2.24494364194,2.05492503063,-1.15827946835,4.4450206432,0.785301027357,1.19642847993,2.90000018487,0.600000155276
0,39,59.7848064129,1,1.22642857143,2.06,0,0.267123526664,2.24494371536,2.05492482385,-1.1582793355,4.44446892915,0.785301025384,1.22619038978,2.90000018624,0.600000155276
0,40,59.8348064129,1,1.22619047619,2.06,0,0.266571804255,2.24494364194,2.05492503063,-1.15827946835,4.4450206432,0.785301027357,1.2261903847,2.90000018487,0.600000155276
0,41,60.8268699049,1,1.25619047619,2.06,0,0.267123526664,2.24494371536,2.05492482385,-1.1582793355,4.44446892915,0.785301025384,1.25595229454,2.90000018624,0.600000155276
0,42,60.8768699049,1,1.25595238095,2.06,0,0.266571804255,2.24494364194,2.05492503063,-1.15827946835,4.4450206432,0.785301027357,1.25595228946,2.90000018487,0.600000155276
0,43,61.868933397,1,1.28595238095,2.06,0,0.267123526664,2.24494371536,2.05492482385,-1.1582793355,4.44446892915,0.785301025384,1.2857141993,2.90000018624,0.600000155276
0,44,61.918933397,1,1.28571428571,2.06,0,0.266571804255,2.24494364194,2.05492503063,-1.15827946835,4.4450206432,0.785301027357,1.28571419422,2.90000018487,0.600000155276
0,45,62.9109968891,1,1.31571428571,2.06,0,0.267123526664,2.24494371536,2.05492482385,-1.1582793355,4.44446892915,0.785301025384,1.31547610406,2.90000018624,0.600000155276
0,46,62.9609968891,1,1.31547619048,2.06,0,0.266571804255,2.24494364194,2.05492503063,-1.15827946835,4.4450206432,0.785301027357,1.31547609898,2.90000018487,0.600000155276
0,47,63.9530603811,1,1.34547619048,2.06,0,0.267123526664,2.24494371536,2.05492482385,-1.1582793355,4.44446892915,0.785301025384,1.34523800883,2.90000018624,0.600000155276
0,48,64.0030603811,1,1.34523809524,2.06,0,0.266571804255,2.24494364194,2.05492503063,-1.15827946835,4.4450206432,0.785301027357,1.34523800374,2.90000018487,0.600000155276
0,49,64.9951238732,1,1.37523809524,2.06,0,0.267123526664,2.24494371536,2.05492482385,-1.1582793355,4.44446892915,0.785301025384,1.37499991359,2.90000018624,0.600000155276
0,50,65.0451238732,1,1.375,2.06,0,0.266571804255,2.24494364194,2.05492503063,-1.15827946835,4.4450206432,0.785301027357,1.37499990851,2.90000018487,0.600000155276
0,51,66.0371873652,1,1.405,2.06,0,0.267123526664,2.24494371536,2.05492482385,-1.1582793355,4.44446892915,0.785301025384,1.40476181835,2.90000018624,0.600000155276
0,52,66.0871873652,1,1.40476190476,2.06,0,0.266571804255,2.24494364194,2.05492503063,-1.15827946835,4.4450206432,0.785301027357,1.40476181327,2.90000018487,0.600000155276
0,53,67.0792508573,1,1.43476190476,2.06,0,0.267123526664,2.24494371536,2.05492482385,-1.1582793355,4.44446892915,0.785301025384,1.43452372311,2.90000018624,0.600000155276
0,54,67.1292508573,1,1.43452380952,2.06,0,0.266571804255,2.24494364194,2.05492503063,-1.15827946835,4.4450206432,0.785301027357,1.43452371803,2.90000018487,0.600000155276
0,55,68.1213143494,1,1.46452380952,2.06,0,0.267123526664,2.24494371536,2.05492482385,-1.1582793355,4.44446892915,0.785301025384,1.46428562787,2.90000018624,0.600000155276
0,56,68.1713143494,1,1.46428571429,2.06,0,0.266571804255,2.24494364194,2.05492503063,-1.15827946835,4.4450206432,0.785301027357,1.46428562279,2.90000018487,0.600000155276
0,57,69.1633778414,1,1.49428571429,2.06,0,0.267123526664,2.24494371536,2.05492482385,-1.1582793355,4.44446892915,0.785301025384,1.49404753263,2.90000018624,0.600000155276
0,58,69.2133778414,1,1.49404761905,2.06,0,0.266571804255,2.24494364194,2.05492503063,-1.15827946835,4.4450206432,0.785301027357,1.49404752755,2.90000018487,0.600000155276
0,59,70.2054413335,1,1.52404761905,2.06,0,0.267123526664,2.24494371536,2.05492482385,-1.1582793355,4.44446892915,0.785301025384,1.5238094374,2.90000018624,0.600000155276
0,60,70.2554413335,1,1.52380952381,2.06,0,0.266571804255,2.24494364194,2.05492503063,-1.15827946835,4.4450206432,0.785301027357,1.52380943231,2.90000018487,0.600000155276
0,61,71.2475048256,1,1.55380952381,2.06,0,0.267123526664,2.24494371536,2.05492482385,-1.1582793355,4.44446892915,0.785301025384,1.55357134216,2.90000018624,0.600000155276
0,62,71.2975048256,1,1.55357142857,2.06,0,0.266571804255,2.24494364194,2.05492503063,-1.15827946835,4.4450206432,0.785301027357,1.55357133708,2.90000018487,0.600000155276
0,63,72.2895683176,1,1.58357142857,2.06,0,0.267123526664,2.24494371536,2.05492482385,-1.1582793355,4.44446892915,0.785301025384,1.58333324692,2.90000018624,0.600000155276
0,64,72.3395683176,1,1.58333333333,2.06,0,0.266571804255,2.24494364194,2.05492503063,-1.15827946835,4.4450206432,0.785301027357,1.58333324184,2.90000018487,0.600000155276
0,65,73.3316318097,1,1.61333333333,2.06,0,0.267123526664,2.24494371536,2.05492482385,-1.1582793355,4.44446892915,0.785301025384,1.61309515168,2.90000018624,0.600000155276
0,66,73.3816318097,1,1.6130952381,2.06,0,0.266571804255,2.24494364194,2.05492503063,-1.15827946835,4.4450206432,0.785301027357,1.6130951466,2.90000018487,0.600000155276
0,67,74.3736953017,1,1.6430952381,2.06,0,0.267123526664,2.24494371536,2.05492482385,-1.1582793355,4.44446892915,0.785301025384,1.64285705644,2.90000018624,0.600000155276
0,68,74.4236953017,1,1.64285714286,2.06,0,0.266571804255,2.24494364194,2.05492503063,-1.15827946835,4.4450206432,0.785301027357,1.64285705136,2.90000018487,0.600000155276
0,69,75.4157587938,1,1.67285714286,2.06,0,0.267123526664,2.24494371536,2.05492482385,-1.1582793355,4.44446892915,0.785301025384,1.67261896121,2.90000018624,0.600000155276
0,70,75.4657587938,1,1.67261904762,2.06,0,0.266571804255,2.24494364194,2.05492503063,-1.15827946835,4.4450206432,0.785301027357,1.67261895612,2.90000018487,0.600000155276
0,71,76.4578222859,1,1.70261904762,2.06,0,0.267123526664,2.24494371536,2.05492482385,-1.1582793355,4.44446892915,0.785301025384,1.70238086597,2.90000018624,0.600000155276
0,72,76.5078222859,1,1.70238095238,2.06,0,0.266571804255,2.24494364194,2.05492503063,-1.15827946835,4.4450206432,0.785301027357,1.70238086089,2.90000018487,0.600000155276
0,73,77.4998857779,1,1.73238095238,2.06,0,0.267123526664,2.24494371536,2.05492482385,-1.1582793355,4.44446892915,0.785301025384,1.73214277073,2.90000018624,0.600000155276
0,74,77.5498857779,1,1.73214285714,2.06,0,0.266571804255,2.24494364194,2.05492503063,-1.15827946835,4.4450206432,0.785301027357,1.73214276565,2.90000018487,0.600000155276
0,75,78.54194927,1,1.76214285714,2.06,0,0.267123526664,2.24494371536,2.05492482385,-1.1582793355,4.44446892915,0.785301025384,1.76190467549,2.90000018624,0.600000155276
0,76,78.59194927,1,1.7619047619,2.06,0,0.266571804255,2.24494364194,2.05492503063,-1.15827946835,4.4450206432,0.785301027357,1.76190467041,2.90000018487,0.600000155276
0,77,79.5840127621,1,1.7919047619,2.06,0,0.267123526664,2.24494371536,2.05492482385,-1.1582793355,4.44446892915,0.785301025384,1.79166658025,2.90000018624,0.600000155276
0,78,79.6340127621,1,1.79166666667,2.06,0,0.266571804255,2.24494364194,2.05492503063,-1.15827946835,4.4450206432,0.785301027357,1.79166657517,2.90000018487,0.600000155276
0,79,80.6260762541,1,1.82166666667,2.06,0,0.267123526664,2.24494371536,2.05492482385,-1.1582793355,4.44446892915,0.785301025384,1.82142848502,2.90000018624,0.600000155276
0,80,80.6760762541,1,1.82142857143,2.06,0,0.266571804255,2.24494364194,2.05492503063,-1.15827946835,4.4450206432,0.785301027357,1.82142847993,2.90000018487,0.600000155276
0,81,81.6681397462,1,1.85142857143,2.06,0,0.267123526664,2.24494371536,2.05492482385,-1.1582793355,4.44446892915,0.785301025384,1.85119038978,2.90000018624,0.600000155276
0,82,81.7181397462,1,1.85119047619,2.06,0,0.266571804255,2.24494364194,2.05492503063,-1.15827946835,4.4450206432,0.785301027357,1.8511903847,2.90000018487,0.600000155276
0,83,82.7102032383,1,1.88119047619,2.06,0,0.267123526664,2.24494371536,2.05492482385,-1.1582793355,4.44446892915,0.785301025384,1.88095229454,2.90000018624,0.600000155276
0,84,82.7602032383,1,1.88095238095,2.06,0,0.266571804255,2.24494364194,2.05492503063,-1.15827946835,4.4450206432,0.785301027357,1.88095228946,2.90000018487,0.600000155276
0,85,83.7522667303,1,1.91095238095,2.06,0,0.267123526664,2.24494371536,2.05492482385,-1.1582793355,4.44446892915,0.785301025384,1.9107141993,2.90000018624,0.600000155276
0,86,83.8022667303,1,1.91071428571,2.06,0,0.266571804255,2.24494364194,2.05492503063,-1.15827946835,4.4450206432,0.785301027357,1.91071419422,2.90000018487,0.600000155276
0,87,84.7943302224,1,1.94071428571,2.06,0,0.267123526664,2.24494371536,2.05492482385,-1.1582793355,4.44446892915,0.785301025384,1.94047610406,2.90000018624,0.600000155276
0,88,84.8443302224,1,1.94047619048,2.06,0,0.266571804255,2.24494364194,2.05492503063,-1.15827946835,4.4450206432,0.785301027357,1.94047609898,2.90000018487,0.600000155276
0,89,85.8363937144,1,1.97047619048,2.06,0,0.267123526664,2.24494371536,2.05492482385,-1.1582793355,4.44446892915,0.785301025384,1.97023800883,2.90000018624,0.600000155276
0,90,85.8863937144,1,1.97023809524,2.06,0,0.266571804255,2.24494364194,2.05492503063,-1.15827946835,4.4450206432,0.785301027357,1.97023800374,2.90000018487,0.600000155276
0,91,86.8784572065,1,2.00023809524,2.06,0,0.267123526664,2.24494371536,2.05492482385,-1.1582793355,4.44446892915,0.785301025384,1.99999991359,2.90000018624,0.600000155276
0,92,86.9284572065,1,2,2.06,0,0.266571804255,2.24494364194,2.05492503063,-1.15827946835,4.4450206432,0.785301027357,1.99999990851,2.90000018487,0.600000155276
0,93,87.9205206986,1,2.03,2.06,0,0.267123526664,2.24494371536,2.05492482385,-1.1582793355,4.44446892915,0.785301025384,2.02976181835,2.90000018624,0.600000155276
0,94,87.9705206986,1,2.02976190476,2.06,0,0.266571804255,2.24494364194,2.05492503063,-1.15827946835,4.4450206432,0.785301027357,2.02976181327,2.90000018487,0.600000155276
0,95,88.9625841906,1,2.05976190476,2.06,0,0.267123526664,2.24494371536,2.05492482385,-1.1582793355,4.44446892915,0.785301025384,2.05952372311,2.90000018624,0.600000155276
0,96,89.0125841906,1,2.05952380952,2.06,0,0.266571804255,2.24494364194,2.05492503063,-1.15827946835,4.4450206432,0.785301027357,2.05952371803,2.90000018487,0.600000155276
0,97,90.0046476827,1,2.08952380952,2.06,0,0.267123526664,2.24494371536,2.05492482385,-1.1582793355,4.44446892915,0.785301025384,2.08928562787,2.90000018624,0.600000155276
0,98,90.0546476827,1,2.08928571429,2.06,0,0.266571804255,2.24494364194,2.05492503063,-1.15827946835,4.4450206432,0.785301027357,2.08928562279,2.90000018487,0.600000155276
0,99,91.0467111748,1,2.11928571429,2.06,0,0.267123526664,2.24494371536,2.05492482385,-1.1582793355,4.44446892915,0.785301025384,2.11904753263,2.90000018624,0.600000155276
0,100,91.0967111748,1,2.11904761905,2.06,0,0.266571804255,2.24494364194,2.05492503063,-1.15827946835,4.4450206432,0.785301027357,2.11904752755,2.90000018487,0.600000155276
0,101,92.0887746668,1,2.14904761905,2.06,0,0.267123526664,2.24494371536,2.05492482385,-1.1582793355,4.44446892915,0.785301025384,2.1488094374,2.90000018624,0.600000155276
0,102,92.1387746668,1,2.14880952381,2.06,0,0.266571804255,2.24494364194,2.05492503063,-1.15827946835,4.4450206432,0.785301027357,2.14880943231,2.90000018487,0.600000155276
0,103,93.1308381589,1,2.17880952381,2.06,0,0.267123526664,2.24494371536,2.05492482385,-1.1582793355,4.44446892915,0.785301025384,2.17857134216,2.90000018624,0.600000155276
0,104,93.1808381589,1,2.17857142857,2.06,0,0.266571804255,2.24494364194,2.05492503063,-1.15827946835,4.4450206432,0.785301027357,2.17857133708,2.90000018487,0.600000155276
0,105,94.172901651,1,2.20857142857,2.06,0,0.267123526664,2.24494371536,2.05492482385,-1.1582793355,4.44446892915,0.785301025384,2.20833324692,2.90000018624,0.600000155276
0,106,94.222901651,1,2.20833333333,2.06,0,0.266571804255,2.24494364194,2.05492503063,-1.15827946835,4.4450206432,0.785301027357,2.20833324184,2.90000018487,0.600000155276
0,107,95.214965143,1,2.23833333333,2.06,0,0.267123526664,2.24494371536,2.05492482385,-1.1582793355,4.44446892915,0.785301025384,2.23809515168,2.90000018624,0.600000155276
0,108,95.264965143,1,2.2380952381,2.06,0,0.266571804255,2.24494364194,2.05492503063,-1.15827946835,4.4450206432,0.785301027357,2.2380951466,2.90000018487,0.600000155276
0,109,96.2570286351,1,2.2680952381,2.06,0,0.267123526664,2.24494371536,2.05492482385,-1.1582793355,4.44446892915,0.785301025384,2.26785705644,2.90000018624,0.600000155276
0,110,96.3070286351,1,2.26785714286,2.06,0,0.266571804255,2.24494364194,2.05492503063,-1.15827946835,4.4450206432,0.785301027357,2.26785705136,2.90000018487,0.600000155276
0,111,97.2990921271,1,2.29785714286,2.06,0,0.267123526664,2.24494371536,2.05492482385,-1.1582793355,4.44446892915,0.785301025384,2.29761896121,2.90000018624,0.600000155276
0,112,97.3490921271,1,2.29761904762,2.06,0,0.266571804255,2.24494364194,2.05492503063,-1.15827946835,4.4450206432,0.785301027357,2.29761895612,2.90000018487,0.600000155276
0,113,98.3411556192,1,2.32761904762,2.06,0,0.267123526664,2.24494371536,2.05492482385,-1.1582793355,4.44446892915,0.785301025384,2.32738086597,2.90000018624,0.600000155276
0,114,98.3911556192,1,2.32738095238,2.06,0,0.266571804255,2.24494364194,2.05492503063,-1.15827946835,4.4450206432,0.785301027357,2.32738086089,2.90000018487,0.600000155276
0,115,99.3832191113,1,2.35738095238,2.06,0,0.267123526664,2.24494371536,2.05492482385,-1.1582793355,4.44446892915,0.785301025384,2.35714277073,2.90000018624,0.600000155276
0,116,99.4332191113,1,2.35714285714,2.06,0,0.266571804255,2.24494364194,2.05492503063,-1.15827946835,4.4450206432,0.785301027357,2.35714276565,2.90000018487,0.600000155276
0,117,100.425282603,1,2.38714285714,2.06,0,0.267123526664,2.24494371536,2.05492482385,-1.1582793355,4.44446892915,0.785301025384,2.38690467549,2.90000018624,0.600000155276
0,118,100.475282603,1,2.3869047619,2.06,0,0.266571804255,2.24494364194,2.05492503063,-1.15827946835,4.4450206432,0.785301027357,2.38690467041,2.90000018487,0.600000155276
0,119,101.467346095,1,2.4169047619,2.06,0,0.267123526664,2.24494371536,2.05492482385,-1.1582793355,4.44446892915,0.785301025384,2.41666658025,2.90000018624,0.600000155276
0,120,101.517346095,1,2.41666666667,2.06,0,0.266571804255,2.24494364194,2.05492503063,-1.15827946835,4.4450206432,0.785301027357,2.41666657517,2.90000018487,0.600000155276
0,121,102.509409587,1,2.44666666667,2.06,0,0.267123526664,2.24494371536,2.05492482385,-1.1582793355,4.44446892915,0.785301025384,2.44642848502,2.90000018624,0.600000155276
0,122,102.559409587,1,2.44642857143,2.06,0,0.266571804255,2.24494364194,2.05492503063,-1.15827946835,4.4450206432,0.785301027357,2.44642847993,2.90000018487,0.600000155276
0,123,103.55147308,1,2.47642857143,2.06,0,0.267123526664,2.24494371536,2.05492482385,-1.1582793355,4.44446892915,0.785301025384,2.47619038978,2.90000018624,0.600000155276
0,124,103.60147308,1,2.47619047619,2.06,0,0.266571804255,2.24494364194,2.05492503063,-1.15827946835,4.4450206432,0.785301027357,2.4761903847,2.90000018487,0.600000155276
0,125,104.593536572,1,2.50619047619,2.06,0,0.267123526664,2.24494371536,2.05492482385,-1.1582793355,4.44446892915,0.785301025384,2.50595229454,2.90000018624,0.600000155276
0,126,104.643536572,1,2.50595238095,2.06,0,0.266571804255,2.24494364194,2.05492503063,-1.15827946835,4.4450206432,0.785301027357,2.50595228946,2.90000018487,0.600000155276
0,127,105.635600064,1,2.53595238095,2.06,0,0.267123526664,2.24494371536,2.05492482385,-1.1582793355,4.44446892915,0.785301025384,2.5357141993,2.90000018624,0.600000155276
0,128,105.685600064,1,2.53571428571,2.06,0,0.266571804255,2.24494364194,2.05492503063,-1.15827946835,4.4450206432,0.785301027357,2.53571419422,2.90000018487,0.600000155276
0,129,106.677663556,1,2.56571428571,2.06,0,0.267123526664,2.24494371536,2.05492482385,-1.1582793355,4.44446892915,0.785301025384,2.56547610406,2.90000018624,0.600000155276
0,130,106.727663556,1,2.56547619048,2.06,0,0.266571804255,2.24494364194,2.05492503063,-1.15827946835,4.4450206432,0.785301027357,2.56547609898,2.90000018487,0.600000155276
0,131,107.719727048,1,2.59547619048,2.06,0,0.267123526664,2.24494371536,2.05492482385,-1.1582793355,4.44446892915,0.785301025384,2.59523800883,2.90000018624,0.600000155276
0,132,107.769727048,1,2.59523809524,2.06,0,0.266571804255,2.24494364194,2.05492503063,-1.15827946835,4.4450206432,0.785301027357,2.59523800374,2.90000018487,0.600000155276
0,133,108.76179054,1,2.62523809524,2.06,0,0.267123526664,2.24494371536,2.05492482385,-1.1582793355,4.44446892915,0.785301025384,2.62499991359,2.90000018624,0.600000155276
0,134,108.81179054,1,2.625,2.06,0,0.266571804255,2.24494364194,2.05492503063,-1.15827946835,4.4450206432,0.785301027357,2.62499990851,2.90000018487,0.600000155276
0,135,109.803854032,1,2.655,2.06,0,0.267123526664,2.24494371536,2.05492482385,-1.1582793355,4.44446892915,0.785301025384,2.65476181835,2.90000018624,0.600000155276
0,136,109.853854032,1,2.65476190476,2.06,0,0.266571804255,2.24494364194,2.05492503063,-1.15827946835,4.4450206432,0.785301027357,2.65476181327,2.90000018487,0.600000155276
0,137,110.845917524,1,2.68476190476,2.06,0,0.267123526664,2.24494371536,2.05492482385,-1.1582793355,4.44446892915,0.785301025384,2.68452372311,2.90000018624,0.600000155276
0,138,110.895917524,1,2.68452380952,2.06,0,0.266571804255,2.24494364194,2.05492503063,-1.15827946835,4.4450206432,0.785301027357,2.68452371803,2.90000018487,0.600000155276
0,139,111.887981016,1,2.71452380952,2.06,0,0.267123526664,2.24494371536,2.05492482385,-1.1582793355,4.44446892915,0.785301025384,2.71428562787,2.90000018624,0.600000155276
0,140,111.937981016,1,2.71428571429,2.06,0,0.266571804255,2.24494364194,2.05492503063,-1.15827946835,4.4450206432,0.785301027357,2.71428562279,2.90000018487,0.600000155276
0,141,112.930044508,1,2.74428571429,2.06,0,0.267123526664,2.24494371536,2.05492482385,-1.1582793355,4.44446892915,0.785301025384,2.74404753263,2.90000018624,0.600000155276
0,142,112.980044508,1,2.74404761905,2.06,0,0.266571804255,2.24494364194,2.05492503063,-1.15827946835,4.4450206432,0.785301027357,2.74404752755,2.90000018487,0.600000155276
0,143,113.972108,1,2.77404761905,2.06,0,0.267123526664,2.24494371536,2.05492482385,-1.1582793355,4.44446892915,0.785301025384,2.7738094374,2.90000018624,0.600000155276
0,144,114.022108,1,2.77380952381,2.06,0,0.266571804255,2.24494364194,2.05492503063,-1.15827946835,4.4450206432,0.785301027357,2.77380943231,2.90000018487,0.600000155276
0,145,115.014171492,1,2.80380952381,2.06,0,0.267123526664,2.24494371536,2.05492482385,-1.1582793355,4.44446892915,0.785301025384,2.80357134216,2.90000018624,0.600000155276
0,146,115.064171492,1,2.80357142857,2.06,0,0.266571804255,2.24494364194,2.05492503063,-1.15827946835,4.4450206432,0.785301027357,2.80357133708,2.90000018487,0.600000155276
0,147,116.056234984,1,2.83357142857,2.06,0,0.267123526664,2.24494371536,2.05492482385,-1.1582793355,4.44446892915,0.785301025384,2.83333324692,2.90000018624,0.600000155276
0,148,116.106234984,1,2.83333333333,2.06,0,0.266571804255,2.24494364194,2.05492503063,-1.15827946835,4.4450206432,0.785301027357,2.83333324184,2.90000018487,0.600000155276
0,149,117.098298476,1,2.86333333333,2.06,0,0.267123526664,2.24494371536,2.05492482385,-1.1582793355,4.44446892915,0.785301025384,2.86309515168,2.90000018624,0.600000155276
0,150,117.148298476,1,2.8630952381,2.06,0,0.266571804255,2.24494364194,2.05492503063,-1.15827946835,4.4450206432,0.785301027357,2.8630951466,2.90000018487,0.600000155276
0,151,118.140361968,1,2.8930952381,2.06,0,0.267123526664,2.24494371536,2.05492482385,-1.1582793355,4.44446892915,0.785301025384,2.89285705644,2.90000018624,0.600000155276
0,152,118.190361968,1,2.89285714286,2.06,0,0.266571804255,2.24494364194,2.05492503063,-1.15827946835,4.4450206432,0.785301027357,2.89285705136,2.90000018487,0.600000155276
0,153,119.18242546,1,2.92285714286,2.06,0,0.267123526664,2.24494371536,2.05492482385,-1.1582793355,4.44446892915,0.785301025384,2.92261896121,2.90000018624,0.600000155276
0,154,119.23242546,1,2.92261904762,2.06,0,0.266571804255,2.24494364194,2.05492503063,-1.15827946835,4.4450206432,0.785301027357,2.92261895612,2.90000018487,0.600000155276
0,155,120.224488953,1,2.95261904762,2.06,0,0.267123526664,2.24494371536,2.05492482385,-1.1582793355,4.44446892915,0.785301025384,2.95238086597,2.90000018624,0.600000155276
0,156,120.274488953,1,2.95238095238,2.06,0,0.266571804255,2.24494364194,2.05492503063,-1.15827946835,4.4450206432,0.785301027357,2.95238086089,2.90000018487,0.600000155276
0,157,121.266552445,1,2.98238095238,2.06,0,0.267123526664,2.24494371536,2.05492482385,-1.1582793355,4.44446892915,0.785301025384,2.98214277073,2.90000018624,0.600000155276
0,158,121.316552445,1,2.98214285714,2.06,0,0.266571804255,2.24494364194,2.05492503063,-1.15827946835,4.4450206432,0.785301027357,2.98214276565,2.90000018487,0.600000155276
0,159,122.308615937,1,3.01214285714,2.06,0,0.267123526664,2.24494371536,2.05492482385,-1.1582793355,4.44446892915,0.785301025384,3.01190467549,2.90000018624,0.600000155276
0,160,122.358615937,1,3.0119047619,2.06,0,0.266571804255,2.24494364194,2.05492503063,-1.15827946835,4.4450206432,0.785301027357,3.01190467041,2.90000018487,0.600000155276
0,161,123.350679429,1,3.0419047619,2.06,0,0.267123526664,2.24494371536,2.05492482385,-1.1582793355,4.44446892915,0.785301025384,3.04166658025,2.90000018624,0.600000155276
0,162,123.400679429,1,3.04166666667,2.06,0,0.266571804255,2.24494364194,2.05492503063,-1.15827946835,4.4450206432,0.785301027357,3.04166657517,2.90000018487,0.600000155276
0,163,124.392742921,1,3.07166666667,2.06,0,0.267123526664,2.24494371536,2.05492482385,-1.1582793355,4.44446892915,0.785301025384,3.07142848502,2.90000018624,0.600000155276
0,164,124.442742921,1,3.07142857143,2.06,0,0.266571804255,2.24494364194,2.05492503063,-1.15827946835,4.4450206432,0.785301027357,3.07142847993,2.90000018487,0.600000155276
0,165,125.434806413,1,3.10142857143,2.06,0,0.267123526664,2.24494371536,2.05492482385,-1.1582793355,4.44446892915,0.785301025384,3.10119038978,2.90000018624,0.600000155276
0,166,125.484806413,1,3.10119047619,2.06,0,0.266571804255,2.24494364194,2.05492503063,-1.15827946835,4.4450206432,0.785301027357,3.1011903847,2.90000018487,0.600000155276
0,167,126.476869905,1,3.13119047619,2.06,0,0.267123526664,2.24494371536,2.05492482385,-1.1582793355,4.44446892915,0.785301025384,3.13095229454,2.90000018624,0.600000155276
0,168,126.526869905,1,3.13095238095,2.06,0,0.266571804255,2.24494364194,2.05492503063,-1.15827946835,4.4450206432,0.785301027357,3.13095228946,2.90000018487,0.600000155276
0,169,127.518933397,1,3.16095238095,2.06,0,0.267123526664,2.24494371536,2.05492482385,-1.1582793355,4.44446892915,0.785301025384,3.1607141993,2.90000018624,0.600000155276
0,170,127.568933397,1,3.16071428571,2.06,0,0.266571804255,2.24494364194,2.05492503063,-1.15827946835,4.4450206432,0.785301027357,3.16071419422,2.90000018487,0.600000155276
0,171,128.560996889,1,3.19071428571,2.06,0,0.267123526664,2.24494371536,2.05492482385,-1.1582793355,4.44446892915,0.785301025384,3.19047610406,2.90000018624,0.600000155276
0,172,128.610996889,1,3.19047619048,2.06,0,0.266571804255,2.24494364194,2.05492503063,-1.15827946835,4.4450206432,0.785301027357,3.19047609898,2.90000018487,0.600000155276
0,173,129.603060381,1,3.22047619048,2.06,0,0.267123526664,2.24494371536,2.05492482385,-1.1582793355,4.44446892915,0.785301025384,3.22023800883,2.90000018624,0.600000155276
0,174,129.653060381,1,3.22023809524,2.06,0,0.266571804255,2.24494364194,2.05492503063,-1.15827946835,4.4450206432,0.785301027357,3.22023800374,2.90000018487,0.600000155276
0,175,130.645123873,1,3.25023809524,2.06,0,0.267123526664,2.24494371536,2.05492482385,-1.1582793355,4.44446892915,0.785301025384,3.24999991359,2.90000018624,0.600000155276
0,176,130.695123873,1,3.25,2.06,0,0.266571804255,2.24494364194,2.05492503063,-1.15827946835,4.4450206432,0.785301027357,3.24999990851,2.90000018487,0.600000155276
0,177,132.528457207,1,3.25,2.06,0,0.266571589779,2.17979604793,2.05255387763,-1.09076149326,4.44502086189,0.785300823422,3.24999991108,2.90000012469,0.627499834172
0,178,134.36179054,1,3.25,2.06,0,0.266571356354,2.1171163779,2.04481436286,-1.02034231858,4.44502109531,0.785300820747,3.24999991108,2.90000011004,0.654999834696
0,179,136.195123873,1,3.25,2.06,0,0.266571122671,2.05745399289,2.0317695695,-0.947635146419,4.445021329,0.78530081911,3.24999991108,2.90000009581,0.682499836308
0,180,138.028457207,1,3.25,2.06,0,0.266570889043,2.00130602403,2.01352028986,-0.873237900248,4.44502156262,0.785300818496,3.24999991108,2.90000008148,0.709999838848
0,181,139.86179054,1,3.25,2.06,0,0.266570655742,1.94909835078,1.99019599133,-0.797705927478,4.44502179592,0.785300818756,3.24999991108,2.90000006664,0.737499841931
0,182,141.695123873,1,3.25,2.06,0,0.266570422974,1.90117306342,1.9619437702,-0.721528415673,4.44502202869,0.785300819634,3.24999991108,2.90000005096,0.764999845005
0,183,143.528457207,1,3.25,2.06,0,0.266570190865,1.85778447262,1.9289162512,-0.645112301452,4.4450222608,0.785300820802,3.24999991108,2.90000003424,0.792499847438
0,184,145.36179054,1,3.25,2.06,0,0.26656995947,1.81910287774,1.8912593385,-0.568773789701,4.4450224922,0.785300821904,3.24999991109,2.9000000164,0.819999848582
0,185,146.353854032,1,3.22,2.06,0,0.266018090991,1.81910216521,1.89125824113,-0.568771182236,4.44557435648,0.785301034439,3.22023800377,2.90000009811,0.820000171812
0,186,146.403854032,1,3.22023809524,2.06,0,0.266569896742,1.81910202784,1.89125842519,-0.56877122942,4.44502255915,0.785301032485,3.2202380089,2.90000009949,0.820000171822
0,187,147.395917524,1,3.19023809524,2.06,0,0.266018090988,1.81910216519,1.8912582411,-0.568771182156,4.44557435649,0.785301034447,3.19047609901,2.90000009812,0.820000171822
0,188,147.445917524,1,3.19047619048,2.06,0,0.266569896742,1.81910202784,1.89125842519,-0.56877122942,4.44502255915,0.785301032485,3.19047610414,2.90000009949,0.820000171822
0,189,148.437981016,1,3.16047619048,2.06,0,0.266018090989,1.81910216519,1.8912582411,-0.568771182156,4.44557435649,0.785301034447,3.16071419425,2.90000009812,0.820000171822
0,190,148.487981016,1,3.16071428571,2.06,0,0.266569896742,1.81910202784,1.89125842519,-0.56877122942,4.44502255915,0.785301032485,3.16071419938,2.90000009949,0.820000171822
0,191,149.480044508,1,3.13071428571,2.06,0,0.266018090989,1.81910216519,1.8912582411,-0.568771182156,4.44557435649,0.785301034447,3.13095228949,2.90000009812,0.820000171822
0,192,149.530044508,1,3.13095238095,2.06,0,0.266569896742,1.81910202784,1.89125842519,-0.56877122942,4.44502255915,0.785301032485,3.13095229462,2.90000009949,0.820000171822
0,193,150.522108,1,3.10095238095,2.06,0,0.266018090989,1.81910216519,1.8912582411,-0.568771182156,4.44557435649,0.785301034447,3.10119038473,2.90000009812,0.820000171822
0,194,150.572108,1,3.10119047619,2.06,0,0.266569896742,1.81910202784,1.89125842519,-0.56877122942,4.44502255915,0.785301032485,3.10119038986,2.90000009949,0.820000171822
0,195,151.564171492,1,3.07119047619,2.06,0,0.266018090989,1.81910216519,1.8912582411,-0.568771182156,4.44557435649,0.785301034447,3.07142847996,2.90000009812,0.820000171822
0,196,151.614171492,1,3.07142857143,2.06,0,0.266569896742,1.81910202784,1.89125842519,-0.56877122942,4.44502255915,0.785301032485,3.0714284851,2.90000009949,0.820000171822
0,197,152.606234984,1,3.04142857143,2.06,0,0.266018090988,1.81910216519,1.8912582411,-0.568771182156,4.44557435649,0.785301034447,3.0416665752,2.90000009812,0.820000171822
0,198,152.656234984,1,3.04166666667,2.06,0,0.266569896742,1.81910202784,1.89125842519,-0.56877122942,4.44502255915,0.785301032485,3.04166658033,2.90000009949,0.820000171822
0,199,153.648298476,1,3.01166666667,2.06,0,0.266018090988,1.81910216519,1.8912582411,-0.568771182156,4.44557435649,0.785301034447,3.01190467044,2.90000009812,0.820000171822
0,200,153.698298476,1,3.0119047619,2.06,0,0.266569896742,1.81910202784,1.89125842519,-0.56877122942,4.44502255915,0.785301032485,3.01190467557,2.90000009949,0.820000171822
0,201,154.690361968,1,2.9819047619,2.06,0,0.266018090989,1.81910216519,1.8912582411,-0.568771182156,4.44557435649,0.785301034447,2.98214276568,2.90000009812,0.820000171822
0,202,154.740361968,1,2.98214285714,2.06,0,0.266569896742,1.81910202784,1.89125842519,-0.56877122942,4.44502255915,0.785301032485,2.98214277081,2.90000009949,0.820000171822
0,203,155.73242546,1,2.95214285714,2.06,0,0.266018090988,1.81910216519,1.8912582411,-0.568771182156,4.44557435649,0.785301034447,2.95238086092,2.90000009812,0.820000171822
0,204,155.78242546,1,2.95238095238,2.06,0,0.266569896742,1.81910202784,1.89125842519,-0.56877122942,4.44502255915,0.785301032485,2.95238086605,2.90000009949,0.820000171822
0,205,156.774488953,1,2.92238095238,2.06,0,0.266018090988,1.81910216519,1.8912582411,-0.568771182156,4.44557435649,0.785301034447,2.92261895615,2.90000009812,0.820000171822
0,206,156.824488953,1,2.92261904762,2.06,0,0.266569896742,1.81910202784,1.89125842519,-0.56877122942,4.44502255915,0.785301032485,2.92261896129,2.90000009949,0.820000171822
0,207,157.816552445,1,2.89261904762,2.06,0,0.266018090989,1.81910216519,1.8912582411,-0.568771182156,4.44557435649,0.785301034447,2.89285705139,2.90000009812,0.820000171822
0,208,157.866552445,1,2.89285714286,2.06,0,0.266569896742,1.81910202784,1.89125842519,-0.56877122942,4.44502255915,0.785301032485,2.89285705652,2.90000009949,0.820000171822
0,209,158.858615937,1,2.86285714286,2.06,0,0.266018090988,1.81910216519,1.8912582411,-0.568771182156,4.44557435649,0.785301034447,2.86309514663,2.90000009812,0.820000171822
0,210,158.908615937,1,2.8630952381,2.06,0,0.266569896742,1.81910202784,1.89125842519,-0.56877122942,4.44502255915,0.785301032485,2.86309515176,2.90000009949,0.820000171822
0,211,159.900679429,1,2.8330952381,2.06,0,0.266018090988,1.81910216519,1.8912582411,-0.568771182156,4.44557435649,0.785301034447,2.83333324187,2.90000009812,0.820000171822
0,212,159.950679429,1,2.83333333333,2.06,0,0.266569896742,1.81910202784,1.89125842519,-0.56877122942,4.44502255915,0.785301032485,2.833333247,2.90000009949,0.820000171822
0,213,160.942742921,1,2.80333333333,2.06,0,0.266018090988,1.81910216519,1.8912582411,-0.568771182156,4.44557435649,0.785301034447,2.80357133711,2.90000009812,0.820000171822
0,214,160.992742921,1,2.80357142857,2.06,0,0.266569896742,1.81910202784,1.89125842519,-0.56877122942,4.44502255915,0.785301032485,2.80357134224,2.90000009949,0.820000171822
0,215,161.984806413,1,2.77357142857,2.06,0,0.266018090988,1.81910216519,1.8912582411,-0.568771182156,4.44557435649,0.785301034447,2.77380943235,2.90000009812,0.820000171822
0,216,162.034806413,1,2.77380952381,2.06,0,0.266569896742,1.81910202784,1.89125842519,-0.56877122942,4.44502255915,0.785301032485,2.77380943748,2.90000009949,0.820000171822
0,217,163.026869905,1,2.74380952381,2.06,0,0.266018090988,1.81910216519,1.8912582411,-0.568771182156,4.44557435649,0.785301034447,2.74404752758,2.90000009812,0.820000171822
0,218,163.076869905,1,2.74404761905,2.06,0,0.266569896742,1.81910202784,1.89125842519,-0.56877122942,4.44502255915,0.785301032485,2.74404753271,2.90000009949,0.820000171822
0,219,164.068933397,1,2.71404761905,2.06,0,0.266018090988,1.81910216519,1.8912582411,-0.568771182156,4.44557435649,0.785301034447,2.71428562282,2.90000009812,0.820000171822
0,220,164.118933397,1,2.71428571429,2.06,0,0.266569896742,1.81910202784,1.89125842519,-0.56877122942,4.44502255915,0.785301032485,2.71428562795,2.90000009949,0.820000171822
0,221,165.110996889,1,2.68428571429,2.06,0,0.266018090988,1.81910216519,1.8912582411,-0.568771182156,4.44557435649,0.785301034447,2.68452371806,2.90000009812,0.820000171822
0,222,165.160996889,1,2.68452380952,2.06,0,0.266569896742,1.81910202784,1.89125842519,-0.56877122942,4.44502255915,0.785301032485,2.68452372319,2.90000009949,0.820000171822
0,223,166.153060381,1,2.65452380952,2.06,0,0.266018090989,1.81910216519,1.8912582411,-0.568771182156,4.44557435649,0.785301034447,2.6547618133,2.90000009812,0.820000171822
0,224,166.203060381,1,2.65476190476,2.06,0,0.266569896742,1.81910202784,1.89125842519,-0.56877122942,4.44502255915,0.785301032485,2.65476181843,2.90000009949,0.820000171822
0,225,167.195123873,1,2.62476190476,2.06,0,0.266018090988,1.81910216519,1.8912582411,-0.568771182156,4.44557435649,0.785301034447,2.62499990854,2.90000009812,0.820000171822
0,226,167.245123873,1,2.625,2.06,0,0.266569896742,1.81910202784,1.89125842519,-0.56877122942,4.44502255915,0.785301032485,2.62499991367,2.90000009949,0.820000171822
0,227,168.237187365,1,2.595,2.06,0,0.266018090989,1.81910216519,1.8912582411,-0.568771182156,4.44557435649,0.785301034447,2.59523800377,2.90000009812,0.820000171822
0,228,168.287187365,1,2.59523809524,2.06,0,0.266569896742,1.81910202784,1.89125842519,-0.56877122942,4.44502255915,0.785301032485,2.5952380089,2.90000009949,0.820000171822
0,229,169.279250857,1,2.56523809524,2.06,0,0.266018090989,1.81910216519,1.8912582411,-0.568771182156,4.44557435649,0.785301034447,2.56547609901,2.90000009812,0.820000171822
0,230,169.329250857,1,2.56547619048,2.06,0,0.266569896742,1.81910202784,1.89125842519,-0.56877122942,4.44502255915,0.785301032485,2.56547610414,2.90000009949,0.820000171822
0,231,170.321314349,1,2.53547619048,2.06,0,0.266018090989,1.81910216519,1.8912582411,-0.568771182156,4.44557435649,0.785301034447,2.53571419425,2.90000009812,0.820000171822
0,232,170.371314349,1,2.53571428571,2.06,0,0.266569896742,1.81910202784,1.89125842519,-0.56877122942,4.44502255915,0.785301032485,2.53571419938,2.90000009949,0.820000171822
0,233,171.363377841,1,2.50571428571,2.06,0,0.266018090988,1.81910216519,1.8912582411,-0.568771182156,4.44557435649,0.785301034447,2.50595228949,2.90000009812,0.820000171822
0,234,171.413377841,1,2.50595238095,2.06,0,0.266569896742,1.81910202784,1.89125842519,-0.56877122942,4.44502255915,0.785301032485,2.50595229462,2.90000009949,0.820000171822
0,235,172.405441333,1,2.47595238095,2.06,0,0.266018090988,1.81910216519,1.8912582411,-0.568771182156,4.44557435649,0.785301034447,2.47619038473,2.90000009812,0.820000171822
0,236,172.455441333,1,2.47619047619,2.06,0,0.266569896742,1.81910202784,1.89125842519,-0.56877122942,4.44502255915,0.785301032485,2.47619038986,2.90000009949,0.820000171822
0,237,173.447504826,1,2.44619047619,2.06,0,0.266018090989,1.81910216519,1.8912582411,-0.568771182156,4.44557435649,0.785301034447,2.44642847996,2.90000009812,0.820000171822
0,238,173.497504826,1,2.44642857143,2.06,0,0.266569896742,1.81910202784,1.89125842519,-0.56877122942,4.44502255915,0.785301032485,2.4464284851,2.90000009949,0.820000171822
0,239,174.489568318,1,2.41642857143,2.06,0,0.266018090988,1.81910216519,1.8912582411,-0.568771182156,4.44557435649,0.785301034447,2.4166665752,2.90000009812,0.820000171822
0,240,174.539568318,1,2.41666666667,2.06,0,0.266569896742,1.81910202784,1.89125842519,-0.56877122942,4.44502255915,0.785301032485,2.41666658033,2.90000009949,0.820000171822
0,241,175.53163181,1,2.38666666667,2.06,0,0.266018090988,1.81910216519,1.8912582411,-0.568771182156,4.44557435649,0.785301034447,2.38690467044,2.90000009812,0.820000171822
0,242,175.58163181,1,2.3869047619,2.06,0,0.266569896742,1.81910202784,1.89125842519,-0.56877122942,4.44502255915,0.785301032485,2.38690467557,2.90000009949,0.820000171822
0,243,176.573695302,1,2.3569047619,2.06,0,0.266018090988,1.81910216519,1.8912582411,-0.568771182156,4.44557435649,0.785301034447,2.35714276568,2.90000009812,0.820000171822
0,244,176.623695302,1,2.35714285714,2.06,0,0.266569896742,1.81910202784,1.89125842519,-0.56877122942,4.44502255915,0.785301032485,2.35714277081,2.90000009949,0.820000171822
0,245,177.615758794,1,2.32714285714,2.06,0,0.266018090988,1.81910216519,1.8912582411,-0.568771182156,4.44557435649,0.785301034447,2.32738086092,2.90000009812,0.820000171822
0,246,177.665758794,1,2.32738095238,2.06,0,0.266569896742,1.81910202784,1.89125842519,-0.56877122942,4.44502255915,0.785301032485,2.32738086605,2.90000009949,0.820000171822
0,247,178.657822286,1,2.29738095238,2.06,0,0.266018090988,1.81910216519,1.8912582411,-0.568771182156,4.44557435649,0.785301034447,2.29761895615,2.90000009812,0.820000171822
0,248,178.707822286,1,2.29761904762,2.06,0,0.266569896742,1.81910202784,1.89125842519,-0.56877122942,4.44502255915,0.785301032485,2.29761896129,2.90000009949,0.820000171822
0,249,179.699885778,1,2.26761904762,2.06,0,0.266018090988,1.81910216519,1.8912582411,-0.568771182156,4.44557435649,0.785301034447,2.26785705139,2.90000009812,0.820000171822
0,250,179.749885778,1,2.26785714286,2.06,0,0.266569896742,1.81910202784,1.89125842519,-0.56877122942,4.44502255915,0.785301032485,2.26785705652,2.90000009949,0.820000171822
0,251,180.74194927,1,2.23785714286,2.06,0,0.266018090988,1.81910216519,1.8912582411,-0.568771182156,4.44557435649,0.785301034447,2.23809514663,2.90000009812,0.820000171822
0,252,180.79194927,1,2.2380952381,2.06,0,0.266569896742,1.81910202784,1.89125842519,-0.56877122942,4.44502255915,0.785301032485,2.23809515176,2.90000009949,0.820000171822
0,253,181.784012762,1,2.2080952381,2.06,0,0.266018090988,1.81910216519,1.8912582411,-0.568771182156,4.44557435649,0.785301034447,2.20833324187,2.90000009812,0.820000171822
0,254,181.834012762,1,2.20833333333,2.06,0,0.266569896742,1.81910202784,1.89125842519,-0.56877122942,4.44502255915,0.785301032485,2.208333247,2.90000009949,0.820000171822
0,255,182.826076254,1,2.17833333333,2.06,0,0.266018090988,1.81910216519,1.8912582411,-0.568771182156,4.44557435649,0.785301034447,2.17857133711,2.90000009812,0.820000171822
0,256,182.876076254,1,2.17857142857,2.06,0,0.266569896742,1.81910202784,1.89125842519,-0.56877122942,4.44502255915,0.785301032485,2.17857134224,2.90000009949,0.820000171822
0,257,183.868139746,1,2.14857142857,2.06,0,0.266018090988,1.81910216519,1.8912582411,-0.568771182156,4.44557435649,0.785301034447,2.14880943235,2.90000009812,0.820000171822
0,258,183.918139746,1,2.14880952381,2.06,0,0.266569896742,1.81910202784,1.89125842519,-0.56877122942,4.44502255915,0.785301032485,2.14880943748,2.90000009949,0.820000171822
0,259,184.910203238,1,2.11880952381,2.06,0,0.266018090988,1.81910216519,1.8912582411,-0.568771182156,4.44557435649,0.785301034447,2.11904752758,2.90000009812,0.820000171822
0,260,184.960203238,1,2.11904761905,2.06,0,0.266569896742,1.81910202784,1.89125842519,-0.56877122942,4.44502255915,0.785301032485,2.11904753271,2.90000009949,0.820000171822
0,261,185.95226673,1,2.08904761905,2.06,0,0.266018090988,1.81910216519,1.8912582411,-0.568771182156,4.44557435649,0.785301034447,2.08928562282,2.90000009812,0.820000171822
0,262,186.00226673,1,2.08928571429,2.06,0,0.266569896742,1.81910202784,1.89125842519,-0.56877122942,4.44502255915,0.785301032485,2.08928562795,2.90000009949,0.820000171822
0,263,186.994330222,1,2.05928571429,2.06,0,0.266018090988,1.81910216519,1.8912582411,-0.568771182156,4.44557435649,0.785301034447,2.05952371806,2.90000009812,0.820000171822
0,264,187.044330222,1,2.05952380952,2.06,0,0.266569896742,1.81910202784,1.89125842519,-0.56877122942,4.44502255915,0.785301032485,2.05952372319,2.90000009949,0.820000171822
0,265,188.036393714,1,2.02952380952,2.06,0,0.266018090988,1.81910216519,1.8912582411,-0.568771182156,4.44557435649,0.785301034447,2.0297618133,2.90000009812,0.820000171822
0,266,188.086393714,1,2.02976190476,2.06,0,0.266569896742,1.81910202784,1.89125842519,-0.56877122942,4.44502255915,0.785301032485,2.02976181843,2.90000009949,0.820000171822
0,267,189.078457207,1,1.99976190476,2.06,0,0.266018090988,1.81910216519,1.8912582411,-0.568771182156,4.44557435649,0.785301034447,1.99999990854,2.90000009812,0.820000171822
0,268,189.128457207,1,2,2.06,0,0.266569896742,1.81910202784,1.89125842519,-0.56877122942,4.44502255915,0.785301032485,1.99999991367,2.90000009949,0.820000171822
0,269,190.120520699,1,1.97,2.06,0,0.266018090989,1.81910216519,1.8912582411,-0.568771182156,4.44557435649,0.785301034447,1.97023800377,2.90000009812,0.820000171822
0,270,190.170520699,1,1.97023809524,2.06,0,0.266569896742,1.81910202784,1.89125842519,-0.56877122942,4.44502255915,0.785301032485,1.9702380089,2.90000009949,0.820000171822
0,271,191.162584191,1,1.94023809524,2.06,0,0.266018090988,1.81910216519,1.8912582411,-0.568771182156,4.44557435649,0.785301034447,1.94047609901,2.90000009812,0.820000171822
0,272,191.212584191,1,1.94047619048,2.06,0,0.266569896742,1.81910202784,1.89125842519,-0.56877122942,4.44502255915,0.785301032485,1.94047610414,2.90000009949,0.820000171822
0,273,192.204647683,1,1.91047619048,2.06,0,0.266018090989,1.81910216519,1.8912582411,-0.568771182156,4.44557435649,0.785301034447,1.91071419425,2.90000009812,0.820000171822
0,274,192.254647683,1,1.91071428571,2.06,0,0.266569896742,1.81910202784,1.89125842519,-0.56877122942,4.44502255915,0.785301032485,1.91071419938,2.90000009949,0.820000171822
0,275,193.246711175,1,1.88071428571,2.06,0,0.266018090988,1.81910216519,1.8912582411,-0.568771182156,4.44557435649,0.785301034447,1.88095228949,2.90000009812,0.820000171822
0,276,193.296711175,1,1.88095238095,2.06,0,0.266569896742,1.81910202784,1.89125842519,-0.56877122942,4.44502255915,0.785301032485,1.88095229462,2.90000009949,0.820000171822
0,277,194.288774667,1,1.85095238095,2.06,0,0.266018090988,1.81910216519,1.8912582411,-0.568771182156,4.44557435649,0.785301034447,1.85119038473,2.90000009812,0.820000171822
0,278,194.338774667,1,1.85119047619,2.06,0,0.266569896742,1.81910202784,1.89125842519,-0.56877122942,4.44502255915,0.785301032485,1.85119038986,2.90000009949,0.820000171822
0,279,195.330838159,1,1.82119047619,2.06,0,0.266018090989,1.81910216519,1.8912582411,-0.568771182156,4.44557435649,0.785301034447,1.82142847996,2.90000009812,0.820000171822
0,280,195.380838159,1,1.82142857143,2.06,0,0.266569896742,1.81910202784,1.89125842519,-0.56877122942,4.44502255915,0.785301032485,1.8214284851,2.90000009949,0.820000171822
0,281,196.372901651,1,1.79142857143,2.06,0,0.266018090988,1.81910216519,1.8912582411,-0.568771182156,4.44557435649,0.785301034447,1.7916665752,2.90000009812,0.820000171822
0,282,196.422901651,1,1.79166666667,2.06,0,0.266569896742,1.81910202784,1.89125842519,-0.56877122942,4.44502255915,0.785301032485,1.79166658033,2.90000009949,0.820000171822
0,283,197.414965143,1,1.76166666667,2.06,0,0.266018090989,1.81910216519,1.8912582411,-0.568771182156,4.44557435649,0.785301034447,1.76190467044,2.90000009812,0.820000171822
0,284,197.464965143,1,1.7619047619,2.06,0,0.266569896742,1.81910202784,1.89125842519,-0.56877122942,4.44502255915,0.785301032485,1.76190467557,2.90000009949,0.820000171822
0,285,198.457028635,1,1.7319047619,2.06,0,0.266018090988,1.81910216519,1.8912582411,-0.568771182156,4.44557435649,0.785301034447,1.73214276568,2.90000009812,0.820000171822
0,286,198.507028635,1,1.73214285714,2.06,0,0.266569896742,1.81910202784,1.89125842519,-0.56877122942,4.44502255915,0.785301032485,1.73214277081,2.90000009949,0.820000171822
0,287,199.499092127,1,1.70214285714,2.06,0,0.266018090988,1.81910216519,1.8912582411,-0.568771182156,4.44557435649,0.785301034447,1.70238086092,2.90000009812,0.820000171822
0,288,199.549092127,1,1.70238095238,2.06,0,0.266569896742,1.81910202784,1.89125842519,-0.56877122942,4.44502255915,0.785301032485,1.70238086605,2.90000009949,0.820000171822
0,289,200.541155619,1,1.67238095238,2.06,0,0.266018090988,1.81910216519,1.8912582411,-0.568771182156,4.44557435649,0.785301034447,1.67261895615,2.90000009812,0.820000171822
0,290,200.591155619,1,1.67261904762,2.06,0,0.266569896742,1.81910202784,1.89125842519,-0.56877122942,4.44502255915,0.785301032485,1.67261896129,2.90000009949,0.820000171822
0,291,201.583219111,1,1.64261904762,2.06,0,0.266018090988,1.81910216519,1.8912582411,-0.568771182156,4.44557435649,0.785301034447,1.64285705139,2.90000009812,0.820000171822
0,292,201.633219111,1,1.64285714286,2.06,0,0.266569896742,1.81910202784,1.89125842519,-0.56877122942,4.44502255915,0.785301032485,1.64285705652,2.90000009949,0.820000171822
0,293,202.625282603,1,1.61285714286,2.06,0,0.266018090989,1.81910216519,1.8912582411,-0.568771182156,4.44557435649,0.785301034447,1.61309514663,2.90000009812,0.820000171822
0,294,202.675282603,1,1.6130952381,2.06,0,0.266569896742,1.81910202784,1.89125842519,-0.56877122942,4.44502255915,0.785301032485,1.61309515176,2.90000009949,0.820000171822
0,295,203.667346095,1,1.5830952381,2.06,0,0.266018090988,1.81910216519,1.8912582411,-0.568771182156,4.44557435649,0.785301034447,1.58333324187,2.90000009812,0.820000171822
0,296,203.717346095,1,1.58333333333,2.06,0,0.266569896742,1.81910202784,1.89125842519,-0.56877122942,4.44502255915,0.785301032485,1.583333247,2.90000009949,0.820000171822
0,297,204.709409587,1,1.55333333333,2.06,0,0.266018090988,1.81910216519,1.8912582411,-0.568771182156,4.44557435649,0.785301034447,1.55357133711,2.90000009812,0.820000171822
0,298,204.759409587,1,1.55357142857,2.06,0,0.266569896742,1.81910202784,1.89125842519,-0.56877122942,4.44502255915,0.785301032485,1.55357134224,2.90000009949,0.820000171822
0,299,205.75147308,1,1.52357142857,2.06,0,0.266018090989,1.81910216519,1.8912582411,-0.568771182156,4.44557435649,0.785301034447,1.52380943235,2.90000009812,0.820000171822
0,300,205.80147308,1,1.52380952381,2.06,0,0.266569896742,1.81910202784,1.89125842519,-0.56877122942,4.44502255915,0.785301032485,1.52380943748,2.90000009949,0.820000171822
0,301,206.793536572,1,1.49380952381,2.06,0,0.266018090989,1.81910216519,1.8912582411,-0.568771182156,4.44557435649,0.785301034447,1.49404752758,2.90000009812,0.820000171822
0,302,206.843536572,1,1.49404761905,2.06,0,0.266569896742,1.81910202784,1.89125842519,-0.56877122942,4.44502255915,0.785301032485,1.49404753271,2.90000009949,0.820000171822
0,303,207.835600064,1,1.46404761905,2.06,0,0.266018090988,1.81910216519,1.8912582411,-0.568771182156,4.44557435649,0.785301034447,1.46428562282,2.90000009812,0.820000171822
0,304,207.885600064,1,1.46428571429,2.06,0,0.266569896742,1.81910202784,1.89125842519,-0.56877122942,4.44502255915,0.785301032485,1.46428562795,2.90000009949,0.820000171822
0,305,208.877663556,1,1.43428571429,2.06,0,0.266018090988,1.81910216519,1.8912582411,-0.568771182156,4.44557435649,0.785301034447,1.43452371806,2.90000009812,0.820000171822
0,306,208.927663556,1,1.43452380952,2.06,0,0.266569896742,1.81910202784,1.89125842519,-0.56877122942,4.44502255915,0.785301032485,1.43452372319,2.90000009949,0.820000171822
0,307,209.919727048,1,1.40452380952,2.06,0,0.266018090989,1.81910216519,1.8912582411,-0.568771182156,4.44557435649,0.785301034447,1.4047618133,2.90000009812,0.820000171822
0,308,209.969727048,1,1.40476190476,2.06,0,0.266569896742,1.81910202784,1.89125842519,-0.56877122942,4.44502255915,0.785301032485,1.40476181843,2.90000009949,0.820000171822
0,309,210.96179054,1,1.37476190476,2.06,0,0.266018090989,1.81910216519,1.8912582411,-0.568771182156,4.44557435649,0.785301034447,1.37499990854,2.90000009812,0.820000171822
0,310,211.01179054,1,1.375,2.06,0,0.266569896742,1.81910202784,1.89125842519,-0.56877122942,4.44502255915,0.785301032485,1.37499991367,2.90000009949,0.820000171822
0,311,212.003854032,1,1.345,2.06,0,0.266018090988,1.81910216519,1.8912582411,-0.568771182156,4.44557435649,0.785301034447,1.34523800377,2.90000009812,0.820000171822
0,312,212.053854032,1,1.34523809524,2.06,0,0.266569896742,1.81910202784,1.89125842519,-0.56877122942,4.44502255915,0.785301032485,1.3452380089,2.90000009949,0.820000171822
0,313,213.045917524,1,1.31523809524,2.06,0,0.266018090988,1.81910216519,1.8912582411,-0.568771182156,4.44557435649,0.785301034447,1.31547609901,2.90000009812,0.820000171822
0,314,213.095917524,1,1.31547619048,2.06,0,0.266569896742,1.81910202784,1.89125842519,-0.56877122942,4.44502255915,0.785301032485,1.31547610414,2.90000009949,0.820000171822
0,315,214.087981016,1,1.28547619048,2.06,0,0.266018090988,1.81910216519,1.8912582411,-0.568771182156,4.44557435649,0.785301034447,1.28571419425,2.90000009812,0.820000171822
0,316,214.137981016,1,1.28571428571,2.06,0,0.266569896742,1.81910202784,1.89125842519,-0.56877122942,4.44502255915,0.785301032485,1.28571419938,2.90000009949,0.820000171822
0,317,215.130044508,1,1.25571428571,2.06,0,0.266018090988,1.81910216519,1.8912582411,-0.568771182156,4.44557435649,0.785301034447,1.25595228949,2.90000009812,0.820000171822
0,318,215.180044508,1,1.25595238095,2.06,0,0.266569896742,1.81910202784,1.89125842519,-0.56877122942,4.44502255915,0.785301032485,1.25595229462,2.90000009949,0.820000171822
0,319,216.172108,1,1.22595238095,2.06,0,0.266018090989,1.81910216519,1.8912582411,-0.568771182156,4.44557435649,0.785301034447,1.22619038473,2.90000009812,0.820000171822
0,320,216.222108,1,1.22619047619,2.06,0,0.266569896742,1.81910202784,1.89125842519,-0.56877122942,4.44502255915,0.785301032485,1.22619038986,2.90000009949,0.820000171822
0,321,217.214171492,1,1.19619047619,2.06,0,0.266018090988,1.81910216519,1.8912582411,-0.568771182156,4.44557435649,0.785301034447,1.19642847996,2.90000009812,0.820000171822
0,322,217.264171492,1,1.19642857143,2.06,0,0.266569896742,1.81910202784,1.89125842519,-0.56877122942,4.44502255915,0.785301032485,1.1964284851,2.90000009949,0.820000171822
0,323,218.256234984,1,1.16642857143,2.06,0,0.266018090989,1.81910216519,1.8912582411,-0.568771182156,4.44557435649,0.785301034447,1.1666665752,2.90000009812,0.820000171822
0,324,218.306234984,1,1.16666666667,2.06,0,0.266569896742,1.81910202784,1.89125842519,-0.56877122942,4.44502255915,0.785301032485,1.16666658033,2.90000009949,0.820000171822
0,325,219.298298476,1,1.13666666667,2.06,0,0.266018090988,1.81910216519,1.8912582411,-0.568771182156,4.44557435649,0.785301034447,1.13690467044,2.90000009812,0.820000171822
0,326,219.348298476,1,1.1369047619,2.06,0,0.266569896742,1.81910202784,1.89125842519,-0.56877122942,4.44502255915,0.785301032485,1.13690467557,2.90000009949,0.820000171822
0,327,220.340361968,1,1.1069047619,2.06,0,0.266018090988,1.81910216519,1.8912582411,-0.568771182156,4.44557435649,0.785301034447,1.10714276568,2.90000009812,0.820000171822
0,328,220.390361968,1,1.10714285714,2.06,0,0.266569896742,1.81910202784,1.89125842519,-0.56877122942,4.44502255915,0.785301032485,1.10714277081,2.90000009949,0.820000171822
0,329,221.38242546,1,1.07714285714,2.06,0,0.266018090988,1.81910216519,1.8912582411,-0.568771182156,4.44557435649,0.785301034447,1.07738086092,2.90000009812,0.820000171822
0,330,221.43242546,1,1.07738095238,2.06,0,0.266569896742,1.81910202784,1.89125842519,-0.56877122942,4.44502255915,0.785301032485,1.07738086605,2.90000009949,0.820000171822
0,331,222.424488953,1,1.04738095238,2.06,0,0.266018090989,1.81910216519,1.8912582411,-0.568771182156,4.44557435649,0.785301034447,1.04761895615,2.90000009812,0.820000171822
0,332,222.474488953,1,1.04761904762,2.06,0,0.266569896742,1.81910202784,1.89125842519,-0.56877122942,4.44502255915,0.785301032485,1.04761896129,2.90000009949,0.820000171822
0,333,223.466552445,1,1.01761904762,2.06,0,0.266018090989,1.81910216519,1.8912582411,-0.568771182156,4.44557435649,0.785301034447,1.01785705139,2.90000009812,0.820000171822
0,334,223.516552445,1,1.01785714286,2.06,0,0.266569896742,1.81910202784,1.89125842519,-0.56877122942,4.44502255915,0.785301032485,1.01785705652,2.90000009949,0.820000171822
0,335,224.508615937,1,0.987857142857,2.06,0,0.266018090988,1.81910216519,1.8912582411,-0.568771182156,4.44557435649,0.785301034447,0.988095146631,2.90000009812,0.820000171822
0,336,224.558615937,1,0.988095238095,2.06,0,0.266569896742,1.81910202784,1.89125842519,-0.56877122942,4.44502255915,0.785301032485,0.988095151762,2.90000009949,0.820000171822
0,337,225.550679429,1,0.958095238095,2.06,0,0.266018090989,1.81910216519,1.8912582411,-0.568771182156,4.44557435649,0.785301034447,0.958333241869,2.90000009812,0.820000171822
0,338,225.600679429,1,0.958333333333,2.06,0,0.266569896742,1.81910202784,1.89125842519,-0.56877122942,4.44502255915,0.785301032485,0.958333247,2.90000009949,0.820000171822
0,339,226.592742921,1,0.928333333333,2.06,0,0.266018090988,1.81910216519,1.8912582411,-0.568771182156,4.44557435649,0.785301034447,0.928571337107,2.90000009812,0.820000171822
0,340,226.642742921,1,0.928571428571,2.06,0,0.266569896742,1.81910202784,1.89125842519,-0.56877122942,4.44502255915,0.785301032485,0.928571342238,2.90000009949,0.820000171822
0,341,227.634806413,1,0.898571428571,2.06,0,0.266018090988,1.81910216519,1.8912582411,-0.568771182156,4.44557435649,0.785301034447,0.898809432345,2.90000009812,0.820000171822
0,342,227.684806413,1,0.89880952381,2.06,0,0.266569896742,1.81910202784,1.89125842519,-0.56877122942,4.44502255915,0.785301032485,0.898809437476,2.90000009949,0.820000171822
0,343,228.676869905,1,0.86880952381,2.06,0,0.266018090989,1.81910216519,1.8912582411,-0.568771182156,4.44557435649,0.785301034447,0.869047527583,2.90000009812,0.820000171822
0,344,228.726869905,1,0.869047619048,2.06,0,0.266569896742,1.81910202784,1.89125842519,-0.56877122942,4.44502255915,0.785301032485,0.869047532714,2.90000009949,0.820000171822
0,345,229.718933397,1,0.839047619048,2.06,0,0.266018090988,1.81910216519,1.8912582411,-0.568771182156,4.44557435649,0.785301034447,0.839285622821,2.90000009812,0.820000171822
0,346,229.768933397,1,0.839285714286,2.06,0,0.266569896742,1.81910202784,1.89125842519,-0.56877122942,4.44502255915,0.785301032485,0.839285627952,2.90000009949,0.820000171822
0,347,230.760996889,1,0.809285714286,2.06,0,0.266018090988,1.81910216519,1.8912582411,-0.568771182156,4.44557435649,0.785301034447,0.809523718059,2.90000009812,0.820000171822
0,348,230.810996889,1,0.809523809524,2.06,0,0.266569896742,1.81910202784,1.89125842519,-0.56877122942,4.44502255915,0.785301032485,0.809523723191,2.90000009949,0.820000171822
0,349,231.803060381,1,0.779523809524,2.06,0,0.266018090988,1.81910216519,1.8912582411,-0.568771182156,4.44557435649,0.785301034447,0.779761813298,2.90000009812,0.820000171822
0,350,231.853060381,1,0.779761904762,2.06,0,0.266569896742,1.81910202784,1.89125842519,-0.56877122942,4.44502255915,0.785301032485,0.779761818429,2.90000009949,0.820000171822
0,351,232.845123873,1,0.749761904762,2.06,0,0.266018090988,1.81910216519,1.8912582411,-0.568771182156,4.44557435649,0.785301034447,0.749999908536,2.90000009812,0.820000171822
0,352,232.895123873,1,0.75,2.06,0,0.266569896742,1.81910202784,1.89125842519,-0.56877122942,4.44502255915,0.785301032485,0.749999913667,2.90000009949,0.820000171822
0,353,234.728457207,1,0.75,2.06,0,0.266569728796,1.78522444002,1.84910039453,-0.492736405419,4.44502272287,0.785300822593,0.749999911085,2.89999999742,0.847499847827
0,354,236.56179054,1,0.75,2.06,0,0.266569498845,1.75618518789,1.80253702625,-0.41713378534,4.44502295282,0.785300822504,0.749999911085,2.89999997731,0.874999844576
0,355,238.395123873,1,0.75,2.06,0,0.266569269617,1.73197733357,1.7516262532,-0.342015162365,4.44502318205,0.785300821346,0.749999911085,2.89999995605,0.902499838317
0,356,240.228457207,1,0.75,2.06,0,0.266569041172,1.71256654496,1.69637344166,-0.267351571836,4.44502341049,0.785300818804,0.749999911085,2.89999993356,0.929999828498
0,357,242.06179054,1,0.75,2.06,0,0.266568813639,1.69790943782,1.63671997129,-0.193041010391,4.44502363803,0.785300814561,0.749999911085,2.89999990964,0.957499814506
0,358,243.895123873,1,0.75,2.06,0,0.266568587252,1.68797124055,1.5725280796,-0.118910945285,4.44502386441,0.785300808257,0.749999911085,2.89999988391,0.984999795578
0,359,245.728457207,1,0.75,2.06,0,0.266568362396,1.68274433211,1.50356052625,-0.0447165168921,4.44502408927,0.785300799436,0.749999911085,2.89999985576,1.01249977067
0,360,247.56179054,1,0.75,2.06,0,0.266568139676,1.6822692803,1.42945132394,0.0298676919425,4.44502431199,0.785300787473,0.749999911085,2.89999982426,1.03999973826
0,361,248.553854032,1,0.78,2.06,0,0.267119726099,1.68226982361,1.42944863912,0.0298707083782,4.44447272979,0.785301016766,0.77976181842,2.90000005542,1.04000015614
0,362,248.603854032,1,0.779761904762,2.06,0,0.266568003755,1.68226966001,1.42944882388,0.0298706877835,4.4450244437,0.78530101877,0.779761813267,2.90000005406,1.04000015616
0,363,249.595917524,1,0.809761904762,2.06,0,0.267119726091,1.68226982363,1.42944863902,0.0298707084913,4.4444727298,0.785301016777,0.809523723183,2.90000005543,1.04000015616
0,364,249.645917524,1,0.809523809524,2.06,0,0.266568003755,1.68226966001,1.42944882388,0.0298706877834,4.4450244437,0.78530101877,0.809523718029,2.90000005406,1.04000015616
0,365,250.637981016,1,0.839523809524,2.06,0,0.267119726091,1.68226982363,1.42944863902,0.0298707084912,4.4444727298,0.785301016777,0.839285627945,2.90000005543,1.04000015616
0,366,250.687981016,1,0.839285714286,2.06,0,0.266568003755,1.68226966001,1.42944882388,0.0298706877834,4.4450244437,0.78530101877,0.839285622791,2.90000005406,1.04000015616
0,367,251.680044508,1,0.869285714286,2.06,0,0.267119726091,1.68226982363,1.42944863902,0.0298707084913,4.4444727298,0.785301016777,0.869047532707,2.90000005543,1.04000015616
0,368,251.730044508,1,0.869047619048,2.06,0,0.266568003755,1.68226966001,1.42944882388,0.0298706877834,4.4450244437,0.78530101877,0.869047527553,2.90000005406,1.04000015616
0,369,252.722108,1,0.899047619048,2.06,0,0.267119726091,1.68226982363,1.42944863902,0.0298707084913,4.4444727298,0.785301016777,0.898809437469,2.90000005543,1.04000015616
0,370,252.772108,1,0.89880952381,2.06,0,0.266568003755,1.68226966001,1.42944882388,0.0298706877834,4.4450244437,0.78530101877,0.898809432315,2.90000005406,1.04000015616
0,371,253.764171492,1,0.92880952381,2.06,0,0.267119726091,1.68226982363,1.42944863902,0.0298707084913,4.4444727298,0.785301016777,0.928571342231,2.90000005543,1.04000015616
0,372,253.814171492,1,0.928571428571,2.06,0,0.266568003755,1.68226966001,1.42944882388,0.0298706877834,4.4450244437,0.78530101877,0.928571337077,2.90000005406,1.04000015616
0,373,254.806234984,1,0.958571428571,2.06,0,0.267119726091,1.68226982363,1.42944863902,0.0298707084912,4.4444727298,0.785301016777,0.958333246992,2.90000005543,1.04000015616
0,374,254.856234984,1,0.958333333333,2.06,0,0.266568003755,1.68226966001,1.42944882388,0.0298706877834,4.4450244437,0.78530101877,0.958333241839,2.90000005406,1.04000015616
0,375,255.848298476,1,0.988333333333,2.06,0,0.267119726091,1.68226982363,1.42944863902,0.0298707084913,4.4444727298,0.785301016777,0.988095151754,2.90000005543,1.04000015616
0,376,255.898298476,1,0.988095238095,2.06,0,0.266568003755,1.68226966001,1.42944882388,0.0298706877834,4.4450244437,0.78530101877,0.9880951466,2.90000005406,1.04000015616
0,377,256.890361968,1,1.0180952381,2.06,0,0.267119726091,1.68226982363,1.42944863902,0.0298707084913,4.4444727298,0.785301016777,1.01785705652,2.90000005543,1.04000015616
0,378,256.940361968,1,1.01785714286,2.06,0,0.266568003755,1.68226966001,1.42944882388,0.0298706877835,4.4450244437,0.78530101877,1.01785705136,2.90000005406,1.04000015616
0,379,257.93242546,1,1.04785714286,2.06,0,0.267119726091,1.68226982363,1.42944863902,0.0298707084913,4.4444727298,0.785301016777,1.04761896128,2.90000005543,1.04000015616
0,380,257.98242546,1,1.04761904762,2.06,0,0.266568003755,1.68226966001,1.42944882388,0.0298706877834,4.4450244437,0.78530101877,1.04761895612,2.90000005406,1.04000015616
0,381,258.974488953,1,1.07761904762,2.06,0,0.267119726091,1.68226982363,1.42944863902,0.0298707084913,4.4444727298,0.785301016777,1.07738086604,2.90000005543,1.04000015616
0,382,259.024488953,1,1.07738095238,2.06,0,0.266568003755,1.68226966001,1.42944882388,0.0298706877834,4.4450244437,0.78530101877,1.07738086089,2.90000005406,1.04000015616
0,383,260.016552445,1,1.10738095238,2.06,0,0.267119726091,1.68226982363,1.42944863902,0.0298707084913,4.4444727298,0.785301016777,1.1071427708,2.90000005543,1.04000015616
0,384,260.066552445,1,1.10714285714,2.06,0,0.266568003755,1.68226966001,1.42944882388,0.0298706877834,4.4450244437,0.78530101877,1.10714276565,2.90000005406,1.04000015616
0,385,261.058615937,1,1.13714285714,2.06,0,0.267119726091,1.68226982363,1.42944863902,0.0298707084913,4.4444727298,0.785301016777,1.13690467556,2.90000005543,1.04000015616
0,386,261.108615937,1,1.1369047619,2.06,0,0.266568003755,1.68226966001,1.42944882388,0.0298706877834,4.4450244437,0.78530101877,1.13690467041,2.90000005406,1.04000015616
0,387,262.100679429,1,1.1669047619,2.06,0,0.267119726091,1.68226982363,1.42944863902,0.0298707084913,4.4444727298,0.785301016777,1.16666658033,2.90000005543,1.04000015616
0,388,262.150679429,1,1.16666666667,2.06,0,0.266568003755,1.68226966001,1.42944882388,0.0298706877834,4.4450244437,0.78530101877,1.16666657517,2.90000005406,1.04000015616
0,389,263.142742921,1,1.19666666667,2.06,0,0.267119726091,1.68226982363,1.42944863902,0.0298707084912,4.4444727298,0.785301016777,1.19642848509,2.90000005543,1.04000015616
0,390,263.192742921,1,1.19642857143,2.06,0,0.266568003755,1.68226966001,1.42944882388,0.0298706877834,4.4450244437,0.78530101877,1.19642847993,2.90000005406,1.04000015616
0,391,264.184806413,1,1.22642857143,2.06,0,0.267119726091,1.68226982363,1.42944863902,0.0298707084913,4.4444727298,0.785301016777,1.22619038985,2.90000005543,1.04000015616
0,392,264.234806413,1,1.22619047619,2.06,0,0.266568003755,1.68226966001,1.42944882388,0.0298706877834,4.4450244437,0.78530101877,1.2261903847,2.90000005406,1.04000015616
0,393,265.226869905,1,1.25619047619,2.06,0,0.267119726091,1.68226982363,1.42944863902,0.0298707084912,4.4444727298,0.785301016777,1.25595229461,2.90000005543,1.04000015616
0,394,265.276869905,1,1.25595238095,2.06,0,0.266568003755,1.68226966001,1.42944882388,0.0298706877834,4.4450244437,0.78530101877,1.25595228946,2.90000005406,1.04000015616
0,395,266.268933397,1,1.28595238095,2.06,0,0.267119726091,1.68226982363,1.42944863902,0.0298707084913,4.4444727298,0.785301016777,1.28571419937,2.90000005543,1.04000015616
0,396,266.318933397,1,1.28571428571,2.06,0,0.266568003755,1.68226966001,1.42944882388,0.0298706877834,4.4450244437,0.78530101877,1.28571419422,2.90000005406,1.04000015616
0,397,267.310996889,1,1.31571428571,2.06,0,0.267119726091,1.68226982363,1.42944863902,0.0298707084913,4.4444727298,0.785301016777,1.31547610414,2.90000005543,1.04000015616
0,398,267.360996889,1,1.31547619048,2.06,0,0.266568003755,1.68226966001,1.42944882388,0.0298706877834,4.4450244437,0.78530101877,1.31547609898,2.90000005406,1.04000015616
0,399,268.353060381,1,1.34547619048,2.06,0,0.267119726091,1.68226982363,1.42944863902,0.0298707084913,4.4444727298,0.785301016777,1.3452380089,2.90000005543,1.04000015616
0,400,268.403060381,1,1.34523809524,2.06,0,0.266568003755,1.68226966001,1.42944882388,0.0298706877834,4.4450244437,0.78530101877,1.34523800374,2.90000005406,1.04000015616
0,401,269.395123873,1,1.37523809524,2.06,0,0.267119726091,1.68226982363,1.42944863902,0.0298707084913,4.4444727298,0.785301016777,1.37499991366,2.90000005543,1.04000015616
0,402,269.445123873,1,1.375,2.06,0,0.266568003755,1.68226966001,1.42944882388,0.0298706877834,4.4450244437,0.78530101877,1.37499990851,2.90000005406,1.04000015616
0,403,270.437187365,1,1.405,2.06,0,0.267119726091,1.68226982363,1.42944863902,0.0298707084913,4.4444727298,0.785301016777,1.40476181842,2.90000005543,1.04000015616
0,404,270.487187365,1,1.40476190476,2.06,0,0.266568003755,1.68226966001,1.42944882388,0.0298706877834,4.4450244437,0.78530101877,1.40476181327,2.90000005406,1.04000015616
0,405,271.479250857,1,1.43476190476,2.06,0,0.267119726091,1.68226982363,1.42944863902,0.0298707084913,4.4444727298,0.785301016777,1.43452372318,2.90000005543,1.04000015616
0,406,271.529250857,1,1.43452380952,2.06,0,0.266568003755,1.68226966001,1.42944882388,0.0298706877834,4.4450244437,0.78530101877,1.43452371803,2.90000005406,1.04000015616
0,407,272.521314349,1,1.46452380952,2.06,0,0.267119726091,1.68226982363,1.42944863902,0.0298707084912,4.4444727298,0.785301016777,1.46428562794,2.90000005543,1.04000015616
0,408,272.571314349,1,1.46428571429,2.06,0,0.266568003755,1.68226966001,1.42944882388,0.0298706877834,4.4450244437,0.78530101877,1.46428562279,2.90000005406,1.04000015616
0,409,273.563377841,1,1.49428571429,2.06,0,0.267119726091,1.68226982363,1.42944863902,0.0298707084912,4.4444727298,0.785301016777,1.49404753271,2.90000005543,1.04000015616
0,410,273.613377841,1,1.49404761905,2.06,0,0.266568003755,1.68226966001,1.42944882388,0.0298706877834,4.4450244437,0.78530101877,1.49404752755,2.90000005406,1.04000015616
0,411,274.605441333,1,1.52404761905,2.06,0,0.267119726091,1.68226982363,1.42944863902,0.0298707084912,4.4444727298,0.785301016777,1.52380943747,2.90000005543,1.04000015616
0,412,274.655441333,1,1.52380952381,2.06,0,0.266568003755,1.68226966001,1.42944882388,0.0298706877834,4.4450244437,0.78530101877,1.52380943231,2.90000005406,1.04000015616
0,413,275.647504826,1,1.55380952381,2.06,0,0.267119726091,1.68226982363,1.42944863902,0.0298707084913,4.4444727298,0.785301016777,1.55357134223,2.90000005543,1.04000015616
0,414,275.697504826,1,1.55357142857,2.06,0,0.266568003755,1.68226966001,1.42944882388,0.0298706877834,4.4450244437,0.78530101877,1.55357133708,2.90000005406,1.04000015616
0,415,276.689568318,1,1.58357142857,2.06,0,0.267119726091,1.68226982363,1.42944863902,0.0298707084913,4.4444727298,0.785301016777,1.58333324699,2.90000005543,1.04000015616
0,416,276.739568318,1,1.58333333333,2.06,0,0.266568003755,1.68226966001,1.42944882388,0.0298706877834,4.4450244437,0.78530101877,1.58333324184,2.90000005406,1.04000015616
0,417,277.73163181,1,1.61333333333,2.06,0,0.267119726091,1.68226982363,1.42944863902,0.0298707084913,4.4444727298,0.785301016777,1.61309515175,2.90000005543,1.04000015616
0,418,277.78163181,1,1.6130952381,2.06,0,0.266568003755,1.68226966001,1.42944882388,0.0298706877834,4.4450244437,0.78530101877,1.6130951466,2.90000005406,1.04000015616
0,419,278.773695302,1,1.6430952381,2.06,0,0.267119726091,1.68226982363,1.42944863902,0.0298707084913,4.4444727298,0.785301016777,1.64285705652,2.90000005543,1.04000015616
0,420,278.823695302,1,1.64285714286,2.06,0,0.266568003755,1.68226966001,1.42944882388,0.0298706877834,4.4450244437,0.78530101877,1.64285705136,2.90000005406,1.04000015616
0,421,279.815758794,1,1.67285714286,2.06,0,0.267119726091,1.68226982363,1.42944863902,0.0298707084913,4.4444727298,0.785301016777,1.67261896128,2.90000005543,1.04000015616
0,422,279.865758794,1,1.67261904762,2.06,0,0.266568003755,1.68226966001,1.42944882388,0.0298706877834,4.4450244437,0.78530101877,1.67261895612,2.90000005406,1.04000015616
0,423,280.857822286,1,1.70261904762,2.06,0,0.267119726091,1.68226982363,1.42944863902,0.0298707084913,4.4444727298,0.785301016777,1.70238086604,2.90000005543,1.04000015616
0,424,280.907822286,1,1.70238095238,2.06,0,0.266568003755,1.68226966001,1.42944882388,0.0298706877834,4.4450244437,0.78530101877,1.70238086089,2.90000005406,1.04000015616
0,425,281.899885778,1,1.73238095238,2.06,0,0.267119726091,1.68226982363,1.42944863902,0.0298707084913,4.4444727298,0.785301016777,1.7321427708,2.90000005543,1.04000015616
0,426,281.949885778,1,1.73214285714,2.06,0,0.266568003755,1.68226966001,1.42944882388,0.0298706877834,4.4450244437,0.78530101877,1.73214276565,2.90000005406,1.04000015616
0,427,282.94194927,1,1.76214285714,2.06,0,0.267119726091,1.68226982363,1.42944863902,0.0298707084913,4.4444727298,0.785301016777,1.76190467556,2.90000005543,1.04000015616
0,428,282.99194927,1,1.7619047619,2.06,0,0.266568003755,1.68226966001,1.42944882388,0.0298706877834,4.4450244437,0.78530101877,1.76190467041,2.90000005406,1.04000015616
0,429,283.984012762,1,1.7919047619,2.06,0,0.267119726091,1.68226982363,1.42944863902,0.0298707084913,4.4444727298,0.785301016777,1.79166658033,2.90000005543,1.04000015616
0,430,284.034012762,1,1.79166666667,2.06,0,0.266568003755,1.68226966001,1.42944882388,0.0298706877834,4.4450244437,0.78530101877,1.79166657517,2.90000005406,1.04000015616
0,431,285.026076254,1,1.82166666667,2.06,0,0.267119726091,1.68226982363,1.42944863902,0.0298707084913,4.4444727298,0.785301016777,1.82142848509,2.90000005543,1.04000015616
0,432,285.076076254,1,1.82142857143,2.06,0,0.266568003755,1.68226966001,1.42944882388,0.0298706877834,4.4450244437,0.78530101877,1.82142847993,2.90000005406,1.04000015616
0,433,286.068139746,1,1.85142857143,2.06,0,0.267119726091,1.68226982363,1.42944863902,0.0298707084913,4.4444727298,0.785301016777,1.85119038985,2.90000005543,1.04000015616
0,434,286.118139746,1,1.85119047619,2.06,0,0.266568003755,1.68226966001,1.42944882388,0.0298706877834,4.4450244437,0.78530101877,1.8511903847,2.90000005406,1.04000015616
0,435,287.110203238,1,1.88119047619,2.06,0,0.267119726091,1.68226982363,1.42944863902,0.0298707084912,4.4444727298,0.785301016777,1.88095229461,2.90000005543,1.04000015616
0,436,287.160203238,1,1.88095238095,2.06,0,0.266568003755,1.68226966001,1.42944882388,0.0298706877834,4.4450244437,0.78530101877,1.88095228946,2.90000005406,1.04000015616
0,437,288.15226673,1,1.91095238095,2.06,0,0.267119726091,1.68226982363,1.42944863902,0.0298707084913,4.4444727298,0.785301016777,1.91071419937,2.90000005543,1.04000015616
0,438,288.20226673,1,1.91071428571,2.06,0,0.266568003755,1.68226966001,1.42944882388,0.0298706877834,4.4450244437,0.78530101877,1.91071419422,2.90000005406,1.04000015616
0,439,289.194330222,1,1.94071428571,2.06,0,0.267119726091,1.68226982363,1.42944863902,0.0298707084913,4.4444727298,0.785301016777,1.94047610414,2.90000005543,1.04000015616
0,440,289.244330222,1,1.94047619048,2.06,0,0.266568003755,1.68226966001,1.42944882388,0.0298706877834,4.4450244437,0.78530101877,1.94047609898,2.90000005406,1.04000015616
0,441,290.236393714,1,1.97047619048,2.06,0,0.267119726091,1.68226982363,1.42944863902,0.0298707084913,4.4444727298,0.785301016777,1.9702380089,2.90000005543,1.04000015616
0,442,290.286393714,1,1.97023809524,2.06,0,0.266568003755,1.68226966001,1.42944882388,0.0298706877834,4.4450244437,0.78530101877,1.97023800374,2.90000005406,1.04000015616
0,443,291.278457207,1,2.00023809524,2.06,0,0.267119726091,1.68226982363,1.42944863902,0.0298707084912,4.4444727298,0.785301016777,1.99999991366,2.90000005543,1.04000015616
0,444,291.328457207,1,2,2.06,0,0.266568003755,1.68226966001,1.42944882388,0.0298706877834,4.4450244437,0.78530101877,1.99999990851,2.90000005406,1.04000015616
0,445,292.320520699,1,2.03,2.06,0,0.267119726091,1.68226982363,1.42944863902,0.0298707084913,4.4444727298,0.785301016777,2.02976181842,2.90000005543,1.04000015616
0,446,292.370520699,1,2.02976190476,2.06,0,0.266568003755,1.68226966001,1.42944882388,0.0298706877834,4.4450244437,0.78530101877,2.02976181327,2.90000005406,1.04000015616
0,447,293.362584191,1,2.05976190476,2.06,0,0.267119726091,1.68226982363,1.42944863902,0.0298707084913,4.4444727298,0.785301016777,2.05952372318,2.90000005543,1.04000015616
0,448,293.412584191,1,2.05952380952,2.06,0,0.266568003755,1.68226966001,1.42944882388,0.0298706877834,4.4450244437,0.78530101877,2.05952371803,2.90000005406,1.04000015616
0,449,294.404647683,1,2.08952380952,2.06,0,0.267119726091,1.68226982363,1.42944863902,0.0298707084913,4.4444727298,0.785301016777,2.08928562794,2.90000005543,1.04000015616
0,450,294.454647683,1,2.08928571429,2.06,0,0.266568003755,1.68226966001,1.42944882388,0.0298706877834,4.4450244437,0.78530101877,2.08928562279,2.90000005406,1.04000015616
0,451,295.446711175,1,2.11928571429,2.06,0,0.267119726091,1.68226982363,1.42944863902,0.0298707084913,4.4444727298,0.785301016777,2.11904753271,2.90000005543,1.04000015616
0,452,295.496711175,1,2.11904761905,2.06,0,0.266568003755,1.68226966001,1.42944882388,0.0298706877834,4.4450244437,0.78530101877,2.11904752755,2.90000005406,1.04000015616
0,453,296.488774667,1,2.14904761905,2.06,0,0.267119726091,1.68226982363,1.42944863902,0.0298707084913,4.4444727298,0.785301016777,2.14880943747,2.90000005543,1.04000015616
0,454,296.538774667,1,2.14880952381,2.06,0,0.266568003755,1.68226966001,1.42944882388,0.0298706877834,4.4450244437,0.78530101877,2.14880943231,2.90000005406,1.04000015616
0,455,297.530838159,1,2.17880952381,2.06,0,0.267119726091,1.68226982363,1.42944863902,0.0298707084913,4.4444727298,0.785301016777,2.17857134223,2.90000005543,1.04000015616
0,456,297.580838159,1,2.17857142857,2.06,0,0.266568003755,1.68226966001,1.42944882388,0.0298706877835,4.4450244437,0.78530101877,2.17857133708,2.90000005406,1.04000015616
0,457,298.572901651,1,2.20857142857,2.06,0,0.267119726091,1.68226982363,1.42944863902,0.0298707084913,4.4444727298,0.785301016777,2.20833324699,2.90000005543,1.04000015616
0,458,298.622901651,1,2.20833333333,2.06,0,0.266568003755,1.68226966001,1.42944882388,0.0298706877834,4.4450244437,0.78530101877,2.20833324184,2.90000005406,1.04000015616
0,459,299.614965143,1,2.23833333333,2.06,0,0.267119726091,1.68226982363,1.42944863902,0.0298707084913,4.4444727298,0.785301016777,2.23809515175,2.90000005543,1.04000015616
0,460,299.664965143,1,2.2380952381,2.06,0,0.266568003755,1.68226966001,1.42944882388,0.0298706877834,4.4450244437,0.78530101877,2.2380951466,2.90000005406,1.04000015616
0,461,300.657028635,1,2.2680952381,2.06,0,0.267119726091,1.68226982363,1.42944863902,0.0298707084913,4.4444727298,0.785301016777,2.26785705652,2.90000005543,1.04000015616
0,462,300.707028635,1,2.26785714286,2.06,0,0.266568003755,1.68226966001,1.42944882388,0.0298706877835,4.4450244437,0.78530101877,2.26785705136,2.90000005406,1.04000015616
0,463,301.699092127,1,2.29785714286,2.06,0,0.267119726091,1.68226982363,1.42944863902,0.0298707084913,4.4444727298,0.785301016777,2.29761896128,2.90000005543,1.04000015616
0,464,301.749092127,1,2.29761904762,2.06,0,0.266568003755,1.68226966001,1.42944882388,0.0298706877834,4.4450244437,0.78530101877,2.29761895612,2.90000005406,1.04000015616
0,465,302.741155619,1,2.32761904762,2.06,0,0.267119726091,1.68226982363,1.42944863902,0.0298707084913,4.4444727298,0.785301016777,2.32738086604,2.90000005543,1.04000015616
0,466,302.791155619,1,2.32738095238,2.06,0,0.266568003755,1.68226966001,1.42944882388,0.0298706877834,4.4450244437,0.78530101877,2.32738086089,2.90000005406,1.04000015616
0,467,303.783219111,1,2.35738095238,2.06,0,0.267119726091,1.68226982363,1.42944863902,0.0298707084913,4.4444727298,0.785301016777,2.3571427708,2.90000005543,1.04000015616
0,468,303.833219111,1,2.35714285714,2.06,0,0.266568003755,1.68226966001,1.42944882388,0.0298706877834,4.4450244437,0.78530101877,2.35714276565,2.90000005406,1.04000015616
0,469,304.825282603,1,2.38714285714,2.06,0,0.267119726091,1.68226982363,1.42944863902,0.0298707084913,4.4444727298,0.785301016777,2.38690467556,2.90000005543,1.04000015616
0,470,304.875282603,1,2.3869047619,2.06,0,0.266568003755,1.68226966001,1.42944882388,0.0298706877834,4.4450244437,0.78530101877,2.38690467041,2.90000005406,1.04000015616
0,471,305.867346095,1,2.4169047619,2.06,0,0.267119726091,1.68226982363,1.42944863902,0.0298707084913,4.4444727298,0.785301016777,2.41666658033,2.90000005543,1.04000015616
0,472,305.917346095,1,2.41666666667,2.06,0,0.266568003755,1.68226966001,1.42944882388,0.0298706877834,4.4450244437,0.78530101877,2.41666657517,2.90000005406,1.04000015616
0,473,306.909409587,1,2.44666666667,2.06,0,0.267119726091,1.68226982363,1.42944863902,0.0298707084912,4.4444727298,0.785301016777,2.44642848509,2.90000005543,1.04000015616
0,474,306.959409587,1,2.44642857143,2.06,0,0.266568003755,1.68226966001,1.42944882388,0.0298706877834,4.4450244437,0.78530101877,2.44642847993,2.90000005406,1.04000015616
0,475,307.95147308,1,2.47642857143,2.06,0,0.267119726091,1.68226982363,1.42944863902,0.0298707084913,4.4444727298,0.785301016777,2.47619038985,2.90000005543,1.04000015616
0,476,308.00147308,1,2.47619047619,2.06,0,0.266568003755,1.68226966001,1.42944882388,0.0298706877834,4.4450244437,0.78530101877,2.4761903847,2.90000005406,1.04000015616
0,477,308.993536572,1,2.50619047619,2.06,0,0.267119726091,1.68226982363,1.42944863902,0.0298707084913,4.4444727298,0.785301016777,2.50595229461,2.90000005543,1.04000015616
0,478,309.043536572,1,2.50595238095,2.06,0,0.266568003755,1.68226966001,1.42944882388,0.0298706877834,4.4450244437,0.78530101877,2.50595228946,2.90000005406,1.04000015616
0,479,310.035600064,1,2.53595238095,2.06,0,0.267119726091,1.68226982363,1.42944863902,0.0298707084913,4.4444727298,0.785301016777,2.53571419937,2.90000005543,1.04000015616
0,480,310.085600064,1,2.53571428571,2.06,0,0.266568003755,1.68226966001,1.42944882388,0.0298706877835,4.4450244437,0.78530101877,2.53571419422,2.90000005406,1.04000015616
0,481,311.077663556,1,2.56571428571,2.06,0,0.267119726091,1.68226982363,1.42944863902,0.0298707084913,4.4444727298,0.785301016777,2.56547610414,2.90000005543,1.04000015616
0,482,311.127663556,1,2.56547619048,2.06,0,0.266568003755,1.68226966001,1.42944882388,0.0298706877835,4.4450244437,0.78530101877,2.56547609898,2.90000005406,1.04000015616
0,483,312.119727048,1,2.59547619048,2.06,0,0.267119726091,1.68226982363,1.42944863902,0.0298707084913,4.4444727298,0.785301016777,2.5952380089,2.90000005543,1.04000015616
0,484,312.169727048,1,2.59523809524,2.06,0,0.266568003755,1.68226966001,1.42944882388,0.0298706877834,4.4450244437,0.78530101877,2.59523800374,2.90000005406,1.04000015616
0,485,313.16179054,1,2.62523809524,2.06,0,0.267119726091,1.68226982363,1.42944863902,0.0298707084913,4.4444727298,0.785301016777,2.62499991366,2.90000005543,1.04000015616
0,486,313.21179054,1,2.625,2.06,0,0.266568003755,1.68226966001,1.42944882388,0.0298706877834,4.4450244437,0.78530101877,2.62499990851,2.90000005406,1.04000015616
0,487,314.203854032,1,2.655,2.06,0,0.267119726091,1.68226982363,1.42944863902,0.0298707084912,4.4444727298,0.785301016777,2.65476181842,2.90000005543,1.04000015616
0,488,314.253854032,1,2.65476190476,2.06,0,0.266568003755,1.68226966001,1.42944882388,0.0298706877834,4.4450244437,0.78530101877,2.65476181327,2.90000005406,1.04000015616
0,489,315.245917524,1,2.68476190476,2.06,0,0.267119726091,1.68226982363,1.42944863902,0.0298707084913,4.4444727298,0.785301016777,2.68452372318,2.90000005543,1.04000015616
0,490,315.295917524,1,2.68452380952,2.06,0,0.266568003755,1.68226966001,1.42944882388,0.0298706877834,4.4450244437,0.78530101877,2.68452371803,2.90000005406,1.04000015616
0,491,316.287981016,1,2.71452380952,2.06,0,0.267119726091,1.68226982363,1.42944863902,0.0298707084912,4.4444727298,0.785301016777,2.71428562794,2.90000005543,1.04000015616
0,492,316.337981016,1,2.71428571429,2.06,0,0.266568003755,1.68226966001,1.42944882388,0.0298706877834,4.4450244437,0.78530101877,2.71428562279,2.90000005406,1.04000015616
0,493,317.330044508,1,2.74428571429,2.06,0,0.267119726091,1.68226982363,1.42944863902,0.0298707084913,4.4444727298,0.785301016777,2.74404753271,2.90000005543,1.04000015616
0,494,317.380044508,1,2.74404761905,2.06,0,0.266568003755,1.68226966001,1.42944882388,0.0298706877834,4.4450244437,0.78530101877,2.74404752755,2.90000005406,1.04000015616
0,495,318.372108,1,2.77404761905,2.06,0,0.267119726091,1.68226982363,1.42944863902,0.0298707084913,4.4444727298,0.785301016777,2.77380943747,2.90000005543,1.04000015616
0,496,318.422108,1,2.77380952381,2.06,0,0.266568003755,1.68226966001,1.42944882388,0.0298706877834,4.4450244437,0.78530101877,2.77380943231,2.90000005406,1.04000015616
0,497,319.414171492,1,2.80380952381,2.06,0,0.267119726091,1.68226982363,1.42944863902,0.0298707084913,4.4444727298,0.785301016777,2.80357134223,2.90000005543,1.04000015616
0,498,319.464171492,1,2.80357142857,2.06,0,0.266568003755,1.68226966001,1.42944882388,0.0298706877834,4.4450244437,0.78530101877,2.80357133708,2.90000005406,1.04000015616
0,499,320.456234984,1,2.83357142857,2.06,0,0.267119726091,1.68226982363,1.42944863902,0.0298707084913,4.4444727298,0.785301016777,2.83333324699,2.90000005543,1.04000015616
0,500,320.506234984,1,2.83333333333,2.06,0,0.266568003755,1.68226966001,1.42944882388,0.0298706877834,4.4450244437,0.78530101877,2.83333324184,2.90000005406,1.04000015616
0,501,321.498298476,1,2.86333333333,2.06,0,0.267119726091,1.68226982363,1.42944863902,0.0298707084913,4.4444727298,0.785301016777,2.86309515175,2.90000005543,1.04000015616
0,502,321.548298476,1,2.8630952381,2.06,0,0.266568003755,1.68226966001,1.42944882388,0.0298706877834,4.4450244437,0.78530101877,2.8630951466,2.90000005406,1.04000015616
0,503,322.540361968,1,2.8930952381,2.06,0,0.267119726091,1.68226982363,1.42944863902,0.0298707084913,4.4444727298,0.785301016777,2.89285705652,2.90000005543,1.04000015616
0,504,322.590361968,1,2.89285714286,2.06,0,0.266568003755,1.68226966001,1.42944882388,0.0298706877834,4.4450244437,0.78530101877,2.89285705136,2.90000005406,1.04000015616
0,505,323.58242546,1,2.92285714286,2.06,0,0.267119726091,1.68226982363,1.42944863902,0.0298707084913,4.4444727298,0.785301016777,2.92261896128,2.90000005543,1.04000015616
0,506,323.63242546,1,2.92261904762,2.06,0,0.266568003755,1.68226966001,1.42944882388,0.0298706877835,4.4450244437,0.78530101877,2.92261895612,2.90000005406,1.04000015616
0,507,324.624488953,1,2.95261904762,2.06,0,0.267119726091,1.68226982363,1.42944863902,0.0298707084913,4.4444727298,0.785301016777,2.95238086604,2.90000005543,1.04000015616
0,508,324.674488953,1,2.95238095238,2.06,0,0.266568003755,1.68226966001,1.42944882388,0.0298706877834,4.4450244437,0.78530101877,2.95238086089,2.90000005406,1.04000015616
0,509,325.666552445,1,2.98238095238,2.06,0,0.267119726091,1.68226982363,1.42944863902,0.0298707084913,4.4444727298,0.785301016777,2.9821427708,2.90000005543,1.04000015616
0,510,325.716552445,1,2.98214285714,2.06,0,0.266568003755,1.68226966001,1.42944882388,0.0298706877834,4.4450244437,0.78530101877,2.98214276565,2.90000005406,1.04000015616
0,511,326.708615937,1,3.01214285714,2.06,0,0.267119726091,1.68226982363,1.42944863902,0.0298707084913,4.4444727298,0.785301016777,3.01190467556,2.90000005543,1.04000015616
0,512,326.758615937,1,3.0119047619,2.06,0,0.266568003755,1.68226966001,1.42944882388,0.0298706877834,4.4450244437,0.78530101877,3.01190467041,2.90000005406,1.04000015616
0,513,327.750679429,1,3.0419047619,2.06,0,0.267119726091,1.68226982363,1.42944863902,0.0298707084913,4.4444727298,0.785301016777,3.04166658033,2.90000005543,1.04000015616
0,514,327.800679429,1,3.04166666667,2.06,0,0.266568003755,1.68226966001,1.42944882388,0.0298706877834,4.4450244437,0.78530101877,3.04166657517,2.90000005406,1.04000015616
0,515,328.792742921,1,3.07166666667,2.06,0,0.267119726091,1.68226982363,1.42944863902,0.0298707084913,4.4444727298,0.785301016777,3.07142848509,2.90000005543,1.04000015616
0,516,328.842742921,1,3.07142857143,2.06,0,0.266568003755,1.68226966001,1.42944882388,0.0298706877835,4.4450244437,0.78530101877,3.07142847993,2.90000005406,1.04000015616
0,517,329.834806413,1,3.10142857143,2.06,0,0.267119726091,1.68226982363,1.42944863902,0.0298707084913,4.4444727298,0.785301016777,3.10119038985,2.90000005543,1.04000015616
0,518,329.884806413,1,3.10119047619,2.06,0,0.266568003755,1.68226966001,1.42944882388,0.0298706877835,4.4450244437,0.78530101877,3.1011903847,2.90000005406,1.04000015616
0,519,330.876869905,1,3.13119047619,2.06,0,0.267119726091,1.68226982363,1.42944863902,0.0298707084913,4.4444727298,0.785301016777,3.13095229461,2.90000005543,1.04000015616
0,520,330.926869905,1,3.13095238095,2.06,0,0.266568003755,1.68226966001,1.42944882388,0.0298706877834,4.4450244437,0.78530101877,3.13095228946,2.90000005406,1.04000015616
0,521,331.918933397,1,3.16095238095,2.06,0,0.267119726091,1.68226982363,1.42944863902,0.0298707084913,4.4444727298,0.785301016777,3.16071419937,2.90000005543,1.04000015616
0,522,331.968933397,1,3.16071428571,2.06,0,0.266568003755,1.68226966001,1.42944882388,0.0298706877834,4.4450244437,0.78530101877,3.16071419422,2.90000005406,1.04000015616
0,523,332.960996889,1,3.19071428571,2.06,0,0.267119726091,1.68226982363,1.42944863902,0.0298707084913,4.4444727298,0.785301016777,3.19047610414,2.90000005543,1.04000015616
0,524,333.010996889,1,3.19047619048,2.06,0,0.266568003755,1.68226966001,1.42944882388,0.0298706877834,4.4450244437,0.78530101877,3.19047609898,2.90000005406,1.04000015616
0,525,334.003060381,1,3.22047619048,2.06,0,0.267119726091,1.68226982363,1.42944863902,0.0298707084913,4.4444727298,0.785301016777,3.2202380089,2.90000005543,1.04000015616
0,526,334.053060381,1,3.22023809524,2.06,0,0.266568003755,1.68226966001,1.42944882388,0.0298706877834,4.4450244437,0.78530101877,3.22023800374,2.90000005406,1.04000015616
0,527,335.045123873,1,3.25023809524,2.06,0,0.267119726091,1.68226982363,1.42944863902,0.0298707084913,4.4444727298,0.785301016777,3.24999991366,2.90000005543,1.04000015616
0,528,335.095123873,1,3.25,2.06,0,0.266568003755,1.68226966001,1.42944882388,0.0298706877834,4.4450244437,0.78530101877,3.24999990851,2.90000005406,1.04000015616
0,529,336.928457207,1,3.25,2.06,0,0.266567920022,1.68666140933,1.34966114831,0.105265677917,4.44502453164,0.785300771459,3.24999991109,2.89999978792,1.06749969605
0,530,338.76179054,1,3.25,2.06,0,0.266567704957,1.69614848583,1.26340573261,0.182033935585,4.44502474671,0.78530074992,3.24999991109,2.89999974435,1.0949996403
0,531,340.639224265,1,3.25,2.06,0,0.266567496954,1.71113048221,1.16953404633,0.260923514123,4.44502495471,0.785300720501,3.24999991108,2.89999968967,1.12249956488
0,532,342.703790803,1,3.25,2.06,0,0.266567300506,1.732285036,1.06630571945,0.342997129826,4.44502515116,0.78530067892,3.24999991109,2.89999961677,1.14999945854
0,533,345.011031377,1,3.25,2.06,0,0.266567124524,1.76077620397,0.950943690728,0.429867755115,4.44502532714,0.785300616716,3.24999991108,2.89999951165,1.17749929891
0,534,347.657829726,1,3.25,2.06,0,0.266566989663,1.79873243912,0.818603773313,0.524251050265,4.445025462,0.785300514444,3.24999991109,2.89999934174,1.20499903396
0,535,350.841227647,1,3.25,2.06,0,0.266566957522,1.85060764465,0.659433877227,0.631544985222,4.44502549414,0.785300314822,3.24999991109,2.89999901003,1.23249850853
0,536,355.111002251,1,3.25,2.06,0,0.26656733872,1.92901990431,0.445945147059,0.766619258662,4.44502511294,0.785299734383,3.24999991109,2.8999980272,1.25999694184
0,537,356.103065743,1,3.22,2.06,0,0.266014247173,1.92904519715,0.445886294175,0.766657615228,4.44557820025,0.78530100345,3.22023800373,2.90000003563,1.26000014581
0,538,356.153065743,1,3.22023809524,2.06,0,0.266566052502,1.92904494588,0.445886682755,0.76665747873,4.44502640339,0.785301001789,3.2202380089,2.90000003758,1.26000014672
0,539,357.145129235,1,3.19023809524,2.06,0,0.266014246788,1.9290452042,0.445886277744,0.766657625959,4.44557820065,0.785301003816,3.19047609898,2.9000000362,1.26000014671
0,540,357.195129235,1,3.19047619048,2.06,0,0.266566052502,1.92904494589,0.445886682751,0.766657478733,4.44502640339,0.785301001789,3.19047610414,2.90000003758,1.26000014673
0,541,358.187192727,1,3.16047619048,2.06,0,0.266014246787,1.9290452042,0.445886277737,0.766657625964,4.44557820065,0.785301003816,3.16071419422,2.9000000362,1.26000014671
0,542,358.237192727,1,3.16071428571,2.06,0,0.266566052502,1.92904494589,0.445886682751,0.766657478733,4.44502640339,0.785301001789,3.16071419938,2.90000003758,1.26000014673
0,543,359.229256219,1,3.13071428571,2.06,0,0.266014246787,1.9290452042,0.445886277737,0.766657625964,4.44557820065,0.785301003816,3.13095228945,2.9000000362,1.26000014671
0,544,359.279256219,1,3.13095238095,2.06,0,0.266566052502,1.92904494589,0.445886682751,0.766657478733,4.44502640339,0.785301001789,3.13095229462,2.90000003758,1.26000014673
0,545,360.271319711,1,3.10095238095,2.06,0,0.266014246788,1.9290452042,0.445886277744,0.766657625959,4.44557820065,0.785301003816,3.10119038469,2.9000000362,1.26000014671
0,546,360.321319711,1,3.10119047619,2.06,0,0.266566052502,1.92904494589,0.445886682751,0.766657478733,4.44502640339,0.785301001789,3.10119038986,2.90000003758,1.26000014673
0,547,361.313383203,1,3.07119047619,2.06,0,0.266014246787,1.9290452042,0.445886277737,0.766657625964,4.44557820065,0.785301003816,3.07142847993,2.9000000362,1.26000014671
0,548,361.363383203,1,3.07142857143,2.06,0,0.266566052502,1.92904494589,0.445886682744,0.766657478737,4.44502640339,0.785301001789,3.0714284851,2.90000003758,1.26000014673
0,549,362.355446695,1,3.04142857143,2.06,0,0.266014246788,1.9290452042,0.445886277744,0.766657625959,4.44557820065,0.785301003816,3.04166657517,2.9000000362,1.26000014671
0,550,362.405446695,1,3.04166666667,2.06,0,0.266566052502,1.92904494589,0.445886682751,0.766657478733,4.44502640339,0.785301001789,3.04166658033,2.90000003758,1.26000014673
0,551,363.397510187,1,3.01166666667,2.06,0,0.266014246787,1.9290452042,0.445886277737,0.766657625964,4.44557820065,0.785301003816,3.01190467041,2.9000000362,1.26000014671
0,552,363.447510187,1,3.0119047619,2.06,0,0.266566052502,1.92904494589,0.445886682751,0.766657478733,4.44502640339,0.785301001789,3.01190467557,2.90000003758,1.26000014673
0,553,364.439573679,1,2.9819047619,2.06,0,0.266014246788,1.9290452042,0.445886277744,0.766657625959,4.44557820065,0.785301003816,2.98214276564,2.9000000362,1.26000014671
0,554,364.489573679,1,2.98214285714,2.06,0,0.266566052502,1.92904494589,0.445886682751,0.766657478733,4.44502640339,0.785301001789,2.98214277081,2.90000003758,1.26000014673
0,555,365.481637171,1,2.95214285714,2.06,0,0.266014246787,1.9290452042,0.445886277737,0.766657625964,4.44557820065,0.785301003816,2.95238086088,2.9000000362,1.26000014671
0,556,365.531637171,1,2.95238095238,2.06,0,0.266566052502,1.92904494589,0.445886682744,0.766657478737,4.44502640339,0.785301001789,2.95238086605,2.90000003758,1.26000014673
0,557,366.523700664,1,2.92238095238,2.06,0,0.266014246787,1.9290452042,0.445886277737,0.766657625964,4.44557820065,0.785301003816,2.92261895612,2.9000000362,1.26000014671
0,558,366.573700664,1,2.92261904762,2.06,0,0.266566052502,1.92904494589,0.445886682751,0.766657478733,4.44502640339,0.785301001789,2.92261896129,2.90000003758,1.26000014673
0,559,367.565764156,1,2.89261904762,2.06,0,0.266014246787,1.9290452042,0.445886277737,0.766657625964,4.44557820065,0.785301003816,2.89285705136,2.9000000362,1.26000014671
0,560,367.615764156,1,2.89285714286,2.06,0,0.266566052502,1.92904494589,0.445886682751,0.766657478733,4.44502640339,0.785301001789,2.89285705652,2.90000003758,1.26000014673
0,561,368.607827648,1,2.86285714286,2.06,0,0.266014246787,1.9290452042,0.445886277737,0.766657625964,4.44557820065,0.785301003816,2.8630951466,2.9000000362,1.26000014671
0,562,368.657827648,1,2.8630952381,2.06,0,0.266566052502,1.92904494589,0.445886682751,0.766657478733,4.44502640339,0.785301001789,2.86309515176,2.90000003758,1.26000014673
0,563,369.64989114,1,2.8330952381,2.06,0,0.266014246788,1.9290452042,0.445886277744,0.766657625959,4.44557820065,0.785301003816,2.83333324183,2.9000000362,1.26000014671
0,564,369.69989114,1,2.83333333333,2.06,0,0.266566052502,1.92904494589,0.445886682744,0.766657478737,4.44502640339,0.785301001789,2.833333247,2.90000003758,1.26000014673
0,565,370.691954632,1,2.80333333333,2.06,0,0.266014246788,1.9290452042,0.445886277744,0.766657625959,4.44557820065,0.785301003816,2.80357133707,2.9000000362,1.26000014671
0,566,370.741954632,1,2.80357142857,2.06,0,0.266566052502,1.92904494589,0.445886682751,0.766657478733,4.44502640339,0.785301001789,2.80357134224,2.90000003758,1.26000014673
0,567,371.734018124,1,2.77357142857,2.06,0,0.266014246787,1.9290452042,0.445886277737,0.766657625964,4.44557820065,0.785301003816,2.77380943231,2.9000000362,1.26000014671
0,568,371.784018124,1,2.77380952381,2.06,0,0.266566052502,1.92904494589,0.445886682751,0.766657478733,4.44502640339,0.785301001789,2.77380943748,2.90000003758,1.26000014673
0,569,372.776081616,1,2.74380952381,2.06,0,0.266014246787,1.9290452042,0.445886277737,0.766657625964,4.44557820065,0.785301003816,2.74404752755,2.9000000362,1.26000014671
0,570,372.826081616,1,2.74404761905,2.06,0,0.266566052502,1.92904494589,0.445886682751,0.766657478733,4.44502640339,0.785301001789,2.74404753271,2.90000003758,1.26000014673
0,571,373.818145108,1,2.71404761905,2.06,0,0.266014246787,1.9290452042,0.445886277737,0.766657625964,4.44557820065,0.785301003816,2.71428562279,2.9000000362,1.26000014671
0,572,373.868145108,1,2.71428571429,2.06,0,0.266566052502,1.92904494589,0.445886682751,0.766657478733,4.44502640339,0.785301001789,2.71428562795,2.90000003758,1.26000014673
0,573,374.8602086,1,2.68428571429,2.06,0,0.266014246788,1.9290452042,0.445886277744,0.766657625959,4.44557820065,0.785301003816,2.68452371803,2.9000000362,1.26000014671
0,574,374.9102086,1,2.68452380952,2.06,0,0.266566052502,1.92904494589,0.445886682751,0.766657478733,4.44502640339,0.785301001789,2.68452372319,2.90000003758,1.26000014673
0,575,375.902272092,1,2.65452380952,2.06,0,0.266014246788,1.9290452042,0.445886277744,0.766657625959,4.44557820065,0.785301003816,2.65476181326,2.9000000362,1.26000014671
0,576,375.952272092,1,2.65476190476,2.06,0,0.266566052502,1.92904494589,0.445886682744,0.766657478737,4.44502640339,0.785301001789,2.65476181843,2.90000003758,1.26000014673
0,577,376.944335584,1,2.62476190476,2.06,0,0.266014246788,1.9290452042,0.445886277744,0.766657625959,4.44557820065,0.785301003816,2.6249999085,2.9000000362,1.26000014671
0,578,376.994335584,1,2.625,2.06,0,0.266566052502,1.92904494589,0.445886682744,0.766657478737,4.44502640339,0.785301001789,2.62499991367,2.90000003758,1.26000014673
0,579,377.986399076,1,2.595,2.06,0,0.266014246788,1.9290452042,0.445886277744,0.766657625959,4.44557820065,0.785301003816,2.59523800374,2.9000000362,1.26000014671
0,580,378.036399076,1,2.59523809524,2.06,0,0.266566052502,1.92904494589,0.445886682744,0.766657478737,4.44502640339,0.785301001789,2.5952380089,2.90000003758,1.26000014673
0,581,379.028462568,1,2.56523809524,2.06,0,0.266014246787,1.9290452042,0.445886277737,0.766657625964,4.44557820065,0.785301003816,2.56547609898,2.9000000362,1.26000014671
0,582,379.078462568,1,2.56547619048,2.06,0,0.266566052502,1.92904494589,0.445886682751,0.766657478733,4.44502640339,0.785301001789,2.56547610414,2.90000003758,1.26000014673
0,583,380.07052606,1,2.53547619048,2.06,0,0.266014246788,1.9290452042,0.445886277744,0.766657625959,4.44557820065,0.785301003816,2.53571419422,2.9000000362,1.26000014671
0,584,380.12052606,1,2.53571428571,2.06,0,0.266566052502,1.92904494589,0.445886682751,0.766657478733,4.44502640339,0.785301001789,2.53571419938,2.90000003758,1.26000014673
0,585,381.112589552,1,2.50571428571,2.06,0,0.266014246788,1.9290452042,0.445886277744,0.766657625959,4.44557820065,0.785301003816,2.50595228945,2.9000000362,1.26000014671
0,586,381.162589552,1,2.50595238095,2.06,0,0.266566052502,1.92904494589,0.445886682751,0.766657478733,4.44502640339,0.785301001789,2.50595229462,2.90000003758,1.26000014673
0,587,382.154653044,1,2.47595238095,2.06,0,0.266014246788,1.9290452042,0.445886277744,0.766657625959,4.44557820065,0.785301003816,2.47619038469,2.9000000362,1.26000014671
0,588,382.204653044,1,2.47619047619,2.06,0,0.266566052502,1.92904494589,0.445886682751,0.766657478733,4.44502640339,0.785301001789,2.47619038986,2.90000003758,1.26000014673
0,589,383.196716537,1,2.44619047619,2.06,0,0.266014246787,1.9290452042,0.445886277737,0.766657625964,4.44557820065,0.785301003816,2.44642847993,2.9000000362,1.26000014671
0,590,383.246716537,1,2.44642857143,2.06,0,0.266566052502,1.92904494589,0.445886682751,0.766657478733,4.44502640339,0.785301001789,2.4464284851,2.90000003758,1.26000014673
0,591,384.238780029,1,2.41642857143,2.06,0,0.266014246787,1.9290452042,0.445886277737,0.766657625964,4.44557820065,0.785301003816,2.41666657517,2.9000000362,1.26000014671
0,592,384.288780029,1,2.41666666667,2.06,0,0.266566052502,1.92904494589,0.445886682751,0.766657478733,4.44502640339,0.785301001789,2.41666658033,2.90000003758,1.26000014673
0,593,385.280843521,1,2.38666666667,2.06,0,0.266014246788,1.9290452042,0.445886277744,0.766657625959,4.44557820065,0.785301003816,2.38690467041,2.9000000362,1.26000014671
0,594,385.330843521,1,2.3869047619,2.06,0,0.266566052502,1.92904494589,0.445886682751,0.766657478733,4.44502640339,0.785301001789,2.38690467557,2.90000003758,1.26000014673
0,595,386.322907013,1,2.3569047619,2.06,0,0.266014246788,1.9290452042,0.445886277744,0.766657625959,4.44557820065,0.785301003816,2.35714276564,2.9000000362,1.26000014671
0,596,386.372907013,1,2.35714285714,2.06,0,0.266566052502,1.92904494589,0.445886682744,0.766657478737,4.44502640339,0.785301001789,2.35714277081,2.90000003758,1.26000014673
0,597,387.364970505,1,2.32714285714,2.06,0,0.266014246787,1.9290452042,0.445886277737,0.766657625964,4.44557820065,0.785301003816,2.32738086088,2.9000000362,1.26000014671
0,598,387.414970505,1,2.32738095238,2.06,0,0.266566052502,1.92904494589,0.445886682751,0.766657478733,4.44502640339,0.785301001789,2.32738086605,2.90000003758,1.26000014673
0,599,388.407033997,1,2.29738095238,2.06,0,0.266014246787,1.9290452042,0.445886277737,0.766657625964,4.44557820065,0.785301003816,2.29761895612,2.9000000362,1.26000014671
0,600,388.457033997,1,2.29761904762,2.06,0,0.266566052502,1.92904494589,0.445886682744,0.766657478737,4.44502640339,0.785301001789,2.29761896129,2.90000003758,1.26000014673
0,601,389.449097489,1,2.26761904762,2.06,0,0.266014246787,1.9290452042,0.445886277737,0.766657625964,4.44557820065,0.785301003816,2.26785705136,2.9000000362,1.26000014671
0,602,389.499097489,1,2.26785714286,2.06,0,0.266566052502,1.92904494589,0.445886682744,0.766657478737,4.44502640339,0.785301001789,2.26785705652,2.90000003758,1.26000014673
0,603,390.491160981,1,2.23785714286,2.06,0,0.266014246788,1.9290452042,0.445886277744,0.766657625959,4.44557820065,0.785301003816,2.2380951466,2.9000000362,1.26000014671
0,604,390.541160981,1,2.2380952381,2.06,0,0.266566052502,1.92904494589,0.445886682751,0.766657478733,4.44502640339,0.785301001789,2.23809515176,2.90000003758,1.26000014673
0,605,391.533224473,1,2.2080952381,2.06,0,0.266014246788,1.9290452042,0.445886277744,0.766657625959,4.44557820065,0.785301003816,2.20833324183,2.9000000362,1.26000014671
0,606,391.583224473,1,2.20833333333,2.06,0,0.266566052502,1.92904494589,0.445886682751,0.766657478733,4.44502640339,0.785301001789,2.208333247,2.90000003758,1.26000014673
0,607,392.575287965,1,2.17833333333,2.06,0,0.266014246788,1.9290452042,0.445886277744,0.766657625959,4.44557820065,0.785301003816,2.17857133707,2.9000000362,1.26000014671
0,608,392.625287965,1,2.17857142857,2.06,0,0.266566052502,1.92904494589,0.445886682751,0.766657478733,4.44502640339,0.785301001789,2.17857134224,2.90000003758,1.26000014673
0,609,393.617351457,1,2.14857142857,2.06,0,0.266014246787,1.9290452042,0.445886277737,0.766657625964,4.44557820065,0.785301003816,2.14880943231,2.9000000362,1.26000014671
0,610,393.667351457,1,2.14880952381,2.06,0,0.266566052502,1.92904494589,0.445886682751,0.766657478733,4.44502640339,0.785301001789,2.14880943748,2.90000003758,1.26000014673
0,611,394.659414949,1,2.11880952381,2.06,0,0.266014246788,1.9290452042,0.445886277744,0.766657625959,4.44557820065,0.785301003816,2.11904752755,2.9000000362,1.26000014671
0,612,394.709414949,1,2.11904761905,2.06,0,0.266566052502,1.92904494589,0.445886682744,0.766657478737,4.44502640339,0.785301001789,2.11904753271,2.90000003758,1.26000014673
0,613,395.701478441,1,2.08904761905,2.06,0,0.266014246788,1.9290452042,0.445886277744,0.766657625959,4.44557820065,0.785301003816,2.08928562279,2.9000000362,1.26000014671
0,614,395.751478441,1,2.08928571429,2.06,0,0.266566052502,1.92904494589,0.445886682744,0.766657478737,4.44502640339,0.785301001789,2.08928562795,2.90000003758,1.26000014673
0,615,396.743541933,1,2.05928571429,2.06,0,0.266014246788,1.9290452042,0.445886277744,0.766657625959,4.44557820065,0.785301003816,2.05952371803,2.9000000362,1.26000014671
0,616,396.793541933,1,2.05952380952,2.06,0,0.266566052502,1.92904494589,0.445886682744,0.766657478737,4.44502640339,0.785301001789,2.05952372319,2.90000003758,1.26000014673
0,617,397.785605425,1,2.02952380952,2.06,0,0.266014246787,1.9290452042,0.445886277737,0.766657625964,4.44557820065,0.785301003816,2.02976181326,2.9000000362,1.26000014671
0,618,397.835605425,1,2.02976190476,2.06,0,0.266566052502,1.92904494589,0.445886682751,0.766657478733,4.44502640339,0.785301001789,2.02976181843,2.90000003758,1.26000014673
0,619,398.827668918,1,1.99976190476,2.06,0,0.266014246787,1.9290452042,0.445886277737,0.766657625964,4.44557820065,0.785301003816,1.9999999085,2.9000000362,1.26000014671
0,620,398.877668918,1,2,2.06,0,0.266566052502,1.92904494589,0.445886682751,0.766657478733,4.44502640339,0.785301001789,1.99999991367,2.90000003758,1.26000014673
0,621,399.86973241,1,1.97,2.06,0,0.266014246787,1.9290452042,0.445886277737,0.766657625964,4.44557820065,0.785301003816,1.97023800374,2.9000000362,1.26000014671
0,622,399.91973241,1,1.97023809524,2.06,0,0.266566052502,1.92904494589,0.445886682751,0.766657478733,4.44502640339,0.785301001789,1.9702380089,2.90000003758,1.26000014673
0,623,400.911795902,1,1.94023809524,2.06,0,0.266014246788,1.9290452042,0.445886277744,0.766657625959,4.44557820065,0.785301003816,1.94047609898,2.9000000362,1.26000014671
0,624,400.961795902,1,1.94047619048,2.06,0,0.266566052502,1.92904494589,0.445886682751,0.766657478733,4.44502640339,0.785301001789,1.94047610414,2.90000003758,1.26000014673
0,625,401.953859394,1,1.91047619048,2.06,0,0.266014246788,1.9290452042,0.445886277744,0.766657625959,4.44557820065,0.785301003816,1.91071419422,2.9000000362,1.26000014671
0,626,402.003859394,1,1.91071428571,2.06,0,0.266566052502,1.92904494589,0.445886682744,0.766657478737,4.44502640339,0.785301001789,1.91071419938,2.90000003758,1.26000014673
0,627,402.995922886,1,1.88071428571,2.06,0,0.266014246788,1.9290452042,0.445886277744,0.766657625959,4.44557820065,0.785301003816,1.88095228945,2.9000000362,1.26000014671
0,628,403.045922886,1,1.88095238095,2.06,0,0.266566052502,1.92904494589,0.445886682744,0.766657478737,4.44502640339,0.785301001789,1.88095229462,2.90000003758,1.26000014673
0,629,404.037986378,1,1.85095238095,2.06,0,0.266014246788,1.9290452042,0.445886277744,0.766657625959,4.44557820065,0.785301003816,1.85119038469,2.9000000362,1.26000014671
0,630,404.087986378,1,1.85119047619,2.06,0,0.266566052502,1.92904494589,0.445886682751,0.766657478733,4.44502640339,0.785301001789,1.85119038986,2.90000003758,1.26000014673
0,631,405.08004987,1,1.82119047619,2.06,0,0.266014246787,1.9290452042,0.445886277737,0.766657625964,4.44557820065,0.785301003816,1.82142847993,2.9000000362,1.26000014671
0,632,405.13004987,1,1.82142857143,2.06,0,0.266566052502,1.92904494589,0.445886682744,0.766657478737,4.44502640339,0.785301001789,1.8214284851,2.90000003758,1.26000014673
0,633,406.122113362,1,1.79142857143,2.06,0,0.266014246788,1.9290452042,0.445886277744,0.766657625959,4.44557820065,0.785301003816,1.79166657517,2.9000000362,1.26000014671
0,634,406.172113362,1,1.79166666667,2.06,0,0.266566052502,1.92904494589,0.445886682751,0.766657478733,4.44502640339,0.785301001789,1.79166658033,2.90000003758,1.26000014673
0,635,407.164176854,1,1.76166666667,2.06,0,0.266014246787,1.9290452042,0.445886277737,0.766657625964,4.44557820065,0.785301003816,1.76190467041,2.9000000362,1.26000014671
0,636,407.214176854,1,1.7619047619,2.06,0,0.266566052502,1.92904494589,0.445886682744,0.766657478737,4.44502640339,0.785301001789,1.76190467557,2.90000003758,1.26000014673
0,637,408.206240346,1,1.7319047619,2.06,0,0.266014246788,1.9290452042,0.445886277744,0.766657625959,4.44557820065,0.785301003816,1.73214276564,2.9000000362,1.26000014671
0,638,408.256240346,1,1.73214285714,2.06,0,0.266566052502,1.92904494589,0.445886682751,0.766657478733,4.44502640339,0.785301001789,1.73214277081,2.90000003758,1.26000014673
0,639,409.248303838,1,1.70214285714,2.06,0,0.266014246788,1.9290452042,0.445886277744,0.766657625959,4.44557820065,0.785301003816,1.70238086088,2.9000000362,1.26000014671
0,640,409.298303838,1,1.70238095238,2.06,0,0.266566052502,1.92904494589,0.445886682744,0.766657478737,4.44502640339,0.785301001789,1.70238086605,2.90000003758,1.26000014673
0,641,410.29036733,1,1.67238095238,2.06,0,0.266014246787,1.9290452042,0.445886277737,0.766657625964,4.44557820065,0.785301003816,1.67261895612,2.9000000362,1.26000014671
0,642,410.34036733,1,1.67261904762,2.06,0,0.266566052502,1.92904494589,0.445886682744,0.766657478737,4.44502640339,0.785301001789,1.67261896129,2.90000003758,1.26000014673
0,643,411.332430822,1,1.64261904762,2.06,0,0.266014246788,1.9290452042,0.445886277744,0.766657625959,4.44557820065,0.785301003816,1.64285705136,2.9000000362,1.26000014671
0,644,411.382430822,1,1.64285714286,2.06,0,0.266566052502,1.92904494589,0.445886682751,0.766657478733,4.44502640339,0.785301001789,1.64285705652,2.90000003758,1.26000014673
0,645,412.374494314,1,1.61285714286,2.06,0,0.266014246787,1.9290452042,0.445886277737,0.766657625964,4.44557820065,0.785301003816,1.6130951466,2.9000000362,1.26000014671
0,646,412.424494314,1,1.6130952381,2.06,0,0.266566052502,1.92904494589,0.445886682744,0.766657478737,4.44502640339,0.785301001789,1.61309515176,2.90000003758,1.26000014673
0,647,413.416557806,1,1.5830952381,2.06,0,0.266014246788,1.9290452042,0.445886277744,0.766657625959,4.44557820065,0.785301003816,1.58333324183,2.9000000362,1.26000014671
0,648,413.466557806,1,1.58333333333,2.06,0,0.266566052502,1.92904494589,0.445886682751,0.766657478733,4.44502640339,0.785301001789,1.583333247,2.90000003758,1.26000014673
0,649,414.458621298,1,1.55333333333,2.06,0,0.266014246787,1.9290452042,0.445886277737,0.766657625964,4.44557820065,0.785301003816,1.55357133707,2.9000000362,1.26000014671
0,650,414.508621298,1,1.55357142857,2.06,0,0.266566052502,1.92904494589,0.445886682751,0.766657478733,4.44502640339,0.785301001789,1.55357134224,2.90000003758,1.26000014673
0,651,415.500684791,1,1.52357142857,2.06,0,0.266014246787,1.9290452042,0.445886277737,0.766657625964,4.44557820065,0.785301003816,1.52380943231,2.9000000362,1.26000014671
0,652,415.550684791,1,1.52380952381,2.06,0,0.266566052502,1.92904494589,0.445886682744,0.766657478737,4.44502640339,0.785301001789,1.52380943748,2.90000003758,1.26000014673
0,653,416.542748283,1,1.49380952381,2.06,0,0.266014246788,1.9290452042,0.445886277744,0.766657625959,4.44557820065,0.785301003816,1.49404752755,2.9000000362,1.26000014671
0,654,416.592748283,1,1.49404761905,2.06,0,0.266566052502,1.92904494589,0.445886682751,0.766657478733,4.44502640339,0.785301001789,1.49404753271,2.90000003758,1.26000014673
0,655,417.584811775,1,1.46404761905,2.06,0,0.266014246788,1.9290452042,0.445886277744,0.766657625959,4.44557820065,0.785301003816,1.46428562279,2.9000000362,1.26000014671
0,656,417.634811775,1,1.46428571429,2.06,0,0.266566052502,1.92904494589,0.445886682751,0.766657478733,4.44502640339,0.785301001789,1.46428562795,2.90000003758,1.26000014673
0,657,418.626875267,1,1.43428571429,2.06,0,0.266014246788,1.9290452042,0.445886277744,0.766657625959,4.44557820065,0.785301003816,1.43452371803,2.9000000362,1.26000014671
0,658,418.676875267,1,1.43452380952,2.06,0,0.266566052502,1.92904494589,0.445886682744,0.766657478737,4.44502640339,0.785301001789,1.43452372319,2.90000003758,1.26000014673
0,659,419.668938759,1,1.40452380952,2.06,0,0.266014246788,1.9290452042,0.445886277744,0.766657625959,4.44557820065,0.785301003816,1.40476181326,2.9000000362,1.26000014671
0,660,419.718938759,1,1.40476190476,2.06,0,0.266566052502,1.92904494589,0.445886682751,0.766657478733,4.44502640339,0.785301001789,1.40476181843,2.90000003758,1.26000014673
0,661,420.711002251,1,1.37476190476,2.06,0,0.266014246788,1.9290452042,0.445886277744,0.766657625959,4.44557820065,0.785301003816,1.3749999085,2.9000000362,1.26000014671
0,662,420.761002251,1,1.375,2.06,0,0.266566052502,1.92904494589,0.445886682744,0.766657478737,4.44502640339,0.785301001789,1.37499991367,2.90000003758,1.26000014673
0,663,421.753065743,1,1.345,2.06,0,0.266014246788,1.9290452042,0.445886277744,0.766657625959,4.44557820065,0.785301003816,1.34523800374,2.9000000362,1.26000014671
0,664,421.803065743,1,1.34523809524,2.06,0,0.266566052502,1.92904494589,0.445886682751,0.766657478733,4.44502640339,0.785301001789,1.3452380089,2.90000003758,1.26000014673
0,665,422.795129235,1,1.31523809524,2.06,0,0.266014246787,1.9290452042,0.445886277737,0.766657625964,4.44557820065,0.785301003816,1.31547609898,2.9000000362,1.26000014671
0,666,422.845129235,1,1.31547619048,2.06,0,0.266566052502,1.92904494589,0.445886682751,0.766657478733,4.44502640339,0.785301001789,1.31547610414,2.90000003758,1.26000014673
0,667,423.837192727,1,1.28547619048,2.06,0,0.266014246787,1.9290452042,0.445886277737,0.766657625964,4.44557820065,0.785301003816,1.28571419422,2.9000000362,1.26000014671
0,668,423.887192727,1,1.28571428571,2.06,0,0.266566052502,1.92904494589,0.445886682751,0.766657478733,4.44502640339,0.785301001789,1.28571419938,2.90000003758,1.26000014673
0,669,424.879256219,1,1.25571428571,2.06,0,0.266014246787,1.9290452042,0.445886277737,0.766657625964,4.44557820065,0.785301003816,1.25595228945,2.9000000362,1.26000014671
0,670,424.929256219,1,1.25595238095,2.06,0,0.266566052502,1.92904494589,0.445886682751,0.766657478733,4.44502640339,0.785301001789,1.25595229462,2.90000003758,1.26000014673
0,671,425.921319711,1,1.22595238095,2.06,0,0.266014246787,1.9290452042,0.445886277737,0.766657625964,4.44557820065,0.785301003816,1.22619038469,2.9000000362,1.26000014671
0,672,425.971319711,1,1.22619047619,2.06,0,0.266566052502,1.92904494589,0.445886682744,0.766657478737,4.44502640339,0.785301001789,1.22619038986,2.90000003758,1.26000014673
0,673,426.963383203,1,1.19619047619,2.06,0,0.266014246788,1.9290452042,0.445886277744,0.766657625959,4.44557820065,0.785301003816,1.19642847993,2.9000000362,1.26000014671
0,674,427.013383203,1,1.19642857143,2.06,0,0.266566052502,1.92904494589,0.445886682744,0.766657478737,4.44502640339,0.785301001789,1.1964284851,2.90000003758,1.26000014673
0,675,428.005446695,1,1.16642857143,2.06,0,0.266014246787,1.9290452042,0.445886277737,0.766657625964,4.44557820065,0.785301003816,1.16666657517,2.9000000362,1.26000014671
0,676,428.055446695,1,1.16666666667,2.06,0,0.266566052502,1.92904494589,0.445886682751,0.766657478733,4.44502640339,0.785301001789,1.16666658033,2.90000003758,1.26000014673
0,677,429.047510187,1,1.13666666667,2.06,0,0.266014246788,1.9290452042,0.445886277744,0.766657625959,4.44557820065,0.785301003816,1.13690467041,2.9000000362,1.26000014671
0,678,429.097510187,1,1.1369047619,2.06,0,0.266566052502,1.92904494589,0.445886682744,0.766657478737,4.44502640339,0.785301001789,1.13690467557,2.90000003758,1.26000014673
0,679,430.089573679,1,1.1069047619,2.06,0,0.266014246788,1.9290452042,0.445886277744,0.766657625959,4.44557820065,0.785301003816,1.10714276564,2.9000000362,1.26000014671
0,680,430.139573679,1,1.10714285714,2.06,0,0.266566052502,1.92904494589,0.445886682751,0.766657478733,4.44502640339,0.785301001789,1.10714277081,2.90000003758,1.26000014673
0,681,431.131637171,1,1.07714285714,2.06,0,0.266014246788,1.9290452042,0.445886277744,0.766657625959,4.44557820065,0.785301003816,1.07738086088,2.9000000362,1.26000014671
0,682,431.181637171,1,1.07738095238,2.06,0,0.266566052502,1.92904494589,0.445886682751,0.766657478733,4.44502640339,0.785301001789,1.07738086605,2.90000003758,1.26000014673
0,683,432.173700664,1,1.04738095238,2.06,0,0.266014246787,1.9290452042,0.445886277737,0.766657625964,4.44557820065,0.785301003816,1.04761895612,2.9000000362,1.26000014671
0,684,432.223700664,1,1.04761904762,2.06,0,0.266566052502,1.92904494589,0.445886682744,0.766657478737,4.44502640339,0.785301001789,1.04761896129,2.90000003758,1.26000014673
0,685,433.215764156,1,1.01761904762,2.06,0,0.266014246788,1.9290452042,0.445886277744,0.766657625959,4.44557820065,0.785301003816,1.01785705136,2.9000000362,1.26000014671
0,686,433.265764156,1,1.01785714286,2.06,0,0.266566052502,1.92904494589,0.445886682744,0.766657478737,4.44502640339,0.785301001789,1.01785705652,2.90000003758,1.26000014673
0,687,434.257827648,1,0.987857142857,2.06,0,0.266014246788,1.9290452042,0.445886277744,0.766657625959,4.44557820065,0.785301003816,0.988095146596,2.9000000362,1.26000014671
0,688,434.307827648,1,0.988095238095,2.06,0,0.266566052502,1.92904494589,0.445886682744,0.766657478737,4.44502640339,0.785301001789,0.988095151762,2.90000003758,1.26000014673
0,689,435.29989114,1,0.958095238095,2.06,0,0.266014246788,1.9290452042,0.445886277744,0.766657625959,4.44557820065,0.785301003816,0.958333241835,2.9000000362,1.26000014671
0,690,435.34989114,1,0.958333333333,2.06,0,0.266566052502,1.92904494589,0.445886682751,0.766657478733,4.44502640339,0.785301001789,0.958333247,2.90000003758,1.26000014673
0,691,436.341954632,1,0.928333333333,2.06,0,0.266014246787,1.9290452042,0.445886277737,0.766657625964,4.44557820065,0.785301003816,0.928571337073,2.9000000362,1.26000014671
0,692,436.391954632,1,0.928571428571,2.06,0,0.266566052502,1.92904494589,0.445886682751,0.766657478733,4.44502640339,0.785301001789,0.928571342238,2.90000003758,1.26000014673
0,693,437.384018124,1,0.898571428571,2.06,0,0.266014246787,1.9290452042,0.445886277737,0.766657625964,4.44557820065,0.785301003816,0.898809432311,2.9000000362,1.26000014671
0,694,437.434018124,1,0.89880952381,2.06,0,0.266566052502,1.92904494589,0.445886682744,0.766657478737,4.44502640339,0.785301001789,0.898809437476,2.90000003758,1.26000014673
0,695,438.426081616,1,0.86880952381,2.06,0,0.266014246787,1.9290452042,0.445886277737,0.766657625964,4.44557820065,0.785301003816,0.869047527549,2.9000000362,1.26000014671
0,696,438.476081616,1,0.869047619048,2.06,0,0.266566052502,1.92904494589,0.445886682751,0.766657478733,4.44502640339,0.785301001789,0.869047532714,2.90000003758,1.26000014673
0,697,439.468145108,1,0.839047619048,2.06,0,0.266014246788,1.9290452042,0.445886277744,0.766657625959,4.44557820065,0.785301003816,0.839285622787,2.9000000362,1.26000014671
0,698,439.518145108,1,0.839285714286,2.06,0,0.266566052502,1.92904494589,0.445886682751,0.766657478733,4.44502640339,0.785301001789,0.839285627952,2.90000003758,1.26000014673
0,699,440.5102086,1,0.809285714286,2.06,0,0.266014246787,1.9290452042,0.445886277737,0.766657625964,4.44557820065,0.785301003816,0.809523718025,2.9000000362,1.26000014671
0,700,440.5602086,1,0.809523809524,2.06,0,0.266566052502,1.92904494589,0.445886682744,0.766657478737,4.44502640339,0.785301001789,0.80952372319,2.90000003758,1.26000014673
0,701,441.552272092,1,0.779523809524,2.06,0,0.266014246788,1.9290452042,0.445886277744,0.766657625959,4.44557820065,0.785301003816,0.779761813263,2.9000000362,1.26000014671
0,702,441.602272092,1,0.779761904762,2.06,0,0.266566052502,1.92904494589,0.445886682751,0.766657478733,4.44502640339,0.785301001789,0.779761818428,2.90000003758,1.26000014673
0,703,442.594335584,1,0.749761904762,2.06,0,0.266014246787,1.9290452042,0.445886277737,0.766657625964,4.44557820065,0.785301003816,0.749999908501,2.9000000362,1.26000014671
0,704,442.644335584,1,0.75,2.06,0,0.266566052502,1.92904494589,0.445886682751,0.766657478733,4.44502640339,0.785301001789,0.749999913666,2.90000003758,1.26000014673
5,0,0,0,0.99,2.06,0,3.50314139944,0.936167645676,-2.17119084621,4.3766192226,1.20845111932,0.785300744642,0.749999835876,2.78000052271,0.600000237908
5,1,0.5,0,0.99,2.06,0,3.50314139944,0.936167645676,-2.17119084621,4.3766192226,1.20845111932,0.785300744642,0.749999835876,2.78000052271,0.600000237908
5,2,3.5,0,0.99,2.06,0,3.47675353214,0.911749582714,-2.09803922961,4.32788595887,1.23483902504,0.785300732588,0.75000000276,2.80999985994,0.600000101239
5,3,6.5,0,0.99,2.06,0,3.45367860294,0.884700645671,-2.02156326311,4.27845889931,1.25791399233,0.785300821864,0.750000030726,2.8399998424,0.600000098845
5,4,9.5,0,0.99,2.06,0,3.43337428246,0.855114200802,-1.94172348805,4.22820554451,1.27821834517,0.785300899282,0.7500000546,2.86999982037,0.600000096186
5,5,39.5,1,0.99,2.06,0,3.41540072094,0.823026975388,-1.8583672368,4.17693649799,1.29619193509,0.785300967075,0.750000075809,2.89999979364,0.600000093325
5,6,40.9090301146,1,0.96,2.06,0,3.34494921521,0.842650113795,-1.90899893396,4.20794484817,1.36664273243,0.785301254534,0.754246430122,2.90000035247,0.600000161785
5,7,42.3866224742,1,0.93,2.06,0,3.27106959747,0.859202657788,-1.95256384509,4.23495716619,1.44052235041,0.785301506681,0.758493326105,2.90000034854,0.600000165336
5,8,43.9225521821,1,0.9,2.06,0,3.19427311473,0.872707524401,-1.98879116807,4.25767959475,1.5173188358,0.7853017624,0.762740223139,2.90000034646,0.60000016747
5,9,45.5029208593,1,0.87,2.06,0,3.11525468818,0.883185552157,-2.0173883432,4.27579873718,1.59633726966,0.785302022743,0.766987122852,2.90000034496,0.600000167906
5,10,47.1104702679,1,0.84,2.06,0,3.03487723149,0.890656984738,-2.03807456672,4.28901354743,1.67671474009,0.785302288788,0.771234026478,2.90000034241,0.600000166477
5,11,48.7254286678,1,0.81,2.06,0,2.95412933257,0.895140277067,-2.05061658875,4.29707232162,1.75746266009,0.78530256154,0.77548093454,2.90000033696,0.600000163179
5,12,50.3268146713,1,0.78,2.06,0,2.87406006062,0.896648793675,-2.05485975099,4.29980703727,1.83753196026,0.785302841792,0.779727846673,2.90000032684,0.600000158197
5,13,50.3768146713,1,0.779761904762,2.06,0,2.87342859546,0.896649006494,-2.05486038848,4.29980746937,1.83816403269,0.785302845848,0.779761923837,2.9000002048,0.600000155273
5,14,51.3688781633,1,0.809761904762,2.06,0,2.87398039979,0.896648936427,-2.05486019122,4.2998073417,1.83761223733,0.785302843893,0.809523834045,2.90000020329,0.600000155273
5,15,51.4188781633,1,0.809523809524,2.06,0,2.87342859394,0.896649006606,-2.0548603888,4.29980746959,1.83816403482,0.785302845848,0.809523828972,2.90000020469,0.600000155273
5,16,52.4109416554,1,0.839523809524,2.06,0,2.87398039979,0.896648936427,-2.05486019122,4.2998073417,1.83761223733,0.785302843893,0.839285738807,2.90000020329,0.600000155273
5,17,52.4609416554,1,0.839285714286,2.06,0,2.87342859394,0.896649006606,-2.0548603888,4.29980746959,1.83816403482,0.785302845848,0.839285733734,2.90000020469,0.600000155273
5,18,53.4530051474,1,0.869285714286,2.06,0,2.87398039979,0.896648936427,-2.05486019122,4.2998073417,1.83761223733,0.785302843893,0.869047643569,2.90000020329,0.600000155273
5,19,53.5030051474,1,0.869047619048,2.06,0,2.87342859394,0.896649006606,-2.0548603888,4.29980746959,1.83816403482,0.785302845848,0.869047638496,2.90000020469,0.600000155273
5,20,54.4950686395,1,0.899047619048,2.06,0,2.87398039979,0.896648936427,-2.05486019122,4.2998073417,1.83761223733,0.785302843893,0.898809548331,2.90000020329,0.600000155273
5,21,54.5450686395,1,0.89880952381,2.06,0,2.87342859394,0.896649006606,-2.0548603888,4.29980746959,1.83816403482,0.785302845848,0.898809543258,2.90000020469,0.600000155273
5,22,55.5371321316,1,0.92880952381,2.06,0,2.87398039979,0.896648936427,-2.05486019122,4.2998073417,1.83761223733,0.785302843893,0.928571453093,2.90000020329,0.600000155273
5,23,55.5871321316,1,0.928571428571,2.06,0,2.87342859394,0.896649006606,-2.0548603888,4.29980746959,1.83816403482,0.785302845848,0.92857144802,2.90000020469,0.600000155273
5,24,56.5791956236,1,0.958571428571,2.06,0,2.87398039979,0.896648936427,-2.05486019122,4.2998073417,1.83761223733,0.785302843893,0.958333357855,2.90000020329,0.600000155273
5,25,56.6291956236,1,0.958333333333,2.06,0,2.87342859394,0.896649006606,-2.0548603888,4.29980746959,1.83816403482,0.785302845848,0.958333352782,2.90000020469,0.600000155273
5,26,57.6212591157,1,0.988333333333,2.06,0,2.87398039979,0.896648936427,-2.05486019122,4.2998073417,1.83761223733,0.785302843893,0.988095262617,2.90000020329,0.600000155273
5,27,57.6712591157,1,0.988095238095,2.06,0,2.87342859394,0.896649006606,-2.0548603888,4.29980746959,1.83816403482,0.785302845848,0.988095257544,2.90000020469,0.600000155273
5,28,58.6633226078,1,1.0180952381,2.06,0,2.87398039979,0.896648936427,-2.05486019122,4.2998073417,1.83761223733,0.785302843893,1.01785716738,2.90000020329,0.600000155273
5,29,58.7133226078,1,1.01785714286,2.06,0,2.87342859394,0.896649006606,-2.0548603888,4.29980746959,1.83816403482,0.785302845848,1.01785716231,2.90000020469,0.600000155273
5,30,59.7053860998,1,1.04785714286,2.06,0,2.87398039979,0.896648936427,-2.05486019122,4.2998073417,1.83761223733,0.785302843893,1.04761907214,2.90000020329,0.600000155273
5,31,59.7553860998,1,1.04761904762,2.06,0,2.87342859394,0.896649006606,-2.0548603888,4.29980746959,1.83816403482,0.785302845848,1.04761906707,2.90000020469,0.600000155273
5,32,60.7474495919,1,1.07761904762,2.06,0,2.87398039979,0.896648936427,-2.05486019122,4.2998073417,1.83761223733,0.785302843893,1.0773809769,2.90000020329,0.600000155273
5,33,60.7974495919,1,1.07738095238,2.06,0,2.87342859394,0.896649006606,-2.0548603888,4.29980746959,1.83816403482,0.785302845848,1.07738097183,2.90000020469,0.600000155273
5,34,61.789513084,1,1.10738095238,2.06,0,2.87398039979,0.896648936427,-2.05486019122,4.2998073417,1.83761223733,0.785302843893,1.10714288166,2.90000020329,0.600000155273
5,35,61.839513084,1,1.10714285714,2.06,0,2.87342859394,0.896649006606,-2.0548603888,4.29980746959,1.83816403482,0.785302845848,1.10714287659,2.90000020469,0.600000155273
5,36,62.831576576,1,1.13714285714,2.06,0,2.87398039979,0.896648936427,-2.05486019122,4.2998073417,1.83761223733,0.785302843893,1.13690478643,2.90000020329,0.600000155273
5,37,62.881576576,1,1.1369047619,2.06,0,2.87342859394,0.896649006606,-2.0548603888,4.29980746959,1.83816403482,0.785302845848,1.13690478135,2.90000020469,0.600000155273
5,38,63.8736400681,1,1.1669047619,2.06,0,2.87398039979,0.896648936427,-2.05486019122,4.2998073417,1.83761223733,0.785302843893,1.16666669119,2.90000020329,0.600000155273
5,39,63.9236400681,1,1.16666666667,2.06,0,2.87342859394,0.896649006606,-2.0548603888,4.29980746959,1.83816403482,0.785302845848,1.16666668612,2.90000020469,0.600000155273
5,40,64.9157035601,1,1.19666666667,2.06,0,2.87398039979,0.896648936427,-2.05486019122,4.2998073417,1.83761223733,0.785302843893,1.19642859595,2.90000020329,0.600000155273
5,41,64.9657035601,1,1.19642857143,2.06,0,2.87342859394,0.896649006606,-2.0548603888,4.29980746959,1.83816403482,0.785302845848,1.19642859088,2.90000020469,0.600000155273
5,42,65.9577670522,1,1.22642857143,2.06,0,2.87398039979,0.896648936427,-2.05486019122,4.2998073417,1.83761223733,0.785302843893,1.22619050071,2.90000020329,0.600000155273
5,43,66.0077670522,1,1.22619047619,2.06,0,2.87342859394,0.896649006606,-2.0548603888,4.29980746959,1.83816403482,0.785302845848,1.22619049564,2.90000020469,0.600000155273
5,44,66.9998305443,1,1.25619047619,2.06,0,2.87398039979,0.896648936427,-2.05486019122,4.2998073417,1.83761223733,0.785302843893,1.25595240547,2.90000020329,0.600000155273
5,45,67.0498305443,1,1.25595238095,2.06,0,2.87342859394,0.896649006606,-2.0548603888,4.29980746959,1.83816403482,0.785302845848,1.2559524004,2.90000020469,0.600000155273
5,46,68.0418940363,1,1.28595238095,2.06,0,2.87398039979,0.896648936427,-2.05486019122,4.2998073417,1.83761223733,0.785302843893,1.28571431024,2.90000020329,0.600000155273
5,47,68.0918940363,1,1.28571428571,2.06,0,2.87342859394,0.896649006606,-2.0548603888,4.29980746959,1.83816403482,0.785302845848,1.28571430516,2.90000020469,0.600000155273
5,48,69.0839575284,1,1.31571428571,2.06,0,2.87398039979,0.896648936427,-2.05486019122,4.2998073417,1.83761223733,0.785302843893,1.315476215,2.90000020329,0.600000155273
5,49,69.1339575284,1,1.31547619048,2.06,0,2.87342859394,0.896649006606,-2.0548603888,4.29980746959,1.83816403482,0.785302845848,1.31547620992,2.90000020469,0.600000155273
5,50,70.1260210205,1,1.34547619048,2.06,0,2.87398039979,0.896648936427,-2.05486019122,4.2998073417,1.83761223733,0.785302843893,1.34523811976,2.90000020329,0.600000155273
5,51,70.1760210205,1,1.34523809524,2.06,0,2.87342859394,0.896649006606,-2.0548603888,4.29980746959,1.83816403482,0.785302845848,1.34523811469,2.90000020469,0.600000155273
5,52,71.1680845125,1,1.37523809524,2.06,0,2.87398039979,0.896648936427,-2.05486019122,4.2998073417,1.83761223733,0.785302843893,1.37500002452,2.90000020329,0.600000155273
5,53,71.2180845125,1,1.375,2.06,0,2.87342859394,0.896649006606,-2.0548603888,4.29980746959,1.83816403482,0.785302845848,1.37500001945,2.90000020469,0.600000155273
5,54,72.2101480046,1,1.405,2.06,0,2.87398039979,0.896648936427,-2.05486019122,4.2998073417,1.83761223733,0.785302843893,1.40476192928,2.90000020329,0.600000155273
5,55,72.2601480046,1,1.40476190476,2.06,0,2.87342859394,0.896649006606,-2.0548603888,4.29980746959,1.83816403482,0.785302845848,1.40476192421,2.90000020469,0.600000155273
5,56,73.2522114966,1,1.43476190476,2.06,0,2.87398039979,0.896648936427,-2.05486019122,4.2998073417,1.83761223733,0.785302843893,1.43452383405,2.90000020329,0.600000155273
5,57,73.3022114966,1,1.43452380952,2.06,0,2.87342859394,0.896649006606,-2.0548603888,4.29980746959,1.83816403482,0.785302845848,1.43452382897,2.90000020469,0.600000155273
5,58,74.2942749887,1,1.46452380952,2.06,0,2.87398039979,0.896648936427,-2.05486019122,4.2998073417,1.83761223733,0.785302843893,1.46428573881,2.90000020329,0.600000155273
5,59,74.3442749887,1,1.46428571429,2.06,0,2.87342859394,0.896649006606,-2.0548603888,4.29980746959,1.83816403482,0.785302845848,1.46428573373,2.90000020469,0.600000155273
5,60,75.3363384808,1,1.49428571429,2.06,0,2.87398039979,0.896648936427,-2.05486019122,4.2998073417,1.83761223733,0.785302843893,1.49404764357,2.90000020329,0.600000155273
5,61,75.3863384808,1,1.49404761905,2.06,0,2.87342859394,0.896649006606,-2.0548603888,4.29980746959,1.83816403482,0.785302845848,1.4940476385,2.90000020469,0.600000155273
5,62,76.3784019728,1,1.52404761905,2.06,0,2.87398039979,0.896648936427,-2.05486019122,4.2998073417,1.83761223733,0.785302843893,1.52380954833,2.90000020329,0.600000155273
5,63,76.4284019728,1,1.52380952381,2.06,0,2.87342859394,0.896649006606,-2.0548603888,4.29980746959,1.83816403482,0.785302845848,1.52380954326,2.90000020469,0.600000155273
5,64,77.4204654649,1,1.55380952381,2.06,0,2.87398039979,0.896648936427,-2.05486019122,4.2998073417,1.83761223733,0.785302843893,1.55357145309,2.90000020329,0.600000155273
5,65,77.4704654649,1,1.55357142857,2.06,0,2.87342859394,0.896649006606,-2.0548603888,4.29980746959,1.83816403482,0.785302845848,1.55357144802,2.90000020469,0.600000155273
5,66,78.462528957,1,1.58357142857,2.06,0,2.87398039979,0.896648936427,-2.05486019122,4.2998073417,1.83761223733,0.785302843893,1.58333335786,2.90000020329,0.600000155273
5,67,78.512528957,1,1.58333333333,2.06,0,2.87342859394,0.896649006606,-2.0548603888,4.29980746959,1.83816403482,0.785302845848,1.58333335278,2.90000020469,0.600000155273
5,68,79.504592449,1,1.61333333333,2.06,0,2.87398039979,0.896648936427,-2.05486019122,4.2998073417,1.83761223733,0.785302843893,1.61309526262,2.90000020329,0.600000155273
5,69,79.554592449,1,1.6130952381,2.06,0,2.87342859394,0.896649006606,-2.0548603888,4.29980746959,1.83816403482,0.785302845848,1.61309525754,2.90000020469,0.600000155273
5,70,80.5466559411,1,1.6430952381,2.06,0,2.87398039979,0.896648936427,-2.05486019122,4.2998073417,1.83761223733,0.785302843893,1.64285716738,2.90000020329,0.600000155273
5,71,80.5966559411,1,1.64285714286,2.06,0,2.87342859394,0.896649006606,-2.0548603888,4.29980746959,1.83816403482,0.785302845848,1.64285716231,2.90000020469,0.600000155273
5,72,81.5887194332,1,1.67285714286,2.06,0,2.87398039979,0.896648936427,-2.05486019122,4.2998073417,1.83761223733,0.785302843893,1.67261907214,2.90000020329,0.600000155273
5,73,81.6387194332,1,1.67261904762,2.06,0,2.87342859394,0.896649006606,-2.0548603888,4.29980746959,1.83816403482,0.785302845848,1.67261906707,2.90000020469,0.600000155273
5,74,82.6307829252,1,1.70261904762,2.06,0,2.87398039979,0.896648936427,-2.05486019122,4.2998073417,1.83761223733,0.785302843893,1.7023809769,2.90000020329,0.600000155273
5,75,82.6807829252,1,1.70238095238,2.06,0,2.87342859394,0.896649006606,-2.0548603888,4.29980746959,1.83816403482,0.785302845848,1.70238097183,2.90000020469,0.600000155273
5,76,83.6728464173,1,1.73238095238,2.06,0,2.87398039979,0.896648936427,-2.05486019122,4.2998073417,1.83761223733,0.785302843893,1.73214288166,2.90000020329,0.600000155273
5,77,83.7228464173,1,1.73214285714,2.06,0,2.87342859394,0.896649006606,-2.0548603888,4.29980746959,1.83816403482,0.785302845848,1.73214287659,2.90000020469,0.600000155273
5,78,84.7149099093,1,1.76214285714,2.06,0,2.87398039979,0.896648936427,-2.05486019122,4.2998073417,1.83761223733,0.785302843893,1.76190478643,2.90000020329,0.600000155273
5,79,84.7649099093,1,1.7619047619,2.06,0,2.87342859394,0.896649006606,-2.0548603888,4.29980746959,1.83816403482,0.785302845848,1.76190478135,2.90000020469,0.600000155273
5,80,85.7569734014,1,1.7919047619,2.06,0,2.87398039979,0.896648936427,-2.05486019122,4.2998073417,1.83761223733,0.785302843893,1.79166669119,2.90000020329,0.600000155273
5,81,85.8069734014,1,1.79166666667,2.06,0,2.87342859394,0.896649006606,-2.0548603888,4.29980746959,1.83816403482,0.785302845848,1.79166668612,2.90000020469,0.600000155273
5,82,86.7990368935,1,1.82166666667,2.06,0,2.87398039979,0.896648936427,-2.05486019122,4.2998073417,1.83761223733,0.785302843893,1.82142859595,2.90000020329,0.600000155273
5,83,86.8490368935,1,1.82142857143,2.06,0,2.87342859394,0.896649006606,-2.0548603888,4.29980746959,1.83816403482,0.785302845848,1.82142859088,2.90000020469,0.600000155273
5,84,87.8411003855,1,1.85142857143,2.06,0,2.87398039979,0.896648936427,-2.05486019122,4.2998073417,1.83761223733,0.785302843893,1.85119050071,2.90000020329,0.600000155273
5,85,87.8911003855,1,1.85119047619,2.06,0,2.87342859394,0.896649006606,-2.0548603888,4.29980746959,1.83816403482,0.785302845848,1.85119049564,2.90000020469,0.600000155273
5,86,88.8831638776,1,1.88119047619,2.06,0,2.87398039979,0.896648936427,-2.05486019122,4.2998073417,1.83761223733,0.785302843893,1.88095240547,2.90000020329,0.600000155273
5,87,88.9331638776,1,1.88095238095,2.06,0,2.87342859394,0.896649006606,-2.0548603888,4.29980746959,1.83816403482,0.785302845848,1.8809524004,2.90000020469,0.600000155273
5,88,89.9252273697,1,1.91095238095,2.06,0,2.87398039979,0.896648936427,-2.05486019122,4.2998073417,1.83761223733,0.785302843893,1.91071431024,2.90000020329,0.600000155273
5,89,89.9752273697,1,1.91071428571,2.06,0,2.87342859394,0.896649006606,-2.0548603888,4.29980746959,1.83816403482,0.785302845848,1.91071430516,2.90000020469,0.600000155273
5,90,90.9672908617,1,1.94071428571,2.06,0,2.87398039979,0.896648936427,-2.05486019122,4.2998073417,1.83761223733,0.785302843893,1.940476215,2.90000020329,0.600000155273
5,91,91.0172908617,1,1.94047619048,2.06,0,2.87342859394,0.896649006606,-2.0548603888,4.29980746959,1.83816403482,0.785302845848,1.94047620992,2.90000020469,0.600000155273
5,92,92.0093543538,1,1.97047619048,2.06,0,2.87398039979,0.896648936427,-2.05486019122,4.2998073417,1.83761223733,0.785302843893,1.97023811976,2.90000020329,0.600000155273
5,93,92.0593543538,1,1.97023809524,2.06,0,2.87342859394,0.896649006606,-2.0548603888,4.29980746959,1.83816403482,0.785302845848,1.97023811469,2.90000020469,0.600000155273
5,94,93.0514178459,1,2.00023809524,2.06,0,2.87398039979,0.896648936427,-2.05486019122,4.2998073417,1.83761223733,0.785302843893,2.00000002452,2.90000020329,0.600000155273
5,95,93.1014178459,1,2,2.06,0,2.87342859394,0.896649006606,-2.0548603888,4.29980746959,1.83816403482,0.785302845848,2.00000001945,2.90000020469,0.600000155273
5,96,94.0934813379,1,2.03,2.06,0,2.87398039979,0.896648936427,-2.05486019122,4.2998073417,1.83761223733,0.785302843893,2.02976192928,2.90000020329,0.600000155273
5,97,94.1434813379,1,2.02976190476,2.06,0,2.87342859394,0.896649006606,-2.0548603888,4.29980746959,1.83816403482,0.785302845848,2.02976192421,2.90000020469,0.600000155273
5,98,95.13554483,1,2.05976190476,2.06,0,2.87398039979,0.896648936427,-2.05486019122,4.2998073417,1.83761223733,0.785302843893,2.05952383405,2.90000020329,0.600000155273
5,99,95.18554483,1,2.05952380952,2.06,0,2.87342859394,0.896649006606,-2.0548603888,4.29980746959,1.83816403482,0.785302845848,2.05952382897,2.90000020469,0.600000155273
5,100,96.177608322,1,2.08952380952,2.06,0,2.87398039979,0.896648936427,-2.05486019122,4.2998073417,1.83761223733,0.785302843893,2.08928573881,2.90000020329,0.600000155273
5,101,96.227608322,1,2.08928571429,2.06,0,2.87342859394,0.896649006606,-2.0548603888,4.29980746959,1.83816403482,0.785302845848,2.08928573373,2.90000020469,0.600000155273
5,102,97.2196718141,1,2.11928571429,2.06,0,2.87398039979,0.896648936427,-2.05486019122,4.2998073417,1.83761223733,0.785302843893,2.11904764357,2.90000020329,0.600000155273
5,103,97.2696718141,1,2.11904761905,2.06,0,2.87342859394,0.896649006606,-2.0548603888,4.29980746959,1.83816403482,0.785302845848,2.1190476385,2.90000020469,0.600000155273
5,104,98.2617353062,1,2.14904761905,2.06,0,2.87398039979,0.896648936427,-2.05486019122,4.2998073417,1.83761223733,0.785302843893,2.14880954833,2.90000020329,0.600000155273
5,105,98.3117353062,1,2.14880952381,2.06,0,2.87342859394,0.896649006606,-2.0548603888,4.29980746959,1.83816403482,0.785302845848,2.14880954326,2.90000020469,0.600000155273
5,106,99.3037987982,1,2.17880952381,2.06,0,2.87398039979,0.896648936427,-2.05486019122,4.2998073417,1.83761223733,0.785302843893,2.17857145309,2.90000020329,0.600000155273
5,107,99.3537987982,1,2.17857142857,2.06,0,2.87342859394,0.896649006606,-2.0548603888,4.29980746959,1.83816403482,0.785302845848,2.17857144802,2.90000020469,0.600000155273
5,108,100.34586229,1,2.20857142857,2.06,0,2.87398039979,0.896648936427,-2.05486019122,4.2998073417,1.83761223733,0.785302843893,2.20833335785,2.90000020329,0.600000155273
5,109,100.39586229,1,2.20833333333,2.06,0,2.87342859394,0.896649006606,-2.0548603888,4.29980746959,1.83816403482,0.785302845848,2.20833335278,2.90000020469,0.600000155273
5,110,101.387925782,1,2.23833333333,2.06,0,2.87398039979,0.896648936427,-2.05486019122,4.2998073417,1.83761223733,0.785302843893,2.23809526262,2.90000020329,0.600000155273
5,111,101.437925782,1,2.2380952381,2.06,0,2.87342859394,0.896649006606,-2.0548603888,4.29980746959,1.83816403482,0.785302845848,2.23809525754,2.90000020469,0.600000155273
5,112,102.429989274,1,2.2680952381,2.06,0,2.87398039979,0.896648936427,-2.05486019122,4.2998073417,1.83761223733,0.785302843893,2.26785716738,2.90000020329,0.600000155273
5,113,102.479989274,1,2.26785714286,2.06,0,2.87342859394,0.896649006606,-2.0548603888,4.29980746959,1.83816403482,0.785302845848,2.26785716231,2.90000020469,0.600000155273
5,114,103.472052766,1,2.29785714286,2.06,0,2.87398039979,0.896648936427,-2.05486019122,4.2998073417,1.83761223733,0.785302843893,2.29761907214,2.90000020329,0.600000155273
5,115,103.522052766,1,2.29761904762,2.06,0,2.87342859394,0.896649006606,-2.0548603888,4.29980746959,1.83816403482,0.785302845848,2.29761906707,2.90000020469,0.600000155273
5,116,104.514116259,1,2.32761904762,2.06,0,2.87398039979,0.896648936427,-2.05486019122,4.2998073417,1.83761223733,0.785302843893,2.3273809769,2.90000020329,0.600000155273
5,117,104.564116259,1,2.32738095238,2.06,0,2.87342859394,0.896649006606,-2.0548603888,4.29980746959,1.83816403482,0.785302845848,2.32738097183,2.90000020469,0.600000155273
5,118,105.556179751,1,2.35738095238,2.06,0,2.87398039979,0.896648936427,-2.05486019122,4.2998073417,1.83761223733,0.785302843893,2.35714288166,2.90000020329,0.600000155273
5,119,105.606179751,1,2.35714285714,2.06,0,2.87342859394,0.896649006606,-2.0548603888,4.29980746959,1.83816403482,0.785302845848,2.35714287659,2.90000020469,0.600000155273
5,120,106.598243243,1,2.38714285714,2.06,0,2.87398039979,0.896648936427,-2.05486019122,4.2998073417,1.83761223733,0.785302843893,2.38690478643,2.90000020329,0.600000155273
5,121,106.648243243,1,2.3869047619,2.06,0,2.87342859394,0.896649006606,-2.0548603888,4.29980746959,1.83816403482,0.785302845848,2.38690478135,2.90000020469,0.600000155273
5,122,107.640306735,1,2.4169047619,2.06,0,2.87398039979,0.896648936427,-2.05486019122,4.2998073417,1.83761223733,0.785302843893,2.41666669119,2.90000020329,0.600000155273
5,123,107.690306735,1,2.41666666667,2.06,0,2.87342859394,0.896649006606,-2.0548603888,4.29980746959,1.83816403482,0.785302845848,2.41666668612,2.90000020469,0.600000155273
5,124,108.682370227,1,2.44666666667,2.06,0,2.87398039979,0.896648936427,-2.05486019122,4.2998073417,1.83761223733,0.785302843893,2.44642859595,2.90000020329,0.600000155273
5,125,108.732370227,1,2.44642857143,2.06,0,2.87342859394,0.896649006606,-2.0548603888,4.29980746959,1.83816403482,0.785302845848,2.44642859088,2.90000020469,0.600000155273
5,126,109.724433719,1,2.47642857143,2.06,0,2.87398039979,0.896648936427,-2.05486019122,4.2998073417,1.83761223733,0.785302843893,2.47619050071,2.90000020329,0.600000155273
5,127,109.774433719,1,2.47619047619,2.06,0,2.87342859394,0.896649006606,-2.0548603888,4.29980746959,1.83816403482,0.785302845848,2.47619049564,2.90000020469,0.600000155273
5,128,110.766497211,1,2.50619047619,2.06,0,2.87398039979,0.896648936427,-2.05486019122,4.2998073417,1.83761223733,0.785302843893,2.50595240547,2.90000020329,0.600000155273
5,129,110.816497211,1,2.50595238095,2.06,0,2.87342859394,0.896649006606,-2.0548603888,4.29980746959,1.83816403482,0.785302845848,2.5059524004,2.90000020469,0.600000155273
5,130,111.808560703,1,2.53595238095,2.06,0,2.87398039979,0.896648936427,-2.05486019122,4.2998073417,1.83761223733,0.785302843893,2.53571431024,2.90000020329,0.600000155273
5,131,111.858560703,1,2.53571428571,2.06,0,2.87342859394,0.896649006606,-2.0548603888,4.29980746959,1.83816403482,0.785302845848,2.53571430516,2.90000020469,0.600000155273
5,132,112.850624195,1,2.56571428571,2.06,0,2.87398039979,0.896648936427,-2.05486019122,4.2998073417,1.83761223733,0.785302843893,2.565476215,2.90000020329,0.600000155273
5,133,112.900624195,1,2.56547619048,2.06,0,2.87342859394,0.896649006606,-2.0548603888,4.29980746959,1.83816403482,0.785302845848,2.56547620992,2.90000020469,0.600000155273
5,134,113.892687687,1,2.59547619048,2.06,0,2.87398039979,0.896648936427,-2.05486019122,4.2998073417,1.83761223733,0.785302843893,2.59523811976,2.90000020329,0.600000155273
5,135,113.942687687,1,2.59523809524,2.06,0,2.87342859394,0.896649006606,-2.0548603888,4.29980746959,1.83816403482,0.785302845848,2.59523811469,2.90000020469,0.600000155273
5,136,114.934751179,1,2.62523809524,2.06,0,2.87398039979,0.896648936427,-2.05486019122,4.2998073417,1.83761223733,0.785302843893,2.62500002452,2.90000020329,0.600000155273
5,137,114.984751179,1,2.625,2.06,0,2.87342859394,0.896649006606,-2.0548603888,4.29980746959,1.83816403482,0.785302845848,2.62500001945,2.90000020469,0.600000155273
5,138,115.976814671,1,2.655,2.06,0,2.87398039979,0.896648936427,-2.05486019122,4.2998073417,1.83761223733,0.785302843893,2.65476192928,2.90000020329,0.600000155273
5,139,116.026814671,1,2.65476190476,2.06,0,2.87342859394,0.896649006606,-2.0548603888,4.29980746959,1.83816403482,0.785302845848,2.65476192421,2.90000020469,0.600000155273
5,140,117.018878163,1,2.68476190476,2.06,0,2.87398039979,0.896648936427,-2.05486019122,4.2998073417,1.83761223733,0.785302843893,2.68452383405,2.90000020329,0.600000155273
5,141,117.068878163,1,2.68452380952,2.06,0,2.87342859394,0.896649006606,-2.0548603888,4.29980746959,1.83816403482,0.785302845848,2.68452382897,2.90000020469,0.600000155273
5,142,118.060941655,1,2.71452380952,2.06,0,2.87398039979,0.896648936427,-2.05486019122,4.2998073417,1.83761223733,0.785302843893,2.71428573881,2.90000020329,0.600000155273
5,143,118.110941655,1,2.71428571429,2.06,0,2.87342859394,0.896649006606,-2.0548603888,4.29980746959,1.83816403482,0.785302845848,2.71428573373,2.90000020469,0.600000155273
5,144,119.103005147,1,2.74428571429,2.06,0,2.87398039979,0.896648936427,-2.05486019122,4.2998073417,1.83761223733,0.785302843893,2.74404764357,2.90000020329,0.600000155273
5,145,119.153005147,1,2.74404761905,2.06,0,2.87342859394,0.896649006606,-2.0548603888,4.29980746959,1.83816403482,0.785302845848,2.7440476385,2.90000020469,0.600000155273
5,146,120.14506864,1,2.77404761905,2.06,0,2.87398039979,0.896648936427,-2.05486019122,4.2998073417,1.83761223733,0.785302843893,2.77380954833,2.90000020329,0.600000155273
5,147,120.19506864,1,2.77380952381,2.06,0,2.87342859394,0.896649006606,-2.0548603888,4.29980746959,1.83816403482,0.785302845848,2.77380954326,2.90000020469,0.600000155273
5,148,121.187132132,1,2.80380952381,2.06,0,2.87398039979,0.896648936427,-2.05486019122,4.2998073417,1.83761223733,0.785302843893,2.80357145309,2.90000020329,0.600000155273
5,149,121.237132132,1,2.80357142857,2.06,0,2.87342859394,0.896649006606,-2.0548603888,4.29980746959,1.83816403482,0.785302845848,2.80357144802,2.90000020469,0.600000155273
5,150,122.229195624,1,2.83357142857,2.06,0,2.87398039979,0.896648936427,-2.05486019122,4.2998073417,1.83761223733,0.785302843893,2.83333335785,2.90000020329,0.600000155273
5,151,122.279195624,1,2.83333333333,2.06,0,2.87342859394,0.896649006606,-2.0548603888,4.29980746959,1.83816403482,0.785302845848,2.83333335278,2.90000020469,0.600000155273
5,152,123.271259116,1,2.86333333333,2.06,0,2.87398039979,0.896648936427,-2.05486019122,4.2998073417,1.83761223733,0.785302843893,2.86309526262,2.90000020329,0.600000155273
5,153,123.321259116,1,2.8630952381,2.06,0,2.87342859394,0.896649006606,-2.0548603888,4.29980746959,1.83816403482,0.785302845848,2.86309525754,2.90000020469,0.600000155273
5,154,124.313322608,1,2.8930952381,2.06,0,2.87398039979,0.896648936427,-2.05486019122,4.2998073417,1.83761223733,0.785302843893,2.89285716738,2.90000020329,0.600000155273
5,155,124.363322608,1,2.89285714286,2.06,0,2.87342859394,0.896649006606,-2.0548603888,4.29980746959,1.83816403482,0.785302845848,2.89285716231,2.90000020469,0.600000155273
5,156,125.3553861,1,2.92285714286,2.06,0,2.87398039979,0.896648936427,-2.05486019122,4.2998073417,1.83761223733,0.785302843893,2.92261907214,2.90000020329,0.600000155273
5,157,125.4053861,1,2.92261904762,2.06,0,2.87342859394,0.896649006606,-2.0548603888,4.29980746959,1.83816403482,0.785302845848,2.92261906707,2.90000020469,0.600000155273
5,158,126.397449592,1,2.95261904762,2.06,0,2.87398039979,0.896648936427,-2.05486019122,4.2998073417,1.83761223733,0.785302843893,2.9523809769,2.90000020329,0.600000155273
5,159,126.447449592,1,2.95238095238,2.06,0,2.87342859394,0.896649006606,-2.0548603888,4.29980746959,1.83816403482,0.785302845848,2.95238097183,2.90000020469,0.600000155273
5,160,127.439513084,1,2.98238095238,2.06,0,2.87398039979,0.896648936427,-2.05486019122,4.2998073417,1.83761223733,0.785302843893,2.98214288166,2.90000020329,0.600000155273
5,161,127.489513084,1,2.98214285714,2.06,0,2.87342859394,0.896649006606,-2.0548603888,4.29980746959,1.83816403482,0.785302845848,2.98214287659,2.90000020469,0.600000155273
5,162,128.481576576,1,3.01214285714,2.06,0,2.87398039979,0.896648936427,-2.05486019122,4.2998073417,1.83761223733,0.785302843893,3.01190478643,2.90000020329,0.600000155273
5,163,128.531576576,1,3.0119047619,2.06,0,2.87342859394,0.896649006606,-2.0548603888,4.29980746959,1.83816403482,0.785302845848,3.01190478135,2.90000020469,0.600000155273
5,164,129.523640068,1,3.0419047619,2.06,0,2.87398039979,0.896648936427,-2.05486019122,4.2998073417,1.83761223733,0.785302843893,3.04166669119,2.90000020329,0.600000155273
5,165,129.573640068,1,3.04166666667,2.06,0,2.87342859394,0.896649006606,-2.0548603888,4.29980746959,1.83816403482,0.785302845848,3.04166668612,2.90000020469,0.600000155273
5,166,130.56570356,1,3.07166666667,2.06,0,2.87398039979,0.896648936427,-2.05486019122,4.2998073417,1.83761223733,0.785302843893,3.07142859595,2.90000020329,0.600000155273
5,167,130.61570356,1,3.07142857143,2.06,0,2.87342859394,0.896649006606,-2.0548603888,4.29980746959,1.83816403482,0.785302845848,3.07142859088,2.90000020469,0.600000155273
5,168,131.607767052,1,3.10142857143,2.06,0,2.87398039979,0.896648936427,-2.05486019122,4.2998073417,1.83761223733,0.785302843893,3.10119050071,2.90000020329,0.600000155273
5,169,131.657767052,1,3.10119047619,2.06,0,2.87342859394,0.896649006606,-2.0548603888,4.29980746959,1.83816403482,0.785302845848,3.10119049564,2.90000020469,0.600000155273
5,170,132.649830544,1,3.13119047619,2.06,0,2.87398039979,0.896648936427,-2.05486019122,4.2998073417,1.83761223733,0.785302843893,3.13095240547,2.90000020329,0.600000155273
5,171,132.699830544,1,3.13095238095,2.06,0,2.87342859394,0.896649006606,-2.0548603888,4.29980746959,1.83816403482,0.785302845848,3.1309524004,2.90000020469,0.600000155273
5,172,133.691894036,1,3.16095238095,2.06,0,2.87398039979,0.896648936427,-2.05486019122,4.2998073417,1.83761223733,0.785302843893,3.16071431024,2.90000020329,0.600000155273
5,173,133.741894036,1,3.16071428571,2.06,0,2.87342859394,0.896649006606,-2.0548603888,4.29980746959,1.83816403482,0.785302845848,3.16071430516,2.90000020469,0.600000155273
5,174,134.733957528,1,3.19071428571,2.06,0,2.87398039979,0.896648936427,-2.05486019122,4.2998073417,1.83761223733,0.785302843893,3.190476215,2.90000020329,0.600000155273
5,175,134.783957528,1,3.19047619048,2.06,0,2.87342859394,0.896649006606,-2.0548603888,4.29980746959,1.83816403482,0.785302845848,3.19047620992,2.90000020469,0.600000155273
5,176,135.77602102,1,3.22047619048,2.06,0,2.87398039979,0.896648936427,-2.05486019122,4.2998073417,1.83761223733,0.785302843893,3.22023811976,2.90000020329,0.600000155273
5,177,135.82602102,1,3.22023809524,2.06,0,2.87342859394,0.896649006606,-2.0548603888,4.29980746959,1.83816403482,0.785302845848,3.22023811469,2.90000020469,0.600000155273
5,178,136.818084513,1,3.25023809524,2.06,0,2.87398039979,0.896648936427,-2.05486019122,4.2998073417,1.83761223733,0.785302843893,3.25000002452,2.90000020329,0.600000155273
5,179,136.868084513,1,3.25,2.06,0,2.87342859394,0.896649006606,-2.0548603888,4.29980746959,1.83816403482,0.785302845848,3.25000001945,2.90000020469,0.600000155273
5,180,138.701417846,1,3.25,2.06,0,2.87342878758,0.961796598957,-2.05248923901,4.23228949937,1.83816384541,0.785303049781,3.25000002203,2.9000001431,0.627499834175
5,181,140.534751179,1,3.25,2.06,0,2.873429021,1.02447626571,-2.04474972326,4.16187032698,1.83816361198,0.785303052454,3.25000002203,2.90000012845,0.654999834704
5,182,142.368084513,1,3.25,2.06,0,2.87342925469,1.08413864743,-2.03170492906,4.08916315724,1.8381633783,0.785303054088,3.25000002203,2.90000011421,0.682499836322
5,183,144.201417846,1,3.25,2.06,0,2.87342948831,1.14028661309,-2.01345564871,4.01476591355,1.83816314467,0.7853030547,3.25000002203,2.90000009989,0.709999838867
5,184,146.034751179,1,3.25,2.06,0,2.87342972161,1.19249428327,-1.99013134958,3.93923394325,1.83816291137,0.785303054437,3.25000002203,2.90000008505,0.737499841955
5,185,147.868084513,1,3.25,2.06,0,2.87342995438,1.24041956774,-1.96187912797,3.86305643384,1.83816267861,0.785303053558,3.25000002203,2.90000006937,0.764999845035
5,186,149.701417846,1,3.25,2.06,0,2.87343018649,1.28380815587,-1.92885160854,3.78664032186,1.8381624465,0.785303052388,3.25000002203,2.90000005265,0.792499847473
5,187,151.534751179,1,3.25,2.06,0,2.87343041788,1.3224897483,-1.89119469544,3.71030181216,1.8381622151,0.785303051283,3.25000002203,2.9000000348,0.819999848621
5,188,152.526814671,1,3.22,2.06,0,2.87287873736,1.32249045746,-1.89119359353,3.71029920451,1.83871389143,0.785302842655,3.22023811473,2.90000011788,0.820000171851
5,189,152.576814671,1,3.22023809524,2.06,0,2.87343045977,1.32249060123,-1.8911937862,3.71029925291,1.83816217743,0.785302840702,3.22023811985,2.90000011648,0.820000171861
5,190,153.568878163,1,3.19023809524,2.06,0,2.87287873737,1.32249045749,-1.8911935935,3.71029920443,1.83871389143,0.785302842647,3.19047620997,2.90000011788,0.820000171861
5,191,153.618878163,1,3.19047619048,2.06,0,2.87343045977,1.32249060123,-1.8911937862,3.71029925291,1.83816217743,0.785302840702,3.19047621509,2.90000011648,0.820000171861
5,192,154.610941655,1,3.16047619048,2.06,0,2.87287873737,1.32249045749,-1.8911935935,3.71029920443,1.83871389143,0.785302842647,3.1607143052,2.90000011788,0.820000171861
5,193,154.660941655,1,3.16071428571,2.06,0,2.87343045977,1.32249060123,-1.8911937862,3.71029925291,1.83816217743,0.785302840702,3.16071431032,2.90000011648,0.820000171861
5,194,155.653005147,1,3.13071428571,2.06,0,2.87287873737,1.32249045749,-1.8911935935,3.71029920443,1.83871389143,0.785302842647,3.13095240044,2.90000011788,0.820000171861
5,195,155.703005147,1,3.13095238095,2.06,0,2.87343045977,1.32249060123,-1.8911937862,3.71029925291,1.83816217743,0.785302840702,3.13095240556,2.90000011648,0.820000171861
5,196,156.69506864,1,3.10095238095,2.06,0,2.87287873737,1.32249045749,-1.8911935935,3.71029920443,1.83871389143,0.785302842647,3.10119049568,2.90000011788,0.820000171861
5,197,156.74506864,1,3.10119047619,2.06,0,2.87343045977,1.32249060123,-1.8911937862,3.71029925291,1.83816217743,0.785302840702,3.1011905008,2.90000011648,0.820000171861
5,198,157.737132132,1,3.07119047619,2.06,0,2.87287873737,1.32249045749,-1.8911935935,3.71029920443,1.83871389143,0.785302842647,3.07142859092,2.90000011788,0.820000171861
5,199,157.787132132,1,3.07142857143,2.06,0,2.87343045977,1.32249060123,-1.8911937862,3.71029925291,1.83816217743,0.785302840702,3.07142859604,2.90000011648,0.820000171861
5,200,158.779195624,1,3.04142857143,2.06,0,2.87287873737,1.32249045749,-1.8911935935,3.71029920443,1.83871389143,0.785302842647,3.04166668616,2.90000011788,0.820000171861
5,201,158.829195624,1,3.04166666667,2.06,0,2.87343045977,1.32249060123,-1.8911937862,3.71029925291,1.83816217743,0.785302840702,3.04166669128,2.90000011648,0.820000171861
5,202,159.821259116,1,3.01166666667,2.06,0,2.87287873737,1.32249045749,-1.8911935935,3.71029920443,1.83871389143,0.785302842647,3.0119047814,2.90000011788,0.820000171861
5,203,159.871259116,1,3.0119047619,2.06,0,2.87343045977,1.32249060123,-1.8911937862,3.71029925291,1.83816217743,0.785302840702,3.01190478651,2.90000011648,0.820000171861
5,204,160.863322608,1,2.9819047619,2.06,0,2.87287873737,1.32249045749,-1.8911935935,3.71029920443,1.83871389143,0.785302842647,2.98214287663,2.90000011788,0.820000171861
5,205,160.913322608,1,2.98214285714,2.06,0,2.87343045977,1.32249060123,-1.8911937862,3.71029925291,1.83816217743,0.785302840702,2.98214288175,2.90000011648,0.820000171861
5,206,161.9053861,1,2.95214285714,2.06,0,2.87287873737,1.32249045749,-1.8911935935,3.71029920443,1.83871389143,0.785302842647,2.95238097187,2.90000011788,0.820000171861
5,207,161.9553861,1,2.95238095238,2.06,0,2.87343045977,1.32249060123,-1.8911937862,3.71029925291,1.83816217743,0.785302840702,2.95238097699,2.90000011648,0.820000171861
5,208,162.947449592,1,2.92238095238,2.06,0,2.87287873737,1.32249045749,-1.8911935935,3.71029920443,1.83871389143,0.785302842647,2.92261906711,2.90000011788,0.820000171861
5,209,162.997449592,1,2.92261904762,2.06,0,2.87343045977,1.32249060123,-1.8911937862,3.71029925291,1.83816217743,0.785302840702,2.92261907223,2.90000011648,0.820000171861
5,210,163.989513084,1,2.89261904762,2.06,0,2.87287873737,1.32249045749,-1.8911935935,3.71029920443,1.83871389143,0.785302842647,2.89285716235,2.90000011788,0.820000171861
5,211,164.039513084,1,2.89285714286,2.06,0,2.87343045977,1.32249060123,-1.8911937862,3.71029925291,1.83816217743,0.785302840702,2.89285716747,2.90000011648,0.820000171861
5,212,165.031576576,1,2.86285714286,2.06,0,2.87287873737,1.32249045749,-1.8911935935,3.71029920443,1.83871389143,0.785302842647,2.86309525759,2.90000011788,0.820000171861
5,213,165.081576576,1,2.8630952381,2.06,0,2.87343045977,1.32249060123,-1.8911937862,3.71029925291,1.83816217743,0.785302840702,2.86309526271,2.90000011648,0.820000171861
5,214,166.073640068,1,2.8330952381,2.06,0,2.87287873737,1.32249045749,-1.8911935935,3.71029920443,1.83871389143,0.785302842647,2.83333335282,2.90000011788,0.820000171861
5,215,166.123640068,1,2.83333333333,2.06,0,2.87343045977,1.32249060123,-1.8911937862,3.71029925291,1.83816217743,0.785302840702,2.83333335794,2.90000011648,0.820000171861
5,216,167.11570356,1,2.80333333333,2.06,0,2.87287873737,1.32249045749,-1.8911935935,3.71029920443,1.83871389143,0.785302842647,2.80357144806,2.90000011788,0.820000171861
5,217,167.16570356,1,2.80357142857,2.06,0,2.87343045977,1.32249060123,-1.8911937862,3.71029925291,1.83816217743,0.785302840702,2.80357145318,2.90000011648,0.820000171861
5,218,168.157767052,1,2.77357142857,2.06,0,2.87287873737,1.32249045749,-1.8911935935,3.71029920443,1.83871389143,0.785302842647,2.7738095433,2.90000011788,0.820000171861
5,219,168.207767052,1,2.77380952381,2.06,0,2.87343045977,1.32249060123,-1.8911937862,3.71029925291,1.83816217743,0.785302840702,2.77380954842,2.90000011648,0.820000171861
5,220,169.199830544,1,2.74380952381,2.06,0,2.87287873737,1.32249045749,-1.8911935935,3.71029920443,1.83871389143,0.785302842647,2.74404763854,2.90000011788,0.820000171861
5,221,169.249830544,1,2.74404761905,2.06,0,2.87343045977,1.32249060123,-1.8911937862,3.71029925291,1.83816217743,0.785302840702,2.74404764366,2.90000011648,0.820000171861
5,222,170.241894036,1,2.71404761905,2.06,0,2.87287873737,1.32249045749,-1.8911935935,3.71029920443,1.83871389143,0.785302842647,2.71428573378,2.90000011788,0.820000171861
5,223,170.291894036,1,2.71428571429,2.06,0,2.87343045977,1.32249060123,-1.8911937862,3.71029925291,1.83816217743,0.785302840702,2.7142857389,2.90000011648,0.820000171861
5,224,171.283957528,1,2.68428571429,2.06,0,2.87287873737,1.32249045749,-1.8911935935,3.71029920443,1.83871389143,0.785302842647,2.68452382901,2.90000011788,0.820000171861
5,225,171.333957528,1,2.68452380952,2.06,0,2.87343045977,1.32249060123,-1.8911937862,3.71029925291,1.83816217743,0.785302840702,2.68452383413,2.90000011648,0.820000171861
5,226,172.32602102,1,2.65452380952,2.06,0,2.87287873737,1.32249045749,-1.8911935935,3.71029920443,1.83871389143,0.785302842647,2.65476192425,2.90000011788,0.820000171861
5,227,172.37602102,1,2.65476190476,2.06,0,2.87343045977,1.32249060123,-1.8911937862,3.71029925291,1.83816217743,0.785302840702,2.65476192937,2.90000011648,0.820000171861
5,228,173.368084513,1,2.62476190476,2.06,0,2.87287873737,1.32249045749,-1.8911935935,3.71029920443,1.83871389143,0.785302842647,2.62500001949,2.90000011788,0.820000171861
5,229,173.418084513,1,2.625,2.06,0,2.87343045977,1.32249060123,-1.8911937862,3.71029925291,1.83816217743,0.785302840702,2.62500002461,2.90000011648,0.820000171861
5,230,174.410148005,1,2.595,2.06,0,2.87287873737,1.32249045749,-1.8911935935,3.71029920443,1.83871389143,0.785302842647,2.59523811473,2.90000011788,0.820000171861
5,231,174.460148005,1,2.59523809524,2.06,0,2.87343045977,1.32249060123,-1.8911937862,3.71029925291,1.83816217743,0.785302840702,2.59523811985,2.90000011648,0.820000171861
5,232,175.452211497,1,2.56523809524,2.06,0,2.87287873737,1.32249045749,-1.8911935935,3.71029920443,1.83871389143,0.785302842647,2.56547620997,2.90000011788,0.820000171861
5,233,175.502211497,1,2.56547619048,2.06,0,2.87343045977,1.32249060123,-1.8911937862,3.71029925291,1.83816217743,0.785302840702,2.56547621509,2.90000011648,0.820000171861
5,234,176.494274989,1,2.53547619048,2.06,0,2.87287873737,1.32249045749,-1.8911935935,3.71029920443,1.83871389143,0.785302842647,2.5357143052,2.90000011788,0.820000171861
5,235,176.544274989,1,2.53571428571,2.06,0,2.87343045977,1.32249060123,-1.8911937862,3.71029925291,1.83816217743,0.785302840702,2.53571431032,2.90000011648,0.820000171861
5,236,177.536338481,1,2.50571428571,2.06,0,2.87287873737,1.32249045749,-1.8911935935,3.71029920443,1.83871389143,0.785302842647,2.50595240044,2.90000011788,0.820000171861
5,237,177.586338481,1,2.50595238095,2.06,0,2.87343045977,1.32249060123,-1.8911937862,3.71029925291,1.83816217743,0.785302840702,2.50595240556,2.90000011648,0.820000171861
5,238,178.578401973,1,2.47595238095,2.06,0,2.87287873737,1.32249045749,-1.8911935935,3.71029920443,1.83871389143,0.785302842647,2.47619049568,2.90000011788,0.820000171861
5,239,178.628401973,1,2.47619047619,2.06,0,2.87343045977,1.32249060123,-1.8911937862,3.71029925291,1.83816217743,0.785302840702,2.4761905008,2.90000011648,0.820000171861
5,240,179.620465465,1,2.44619047619,2.06,0,2.87287873737,1.32249045749,-1.8911935935,3.71029920443,1.83871389143,0.785302842647,2.44642859092,2.90000011788,0.820000171861
5,241,179.670465465,1,2.44642857143,2.06,0,2.87343045977,1.32249060123,-1.8911937862,3.71029925291,1.83816217743,0.785302840702,2.44642859604,2.90000011648,0.820000171861
5,242,180.662528957,1,2.41642857143,2.06,0,2.87287873737,1.32249045749,-1.8911935935,3.71029920443,1.83871389143,0.785302842647,2.41666668616,2.90000011788,0.820000171861
5,243,180.712528957,1,2.41666666667,2.06,0,2.87343045977,1.32249060123,-1.8911937862,3.71029925291,1.83816217743,0.785302840702,2.41666669128,2.90000011648,0.820000171861
5,244,181.704592449,1,2.38666666667,2.06,0,2.87287873737,1.32249045749,-1.8911935935,3.71029920443,1.83871389143,0.785302842647,2.3869047814,2.90000011788,0.820000171861
5,245,181.754592449,1,2.3869047619,2.06,0,2.87343045977,1.32249060123,-1.8911937862,3.71029925291,1.83816217743,0.785302840702,2.38690478651,2.90000011648,0.820000171861
5,246,182.746655941,1,2.3569047619,2.06,0,2.87287873737,1.32249045749,-1.8911935935,3.71029920443,1.83871389143,0.785302842647,2.35714287663,2.90000011788,0.820000171861
5,247,182.796655941,1,2.35714285714,2.06,0,2.87343045977,1.32249060123,-1.8911937862,3.71029925291,1.83816217743,0.785302840702,2.35714288175,2.90000011648,0.820000171861
5,248,183.788719433,1,2.32714285714,2.06,0,2.87287873737,1.32249045749,-1.8911935935,3.71029920443,1.83871389143,0.785302842647,2.32738097187,2.90000011788,0.820000171861
5,249,183.838719433,1,2.32738095238,2.06,0,2.87343045977,1.32249060123,-1.8911937862,3.71029925291,1.83816217743,0.785302840702,2.32738097699,2.90000011648,0.820000171861
5,250,184.830782925,1,2.29738095238,2.06,0,2.87287873737,1.32249045749,-1.8911935935,3.71029920443,1.83871389143,0.785302842647,2.29761906711,2.90000011788,0.820000171861
5,251,184.880782925,1,2.29761904762,2.06,0,2.87343045977,1.32249060123,-1.8911937862,3.71029925291,1.83816217743,0.785302840702,2.29761907223,2.90000011648,0.820000171861
5,252,185.872846417,1,2.26761904762,2.06,0,2.87287873737,1.32249045749,-1.8911935935,3.71029920443,1.83871389143,0.785302842647,2.26785716235,2.90000011788,0.820000171861
5,253,185.922846417,1,2.26785714286,2.06,0,2.87343045977,1.32249060123,-1.8911937862,3.71029925291,1.83816217743,0.785302840702,2.26785716747,2.90000011648,0.820000171861
5,254,186.914909909,1,2.23785714286,2.06,0,2.87287873737,1.32249045749,-1.8911935935,3.71029920443,1.83871389143,0.785302842647,2.23809525759,2.90000011788,0.820000171861
5,255,186.964909909,1,2.2380952381,2.06,0,2.87343045977,1.32249060123,-1.8911937862,3.71029925291,1.83816217743,0.785302840702,2.23809526271,2.90000011648,0.820000171861
5,256,187.956973401,1,2.2080952381,2.06,0,2.87287873737,1.32249045749,-1.8911935935,3.71029920443,1.83871389143,0.785302842647,2.20833335282,2.90000011788,0.820000171861
5,257,188.006973401,1,2.20833333333,2.06,0,2.87343045977,1.32249060123,-1.8911937862,3.71029925291,1.83816217743,0.785302840702,2.20833335794,2.90000011648,0.820000171861
5,258,188.999036893,1,2.17833333333,2.06,0,2.87287873737,1.32249045749,-1.8911935935,3.71029920443,1.83871389143,0.785302842647,2.17857144806,2.90000011788,0.820000171861
5,259,189.049036893,1,2.17857142857,2.06,0,2.87343045977,1.32249060123,-1.8911937862,3.71029925291,1.83816217743,0.785302840702,2.17857145318,2.90000011648,0.820000171861
5,260,190.041100386,1,2.14857142857,2.06,0,2.87287873737,1.32249045749,-1.8911935935,3.71029920443,1.83871389143,0.785302842647,2.1488095433,2.90000011788,0.820000171861
5,261,190.091100386,1,2.14880952381,2.06,0,2.87343045977,1.32249060123,-1.8911937862,3.71029925291,1.83816217743,0.785302840702,2.14880954842,2.90000011648,0.820000171861
5,262,191.083163878,1,2.11880952381,2.06,0,2.87287873737,1.32249045749,-1.8911935935,3.71029920443,1.83871389143,0.785302842647,2.11904763854,2.90000011788,0.820000171861
5,263,191.133163878,1,2.11904761905,2.06,0,2.87343045977,1.32249060123,-1.8911937862,3.71029925291,1.83816217743,0.785302840702,2.11904764366,2.90000011648,0.820000171861
5,264,192.12522737,1,2.08904761905,2.06,0,2.87287873737,1.32249045749,-1.8911935935,3.71029920443,1.83871389143,0.785302842647,2.08928573378,2.90000011788,0.820000171861
5,265,192.17522737,1,2.08928571429,2.06,0,2.87343045977,1.32249060123,-1.8911937862,3.71029925291,1.83816217743,0.785302840702,2.0892857389,2.90000011648,0.820000171861
5,266,193.167290862,1,2.05928571429,2.06,0,2.87287873737,1.32249045749,-1.8911935935,3.71029920443,1.83871389143,0.785302842647,2.05952382901,2.90000011788,0.820000171861
5,267,193.217290862,1,2.05952380952,2.06,0,2.87343045977,1.32249060123,-1.8911937862,3.71029925291,1.83816217743,0.785302840702,2.05952383413,2.90000011648,0.820000171861
5,268,194.209354354,1,2.02952380952,2.06,0,2.87287873737,1.32249045749,-1.8911935935,3.71029920443,1.83871389143,0.785302842647,2.02976192425,2.90000011788,0.820000171861
5,269,194.259354354,1,2.02976190476,2.06,0,2.87343045977,1.32249060123,-1.8911937862,3.71029925291,1.83816217743,0.785302840702,2.02976192937,2.90000011648,0.820000171861
5,270,195.251417846,1,1.99976190476,2.06,0,2.87287873737,1.32249045749,-1.8911935935,3.71029920443,1.83871389143,0.785302842647,2.00000001949,2.90000011788,0.820000171861
5,271,195.301417846,1,2,2.06,0,2.87343045977,1.32249060123,-1.8911937862,3.71029925291,1.83816217743,0.785302840702,2.00000002461,2.90000011648,0.820000171861
5,272,196.293481338,1,1.97,2.06,0,2.87287873737,1.32249045749,-1.8911935935,3.71029920443,1.83871389143,0.785302842647,1.97023811473,2.90000011788,0.820000171861
5,273,196.343481338,1,1.97023809524,2.06,0,2.87343045977,1.32249060123,-1.8911937862,3.71029925291,1.83816217743,0.785302840702,1.97023811985,2.90000011648,0.820000171861
5,274,197.33554483,1,1.94023809524,2.06,0,2.87287873737,1.32249045749,-1.8911935935,3.71029920443,1.83871389143,0.785302842647,1.94047620997,2.90000011788,0.820000171861
5,275,197.38554483,1,1.94047619048,2.06,0,2.87343045977,1.32249060123,-1.8911937862,3.71029925291,1.83816217743,0.785302840702,1.94047621509,2.90000011648,0.820000171861
5,276,198.377608322,1,1.91047619048,2.06,0,2.87287873737,1.32249045749,-1.8911935935,3.71029920443,1.83871389143,0.785302842647,1.9107143052,2.90000011788,0.820000171861
5,277,198.427608322,1,1.91071428571,2.06,0,2.87343045977,1.32249060123,-1.8911937862,3.71029925291,1.83816217743,0.785302840702,1.91071431032,2.90000011648,0.820000171861
5,278,199.419671814,1,1.88071428571,2.06,0,2.87287873737,1.32249045749,-1.8911935935,3.71029920443,1.83871389143,0.785302842647,1.88095240044,2.90000011788,0.820000171861
5,279,199.469671814,1,1.88095238095,2.06,0,2.87343045977,1.32249060123,-1.8911937862,3.71029925291,1.83816217743,0.785302840702,1.88095240556,2.90000011648,0.820000171861
5,280,200.461735306,1,1.85095238095,2.06,0,2.87287873737,1.32249045749,-1.8911935935,3.71029920443,1.83871389143,0.785302842647,1.85119049568,2.90000011788,0.820000171861
5,281,200.511735306,1,1.85119047619,2.06,0,2.87343045977,1.32249060123,-1.8911937862,3.71029925291,1.83816217743,0.785302840702,1.8511905008,2.90000011648,0.820000171861
5,282,201.503798798,1,1.82119047619,2.06,0,2.87287873737,1.32249045749,-1.8911935935,3.71029920443,1.83871389143,0.785302842647,1.82142859092,2.90000011788,0.820000171861
5,283,201.553798798,1,1.82142857143,2.06,0,2.87343045977,1.32249060123,-1.8911937862,3.71029925291,1.83816217743,0.785302840702,1.82142859604,2.90000011648,0.820000171861
5,284,202.54586229,1,1.79142857143,2.06,0,2.87287873737,1.32249045749,-1.8911935935,3.71029920443,1.83871389143,0.785302842647,1.79166668616,2.90000011788,0.820000171861
5,285,202.59586229,1,1.79166666667,2.06,0,2.87343045977,1.32249060123,-1.8911937862,3.71029925291,1.83816217743,0.785302840702,1.79166669128,2.90000011648,0.820000171861
5,286,203.587925782,1,1.76166666667,2.06,0,2.87287873737,1.32249045749,-1.8911935935,3.71029920443,1.83871389143,0.785302842647,1.7619047814,2.90000011788,0.820000171861
5,287,203.637925782,1,1.7619047619,2.06,0,2.87343045977,1.32249060123,-1.8911937862,3.71029925291,1.83816217743,0.785302840702,1.76190478651,2.90000011648,0.820000171861
5,288,204.629989274,1,1.7319047619,2.06,0,2.87287873737,1.32249045749,-1.8911935935,3.71029920443,1.83871389143,0.785302842647,1.73214287663,2.90000011788,0.820000171861
5,289,204.679989274,1,1.73214285714,2.06,0,2.87343045977,1.32249060123,-1.8911937862,3.71029925291,1.83816217743,0.785302840702,1.73214288175,2.90000011648,0.820000171861
5,290,205.672052766,1,1.70214285714,2.06,0,2.87287873737,1.32249045749,-1.8911935935,3.71029920443,1.83871389143,0.785302842647,1.70238097187,2.90000011788,0.820000171861
5,291,205.722052766,1,1.70238095238,2.06,0,2.87343045977,1.32249060123,-1.8911937862,3.71029925291,1.83816217743,0.785302840702,1.70238097699,2.90000011648,0.820000171861
5,292,206.714116259,1,1.67238095238,2.06,0,2.87287873737,1.32249045749,-1.8911935935,3.71029920443,1.83871389143,0.785302842647,1.67261906711,2.90000011788,0.820000171861
5,293,206.764116259,1,1.67261904762,2.06,0,2.87343045977,1.32249060123,-1.8911937862,3.71029925291,1.83816217743,0.785302840702,1.67261907223,2.90000011648,0.820000171861
5,294,207.756179751,1,1.64261904762,2.06,0,2.87287873737,1.32249045749,-1.8911935935,3.71029920443,1.83871389143,0.785302842647,1.64285716235,2.90000011788,0.820000171861
5,295,207.806179751,1,1.64285714286,2.06,0,2.87343045977,1.32249060123,-1.8911937862,3.71029925291,1.83816217743,0.785302840702,1.64285716747,2.90000011648,0.820000171861
5,296,208.798243243,1,1.61285714286,2.06,0,2.87287873737,1.32249045749,-1.8911935935,3.71029920443,1.83871389143,0.785302842647,1.61309525759,2.90000011788,0.820000171861
5,297,208.848243243,1,1.6130952381,2.06,0,2.87343045977,1.32249060123,-1.8911937862,3.71029925291,1.83816217743,0.785302840702,1.61309526271,2.90000011648,0.820000171861
5,298,209.840306735,1,1.5830952381,2.06,0,2.87287873737,1.32249045749,-1.8911935935,3.71029920443,1.83871389143,0.785302842647,1.58333335282,2.90000011788,0.820000171861
5,299,209.890306735,1,1.58333333333,2.06,0,2.87343045977,1.32249060123,-1.8911937862,3.71029925291,1.83816217743,0.785302840702,1.58333335794,2.90000011648,0.820000171861
5,300,210.882370227,1,1.55333333333,2.06,0,2.87287873737,1.32249045749,-1.8911935935,3.71029920443,1.83871389143,0.785302842647,1.55357144806,2.90000011788,0.820000171861
5,301,210.932370227,1,1.55357142857,2.06,0,2.87343045977,1.32249060123,-1.8911937862,3.71029925291,1.83816217743,0.785302840702,1.55357145318,2.90000011648,0.820000171861
5,302,211.924433719,1,1.52357142857,2.06,0,2.87287873737,1.32249045749,-1.8911935935,3.71029920443,1.83871389143,0.785302842647,1.5238095433,2.90000011788,0.820000171861
5,303,211.974433719,1,1.52380952381,2.06,0,2.87343045977,1.32249060123,-1.8911937862,3.71029925291,1.83816217743,0.785302840702,1.52380954842,2.90000011648,0.820000171861
5,304,212.966497211,1,1.49380952381,2.06,0,2.87287873737,1.32249045749,-1.8911935935,3.71029920443,1.83871389143,0.785302842647,1.49404763854,2.90000011788,0.820000171861
5,305,213.016497211,1,1.49404761905,2.06,0,2.87343045977,1.32249060123,-1.8911937862,3.71029925291,1.83816217743,0.785302840702,1.49404764366,2.90000011648,0.820000171861
5,306,214.008560703,1,1.46404761905,2.06,0,2.87287873737,1.32249045749,-1.8911935935,3.71029920443,1.83871389143,0.785302842647,1.46428573378,2.90000011788,0.820000171861
5,307,214.058560703,1,1.46428571429,2.06,0,2.87343045977,1.32249060123,-1.8911937862,3.71029925291,1.83816217743,0.785302840702,1.4642857389,2.90000011648,0.820000171861
5,308,215.050624195,1,1.43428571429,2.06,0,2.87287873737,1.32249045749,-1.8911935935,3.71029920443,1.83871389143,0.785302842647,1.43452382901,2.90000011788,0.820000171861
5,309,215.100624195,1,1.43452380952,2.06,0,2.87343045977,1.32249060123,-1.8911937862,3.71029925291,1.83816217743,0.785302840702,1.43452383413,2.90000011648,0.820000171861
5,310,216.092687687,1,1.40452380952,2.06,0,2.87287873737,1.32249045749,-1.8911935935,3.71029920443,1.83871389143,0.785302842647,1.40476192425,2.90000011788,0.820000171861
5,311,216.142687687,1,1.40476190476,2.06,0,2.87343045977,1.32249060123,-1.8911937862,3.71029925291,1.83816217743,0.785302840702,1.40476192937,2.90000011648,0.820000171861
5,312,217.134751179,1,1.37476190476,2.06,0,2.87287873737,1.32249045749,-1.8911935935,3.71029920443,1.83871389143,0.785302842647,1.37500001949,2.90000011788,0.820000171861
5,313,217.184751179,1,1.375,2.06,0,2.87343045977,1.32249060123,-1.8911937862,3.71029925291,1.83816217743,0.785302840702,1.37500002461,2.90000011648,0.820000171861
5,314,218.176814671,1,1.345,2.06,0,2.87287873737,1.32249045749,-1.8911935935,3.71029920443,1.83871389143,0.785302842647,1.34523811473,2.90000011788,0.820000171861
5,315,218.226814671,1,1.34523809524,2.06,0,2.87343045977,1.32249060123,-1.8911937862,3.71029925291,1.83816217743,0.785302840702,1.34523811985,2.90000011648,0.820000171861
5,316,219.218878163,1,1.31523809524,2.06,0,2.87287873737,1.32249045749,-1.8911935935,3.71029920443,1.83871389143,0.785302842647,1.31547620997,2.90000011788,0.820000171861
5,317,219.268878163,1,1.31547619048,2.06,0,2.87343045977,1.32249060123,-1.8911937862,3.71029925291,1.83816217743,0.785302840702,1.31547621509,2.90000011648,0.820000171861
5,318,220.260941655,1,1.28547619048,2.06,0,2.87287873737,1.32249045749,-1.8911935935,3.71029920443,1.83871389143,0.785302842647,1.2857143052,2.90000011788,0.820000171861
5,319,220.310941655,1,1.28571428571,2.06,0,2.87343045977,1.32249060123,-1.8911937862,3.71029925291,1.83816217743,0.785302840702,1.28571431032,2.90000011648,0.820000171861
5,320,221.303005147,1,1.25571428571,2.06,0,2.87287873737,1.32249045749,-1.8911935935,3.71029920443,1.83871389143,0.785302842647,1.25595240044,2.90000011788,0.820000171861
5,321,221.353005147,1,1.25595238095,2.06,0,2.87343045977,1.32249060123,-1.8911937862,3.71029925291,1.83816217743,0.785302840702,1.25595240556,2.90000011648,0.820000171861
5,322,222.34506864,1,1.22595238095,2.06,0,2.87287873737,1.32249045749,-1.8911935935,3.71029920443,1.83871389143,0.785302842647,1.22619049568,2.90000011788,0.820000171861
5,323,222.39506864,1,1.22619047619,2.06,0,2.87343045977,1.32249060123,-1.8911937862,3.71029925291,1.83816217743,0.785302840702,1.2261905008,2.90000011648,0.820000171861
5,324,223.387132132,1,1.19619047619,2.06,0,2.87287873737,1.32249045749,-1.8911935935,3.71029920443,1.83871389143,0.785302842647,1.19642859092,2.90000011788,0.820000171861
5,325,223.437132132,1,1.19642857143,2.06,0,2.87343045977,1.32249060123,-1.8911937862,3.71029925291,1.83816217743,0.785302840702,1.19642859604,2.90000011648,0.820000171861
5,326,224.429195624,1,1.16642857143,2.06,0,2.87287873737,1.32249045749,-1.8911935935,3.71029920443,1.83871389143,0.785302842647,1.16666668616,2.90000011788,0.820000171861
5,327,224.479195624,1,1.16666666667,2.06,0,2.87343045977,1.32249060123,-1.8911937862,3.71029925291,1.83816217743,0.785302840702,1.16666669128,2.90000011648,0.820000171861
5,328,225.471259116,1,1.13666666667,2.06,0,2.87287873737,1.32249045749,-1.8911935935,3.71029920443,1.83871389143,0.785302842647,1.1369047814,2.90000011788,0.820000171861
5,329,225.521259116,1,1.1369047619,2.06,0,2.87343045977,1.32249060123,-1.8911937862,3.71029925291,1.83816217743,0.785302840702,1.13690478651,2.90000011648,0.820000171861
5,330,226.513322608,1,1.1069047619,2.06,0,2.87287873737,1.32249045749,-1.8911935935,3.71029920443,1.83871389143,0.785302842647,1.10714287663,2.90000011788,0.820000171861
5,331,226.563322608,1,1.10714285714,2.06,0,2.87343045977,1.32249060123,-1.8911937862,3.71029925291,1.83816217743,0.785302840702,1.10714288175,2.90000011648,0.820000171861
5,332,227.5553861,1,1.07714285714,2.06,0,2.87287873737,1.32249045749,-1.8911935935,3.71029920443,1.83871389143,0.785302842647,1.07738097187,2.90000011788,0.820000171861
5,333,227.6053861,1,1.07738095238,2.06,0,2.87343045977,1.32249060123,-1.8911937862,3.71029925291,1.83816217743,0.785302840702,1.07738097699,2.90000011648,0.820000171861
5,334,228.597449592,1,1.04738095238,2.06,0,2.87287873737,1.32249045749,-1.8911935935,3.71029920443,1.83871389143,0.785302842647,1.04761906711,2.90000011788,0.820000171861
5,335,228.647449592,1,1.04761904762,2.06,0,2.87343045977,1.32249060123,-1.8911937862,3.71029925291,1.83816217743,0.785302840702,1.04761907223,2.90000011648,0.820000171861
5,336,229.639513084,1,1.01761904762,2.06,0,2.87287873737,1.32249045749,-1.8911935935,3.71029920443,1.83871389143,0.785302842647,1.01785716235,2.90000011788,0.820000171861
5,337,229.689513084,1,1.01785714286,2.06,0,2.87343045977,1.32249060123,-1.8911937862,3.71029925291,1.83816217743,0.785302840702,1.01785716747,2.90000011648,0.820000171861
5,338,230.681576576,1,0.987857142857,2.06,0,2.87287873737,1.32249045749,-1.8911935935,3.71029920443,1.83871389143,0.785302842647,0.988095257586,2.90000011788,0.820000171861
5,339,230.731576576,1,0.988095238095,2.06,0,2.87343045977,1.32249060123,-1.8911937862,3.71029925291,1.83816217743,0.785302840702,0.988095262705,2.90000011648,0.820000171861
5,340,231.723640068,1,0.958095238095,2.06,0,2.87287873737,1.32249045749,-1.8911935935,3.71029920443,1.83871389143,0.785302842647,0.958333352824,2.90000011788,0.820000171861
5,341,231.773640068,1,0.958333333333,2.06,0,2.87343045977,1.32249060123,-1.8911937862,3.71029925291,1.83816217743,0.785302840702,0.958333357943,2.90000011648,0.820000171861
5,342,232.76570356,1,0.928333333333,2.06,0,2.87287873737,1.32249045749,-1.8911935935,3.71029920443,1.83871389143,0.785302842647,0.928571448062,2.90000011788,0.820000171861
5,343,232.81570356,1,0.928571428571,2.06,0,2.87343045977,1.32249060123,-1.8911937862,3.71029925291,1.83816217743,0.785302840702,0.928571453181,2.90000011648,0.820000171861
5,344,233.807767052,1,0.898571428571,2.06,0,2.87287873737,1.32249045749,-1.8911935935,3.71029920443,1.83871389143,0.785302842647,0.8988095433,2.90000011788,0.820000171861
5,345,233.857767052,1,0.89880952381,2.06,0,2.87343045977,1.32249060123,-1.8911937862,3.71029925291,1.83816217743,0.785302840702,0.89880954842,2.90000011648,0.820000171861
5,346,234.849830544,1,0.86880952381,2.06,0,2.87287873737,1.32249045749,-1.8911935935,3.71029920443,1.83871389143,0.785302842647,0.869047638538,2.90000011788,0.820000171861
5,347,234.899830544,1,0.869047619048,2.06,0,2.87343045977,1.32249060123,-1.8911937862,3.71029925291,1.83816217743,0.785302840702,0.869047643658,2.90000011648,0.820000171861
5,348,235.891894036,1,0.839047619048,2.06,0,2.87287873737,1.32249045749,-1.8911935935,3.71029920443,1.83871389143,0.785302842647,0.839285733776,2.90000011788,0.820000171861
5,349,235.941894036,1,0.839285714286,2.06,0,2.87343045977,1.32249060123,-1.8911937862,3.71029925291,1.83816217743,0.785302840702,0.839285738896,2.90000011648,0.820000171861
5,350,236.933957528,1,0.809285714286,2.06,0,2.87287873737,1.32249045749,-1.8911935935,3.71029920443,1.83871389143,0.785302842647,0.809523829014,2.90000011788,0.820000171861
5,351,236.983957528,1,0.809523809524,2.06,0,2.87343045977,1.32249060123,-1.8911937862,3.71029925291,1.83816217743,0.785302840702,0.809523834134,2.90000011648,0.820000171861
5,352,237.97602102,1,0.779523809524,2.06,0,2.87287873737,1.32249045749,-1.8911935935,3.71029920443,1.83871389143,0.785302842647,0.779761924253,2.90000011788,0.820000171861
5,353,238.02602102,1,0.779761904762,2.06,0,2.87343045977,1.32249060123,-1.8911937862,3.71029925291,1.83816217743,0.785302840702,0.779761929372,2.90000011648,0.820000171861
5,354,239.018084513,1,0.749761904762,2.06,0,2.87287873737,1.32249045749,-1.8911935935,3.71029920443,1.83871389143,0.785302842647,0.750000019491,2.90000011788,0.820000171861
5,355,239.068084513,1,0.75,2.06,0,2.87343045977,1.32249060123,-1.8911937862,3.71029925291,1.83816217743,0.785302840702,0.75000002461,2.90000011648,0.820000171861
5,356,240.901417846,1,0.75,2.06,0,2.87343064856,1.35636818379,-1.84903575109,3.6342644297,1.83816198443,0.785303050592,0.750000022031,2.90000001583,0.847499847871
5,357,242.734751179,1,0.75,2.06,0,2.87343087851,1.38540743391,-1.80247238238,3.5586618112,1.83816175448,0.785303050679,0.75000002203,2.89999999571,0.874999844625
5,358,244.568084513,1,0.75,2.06,0,2.87343110774,1.40961528641,-1.75156160884,3.48354318954,1.83816152525,0.785303051835,0.750000022031,2.89999997445,0.90249983837
5,359,246.401417846,1,0.75,2.06,0,2.87343133618,1.42902607338,-1.6963087967,3.40887960005,1.83816129681,0.785303054375,0.75000002203,2.89999995196,0.929999828556
5,360,248.234751179,1,0.75,2.06,0,2.87343156371,1.44368317898,-1.63665532556,3.33456903936,1.83816106927,0.785303058616,0.750000022031,2.89999992804,0.957499814569
5,361,250.068084513,1,0.75,2.06,0,2.8734317901,1.45362137482,-1.57246343289,3.26043897472,1.83816084289,0.785303064918,0.750000022031,2.89999990231,0.984999795645
5,362,251.901417846,1,0.75,2.06,0,2.87343201496,1.45884828185,-1.5034958783,3.18624454648,1.83816061803,0.785303073736,0.750000022031,2.89999987416,1.01249977074
5,363,253.734751179,1,0.75,2.06,0,2.87343223768,1.45932333224,-1.4293866744,3.11166033746,1.83816039531,0.785303085697,0.750000022031,2.89999984266,1.03999973833
5,364,254.726814671,1,0.78,2.06,0,2.8739842002,1.45932279277,-1.42938399394,3.11165732053,1.83760843699,0.785302852436,0.779761929357,2.90000007246,1.04000015622
5,365,254.776814671,1,0.779761904762,2.06,0,2.87343239444,1.45932294909,-1.42938417045,3.11165734117,1.83816023432,0.7853028544,0.779761924211,2.90000007388,1.04000015624
5,366,255.768878163,1,0.809761904762,2.06,0,2.87398420021,1.45932279275,-1.42938399385,3.11165732041,1.83760843698,0.785302852425,0.809523834118,2.90000007247,1.04000015624
5,367,255.818878163,1,0.809523809524,2.06,0,2.87343239444,1.45932294909,-1.42938417045,3.11165734117,1.83816023432,0.7853028544,0.809523828973,2.90000007388,1.04000015624
5,368,256.810941655,1,0.839523809524,2.06,0,2.87398420021,1.45932279275,-1.42938399385,3.11165732041,1.83760843698,0.785302852425,0.83928573888,2.90000007247,1.04000015624
5,369,256.860941655,1,0.839285714286,2.06,0,2.87343239444,1.45932294909,-1.42938417045,3.11165734117,1.83816023432,0.7853028544,0.839285733735,2.90000007388,1.04000015624
5,370,257.853005147,1,0.869285714286,2.06,0,2.87398420021,1.45932279275,-1.42938399385,3.11165732041,1.83760843698,0.785302852425,0.869047643642,2.90000007247,1.04000015624
5,371,257.903005147,1,0.869047619048,2.06,0,2.87343239444,1.45932294909,-1.42938417045,3.11165734117,1.83816023432,0.7853028544,0.869047638496,2.90000007388,1.04000015624
5,372,258.89506864,1,0.899047619048,2.06,0,2.87398420021,1.45932279275,-1.42938399385,3.11165732041,1.83760843698,0.785302852425,0.898809548404,2.90000007247,1.04000015624
5,373,258.94506864,1,0.89880952381,2.06,0,2.87343239444,1.45932294909,-1.42938417045,3.11165734117,1.83816023432,0.7853028544,0.898809543258,2.90000007388,1.04000015624
5,374,259.937132132,1,0.92880952381,2.06,0,2.87398420021,1.45932279275,-1.42938399385,3.11165732041,1.83760843698,0.785302852425,0.928571453165,2.90000007247,1.04000015624
5,375,259.987132132,1,0.928571428571,2.06,0,2.87343239444,1.45932294909,-1.42938417045,3.11165734117,1.83816023432,0.7853028544,0.92857144802,2.90000007388,1.04000015624
5,376,260.979195624,1,0.958571428571,2.06,0,2.87398420021,1.45932279275,-1.42938399385,3.11165732041,1.83760843698,0.785302852425,0.958333357927,2.90000007247,1.04000015624
5,377,261.029195624,1,0.958333333333,2.06,0,2.87343239444,1.45932294909,-1.42938417045,3.11165734117,1.83816023432,0.7853028544,0.958333352782,2.90000007388,1.04000015624
5,378,262.021259116,1,0.988333333333,2.06,0,2.87398420021,1.45932279275,-1.42938399385,3.11165732041,1.83760843698,0.785302852425,0.988095262689,2.90000007247,1.04000015624
5,379,262.071259116,1,0.988095238095,2.06,0,2.87343239444,1.45932294909,-1.42938417045,3.11165734117,1.83816023432,0.7853028544,0.988095257544,2.90000007388,1.04000015624
5,380,263.063322608,1,1.0180952381,2.06,0,2.87398420021,1.45932279275,-1.42938399385,3.11165732041,1.83760843698,0.785302852425,1.01785716745,2.90000007247,1.04000015624
5,381,263.113322608,1,1.01785714286,2.06,0,2.87343239444,1.45932294909,-1.42938417045,3.11165734117,1.83816023432,0.7853028544,1.01785716231,2.90000007388,1.04000015624
5,382,264.1053861,1,1.04785714286,2.06,0,2.87398420021,1.45932279275,-1.42938399385,3.11165732041,1.83760843698,0.785302852425,1.04761907221,2.90000007247,1.04000015624
5,383,264.1553861,1,1.04761904762,2.06,0,2.87343239444,1.45932294909,-1.42938417045,3.11165734117,1.83816023432,0.7853028544,1.04761906707,2.90000007388,1.04000015624
5,384,265.147449592,1,1.07761904762,2.06,0,2.87398420021,1.45932279275,-1.42938399385,3.11165732041,1.83760843698,0.785302852425,1.07738097697,2.90000007247,1.04000015624
5,385,265.197449592,1,1.07738095238,2.06,0,2.87343239444,1.45932294909,-1.42938417045,3.11165734117,1.83816023432,0.7853028544,1.07738097183,2.90000007388,1.04000015624
5,386,266.189513084,1,1.10738095238,2.06,0,2.87398420021,1.45932279275,-1.42938399385,3.11165732041,1.83760843698,0.785302852425,1.10714288174,2.90000007247,1.04000015624
5,387,266.239513084,1,1.10714285714,2.06,0,2.87343239444,1.45932294909,-1.42938417045,3.11165734117,1.83816023432,0.7853028544,1.10714287659,2.90000007388,1.04000015624
5,388,267.231576576,1,1.13714285714,2.06,0,2.87398420021,1.45932279275,-1.42938399385,3.11165732041,1.83760843698,0.785302852425,1.1369047865,2.90000007247,1.04000015624
5,389,267.281576576,1,1.1369047619,2.06,0,2.87343239444,1.45932294909,-1.42938417045,3.11165734117,1.83816023432,0.7853028544,1.13690478135,2.90000007388,1.04000015624
5,390,268.273640068,1,1.1669047619,2.06,0,2.87398420021,1.45932279275,-1.42938399385,3.11165732041,1.83760843698,0.785302852425,1.16666669126,2.90000007247,1.04000015624
5,391,268.323640068,1,1.16666666667,2.06,0,2.87343239444,1.45932294909,-1.42938417045,3.11165734117,1.83816023432,0.7853028544,1.16666668612,2.90000007388,1.04000015624
5,392,269.31570356,1,1.19666666667,2.06,0,2.87398420021,1.45932279275,-1.42938399385,3.11165732041,1.83760843698,0.785302852425,1.19642859602,2.90000007247,1.04000015624
5,393,269.36570356,1,1.19642857143,2.06,0,2.87343239444,1.45932294909,-1.42938417045,3.11165734117,1.83816023432,0.7853028544,1.19642859088,2.90000007388,1.04000015624
5,394,270.357767052,1,1.22642857143,2.06,0,2.87398420021,1.45932279275,-1.42938399385,3.11165732041,1.83760843698,0.785302852425,1.22619050078,2.90000007247,1.04000015624
5,395,270.407767052,1,1.22619047619,2.06,0,2.87343239444,1.45932294909,-1.42938417045,3.11165734117,1.83816023432,0.7853028544,1.22619049564,2.90000007388,1.04000015624
5,396,271.399830544,1,1.25619047619,2.06,0,2.87398420021,1.45932279275,-1.42938399385,3.11165732041,1.83760843698,0.785302852425,1.25595240555,2.90000007247,1.04000015624
5,397,271.449830544,1,1.25595238095,2.06,0,2.87343239444,1.45932294909,-1.42938417045,3.11165734117,1.83816023432,0.7853028544,1.2559524004,2.90000007388,1.04000015624
5,398,272.441894036,1,1.28595238095,2.06,0,2.87398420021,1.45932279275,-1.42938399385,3.11165732041,1.83760843698,0.785302852425,1.28571431031,2.90000007247,1.04000015624
5,399,272.491894036,1,1.28571428571,2.06,0,2.87343239444,1.45932294909,-1.42938417045,3.11165734117,1.83816023432,0.7853028544,1.28571430516,2.90000007388,1.04000015624
5,400,273.483957528,1,1.31571428571,2.06,0,2.87398420021,1.45932279275,-1.42938399385,3.11165732041,1.83760843698,0.785302852425,1.31547621507,2.90000007247,1.04000015624
5,401,273.533957528,1,1.31547619048,2.06,0,2.87343239444,1.45932294909,-1.42938417045,3.11165734117,1.83816023432,0.7853028544,1.31547620992,2.90000007388,1.04000015624
5,402,274.52602102,1,1.34547619048,2.06,0,2.87398420021,1.45932279275,-1.42938399385,3.11165732041,1.83760843698,0.785302852425,1.34523811983,2.90000007247,1.04000015624
5,403,274.57602102,1,1.34523809524,2.06,0,2.87343239444,1.45932294909,-1.42938417045,3.11165734117,1.83816023432,0.7853028544,1.34523811469,2.90000007388,1.04000015624
5,404,275.568084513,1,1.37523809524,2.06,0,2.87398420021,1.45932279275,-1.42938399385,3.11165732041,1.83760843698,0.785302852425,1.37500002459,2.90000007247,1.04000015624
5,405,275.618084513,1,1.375,2.06,0,2.87343239444,1.45932294909,-1.42938417045,3.11165734117,1.83816023432,0.7853028544,1.37500001945,2.90000007388,1.04000015624
5,406,276.610148005,1,1.405,2.06,0,2.87398420021,1.45932279275,-1.42938399385,3.11165732041,1.83760843698,0.785302852425,1.40476192936,2.90000007247,1.04000015624
5,407,276.660148005,1,1.40476190476,2.06,0,2.87343239444,1.45932294909,-1.42938417045,3.11165734117,1.83816023432,0.7853028544,1.40476192421,2.90000007388,1.04000015624
5,408,277.652211497,1,1.43476190476,2.06,0,2.87398420021,1.45932279275,-1.42938399385,3.11165732041,1.83760843698,0.785302852425,1.43452383412,2.90000007247,1.04000015624
5,409,277.702211497,1,1.43452380952,2.06,0,2.87343239444,1.45932294909,-1.42938417045,3.11165734117,1.83816023432,0.7853028544,1.43452382897,2.90000007388,1.04000015624
5,410,278.694274989,1,1.46452380952,2.06,0,2.87398420021,1.45932279275,-1.42938399385,3.11165732041,1.83760843698,0.785302852425,1.46428573888,2.90000007247,1.04000015624
5,411,278.744274989,1,1.46428571429,2.06,0,2.87343239444,1.45932294909,-1.42938417045,3.11165734117,1.83816023432,0.7853028544,1.46428573373,2.90000007388,1.04000015624
5,412,279.736338481,1,1.49428571429,2.06,0,2.87398420021,1.45932279275,-1.42938399385,3.11165732041,1.83760843698,0.785302852425,1.49404764364,2.90000007247,1.04000015624
5,413,279.786338481,1,1.49404761905,2.06,0,2.87343239444,1.45932294909,-1.42938417045,3.11165734117,1.83816023432,0.7853028544,1.4940476385,2.90000007388,1.04000015624
5,414,280.778401973,1,1.52404761905,2.06,0,2.87398420021,1.45932279275,-1.42938399385,3.11165732041,1.83760843698,0.785302852425,1.5238095484,2.90000007247,1.04000015624
5,415,280.828401973,1,1.52380952381,2.06,0,2.87343239444,1.45932294909,-1.42938417045,3.11165734117,1.83816023432,0.7853028544,1.52380954326,2.90000007388,1.04000015624
5,416,281.820465465,1,1.55380952381,2.06,0,2.87398420021,1.45932279275,-1.42938399385,3.11165732041,1.83760843698,0.785302852425,1.55357145317,2.90000007247,1.04000015624
5,417,281.870465465,1,1.55357142857,2.06,0,2.87343239444,1.45932294909,-1.42938417045,3.11165734117,1.83816023432,0.7853028544,1.55357144802,2.90000007388,1.04000015624
5,418,282.862528957,1,1.58357142857,2.06,0,2.87398420021,1.45932279275,-1.42938399385,3.11165732041,1.83760843698,0.785302852425,1.58333335793,2.90000007247,1.04000015624
5,419,282.912528957,1,1.58333333333,2.06,0,2.87343239444,1.45932294909,-1.42938417045,3.11165734117,1.83816023432,0.7853028544,1.58333335278,2.90000007388,1.04000015624
5,420,283.904592449,1,1.61333333333,2.06,0,2.87398420021,1.45932279275,-1.42938399385,3.11165732041,1.83760843698,0.785302852425,1.61309526269,2.90000007247,1.04000015624
5,421,283.954592449,1,1.6130952381,2.06,0,2.87343239444,1.45932294909,-1.42938417045,3.11165734117,1.83816023432,0.7853028544,1.61309525754,2.90000007388,1.04000015624
5,422,284.946655941,1,1.6430952381,2.06,0,2.87398420021,1.45932279275,-1.42938399385,3.11165732041,1.83760843698,0.785302852425,1.64285716745,2.90000007247,1.04000015624
5,423,284.996655941,1,1.64285714286,2.06,0,2.87343239444,1.45932294909,-1.42938417045,3.11165734117,1.83816023432,0.7853028544,1.64285716231,2.90000007388,1.04000015624
5,424,285.988719433,1,1.67285714286,2.06,0,2.87398420021,1.45932279275,-1.42938399385,3.11165732041,1.83760843698,0.785302852425,1.67261907221,2.90000007247,1.04000015624
5,425,286.038719433,1,1.67261904762,2.06,0,2.87343239444,1.45932294909,-1.42938417045,3.11165734117,1.83816023432,0.7853028544,1.67261906707,2.90000007388,1.04000015624
5,426,287.030782925,1,1.70261904762,2.06,0,2.87398420021,1.45932279275,-1.42938399385,3.11165732041,1.83760843698,0.785302852425,1.70238097697,2.90000007247,1.04000015624
5,427,287.080782925,1,1.70238095238,2.06,0,2.87343239444,1.45932294909,-1.42938417045,3.11165734117,1.83816023432,0.7853028544,1.70238097183,2.90000007388,1.04000015624
5,428,288.072846417,1,1.73238095238,2.06,0,2.87398420021,1.45932279275,-1.42938399385,3.11165732041,1.83760843698,0.785302852425,1.73214288174,2.90000007247,1.04000015624
5,429,288.122846417,1,1.73214285714,2.06,0,2.87343239444,1.45932294909,-1.42938417045,3.11165734117,1.83816023432,0.7853028544,1.73214287659,2.90000007388,1.04000015624
5,430,289.114909909,1,1.76214285714,2.06,0,2.87398420021,1.45932279275,-1.42938399385,3.11165732041,1.83760843698,0.785302852425,1.7619047865,2.90000007247,1.04000015624
5,431,289.164909909,1,1.7619047619,2.06,0,2.87343239444,1.45932294909,-1.42938417045,3.11165734117,1.83816023432,0.7853028544,1.76190478135,2.90000007388,1.04000015624
5,432,290.156973401,1,1.7919047619,2.06,0,2.87398420021,1.45932279275,-1.42938399385,3.11165732041,1.83760843698,0.785302852425,1.79166669126,2.90000007247,1.04000015624
5,433,290.206973401,1,1.79166666667,2.06,0,2.87343239444,1.45932294909,-1.42938417045,3.11165734117,1.83816023432,0.7853028544,1.79166668612,2.90000007388,1.04000015624
5,434,291.199036893,1,1.82166666667,2.06,0,2.87398420021,1.45932279275,-1.42938399385,3.11165732041,1.83760843698,0.785302852425,1.82142859602,2.90000007247,1.04000015624
5,435,291.249036893,1,1.82142857143,2.06,0,2.87343239444,1.45932294909,-1.42938417045,3.11165734117,1.83816023432,0.7853028544,1.82142859088,2.90000007388,1.04000015624
5,436,292.241100386,1,1.85142857143,2.06,0,2.87398420021,1.45932279275,-1.42938399385,3.11165732041,1.83760843698,0.785302852425,1.85119050078,2.90000007247,1.04000015624
5,437,292.291100386,1,1.85119047619,2.06,0,2.87343239444,1.45932294909,-1.42938417045,3.11165734117,1.83816023432,0.7853028544,1.85119049564,2.90000007388,1.04000015624
5,438,293.283163878,1,1.88119047619,2.06,0,2.87398420021,1.45932279275,-1.42938399385,3.11165732041,1.83760843698,0.785302852425,1.88095240555,2.90000007247,1.04000015624
5,439,293.333163878,1,1.88095238095,2.06,0,2.87343239444,1.45932294909,-1.42938417045,3.11165734117,1.83816023432,0.7853028544,1.8809524004,2.90000007388,1.04000015624
5,440,294.32522737,1,1.91095238095,2.06,0,2.87398420021,1.45932279275,-1.42938399385,3.11165732041,1.83760843698,0.785302852425,1.91071431031,2.90000007247,1.04000015624
5,441,294.37522737,1,1.91071428571,2.06,0,2.87343239444,1.45932294909,-1.42938417045,3.11165734117,1.83816023432,0.7853028544,1.91071430516,2.90000007388,1.04000015624
5,442,295.367290862,1,1.94071428571,2.06,0,2.87398420021,1.45932279275,-1.42938399385,3.11165732041,1.83760843698,0.785302852425,1.94047621507,2.90000007247,1.04000015624
5,443,295.417290862,1,1.94047619048,2.06,0,2.87343239444,1.45932294909,-1.42938417045,3.11165734117,1.83816023432,0.7853028544,1.94047620992,2.90000007388,1.04000015624
5,444,296.409354354,1,1.97047619048,2.06,0,2.87398420021,1.45932279275,-1.42938399385,3.11165732041,1.83760843698,0.785302852425,1.97023811983,2.90000007247,1.04000015624
5,445,296.459354354,1,1.97023809524,2.06,0,2.87343239444,1.45932294909,-1.42938417045,3.11165734117,1.83816023432,0.7853028544,1.97023811469,2.90000007388,1.04000015624
5,446,297.451417846,1,2.00023809524,2.06,0,2.87398420021,1.45932279275,-1.42938399385,3.11165732041,1.83760843698,0.785302852425,2.00000002459,2.90000007247,1.04000015624
5,447,297.501417846,1,2,2.06,0,2.87343239444,1.45932294909,-1.42938417045,3.11165734117,1.83816023432,0.7853028544,2.00000001945,2.90000007388,1.04000015624
5,448,298.493481338,1,2.03,2.06,0,2.87398420021,1.45932279275,-1.42938399385,3.11165732041,1.83760843698,0.785302852425,2.02976192936,2.90000007247,1.04000015624
5,449,298.543481338,1,2.02976190476,2.06,0,2.87343239444,1.45932294909,-1.42938417045,3.11165734117,1.83816023432,0.7853028544,2.02976192421,2.90000007388,1.04000015624
5,450,299.53554483,1,2.05976190476,2.06,0,2.87398420021,1.45932279275,-1.42938399385,3.11165732041,1.83760843698,0.785302852425,2.05952383412,2.90000007247,1.04000015624
5,451,299.58554483,1,2.05952380952,2.06,0,2.87343239444,1.45932294909,-1.42938417045,3.11165734117,1.83816023432,0.7853028544,2.05952382897,2.90000007388,1.04000015624
5,452,300.577608322,1,2.08952380952,2.06,0,2.87398420021,1.45932279275,-1.42938399385,3.11165732041,1.83760843698,0.785302852425,2.08928573888,2.90000007247,1.04000015624
5,453,300.627608322,1,2.08928571429,2.06,0,2.87343239444,1.45932294909,-1.42938417045,3.11165734117,1.83816023432,0.7853028544,2.08928573373,2.90000007388,1.04000015624
5,454,301.619671814,1,2.11928571429,2.06,0,2.87398420021,1.45932279275,-1.42938399385,3.11165732041,1.83760843698,0.785302852425,2.11904764364,2.90000007247,1.04000015624
5,455,301.669671814,1,2.11904761905,2.06,0,2.87343239444,1.45932294909,-1.42938417045,3.11165734117,1.83816023432,0.7853028544,2.1190476385,2.90000007388,1.04000015624
5,456,302.661735306,1,2.14904761905,2.06,0,2.87398420021,1.45932279275,-1.42938399385,3.11165732041,1.83760843698,0.785302852425,2.1488095484,2.90000007247,1.04000015624
5,457,302.711735306,1,2.14880952381,2.06,0,2.87343239444,1.45932294909,-1.42938417045,3.11165734117,1.83816023432,0.7853028544,2.14880954326,2.90000007388,1.04000015624
5,458,303.703798798,1,2.17880952381,2.06,0,2.87398420021,1.45932279275,-1.42938399385,3.11165732041,1.83760843698,0.785302852425,2.17857145317,2.90000007247,1.04000015624
5,459,303.753798798,1,2.17857142857,2.06,0,2.87343239444,1.45932294909,-1.42938417045,3.11165734117,1.83816023432,0.7853028544,2.17857144802,2.90000007388,1.04000015624
5,460,304.74586229,1,2.20857142857,2.06,0,2.87398420021,1.45932279275,-1.42938399385,3.11165732041,1.83760843698,0.785302852425,2.20833335793,2.90000007247,1.04000015624
5,461,304.79586229,1,2.20833333333,2.06,0,2.87343239444,1.45932294909,-1.42938417045,3.11165734117,1.83816023432,0.7853028544,2.20833335278,2.90000007388,1.04000015624
5,462,305.787925782,1,2.23833333333,2.06,0,2.87398420021,1.45932279275,-1.42938399385,3.11165732041,1.83760843698,0.785302852425,2.23809526269,2.90000007247,1.04000015624
5,463,305.837925782,1,2.2380952381,2.06,0,2.87343239444,1.45932294909,-1.42938417045,3.11165734117,1.83816023432,0.7853028544,2.23809525754,2.90000007388,1.04000015624
5,464,306.829989274,1,2.2680952381,2.06,0,2.87398420021,1.45932279275,-1.42938399385,3.11165732041,1.83760843698,0.785302852425,2.26785716745,2.90000007247,1.04000015624
5,465,306.879989274,1,2.26785714286,2.06,0,2.87343239444,1.45932294909,-1.42938417045,3.11165734117,1.83816023432,0.7853028544,2.26785716231,2.90000007388,1.04000015624
5,466,307.872052766,1,2.29785714286,2.06,0,2.87398420021,1.45932279275,-1.42938399385,3.11165732041,1.83760843698,0.785302852425,2.29761907221,2.90000007247,1.04000015624
5,467,307.922052766,1,2.29761904762,2.06,0,2.87343239444,1.45932294909,-1.42938417045,3.11165734117,1.83816023432,0.7853028544,2.29761906707,2.90000007388,1.04000015624
5,468,308.914116259,1,2.32761904762,2.06,0,2.87398420021,1.45932279275,-1.42938399385,3.11165732041,1.83760843698,0.785302852425,2.32738097697,2.90000007247,1.04000015624
5,469,308.964116259,1,2.32738095238,2.06,0,2.87343239444,1.45932294909,-1.42938417045,3.11165734117,1.83816023432,0.7853028544,2.32738097183,2.90000007388,1.04000015624
5,470,309.956179751,1,2.35738095238,2.06,0,2.87398420021,1.45932279275,-1.42938399385,3.11165732041,1.83760843698,0.785302852425,2.35714288174,2.90000007247,1.04000015624
5,471,310.006179751,1,2.35714285714,2.06,0,2.87343239444,1.45932294909,-1.42938417045,3.11165734117,1.83816023432,0.7853028544,2.35714287659,2.90000007388,1.04000015624
5,472,310.998243243,1,2.38714285714,2.06,0,2.87398420021,1.45932279275,-1.42938399385,3.11165732041,1.83760843698,0.785302852425,2.3869047865,2.90000007247,1.04000015624
5,473,311.048243243,1,2.3869047619,2.06,0,2.87343239444,1.45932294909,-1.42938417045,3.11165734117,1.83816023432,0.7853028544,2.38690478135,2.90000007388,1.04000015624
5,474,312.040306735,1,2.4169047619,2.06,0,2.87398420021,1.45932279275,-1.42938399385,3.11165732041,1.83760843698,0.785302852425,2.41666669126,2.90000007247,1.04000015624
5,475,312.090306735,1,2.41666666667,2.06,0,2.87343239444,1.45932294909,-1.42938417045,3.11165734117,1.83816023432,0.7853028544,2.41666668612,2.90000007388,1.04000015624
5,476,313.082370227,1,2.44666666667,2.06,0,2.87398420021,1.45932279275,-1.42938399385,3.11165732041,1.83760843698,0.785302852425,2.44642859602,2.90000007247,1.04000015624
5,477,313.132370227,1,2.44642857143,2.06,0,2.87343239444,1.45932294909,-1.42938417045,3.11165734117,1.83816023432,0.7853028544,2.44642859088,2.90000007388,1.04000015624
5,478,314.124433719,1,2.47642857143,2.06,0,2.87398420021,1.45932279275,-1.42938399385,3.11165732041,1.83760843698,0.785302852425,2.47619050078,2.90000007247,1.04000015624
5,479,314.174433719,1,2.47619047619,2.06,0,2.87343239444,1.45932294909,-1.42938417045,3.11165734117,1.83816023432,0.7853028544,2.47619049564,2.90000007388,1.04000015624
5,480,315.166497211,1,2.50619047619,2.06,0,2.87398420021,1.45932279275,-1.42938399385,3.11165732041,1.83760843698,0.785302852425,2.50595240555,2.90000007247,1.04000015624
5,481,315.216497211,1,2.50595238095,2.06,0,2.87343239444,1.45932294909,-1.42938417045,3.11165734117,1.83816023432,0.7853028544,2.5059524004,2.90000007388,1.04000015624
5,482,316.208560703,1,2.53595238095,2.06,0,2.87398420021,1.45932279275,-1.42938399385,3.11165732041,1.83760843698,0.785302852425,2.53571431031,2.90000007247,1.04000015624
5,483,316.258560703,1,2.53571428571,2.06,0,2.87343239444,1.45932294909,-1.42938417045,3.11165734117,1.83816023432,0.7853028544,2.53571430516,2.90000007388,1.04000015624
5,484,317.250624195,1,2.56571428571,2.06,0,2.87398420021,1.45932279275,-1.42938399385,3.11165732041,1.83760843698,0.785302852425,2.56547621507,2.90000007247,1.04000015624
5,485,317.300624195,1,2.56547619048,2.06,0,2.87343239444,1.45932294909,-1.42938417045,3.11165734117,1.83816023432,0.7853028544,2.56547620992,2.90000007388,1.04000015624
5,486,318.292687687,1,2.59547619048,2.06,0,2.87398420021,1.45932279275,-1.42938399385,3.11165732041,1.83760843698,0.785302852425,2.59523811983,2.90000007247,1.04000015624
5,487,318.342687687,1,2.59523809524,2.06,0,2.87343239444,1.45932294909,-1.42938417045,3.11165734117,1.83816023432,0.7853028544,2.59523811469,2.90000007388,1.04000015624
5,488,319.334751179,1,2.62523809524,2.06,0,2.87398420021,1.45932279275,-1.42938399385,3.11165732041,1.83760843698,0.785302852425,2.62500002459,2.90000007247,1.04000015624
5,489,319.384751179,1,2.625,2.06,0,2.87343239444,1.45932294909,-1.42938417045,3.11165734117,1.83816023432,0.7853028544,2.62500001945,2.90000007388,1.04000015624
5,490,320.376814671,1,2.655,2.06,0,2.87398420021,1.45932279275,-1.42938399385,3.11165732041,1.83760843698,0.785302852425,2.65476192936,2.90000007247,1.04000015624
5,491,320.426814671,1,2.65476190476,2.06,0,2.87343239444,1.45932294909,-1.42938417045,3.11165734117,1.83816023432,0.7853028544,2.65476192421,2.90000007388,1.04000015624
5,492,321.418878163,1,2.68476190476,2.06,0,2.87398420021,1.45932279275,-1.42938399385,3.11165732041,1.83760843698,0.785302852425,2.68452383412,2.90000007247,1.04000015624
5,493,321.468878163,1,2.68452380952,2.06,0,2.87343239444,1.45932294909,-1.42938417045,3.11165734117,1.83816023432,0.7853028544,2.68452382897,2.90000007388,1.04000015624
5,494,322.460941655,1,2.71452380952,2.06,0,2.87398420021,1.45932279275,-1.42938399385,3.11165732041,1.83760843698,0.785302852425,2.71428573888,2.90000007247,1.04000015624
5,495,322.510941655,1,2.71428571429,2.06,0,2.87343239444,1.45932294909,-1.42938417045,3.11165734117,1.83816023432,0.7853028544,2.71428573373,2.90000007388,1.04000015624
5,496,323.503005147,1,2.74428571429,2.06,0,2.87398420021,1.45932279275,-1.42938399385,3.11165732041,1.83760843698,0.785302852425,2.74404764364,2.90000007247,1.04000015624
5,497,323.553005147,1,2.74404761905,2.06,0,2.87343239444,1.45932294909,-1.42938417045,3.11165734117,1.83816023432,0.7853028544,2.7440476385,2.90000007388,1.04000015624
5,498,324.54506864,1,2.77404761905,2.06,0,2.87398420021,1.45932279275,-1.42938399385,3.11165732041,1.83760843698,0.785302852425,2.7738095484,2.90000007247,1.04000015624
5,499,324.59506864,1,2.77380952381,2.06,0,2.87343239444,1.45932294909,-1.42938417045,3.11165734117,1.83816023432,0.7853028544,2.77380954326,2.90000007388,1.04000015624
5,500,325.587132132,1,2.80380952381,2.06,0,2.87398420021,1.45932279275,-1.42938399385,3.11165732041,1.83760843698,0.785302852425,2.80357145317,2.90000007247,1.04000015624
5,501,325.637132132,1,2.80357142857,2.06,0,2.87343239444,1.45932294909,-1.42938417045,3.11165734117,1.83816023432,0.7853028544,2.80357144802,2.90000007388,1.04000015624
5,502,326.629195624,1,2.83357142857,2.06,0,2.87398420021,1.45932279275,-1.42938399385,3.11165732041,1.83760843698,0.785302852425,2.83333335793,2.90000007247,1.04000015624
5,503,326.679195624,1,2.83333333333,2.06,0,2.87343239444,1.45932294909,-1.42938417045,3.11165734117,1.83816023432,0.7853028544,2.83333335278,2.90000007388,1.04000015624
5,504,327.671259116,1,2.86333333333,2.06,0,2.87398420021,1.45932279275,-1.42938399385,3.11165732041,1.83760843698,0.785302852425,2.86309526269,2.90000007247,1.04000015624
5,505,327.721259116,1,2.8630952381,2.06,0,2.87343239444,1.45932294909,-1.42938417045,3.11165734117,1.83816023432,0.7853028544,2.86309525754,2.90000007388,1.04000015624
5,506,328.713322608,1,2.8930952381,2.06,0,2.87398420021,1.45932279275,-1.42938399385,3.11165732041,1.83760843698,0.785302852425,2.89285716745,2.90000007247,1.04000015624
5,507,328.763322608,1,2.89285714286,2.06,0,2.87343239444,1.45932294909,-1.42938417045,3.11165734117,1.83816023432,0.7853028544,2.89285716231,2.90000007388,1.04000015624
5,508,329.7553861,1,2.92285714286,2.06,0,2.87398420021,1.45932279275,-1.42938399385,3.11165732041,1.83760843698,0.785302852425,2.92261907221,2.90000007247,1.04000015624
5,509,329.8053861,1,2.92261904762,2.06,0,2.87343239444,1.45932294909,-1.42938417045,3.11165734117,1.83816023432,0.7853028544,2.92261906707,2.90000007388,1.04000015624
5,510,330.797449592,1,2.95261904762,2.06,0,2.87398420021,1.45932279275,-1.42938399385,3.11165732041,1.83760843698,0.785302852425,2.95238097697,2.90000007247,1.04000015624
5,511,330.847449592,1,2.95238095238,2.06,0,2.87343239444,1.45932294909,-1.42938417045,3.11165734117,1.83816023432,0.7853028544,2.95238097183,2.90000007388,1.04000015624
5,512,331.839513084,1,2.98238095238,2.06,0,2.87398420021,1.45932279275,-1.42938399385,3.11165732041,1.83760843698,0.785302852425,2.98214288174,2.90000007247,1.04000015624
5,513,331.889513084,1,2.98214285714,2.06,0,2.87343239444,1.45932294909,-1.42938417045,3.11165734117,1.83816023432,0.7853028544,2.98214287659,2.90000007388,1.04000015624
5,514,332.881576576,1,3.01214285714,2.06,0,2.87398420021,1.45932279275,-1.42938399385,3.11165732041,1.83760843698,0.785302852425,3.0119047865,2.90000007247,1.04000015624
5,515,332.931576576,1,3.0119047619,2.06,0,2.87343239444,1.45932294909,-1.42938417045,3.11165734117,1.83816023432,0.7853028544,3.01190478135,2.90000007388,1.04000015624
5,516,333.923640068,1,3.0419047619,2.06,0,2.87398420021,1.45932279275,-1.42938399385,3.11165732041,1.83760843698,0.785302852425,3.04166669126,2.90000007247,1.04000015624
5,517,333.973640068,1,3.04166666667,2.06,0,2.87343239444,1.45932294909,-1.42938417045,3.11165734117,1.83816023432,0.7853028544,3.04166668612,2.90000007388,1.04000015624
5,518,334.96570356,1,3.07166666667,2.06,0,2.87398420021,1.45932279275,-1.42938399385,3.11165732041,1.83760843698,0.785302852425,3.07142859602,2.90000007247,1.04000015624
5,519,335.01570356,1,3.07142857143,2.06,0,2.87343239444,1.45932294909,-1.42938417045,3.11165734117,1.83816023432,0.7853028544,3.07142859088,2.90000007388,1.04000015624
5,520,336.007767052,1,3.10142857143,2.06,0,2.87398420021,1.45932279275,-1.42938399385,3.11165732041,1.83760843698,0.785302852425,3.10119050078,2.90000007247,1.04000015624
5,521,336.057767052,1,3.10119047619,2.06,0,2.87343239444,1.45932294909,-1.42938417045,3.11165734117,1.83816023432,0.7853028544,3.10119049564,2.90000007388,1.04000015624
5,522,337.049830544,1,3.13119047619,2.06,0,2.87398420021,1.45932279275,-1.42938399385,3.11165732041,1.83760843698,0.785302852425,3.13095240555,2.90000007247,1.04000015624
5,523,337.099830544,1,3.13095238095,2.06,0,2.87343239444,1.45932294909,-1.42938417045,3.11165734117,1.83816023432,0.7853028544,3.1309524004,2.90000007388,1.04000015624
5,524,338.091894036,1,3.16095238095,2.06,0,2.87398420021,1.45932279275,-1.42938399385,3.11165732041,1.83760843698,0.785302852425,3.16071431031,2.90000007247,1.04000015624
5,525,338.141894036,1,3.16071428571,2.06,0,2.87343239444,1.45932294909,-1.42938417045,3.11165734117,1.83816023432,0.7853028544,3.16071430516,2.90000007388,1.04000015624
5,526,339.133957528,1,3.19071428571,2.06,0,2.87398420021,1.45932279275,-1.42938399385,3.11165732041,1.83760843698,0.785302852425,3.19047621507,2.90000007247,1.04000015624
5,527,339.183957528,1,3.19047619048,2.06,0,2.87343239444,1.45932294909,-1.42938417045,3.11165734117,1.83816023432,0.7853028544,3.19047620992,2.90000007388,1.04000015624
5,528,340.17602102,1,3.22047619048,2.06,0,2.87398420021,1.45932279275,-1.42938399385,3.11165732041,1.83760843698,0.785302852425,3.22023811983,2.90000007247,1.04000015624
5,529,340.22602102,1,3.22023809524,2.06,0,2.87343239444,1.45932294909,-1.42938417045,3.11165734117,1.83816023432,0.7853028544,3.22023811469,2.90000007388,1.04000015624
5,530,341.218084513,1,3.25023809524,2.06,0,2.87398420021,1.45932279275,-1.42938399385,3.11165732041,1.83760843698,0.785302852425,3.25000002459,2.90000007247,1.04000015624
5,531,341.268084513,1,3.25,2.06,0,2.87343239444,1.45932294909,-1.42938417045,3.11165734117,1.83816023432,0.7853028544,3.25000001945,2.90000007388,1.04000015624
5,532,343.101417846,1,3.25,2.06,0,2.87343245733,1.45493120169,-1.34959649668,3.03626235092,1.83816017565,0.785303101709,3.25000002203,2.89999980632,1.06749969613
5,533,344.934751179,1,3.25,2.06,0,2.8734326724,1.44544412346,-1.26334107825,2.95949409222,1.83815996059,0.785303123245,3.25000002203,2.89999976276,1.0949996404
5,534,346.812184978,1,3.25,2.06,0,2.8734328804,1.43046212505,-1.16946938833,2.88060451206,1.83815975259,0.78530315266,3.25000002203,2.89999970807,1.12249956498
5,535,348.876751617,1,3.25,2.06,0,2.87343307685,1.40930756864,-1.06624105638,2.79853089391,1.83815955613,0.785303194238,3.25000002203,2.89999963519,1.14999945866
5,536,351.183992336,1,3.25,2.06,0,2.87343325284,1.38081639712,-0.950879020428,2.71166026491,1.83815938015,0.785303256436,3.25000002203,2.89999953006,1.17749929904
5,537,353.830790911,1,3.25,2.06,0,2.87343338771,1.34286015657,-0.818539091652,2.61727696377,1.83815924528,0.7853033587,3.25000002203,2.89999936017,1.20499903411
5,538,357.014189244,1,3.25,2.06,0,2.87343341986,1.29098494145,-0.659369175013,2.50998301781,1.83815921313,0.785303558308,3.25000002203,2.89999902848,1.23249850871
5,539,361.283964906,1,3.25,2.06,0,2.8734330387,1.21257265727,-0.445880391916,2.37490871583,1.8381595943,0.785304138716,3.25000002203,2.8999980457,1.25999694211
5,540,362.276028398,1,3.22,2.06,0,2.87288258131,1.21254735802,-0.445821528936,2.37487035664,1.83871004745,0.785302873697,3.2202381147,2.9000000555,1.26000014609
5,541,362.326028398,1,3.22023809524,2.06,0,2.87343430407,1.21254762136,-0.445821936471,2.37487049895,1.83815833313,0.785302871311,3.22023811985,2.90000005467,1.260000147
5,542,363.31809189,1,3.19023809524,2.06,0,2.8728825817,1.21254735097,-0.4458215125,2.3748703459,1.83871004706,0.785302873329,3.19047620993,2.90000005607,1.26000014699
5,543,363.36809189,1,3.19047619048,2.06,0,2.87343430407,1.21254762136,-0.445821936466,2.37487049895,1.83815833313,0.785302871311,3.19047621509,2.90000005467,1.260000147
5,544,364.360155382,1,3.16047619048,2.06,0,2.8728825817,1.21254735097,-0.4458215125,2.3748703459,1.83871004706,0.785302873329,3.16071430517,2.90000005607,1.26000014699
5,545,364.410155382,1,3.16071428571,2.06,0,2.87343430407,1.21254762137,-0.445821936473,2.37487049895,1.83815833313,0.785302871311,3.16071431032,2.90000005467,1.260000147
5,546,365.402218874,1,3.13071428571,2.06,0,2.8728825817,1.21254735097,-0.445821512507,2.37487034591,1.83871004706,0.785302873329,3.13095240041,2.90000005607,1.26000014699
5,547,365.452218874,1,3.13095238095,2.06,0,2.87343430407,1.21254762137,-0.445821936473,2.37487049895,1.83815833313,0.785302871311,3.13095240556,2.90000005467,1.260000147
5,548,366.444282366,1,3.10095238095,2.06,0,2.8728825817,1.21254735097,-0.445821512507,2.37487034591,1.83871004706,0.785302873329,3.10119049565,2.90000005607,1.26000014699
5,549,366.494282366,1,3.10119047619,2.06,0,2.87343430407,1.21254762137,-0.445821936473,2.37487049895,1.83815833313,0.785302871311,3.1011905008,2.90000005467,1.260000147
5,550,367.486345858,1,3.07119047619,2.06,0,2.8728825817,1.21254735097,-0.445821512507,2.37487034591,1.83871004706,0.785302873329,3.07142859089,2.90000005607,1.26000014699
5,551,367.536345858,1,3.07142857143,2.06,0,2.87343430407,1.21254762136,-0.445821936466,2.37487049895,1.83815833313,0.785302871311,3.07142859604,2.90000005467,1.260000147
5,552,368.52840935,1,3.04142857143,2.06,0,2.8728825817,1.21254735097,-0.445821512507,2.37487034591,1.83871004706,0.785302873329,3.04166668612,2.90000005607,1.26000014699
5,553,368.57840935,1,3.04166666667,2.06,0,2.87343430407,1.21254762136,-0.445821936466,2.37487049895,1.83815833313,0.785302871311,3.04166669128,2.90000005467,1.260000147
5,554,369.570472842,1,3.01166666667,2.06,0,2.8728825817,1.21254735097,-0.4458215125,2.3748703459,1.83871004706,0.785302873329,3.01190478136,2.90000005607,1.26000014699
5,555,369.620472842,1,3.0119047619,2.06,0,2.87343430407,1.21254762136,-0.445821936466,2.37487049895,1.83815833313,0.785302871311,3.01190478652,2.90000005467,1.260000147
5,556,370.612536334,1,2.9819047619,2.06,0,2.8728825817,1.21254735097,-0.445821512507,2.37487034591,1.83871004706,0.785302873329,2.9821428766,2.90000005607,1.26000014699
5,557,370.662536334,1,2.98214285714,2.06,0,2.87343430407,1.21254762136,-0.445821936466,2.37487049895,1.83815833313,0.785302871311,2.98214288175,2.90000005467,1.260000147
5,558,371.654599826,1,2.95214285714,2.06,0,2.8728825817,1.21254735097,-0.445821512507,2.37487034591,1.83871004706,0.785302873329,2.95238097184,2.90000005607,1.26000014699
5,559,371.704599826,1,2.95238095238,2.06,0,2.87343430407,1.21254762137,-0.445821936473,2.37487049895,1.83815833313,0.785302871311,2.95238097699,2.90000005467,1.260000147
5,560,372.696663319,1,2.92238095238,2.06,0,2.8728825817,1.21254735097,-0.445821512507,2.37487034591,1.83871004706,0.785302873329,2.92261906708,2.90000005607,1.26000014699
5,561,372.746663319,1,2.92261904762,2.06,0,2.87343430407,1.21254762136,-0.445821936466,2.37487049895,1.83815833313,0.785302871311,2.92261907223,2.90000005467,1.260000147
5,562,373.738726811,1,2.89261904762,2.06,0,2.8728825817,1.21254735097,-0.445821512507,2.37487034591,1.83871004706,0.785302873329,2.89285716231,2.90000005607,1.26000014699
5,563,373.788726811,1,2.89285714286,2.06,0,2.87343430407,1.21254762137,-0.445821936473,2.37487049895,1.83815833313,0.785302871311,2.89285716747,2.90000005467,1.260000147
5,564,374.780790303,1,2.86285714286,2.06,0,2.8728825817,1.21254735097,-0.4458215125,2.3748703459,1.83871004706,0.785302873329,2.86309525755,2.90000005607,1.26000014699
5,565,374.830790303,1,2.8630952381,2.06,0,2.87343430407,1.21254762137,-0.445821936473,2.37487049895,1.83815833313,0.785302871311,2.86309526271,2.90000005467,1.260000147
5,566,375.822853795,1,2.8330952381,2.06,0,2.8728825817,1.21254735097,-0.445821512507,2.37487034591,1.83871004706,0.785302873329,2.83333335279,2.90000005607,1.26000014699
5,567,375.872853795,1,2.83333333333,2.06,0,2.87343430407,1.21254762137,-0.445821936473,2.37487049895,1.83815833313,0.785302871311,2.83333335794,2.90000005467,1.260000147
5,568,376.864917287,1,2.80333333333,2.06,0,2.8728825817,1.21254735097,-0.445821512507,2.37487034591,1.83871004706,0.785302873329,2.80357144803,2.90000005607,1.26000014699
5,569,376.914917287,1,2.80357142857,2.06,0,2.87343430407,1.21254762137,-0.445821936473,2.37487049895,1.83815833313,0.785302871311,2.80357145318,2.90000005467,1.260000147
5,570,377.906980779,1,2.77357142857,2.06,0,2.8728825817,1.21254735097,-0.4458215125,2.3748703459,1.83871004706,0.785302873329,2.77380954327,2.90000005607,1.26000014699
5,571,377.956980779,1,2.77380952381,2.06,0,2.87343430407,1.21254762136,-0.445821936466,2.37487049895,1.83815833313,0.785302871311,2.77380954842,2.90000005467,1.260000147
5,572,378.949044271,1,2.74380952381,2.06,0,2.8728825817,1.21254735097,-0.445821512507,2.37487034591,1.83871004706,0.785302873329,2.7440476385,2.90000005607,1.26000014699
5,573,378.999044271,1,2.74404761905,2.06,0,2.87343430407,1.21254762137,-0.445821936473,2.37487049895,1.83815833313,0.785302871311,2.74404764366,2.90000005467,1.260000147
5,574,379.991107763,1,2.71404761905,2.06,0,2.8728825817,1.21254735097,-0.445821512507,2.37487034591,1.83871004706,0.785302873329,2.71428573374,2.90000005607,1.26000014699
5,575,380.041107763,1,2.71428571429,2.06,0,2.87343430407,1.21254762137,-0.445821936473,2.37487049895,1.83815833313,0.785302871311,2.7142857389,2.90000005467,1.260000147
5,576,381.033171255,1,2.68428571429,2.06,0,2.8728825817,1.21254735097,-0.445821512507,2.37487034591,1.83871004706,0.785302873329,2.68452382898,2.90000005607,1.26000014699
5,577,381.083171255,1,2.68452380952,2.06,0,2.87343430407,1.21254762137,-0.445821936473,2.37487049895,1.83815833313,0.785302871311,2.68452383413,2.90000005467,1.260000147
5,578,382.075234747,1,2.65452380952,2.06,0,2.8728825817,1.21254735097,-0.4458215125,2.3748703459,1.83871004706,0.785302873329,2.65476192422,2.90000005607,1.26000014699
5,579,382.125234747,1,2.65476190476,2.06,0,2.87343430407,1.21254762137,-0.445821936473,2.37487049895,1.83815833313,0.785302871311,2.65476192937,2.90000005467,1.260000147
5,580,383.117298239,1,2.62476190476,2.06,0,2.8728825817,1.21254735097,-0.445821512507,2.37487034591,1.83871004706,0.785302873329,2.62500001946,2.90000005607,1.26000014699
5,581,383.167298239,1,2.625,2.06,0,2.87343430407,1.21254762136,-0.445821936466,2.37487049895,1.83815833313,0.785302871311,2.62500002461,2.90000005467,1.260000147
5,582,384.159361731,1,2.595,2.06,0,2.8728825817,1.21254735097,-0.445821512507,2.37487034591,1.83871004706,0.785302873329,2.59523811469,2.90000005607,1.26000014699
5,583,384.209361731,1,2.59523809524,2.06,0,2.87343430407,1.21254762136,-0.445821936466,2.37487049895,1.83815833313,0.785302871311,2.59523811985,2.90000005467,1.260000147
5,584,385.201425223,1,2.56523809524,2.06,0,2.8728825817,1.21254735097,-0.445821512507,2.37487034591,1.83871004706,0.785302873329,2.56547620993,2.90000005607,1.26000014699
5,585,385.251425223,1,2.56547619048,2.06,0,2.87343430407,1.21254762136,-0.445821936466,2.37487049895,1.83815833313,0.785302871311,2.56547621509,2.90000005467,1.260000147
5,586,386.243488715,1,2.53547619048,2.06,0,2.8728825817,1.21254735097,-0.445821512507,2.37487034591,1.83871004706,0.785302873329,2.53571430517,2.90000005607,1.26000014699
5,587,386.293488715,1,2.53571428571,2.06,0,2.87343430407,1.21254762136,-0.445821936466,2.37487049895,1.83815833313,0.785302871311,2.53571431032,2.90000005467,1.260000147
5,588,387.285552207,1,2.50571428571,2.06,0,2.8728825817,1.21254735097,-0.445821512507,2.37487034591,1.83871004706,0.785302873329,2.50595240041,2.90000005607,1.26000014699
5,589,387.335552207,1,2.50595238095,2.06,0,2.87343430407,1.21254762137,-0.445821936473,2.37487049895,1.83815833313,0.785302871311,2.50595240556,2.90000005467,1.260000147
5,590,388.327615699,1,2.47595238095,2.06,0,2.8728825817,1.21254735097,-0.4458215125,2.3748703459,1.83871004706,0.785302873329,2.47619049565,2.90000005607,1.26000014699
5,591,388.377615699,1,2.47619047619,2.06,0,2.87343430407,1.21254762136,-0.445821936466,2.37487049895,1.83815833313,0.785302871311,2.4761905008,2.90000005467,1.260000147
5,592,389.369679192,1,2.44619047619,2.06,0,2.8728825817,1.21254735097,-0.445821512507,2.37487034591,1.83871004706,0.785302873329,2.44642859089,2.90000005607,1.26000014699
5,593,389.419679192,1,2.44642857143,2.06,0,2.87343430407,1.21254762136,-0.445821936466,2.37487049895,1.83815833313,0.785302871311,2.44642859604,2.90000005467,1.260000147
5,594,390.411742684,1,2.41642857143,2.06,0,2.8728825817,1.21254735097,-0.445821512507,2.37487034591,1.83871004706,0.785302873329,2.41666668612,2.90000005607,1.26000014699
5,595,390.461742684,1,2.41666666667,2.06,0,2.87343430407,1.21254762136,-0.445821936466,2.37487049895,1.83815833313,0.785302871311,2.41666669128,2.90000005467,1.260000147
5,596,391.453806176,1,2.38666666667,2.06,0,2.8728825817,1.21254735097,-0.445821512507,2.37487034591,1.83871004706,0.785302873329,2.38690478136,2.90000005607,1.26000014699
5,597,391.503806176,1,2.3869047619,2.06,0,2.87343430407,1.21254762137,-0.445821936473,2.37487049895,1.83815833313,0.785302871311,2.38690478652,2.90000005467,1.260000147
5,598,392.495869668,1,2.3569047619,2.06,0,2.8728825817,1.21254735097,-0.445821512507,2.37487034591,1.83871004706,0.785302873329,2.3571428766,2.90000005607,1.26000014699
5,599,392.545869668,1,2.35714285714,2.06,0,2.87343430407,1.21254762136,-0.445821936466,2.37487049895,1.83815833313,0.785302871311,2.35714288175,2.90000005467,1.260000147
5,600,393.53793316,1,2.32714285714,2.06,0,2.8728825817,1.21254735097,-0.445821512507,2.37487034591,1.83871004706,0.785302873329,2.32738097184,2.90000005607,1.26000014699
5,601,393.58793316,1,2.32738095238,2.06,0,2.87343430407,1.21254762137,-0.445821936473,2.37487049895,1.83815833313,0.785302871311,2.32738097699,2.90000005467,1.260000147
5,602,394.579996652,1,2.29738095238,2.06,0,2.8728825817,1.21254735097,-0.445821512507,2.37487034591,1.83871004706,0.785302873329,2.29761906708,2.90000005607,1.26000014699
5,603,394.629996652,1,2.29761904762,2.06,0,2.87343430407,1.21254762136,-0.445821936466,2.37487049895,1.83815833313,0.785302871311,2.29761907223,2.90000005467,1.260000147
5,604,395.622060144,1,2.26761904762,2.06,0,2.8728825817,1.21254735097,-0.4458215125,2.3748703459,1.83871004706,0.785302873329,2.26785716231,2.90000005607,1.26000014699
5,605,395.672060144,1,2.26785714286,2.06,0,2.87343430407,1.21254762136,-0.445821936466,2.37487049895,1.83815833313,0.785302871311,2.26785716747,2.90000005467,1.260000147
5,606,396.664123636,1,2.23785714286,2.06,0,2.8728825817,1.21254735097,-0.445821512507,2.37487034591,1.83871004706,0.785302873329,2.23809525755,2.90000005607,1.26000014699
5,607,396.714123636,1,2.2380952381,2.06,0,2.87343430407,1.21254762136,-0.445821936466,2.37487049895,1.83815833313,0.785302871311,2.23809526271,2.90000005467,1.260000147
5,608,397.706187128,1,2.2080952381,2.06,0,2.8728825817,1.21254735097,-0.445821512507,2.37487034591,1.83871004706,0.785302873329,2.20833335279,2.90000005607,1.26000014699
5,609,397.756187128,1,2.20833333333,2.06,0,2.87343430407,1.21254762136,-0.445821936466,2.37487049895,1.83815833313,0.785302871311,2.20833335794,2.90000005467,1.260000147
5,610,398.74825062,1,2.17833333333,2.06,0,2.8728825817,1.21254735097,-0.445821512507,2.37487034591,1.83871004706,0.785302873329,2.17857144803,2.90000005607,1.26000014699
5,611,398.79825062,1,2.17857142857,2.06,0,2.87343430407,1.21254762136,-0.445821936466,2.37487049895,1.83815833313,0.785302871311,2.17857145318,2.90000005467,1.260000147
5,612,399.790314112,1,2.14857142857,2.06,0,2.8728825817,1.21254735097,-0.445821512507,2.37487034591,1.83871004706,0.785302873329,2.14880954327,2.90000005607,1.26000014699
5,613,399.840314112,1,2.14880952381,2.06,0,2.87343430407,1.21254762136,-0.445821936466,2.37487049895,1.83815833313,0.785302871311,2.14880954842,2.90000005467,1.260000147
5,614,400.832377604,1,2.11880952381,2.06,0,2.8728825817,1.21254735097,-0.4458215125,2.3748703459,1.83871004706,0.785302873329,2.1190476385,2.90000005607,1.26000014699
5,615,400.882377604,1,2.11904761905,2.06,0,2.87343430407,1.21254762136,-0.445821936466,2.37487049895,1.83815833313,0.785302871311,2.11904764366,2.90000005467,1.260000147
5,616,401.874441096,1,2.08904761905,2.06,0,2.8728825817,1.21254735097,-0.445821512507,2.37487034591,1.83871004706,0.785302873329,2.08928573374,2.90000005607,1.26000014699
5,617,401.924441096,1,2.08928571429,2.06,0,2.87343430407,1.21254762136,-0.445821936466,2.37487049895,1.83815833313,0.785302871311,2.0892857389,2.90000005467,1.260000147
5,618,402.916504588,1,2.05928571429,2.06,0,2.8728825817,1.21254735097,-0.4458215125,2.3748703459,1.83871004706,0.785302873329,2.05952382898,2.90000005607,1.26000014699
5,619,402.966504588,1,2.05952380952,2.06,0,2.87343430407,1.21254762137,-0.445821936473,2.37487049895,1.83815833313,0.785302871311,2.05952383413,2.90000005467,1.260000147
5,620,403.95856808,1,2.02952380952,2.06,0,2.8728825817,1.21254735097,-0.4458215125,2.3748703459,1.83871004706,0.785302873329,2.02976192422,2.90000005607,1.26000014699
5,621,404.00856808,1,2.02976190476,2.06,0,2.87343430407,1.21254762137,-0.445821936473,2.37487049895,1.83815833313,0.785302871311,2.02976192937,2.90000005467,1.260000147
5,622,405.000631572,1,1.99976190476,2.06,0,2.8728825817,1.21254735097,-0.445821512507,2.37487034591,1.83871004706,0.785302873329,2.00000001946,2.90000005607,1.26000014699
5,623,405.050631572,1,2,2.06,0,2.87343430407,1.21254762137,-0.445821936473,2.37487049895,1.83815833313,0.785302871311,2.00000002461,2.90000005467,1.260000147
5,624,406.042695065,1,1.97,2.06,0,2.8728825817,1.21254735097,-0.445821512507,2.37487034591,1.83871004706,0.785302873329,1.97023811469,2.90000005607,1.26000014699
5,625,406.092695065,1,1.97023809524,2.06,0,2.87343430407,1.21254762136,-0.445821936466,2.37487049895,1.83815833313,0.785302871311,1.97023811985,2.90000005467,1.260000147
5,626,407.084758557,1,1.94023809524,2.06,0,2.8728825817,1.21254735097,-0.445821512507,2.37487034591,1.83871004706,0.785302873329,1.94047620993,2.90000005607,1.26000014699
5,627,407.134758557,1,1.94047619048,2.06,0,2.87343430407,1.21254762136,-0.445821936466,2.37487049895,1.83815833313,0.785302871311,1.94047621509,2.90000005467,1.260000147
5,628,408.126822049,1,1.91047619048,2.06,0,2.8728825817,1.21254735097,-0.445821512507,2.37487034591,1.83871004706,0.785302873329,1.91071430517,2.90000005607,1.26000014699
5,629,408.176822049,1,1.91071428571,2.06,0,2.87343430407,1.21254762136,-0.445821936466,2.37487049895,1.83815833313,0.785302871311,1.91071431032,2.90000005467,1.260000147
5,630,409.168885541,1,1.88071428571,2.06,0,2.8728825817,1.21254735097,-0.4458215125,2.3748703459,1.83871004706,0.785302873329,1.88095240041,2.90000005607,1.26000014699
5,631,409.218885541,1,1.88095238095,2.06,0,2.87343430407,1.21254762137,-0.445821936473,2.37487049895,1.83815833313,0.785302871311,1.88095240556,2.90000005467,1.260000147
5,632,410.210949033,1,1.85095238095,2.06,0,2.8728825817,1.21254735097,-0.445821512507,2.37487034591,1.83871004706,0.785302873329,1.85119049565,2.90000005607,1.26000014699
5,633,410.260949033,1,1.85119047619,2.06,0,2.87343430407,1.21254762137,-0.445821936473,2.37487049895,1.83815833313,0.785302871311,1.8511905008,2.90000005467,1.260000147
5,634,411.253012525,1,1.82119047619,2.06,0,2.8728825817,1.21254735097,-0.445821512507,2.37487034591,1.83871004706,0.785302873329,1.82142859089,2.90000005607,1.26000014699
5,635,411.303012525,1,1.82142857143,2.06,0,2.87343430407,1.21254762136,-0.445821936466,2.37487049895,1.83815833313,0.785302871311,1.82142859604,2.90000005467,1.260000147
5,636,412.295076017,1,1.79142857143,2.06,0,2.8728825817,1.21254735097,-0.445821512507,2.37487034591,1.83871004706,0.785302873329,1.79166668612,2.90000005607,1.26000014699
5,637,412.345076017,1,1.79166666667,2.06,0,2.87343430407,1.21254762136,-0.445821936466,2.37487049895,1.83815833313,0.785302871311,1.79166669128,2.90000005467,1.260000147
5,638,413.337139509,1,1.76166666667,2.06,0,2.8728825817,1.21254735097,-0.445821512507,2.37487034591,1.83871004706,0.785302873329,1.76190478136,2.90000005607,1.26000014699
5,639,413.387139509,1,1.7619047619,2.06,0,2.87343430407,1.21254762136,-0.445821936466,2.37487049895,1.83815833313,0.785302871311,1.76190478652,2.90000005467,1.260000147
5,640,414.379203001,1,1.7319047619,2.06,0,2.8728825817,1.21254735097,-0.445821512507,2.37487034591,1.83871004706,0.785302873329,1.7321428766,2.90000005607,1.26000014699
5,641,414.429203001,1,1.73214285714,2.06,0,2.87343430407,1.21254762136,-0.445821936466,2.37487049895,1.83815833313,0.785302871311,1.73214288175,2.90000005467,1.260000147
5,642,415.421266493,1,1.70214285714,2.06,0,2.8728825817,1.21254735097,-0.445821512507,2.37487034591,1.83871004706,0.785302873329,1.70238097184,2.90000005607,1.26000014699
5,643,415.471266493,1,1.70238095238,2.06,0,2.87343430407,1.21254762136,-0.445821936466,2.37487049895,1.83815833313,0.785302871311,1.70238097699,2.90000005467,1.260000147
5,644,416.463329985,1,1.67238095238,2.06,0,2.8728825817,1.21254735097,-0.4458215125,2.3748703459,1.83871004706,0.785302873329,1.67261906708,2.90000005607,1.26000014699
5,645,416.513329985,1,1.67261904762,2.06,0,2.87343430407,1.21254762136,-0.445821936466,2.37487049895,1.83815833313,0.785302871311,1.67261907223,2.90000005467,1.260000147
5,646,417.505393477,1,1.64261904762,2.06,0,2.8728825817,1.21254735097,-0.4458215125,2.3748703459,1.83871004706,0.785302873329,1.64285716231,2.90000005607,1.26000014699
5,647,417.555393477,1,1.64285714286,2.06,0,2.87343430407,1.21254762137,-0.445821936473,2.37487049895,1.83815833313,0.785302871311,1.64285716747,2.90000005467,1.260000147
5,648,418.547456969,1,1.61285714286,2.06,0,2.8728825817,1.21254735097,-0.4458215125,2.3748703459,1.83871004706,0.785302873329,1.61309525755,2.90000005607,1.26000014699
5,649,418.597456969,1,1.6130952381,2.06,0,2.87343430407,1.21254762137,-0.445821936473,2.37487049895,1.83815833313,0.785302871311,1.61309526271,2.90000005467,1.260000147
5,650,419.589520461,1,1.5830952381,2.06,0,2.8728825817,1.21254735097,-0.445821512507,2.37487034591,1.83871004706,0.785302873329,1.58333335279,2.90000005607,1.26000014699
5,651,419.639520461,1,1.58333333333,2.06,0,2.87343430407,1.21254762137,-0.445821936473,2.37487049895,1.83815833313,0.785302871311,1.58333335794,2.90000005467,1.260000147
5,652,420.631583953,1,1.55333333333,2.06,0,2.8728825817,1.21254735097,-0.4458215125,2.3748703459,1.83871004706,0.785302873329,1.55357144803,2.90000005607,1.26000014699
5,653,420.681583953,1,1.55357142857,2.06,0,2.87343430407,1.21254762136,-0.445821936466,2.37487049895,1.83815833313,0.785302871311,1.55357145318,2.90000005467,1.260000147
5,654,421.673647445,1,1.52357142857,2.06,0,2.8728825817,1.21254735097,-0.4458215125,2.3748703459,1.83871004706,0.785302873329,1.52380954327,2.90000005607,1.26000014699
5,655,421.723647445,1,1.52380952381,2.06,0,2.87343430407,1.21254762136,-0.445821936466,2.37487049895,1.83815833313,0.785302871311,1.52380954842,2.90000005467,1.260000147
5,656,422.715710938,1,1.49380952381,2.06,0,2.8728825817,1.21254735097,-0.445821512507,2.37487034591,1.83871004706,0.785302873329,1.4940476385,2.90000005607,1.26000014699
5,657,422.765710938,1,1.49404761905,2.06,0,2.87343430407,1.21254762136,-0.445821936466,2.37487049895,1.83815833313,0.785302871311,1.49404764366,2.90000005467,1.260000147
5,658,423.75777443,1,1.46404761905,2.06,0,2.8728825817,1.21254735097,-0.4458215125,2.3748703459,1.83871004706,0.785302873329,1.46428573374,2.90000005607,1.26000014699
5,659,423.80777443,1,1.46428571429,2.06,0,2.87343430407,1.21254762136,-0.445821936466,2.37487049895,1.83815833313,0.785302871311,1.4642857389,2.90000005467,1.260000147
5,660,424.799837922,1,1.43428571429,2.06,0,2.8728825817,1.21254735097,-0.445821512507,2.37487034591,1.83871004706,0.785302873329,1.43452382898,2.90000005607,1.26000014699
5,661,424.849837922,1,1.43452380952,2.06,0,2.87343430407,1.21254762136,-0.445821936466,2.37487049895,1.83815833313,0.785302871311,1.43452383413,2.90000005467,1.260000147
5,662,425.841901414,1,1.40452380952,2.06,0,2.8728825817,1.21254735097,-0.445821512507,2.37487034591,1.83871004706,0.785302873329,1.40476192422,2.90000005607,1.26000014699
5,663,425.891901414,1,1.40476190476,2.06,0,2.87343430407,1.21254762136,-0.445821936466,2.37487049895,1.83815833313,0.785302871311,1.40476192937,2.90000005467,1.260000147
5,664,426.883964906,1,1.37476190476,2.06,0,2.8728825817,1.21254735097,-0.4458215125,2.3748703459,1.83871004706,0.785302873329,1.37500001946,2.90000005607,1.26000014699
5,665,426.933964906,1,1.375,2.06,0,2.87343430407,1.21254762136,-0.445821936466,2.37487049895,1.83815833313,0.785302871311,1.37500002461,2.90000005467,1.260000147
5,666,427.926028398,1,1.345,2.06,0,2.8728825817,1.21254735097,-0.4458215125,2.3748703459,1.83871004706,0.785302873329,1.34523811469,2.90000005607,1.26000014699
5,667,427.976028398,1,1.34523809524,2.06,0,2.87343430407,1.21254762137,-0.445821936473,2.37487049895,1.83815833313,0.785302871311,1.34523811985,2.90000005467,1.260000147
5,668,428.96809189,1,1.31523809524,2.06,0,2.8728825817,1.21254735097,-0.445821512507,2.37487034591,1.83871004706,0.785302873329,1.31547620993,2.90000005607,1.26000014699
5,669,429.01809189,1,1.31547619048,2.06,0,2.87343430407,1.21254762136,-0.445821936466,2.37487049895,1.83815833313,0.785302871311,1.31547621509,2.90000005467,1.260000147
5,670,430.010155382,1,1.28547619048,2.06,0,2.8728825817,1.21254735097,-0.4458215125,2.3748703459,1.83871004706,0.785302873329,1.28571430517,2.90000005607,1.26000014699
5,671,430.060155382,1,1.28571428571,2.06,0,2.87343430407,1.21254762137,-0.445821936473,2.37487049895,1.83815833313,0.785302871311,1.28571431032,2.90000005467,1.260000147
5,672,431.052218874,1,1.25571428571,2.06,0,2.8728825817,1.21254735097,-0.4458215125,2.3748703459,1.83871004706,0.785302873329,1.25595240041,2.90000005607,1.26000014699
5,673,431.102218874,1,1.25595238095,2.06,0,2.87343430407,1.21254762136,-0.445821936466,2.37487049895,1.83815833313,0.785302871311,1.25595240556,2.90000005467,1.260000147
5,674,432.094282366,1,1.22595238095,2.06,0,2.8728825817,1.21254735097,-0.445821512507,2.37487034591,1.83871004706,0.785302873329,1.22619049565,2.90000005607,1.26000014699
5,675,432.144282366,1,1.22619047619,2.06,0,2.87343430407,1.21254762136,-0.445821936466,2.37487049895,1.83815833313,0.785302871311,1.2261905008,2.90000005467,1.260000147
5,676,433.136345858,1,1.19619047619,2.06,0,2.8728825817,1.21254735097,-0.445821512507,2.37487034591,1.83871004706,0.785302873329,1.19642859089,2.90000005607,1.26000014699
5,677,433.186345858,1,1.19642857143,2.06,0,2.87343430407,1.21254762136,-0.445821936466,2.37487049895,1.83815833313,0.785302871311,1.19642859604,2.90000005467,1.260000147
5,678,434.17840935,1,1.16642857143,2.06,0,2.8728825817,1.21254735097,-0.445821512507,2.37487034591,1.83871004706,0.785302873329,1.16666668612,2.90000005607,1.26000014699
5,679,434.22840935,1,1.16666666667,2.06,0,2.87343430407,1.21254762136,-0.445821936466,2.37487049895,1.83815833313,0.785302871311,1.16666669128,2.90000005467,1.260000147
5,680,435.220472842,1,1.13666666667,2.06,0,2.8728825817,1.21254735097,-0.445821512507,2.37487034591,1.83871004706,0.785302873329,1.13690478136,2.90000005607,1.26000014699
5,681,435.270472842,1,1.1369047619,2.06,0,2.87343430407,1.21254762136,-0.445821936466,2.37487049895,1.83815833313,0.785302871311,1.13690478652,2.90000005467,1.260000147
5,682,436.262536334,1,1.1069047619,2.06,0,2.8728825817,1.21254735097,-0.445821512507,2.37487034591,1.83871004706,0.785302873329,1.1071428766,2.90000005607,1.26000014699
5,683,436.312536334,1,1.10714285714,2.06,0,2.87343430407,1.21254762136,-0.445821936466,2.37487049895,1.83815833313,0.785302871311,1.10714288175,2.90000005467,1.260000147
5,684,437.304599826,1,1.07714285714,2.06,0,2.8728825817,1.21254735097,-0.445821512507,2.37487034591,1.83871004706,0.785302873329,1.07738097184,2.90000005607,1.26000014699
5,685,437.354599826,1,1.07738095238,2.06,0,2.87343430407,1.21254762136,-0.445821936466,2.37487049895,1.83815833313,0.785302871311,1.07738097699,2.90000005467,1.260000147
5,686,438.346663319,1,1.04738095238,2.06,0,2.8728825817,1.21254735097,-0.445821512507,2.37487034591,1.83871004706,0.785302873329,1.04761906708,2.90000005607,1.26000014699
5,687,438.396663319,1,1.04761904762,2.06,0,2.87343430407,1.21254762136,-0.445821936466,2.37487049895,1.83815833313,0.785302871311,1.04761907223,2.90000005467,1.260000147
5,688,439.388726811,1,1.01761904762,2.06,0,2.8728825817,1.21254735097,-0.445821512507,2.37487034591,1.83871004706,0.785302873329,1.01785716231,2.90000005607,1.26000014699
5,689,439.438726811,1,1.01785714286,2.06,0,2.87343430407,1.21254762136,-0.445821936466,2.37487049895,1.83815833313,0.785302871311,1.01785716747,2.90000005467,1.260000147
5,690,440.430790303,1,0.987857142857,2.06,0,2.8728825817,1.21254735097,-0.4458215125,2.3748703459,1.83871004706,0.785302873329,0.988095257552,2.90000005607,1.26000014699
5,691,440.480790303,1,0.988095238095,2.06,0,2.87343430407,1.21254762136,-0.445821936466,2.37487049895,1.83815833313,0.785302871311,0.988095262705,2.90000005467,1.260000147
5,692,441.472853795,1,0.958095238095,2.06,0,2.8728825817,1.21254735097,-0.4458215125,2.3748703459,1.83871004706,0.785302873329,0.95833335279,2.90000005607,1.26000014699
5,693,441.522853795,1,0.958333333333,2.06,0,2.87343430407,1.21254762137,-0.445821936473,2.37487049895,1.83815833313,0.785302871311,0.958333357944,2.90000005467,1.260000147
5,694,442.514917287,1,0.928333333333,2.06,0,2.8728825817,1.21254735097,-0.4458215125,2.3748703459,1.83871004706,0.785302873329,0.928571448028,2.90000005607,1.26000014699
5,695,442.564917287,1,0.928571428571,2.06,0,2.87343430407,1.21254762137,-0.445821936473,2.37487049895,1.83815833313,0.785302871311,0.928571453182,2.90000005467,1.260000147
5,696,443.556980779,1,0.898571428571,2.06,0,2.8728825817,1.21254735097,-0.445821512507,2.37487034591,1.83871004706,0.785302873329,0.898809543266,2.90000005607,1.26000014699
5,697,443.606980779,1,0.89880952381,2.06,0,2.87343430407,1.21254762136,-0.445821936466,2.37487049895,1.83815833313,0.785302871311,0.89880954842,2.90000005467,1.260000147
5,698,444.599044271,1,0.86880952381,2.06,0,2.8728825817,1.21254735097,-0.445821512507,2.37487034591,1.83871004706,0.785302873329,0.869047638504,2.90000005607,1.26000014699
5,699,444.649044271,1,0.869047619048,2.06,0,2.87343430407,1.21254762137,-0.445821936473,2.37487049895,1.83815833313,0.785302871311,0.869047643658,2.90000005467,1.260000147
5,700,445.641107763,1,0.839047619048,2.06,0,2.8728825817,1.21254735097,-0.445821512507,2.37487034591,1.83871004706,0.785302873329,0.839285733742,2.90000005607,1.26000014699
5,701,445.691107763,1,0.839285714286,2.06,0,2.87343430407,1.21254762136,-0.445821936466,2.37487049895,1.83815833313,0.785302871311,0.839285738896,2.90000005467,1.260000147
5,702,446.683171255,1,0.809285714286,2.06,0,2.8728825817,1.21254735097,-0.445821512507,2.37487034591,1.83871004706,0.785302873329,0.809523828981,2.90000005607,1.26000014699
5,703,446.733171255,1,0.809523809524,2.06,0,2.87343430407,1.21254762136,-0.445821936466,2.37487049895,1.83815833313,0.785302871311,0.809523834134,2.90000005467,1.260000147
5,704,447.725234747,1,0.779523809524,2.06,0,2.8728825817,1.21254735097,-0.4458215125,2.3748703459,1.83871004706,0.785302873329,0.779761924219,2.90000005607,1.26000014699
5,705,447.775234747,1,0.779761904762,2.06,0,2.87343430407,1.21254762136,-0.445821936466,2.37487049895,1.83815833313,0.785302871311,0.779761929372,2.90000005467,1.260000147
5,706,448.767298239,1,0.749761904762,2.06,0,2.8728825817,1.21254735097,-0.445821512507,2.37487034591,1.83871004706,0.785302873329,0.750000019457,2.90000005607,1.26000014699
5,707,448.817298239,1,0.75,2.06,0,2.87343430407,1.21254762136,-0.445821936466,2.37487049895,1.83815833313,0.785302871311,0.75000002461,2.90000005467,1.260000147
18,0,0,0,0.63,2.06,0,-0.0199897099267,2.1546211561,2.34806399667,-1.36109546947,4.73158233725,0.785301995666,0.75000008594,2.78000061484,0.600000336928
18,1,0.5,0,0.63,2.06,0,-0.0199897099267,2.1546211561,2.34806399667,-1.36109546947,4.73158233725,0.785301995666,0.75000008594,2.78000061484,0.600000336928
18,2,3.5,0,0.63,2.06,0,-0.0183132117854,2.17687046218,2.26467281826,-1.29995413823,4.72990557102,0.785302000164,0.749999826899,2.8099998425,0.600000078604
18,3,6.5,0,0.63,2.06,0,-0.0169061999253,2.20269008951,2.1797728529,-1.24087377789,4.72849856613,0.785301994865,0.749999834045,2.83999982567,0.600000086059
18,4,9.5,0,0.63,2.06,0,-0.0157079548071,2.23157822676,2.09307281717,-1.18306186501,4.72730032622,0.78530199047,0.74999983941,2.86999980546,0.600000089356
18,5,39.5,1,0.63,2.06,0,-0.0146753030672,2.26322693113,2.00424228616,-1.12588002874,4.72626767815,0.785301986748,0.749999843231,2.89999978168,0.600000090131
18,6,40.6177829351,1,0.66,2.06,0,0.0412138436875,2.25662367436,2.02236738548,-1.13740171534,4.67037908959,0.785301799688,0.755962072698,2.90000029499,0.600000162308
18,7,41.7471119233,1,0.69,2.06,0,0.0976802830169,2.25149923367,2.0365697027,-1.14647960774,4.61391264018,0.785301611759,0.761923904772,2.90000029023,0.600000162054
18,8,42.8810540862,1,0.72,2.06,0,0.154377378874,2.24784763626,2.04676715235,-1.15302548806,4.55721553203,0.785301420445,0.767885735631,2.90000028426,0.600000161006
18,9,44.0123724644,1,0.75,2.06,0,0.210943283337,2.24566363537,2.05289832214,-1.15697269742,4.50064961312,0.78530122548,0.773847565369,2.90000027672,0.600000159192
18,10,45.1359565064,1,0.78,2.06,0,0.267122469876,2.24494379691,2.05492457588,-1.15827916579,4.44447041102,0.785301026264,0.779762078484,2.90000026745,0.600000156676
18,11,45.1859565064,1,0.779761904762,2.06,0,0.26657180423,2.24494364195,2.05492503062,-1.15827946834,4.44502064324,0.785301027358,0.779761813273,2.90000018487,0.600000155276
18,12,46.1780199985,1,0.809761904762,2.06,0,0.267123526664,2.24494371536,2.05492482385,-1.1582793355,4.44446892915,0.785301025384,0.809523723111,2.90000018624,0.600000155276
18,13,46.2280199985,1,0.809523809524,2.06,0,0.266571804255,2.24494364194,2.05492503063,-1.15827946835,4.4450206432,0.785301027357,0.809523718029,2.90000018487,0.600000155276
18,14,47.2200834905,1,0.839523809524,2.06,0,0.267123526664,2.24494371536,2.05492482385,-1.1582793355,4.44446892915,0.785301025384,0.839285627873,2.90000018624,0.600000155276
18,15,47.2700834905,1,0.839285714286,2.06,0,0.266571804255,2.24494364194,2.05492503063,-1.15827946835,4.4450206432,0.785301027357,0.839285622791,2.90000018487,0.600000155276
18,16,48.2621469826,1,0.869285714286,2.06,0,0.267123526664,2.24494371536,2.05492482385,-1.1582793355,4.44446892915,0.785301025384,0.869047532635,2.90000018624,0.600000155276
18,17,48.3121469826,1,0.869047619048,2.06,0,0.266571804255,2.24494364194,2.05492503063,-1.15827946835,4.4450206432,0.785301027357,0.869047527553,2.90000018487,0.600000155276
18,18,49.3042104747,1,0.899047619048,2.06,0,0.267123526664,2.24494371536,2.05492482385,-1.1582793355,4.44446892915,0.785301025384,0.898809437397,2.90000018624,0.600000155276
18,19,49.3542104747,1,0.89880952381,2.06,0,0.266571804255,2.24494364194,2.05492503063,-1.15827946835,4.4450206432,0.785301027357,0.898809432315,2.90000018487,0.600000155276
18,20,50.3462739667,1,0.92880952381,2.06,0,0.267123526664,2.24494371536,2.05492482385,-1.1582793355,4.44446892915,0.785301025384,0.928571342159,2.90000018624,0.600000155276
18,21,50.3962739667,1,0.928571428571,2.06,0,0.266571804255,2.24494364194,2.05492503063,-1.15827946835,4.4450206432,0.785301027357,0.928571337077,2.90000018487,0.600000155276
18,22,51.3883374588,1,0.958571428571,2.06,0,0.267123526664,2.24494371536,2.05492482385,-1.1582793355,4.44446892915,0.785301025384,0.95833324692,2.90000018624,0.600000155276
18,23,51.4383374588,1,0.958333333333,2.06,0,0.266571804255,2.24494364194,2.05492503063,-1.15827946835,4.4450206432,0.785301027357,0.958333241839,2.90000018487,0.600000155276
18,24,52.4304009509,1,0.988333333333,2.06,0,0.267123526664,2.24494371536,2.05492482385,-1.1582793355,4.44446892915,0.785301025384,0.988095151682,2.90000018624,0.600000155276
18,25,52.4804009509,1,0.988095238095,2.06,0,0.266571804255,2.24494364194,2.05492503063,-1.15827946835,4.4450206432,0.785301027357,0.988095146601,2.90000018487,0.600000155276
18,26,53.4724644429,1,1.0180952381,2.06,0,0.267123526664,2.24494371536,2.05492482385,-1.1582793355,4.44446892915,0.785301025384,1.01785705644,2.90000018624,0.600000155276
18,27,53.5224644429,1,1.01785714286,2.06,0,0.266571804255,2.24494364194,2.05492503063,-1.15827946835,4.4450206432,0.785301027357,1.01785705136,2.90000018487,0.600000155276
18,28,54.514527935,1,1.04785714286,2.06,0,0.267123526664,2.24494371536,2.05492482385,-1.1582793355,4.44446892915,0.785301025384,1.04761896121,2.90000018624,0.600000155276
18,29,54.564527935,1,1.04761904762,2.06,0,0.266571804255,2.24494364194,2.05492503063,-1.15827946835,4.4450206432,0.785301027357,1.04761895612,2.90000018487,0.600000155276
18,30,55.556591427,1,1.07761904762,2.06,0,0.267123526664,2.24494371536,2.05492482385,-1.1582793355,4.44446892915,0.785301025384,1.07738086597,2.90000018624,0.600000155276
18,31,55.606591427,1,1.07738095238,2.06,0,0.266571804255,2.24494364194,2.05492503063,-1.15827946835,4.4450206432,0.785301027357,1.07738086089,2.90000018487,0.600000155276
18,32,56.5986549191,1,1.10738095238,2.06,0,0.267123526664,2.24494371536,2.05492482385,-1.1582793355,4.44446892915,0.785301025384,1.10714277073,2.90000018624,0.600000155276
18,33,56.6486549191,1,1.10714285714,2.06,0,0.266571804255,2.24494364194,2.05492503063,-1.15827946835,4.4450206432,0.785301027357,1.10714276565,2.90000018487,0.600000155276
18,34,57.6407184112,1,1.13714285714,2.06,0,0.267123526664,2.24494371536,2.05492482385,-1.1582793355,4.44446892915,0.785301025384,1.13690467549,2.90000018624,0.600000155276
18,35,57.6907184112,1,1.1369047619,2.06,0,0.266571804255,2.24494364194,2.05492503063,-1.15827946835,4.4450206432,0.785301027357,1.13690467041,2.90000018487,0.600000155276
18,36,58.6827819032,1,1.1669047619,2.06,0,0.267123526664,2.24494371536,2.05492482385,-1.1582793355,4.44446892915,0.785301025384,1.16666658025,2.90000018624,0.600000155276
18,37,58.7327819032,1,1.16666666667,2.06,0,0.266571804255,2.24494364194,2.05492503063,-1.15827946835,4.4450206432,0.785301027357,1.16666657517,2.90000018487,0.600000155276
18,38,59.7248453953,1,1.19666666667,2.06,0,0.267123526664,2.24494371536,2.05492482385,-1.1582793355,4.44446892915,0.785301025384,1.19642848502,2.90000018624,0.600000155276
18,39,59.7748453953,1,1.19642857143,2.06,0,0.266571804255,2.24494364194,2.05492503063,-1.15827946835,4.4450206432,0.785301027357,1.19642847993,2.90000018487,0.600000155276
18,40,60.7669088874,1,1.22642857143,2.06,0,0.267123526664,2.24494371536,2.05492482385,-1.1582793355,4.44446892915,0.785301025384,1.22619038978,2.90000018624,0.600000155276
18,41,60.8169088874,1,1.22619047619,2.06,0,0.266571804255,2.24494364194,2.05492503063,-1.15827946835,4.4450206432,0.785301027357,1.2261903847,2.90000018487,0.600000155276
18,42,61.8089723794,1,1.25619047619,2.06,0,0.267123526664,2.24494371536,2.05492482385,-1.1582793355,4.44446892915,0.785301025384,1.25595229454,2.90000018624,0.600000155276
18,43,61.8589723794,1,1.25595238095,2.06,0,0.266571804255,2.24494364194,2.05492503063,-1.15827946835,4.4450206432,0.785301027357,1.25595228946,2.90000018487,0.600000155276
18,44,62.8510358715,1,1.28595238095,2.06,0,0.267123526664,2.24494371536,2.05492482385,-1.1582793355,4.44446892915,0.785301025384,1.2857141993,2.90000018624,0.600000155276
18,45,62.9010358715,1,1.28571428571,2.06,0,0.266571804255,2.24494364194,2.05492503063,-1.15827946835,4.4450206432,0.785301027357,1.28571419422,2.90000018487,0.600000155276
18,46,63.8930993636,1,1.31571428571,2.06,0,0.267123526664,2.24494371536,2.05492482385,-1.1582793355,4.44446892915,0.785301025384,1.31547610406,2.90000018624,0.600000155276
18,47,63.9430993636,1,1.31547619048,2.06,0,0.266571804255,2.24494364194,2.05492503063,-1.15827946835,4.4450206432,0.785301027357,1.31547609898,2.90000018487,0.600000155276
18,48,64.9351628556,1,1.34547619048,2.06,0,0.267123526664,2.24494371536,2.05492482385,-1.1582793355,4.44446892915,0.785301025384,1.34523800883,2.90000018624,0.600000155276
18,49,64.9851628556,1,1.34523809524,2.06,0,0.266571804255,2.24494364194,2.05492503063,-1.15827946835,4.4450206432,0.785301027357,1.34523800374,2.90000018487,0.600000155276
18,50,65.9772263477,1,1.37523809524,2.06,0,0.267123526664,2.24494371536,2.05492482385,-1.1582793355,4.44446892915,0.785301025384,1.37499991359,2.90000018624,0.600000155276
18,51,66.0272263477,1,1.375,2.06,0,0.266571804255,2.24494364194,2.05492503063,-1.15827946835,4.4450206432,0.785301027357,1.37499990851,2.90000018487,0.600000155276
18,52,67.0192898397,1,1.405,2.06,0,0.267123526664,2.24494371536,2.05492482385,-1.1582793355,4.44446892915,0.785301025384,1.40476181835,2.90000018624,0.600000155276
18,53,67.0692898397,1,1.40476190476,2.06,0,0.266571804255,2.24494364194,2.05492503063,-1.15827946835,4.4450206432,0.785301027357,1.40476181327,2.90000018487,0.600000155276
18,54,68.0613533318,1,1.43476190476,2.06,0,0.267123526664,2.24494371536,2.05492482385,-1.1582793355,4.44446892915,0.785301025384,1.43452372311,2.90000018624,0.600000155276
18,55,68.1113533318,1,1.43452380952,2.06,0,0.266571804255,2.24494364194,2.05492503063,-1.15827946835,4.4450206432,0.785301027357,1.43452371803,2.90000018487,0.600000155276
18,56,69.1034168239,1,1.46452380952,2.06,0,0.267123526664,2.24494371536,2.05492482385,-1.1582793355,4.44446892915,0.785301025384,1.46428562787,2.90000018624,0.600000155276
18,57,69.1534168239,1,1.46428571429,2.06,0,0.266571804255,2.24494364194,2.05492503063,-1.15827946835,4.4450206432,0.785301027357,1.46428562279,2.90000018487,0.600000155276
18,58,70.1454803159,1,1.49428571429,2.06,0,0.267123526664,2.24494371536,2.05492482385,-1.1582793355,4.44446892915,0.785301025384,1.49404753263,2.90000018624,0.600000155276
18,59,70.1954803159,1,1.49404761905,2.06,0,0.266571804255,2.24494364194,2.05492503063,-1.15827946835,4.4450206432,0.785301027357,1.49404752755,2.90000018487,0.600000155276
18,60,71.187543808,1,1.52404761905,2.06,0,0.267123526664,2.24494371536,2.05492482385,-1.1582793355,4.44446892915,0.785301025384,1.5238094374,2.90000018624,0.600000155276
18,61,71.237543808,1,1.52380952381,2.06,0,0.266571804255,2.24494364194,2.05492503063,-1.15827946835,4.4450206432,0.785301027357,1.52380943231,2.90000018487,0.600000155276
18,62,72.2296073001,1,1.55380952381,2.06,0,0.267123526664,2.24494371536,2.05492482385,-1.1582793355,4.44446892915,0.785301025384,1.55357134216,2.90000018624,0.600000155276
18,63,72.2796073001,1,1.55357142857,2.06,0,0.266571804255,2.24494364194,2.05492503063,-1.15827946835,4.4450206432,0.785301027357,1.55357133708,2.90000018487,0.600000155276
18,64,73.2716707921,1,1.58357142857,2.06,0,0.267123526664,2.24494371536,2.05492482385,-1.1582793355,4.44446892915,0.785301025384,1.58333324692,2.90000018624,0.600000155276
18,65,73.3216707921,1,1.58333333333,2.06,0,0.266571804255,2.24494364194,2.05492503063,-1.15827946835,4.4450206432,0.785301027357,1.58333324184,2.90000018487,0.600000155276
18,66,74.3137342842,1,1.61333333333,2.06,0,0.267123526664,2.24494371536,2.05492482385,-1.1582793355,4.44446892915,0.785301025384,1.61309515168,2.90000018624,0.600000155276
18,67,74.3637342842,1,1.6130952381,2.06,0,0.266571804255,2.24494364194,2.05492503063,-1.15827946835,4.4450206432,0.785301027357,1.6130951466,2.90000018487,0.600000155276
18,68,75.3557977763,1,1.6430952381,2.06,0,0.267123526664,2.24494371536,2.05492482385,-1.1582793355,4.44446892915,0.785301025384,1.64285705644,2.90000018624,0.600000155276
18,69,75.4057977763,1,1.64285714286,2.06,0,0.266571804255,2.24494364194,2.05492503063,-1.15827946835,4.4450206432,0.785301027357,1.64285705136,2.90000018487,0.600000155276
18,70,76.3978612683,1,1.67285714286,2.06,0,0.267123526664,2.24494371536,2.05492482385,-1.1582793355,4.44446892915,0.785301025384,1.67261896121,2.90000018624,0.600000155276
18,71,76.4478612683,1,1.67261904762,2.06,0,0.266571804255,2.24494364194,2.05492503063,-1.15827946835,4.4450206432,0.785301027357,1.67261895612,2.90000018487,0.600000155276
18,72,77.4399247604,1,1.70261904762,2.06,0,0.267123526664,2.24494371536,2.05492482385,-1.1582793355,4.44446892915,0.785301025384,1.70238086597,2.90000018624,0.600000155276
18,73,77.4899247604,1,1.70238095238,2.06,0,0.266571804255,2.24494364194,2.05492503063,-1.15827946835,4.4450206432,0.785301027357,1.70238086089,2.90000018487,0.600000155276
18,74,78.4819882524,1,1.73238095238,2.06,0,0.267123526664,2.24494371536,2.05492482385,-1.1582793355,4.44446892915,0.785301025384,1.73214277073,2.90000018624,0.600000155276
18,75,78.5319882524,1,1.73214285714,2.06,0,0.266571804255,2.24494364194,2.05492503063,-1.15827946835,4.4450206432,0.785301027357,1.73214276565,2.90000018487,0.600000155276
18,76,79.5240517445,1,1.76214285714,2.06,0,0.267123526664,2.24494371536,2.05492482385,-1.1582793355,4.44446892915,0.785301025384,1.76190467549,2.90000018624,0.600000155276
18,77,79.5740517445,1,1.7619047619,2.06,0,0.266571804255,2.24494364194,2.05492503063,-1.15827946835,4.4450206432,0.785301027357,1.76190467041,2.90000018487,0.600000155276
18,78,80.5661152366,1,1.7919047619,2.06,0,0.267123526664,2.24494371536,2.05492482385,-1.1582793355,4.44446892915,0.785301025384,1.79166658025,2.90000018624,0.600000155276
18,79,80.6161152366,1,1.79166666667,2.06,0,0.266571804255,2.24494364194,2.05492503063,-1.15827946835,4.4450206432,0.785301027357,1.79166657517,2.90000018487,0.600000155276
18,80,81.6081787286,1,1.82166666667,2.06,0,0.267123526664,2.24494371536,2.05492482385,-1.1582793355,4.44446892915,0.785301025384,1.82142848502,2.90000018624,0.600000155276
18,81,81.6581787286,1,1.82142857143,2.06,0,0.266571804255,2.24494364194,2.05492503063,-1.15827946835,4.4450206432,0.785301027357,1.82142847993,2.90000018487,0.600000155276
18,82,82.6502422207,1,1.85142857143,2.06,0,0.267123526664,2.24494371536,2.05492482385,-1.1582793355,4.44446892915,0.785301025384,1.85119038978,2.90000018624,0.600000155276
18,83,82.7002422207,1,1.85119047619,2.06,0,0.266571804255,2.24494364194,2.05492503063,-1.15827946835,4.4450206432,0.785301027357,1.8511903847,2.90000018487,0.600000155276
18,84,83.6923057128,1,1.88119047619,2.06,0,0.267123526664,2.24494371536,2.05492482385,-1.1582793355,4.44446892915,0.785301025384,1.88095229454,2.90000018624,0.600000155276
18,85,83.7423057128,1,1.88095238095,2.06,0,0.266571804255,2.24494364194,2.05492503063,-1.15827946835,4.4450206432,0.785301027357,1.88095228946,2.90000018487,0.600000155276
18,86,84.7343692048,1,1.91095238095,2.06,0,0.267123526664,2.24494371536,2.05492482385,-1.1582793355,4.44446892915,0.785301025384,1.9107141993,2.90000018624,0.600000155276
18,87,84.7843692048,1,1.91071428571,2.06,0,0.266571804255,2.24494364194,2.05492503063,-1.15827946835,4.4450206432,0.785301027357,1.91071419422,2.90000018487,0.600000155276
18,88,85.7764326969,1,1.94071428571,2.06,0,0.267123526664,2.24494371536,2.05492482385,-1.1582793355,4.44446892915,0.785301025384,1.94047610406,2.90000018624,0.600000155276
18,89,85.8264326969,1,1.94047619048,2.06,0,0.266571804255,2.24494364194,2.05492503063,-1.15827946835,4.4450206432,0.785301027357,1.94047609898,2.90000018487,0.600000155276
18,90,86.8184961889,1,1.97047619048,2.06,0,0.267123526664,2.24494371536,2.05492482385,-1.1582793355,4.44446892915,0.785301025384,1.97023800883,2.90000018624,0.600000155276
18,91,86.8684961889,1,1.97023809524,2.06,0,0.266571804255,2.24494364194,2.05492503063,-1.15827946835,4.4450206432,0.785301027357,1.97023800374,2.90000018487,0.600000155276
18,92,87.860559681,1,2.00023809524,2.06,0,0.267123526664,2.24494371536,2.05492482385,-1.1582793355,4.44446892915,0.785301025384,1.99999991359,2.90000018624,0.600000155276
18,93,87.910559681,1,2,2.06,0,0.266571804255,2.24494364194,2.05492503063,-1.15827946835,4.4450206432,0.785301027357,1.99999990851,2.90000018487,0.600000155276
18,94,88.9026231731,1,2.03,2.06,0,0.267123526664,2.24494371536,2.05492482385,-1.1582793355,4.44446892915,0.785301025384,2.02976181835,2.90000018624,0.600000155276
18,95,88.9526231731,1,2.02976190476,2.06,0,0.266571804255,2.24494364194,2.05492503063,-1.15827946835,4.4450206432,0.785301027357,2.02976181327,2.90000018487,0.600000155276
18,96,89.9446866651,1,2.05976190476,2.06,0,0.267123526664,2.24494371536,2.05492482385,-1.1582793355,4.44446892915,0.785301025384,2.05952372311,2.90000018624,0.600000155276
18,97,89.9946866651,1,2.05952380952,2.06,0,0.266571804255,2.24494364194,2.05492503063,-1.15827946835,4.4450206432,0.785301027357,2.05952371803,2.90000018487,0.600000155276
18,98,90.9867501572,1,2.08952380952,2.06,0,0.267123526664,2.24494371536,2.05492482385,-1.1582793355,4.44446892915,0.785301025384,2.08928562787,2.90000018624,0.600000155276
18,99,91.0367501572,1,2.08928571429,2.06,0,0.266571804255,2.24494364194,2.05492503063,-1.15827946835,4.4450206432,0.785301027357,2.08928562279,2.90000018487,0.600000155276
18,100,92.0288136493,1,2.11928571429,2.06,0,0.267123526664,2.24494371536,2.05492482385,-1.1582793355,4.44446892915,0.785301025384,2.11904753263,2.90000018624,0.600000155276
18,101,92.0788136493,1,2.11904761905,2.06,0,0.266571804255,2.24494364194,2.05492503063,-1.15827946835,4.4450206432,0.785301027357,2.11904752755,2.90000018487,0.600000155276
18,102,93.0708771413,1,2.14904761905,2.06,0,0.267123526664,2.24494371536,2.05492482385,-1.1582793355,4.44446892915,0.785301025384,2.1488094374,2.90000018624,0.600000155276
18,103,93.1208771413,1,2.14880952381,2.06,0,0.266571804255,2.24494364194,2.05492503063,-1.15827946835,4.4450206432,0.785301027357,2.14880943231,2.90000018487,0.600000155276
18,104,94.1129406334,1,2.17880952381,2.06,0,0.267123526664,2.24494371536,2.05492482385,-1.1582793355,4.44446892915,0.785301025384,2.17857134216,2.90000018624,0.600000155276
18,105,94.1629406334,1,2.17857142857,2.06,0,0.266571804255,2.24494364194,2.05492503063,-1.15827946835,4.4450206432,0.785301027357,2.17857133708,2.90000018487,0.600000155276
18,106,95.1550041255,1,2.20857142857,2.06,0,0.267123526664,2.24494371536,2.05492482385,-1.1582793355,4.44446892915,0.785301025384,2.20833324692,2.90000018624,0.600000155276
18,107,95.2050041255,1,2.20833333333,2.06,0,0.266571804255,2.24494364194,2.05492503063,-1.15827946835,4.4450206432,0.785301027357,2.20833324184,2.90000018487,0.600000155276
18,108,96.1970676175,1,2.23833333333,2.06,0,0.267123526664,2.24494371536,2.05492482385,-1.1582793355,4.44446892915,0.785301025384,2.23809515168,2.90000018624,0.600000155276
18,109,96.2470676175,1,2.2380952381,2.06,0,0.266571804255,2.24494364194,2.05492503063,-1.15827946835,4.4450206432,0.785301027357,2.2380951466,2.90000018487,0.600000155276
18,110,97.2391311096,1,2.2680952381,2.06,0,0.267123526664,2.24494371536,2.05492482385,-1.1582793355,4.44446892915,0.785301025384,2.26785705644,2.90000018624,0.600000155276
18,111,97.2891311096,1,2.26785714286,2.06,0,0.266571804255,2.24494364194,2.05492503063,-1.15827946835,4.4450206432,0.785301027357,2.26785705136,2.90000018487,0.600000155276
18,112,98.2811946016,1,2.29785714286,2.06,0,0.267123526664,2.24494371536,2.05492482385,-1.1582793355,4.44446892915,0.785301025384,2.29761896121,2.90000018624,0.600000155276
18,113,98.3311946016,1,2.29761904762,2.06,0,0.266571804255,2.24494364194,2.05492503063,-1.15827946835,4.4450206432,0.785301027357,2.29761895612,2.90000018487,0.600000155276
18,114,99.3232580937,1,2.32761904762,2.06,0,0.267123526664,2.24494371536,2.05492482385,-1.1582793355,4.44446892915,0.785301025384,2.32738086597,2.90000018624,0.600000155276
18,115,99.3732580937,1,2.32738095238,2.06,0,0.266571804255,2.24494364194,2.05492503063,-1.15827946835,4.4450206432,0.785301027357,2.32738086089,2.90000018487,0.600000155276
18,116,100.365321586,1,2.35738095238,2.06,0,0.267123526664,2.24494371536,2.05492482385,-1.1582793355,4.44446892915,0.785301025384,2.35714277073,2.90000018624,0.600000155276
18,117,100.415321586,1,2.35714285714,2.06,0,0.266571804255,2.24494364194,2.05492503063,-1.15827946835,4.4450206432,0.785301027357,2.35714276565,2.90000018487,0.600000155276
18,118,101.407385078,1,2.38714285714,2.06,0,0.267123526664,2.24494371536,2.05492482385,-1.1582793355,4.44446892915,0.785301025384,2.38690467549,2.90000018624,0.600000155276
18,119,101.457385078,1,2.3869047619,2.06,0,0.266571804255,2.24494364194,2.05492503063,-1.15827946835,4.4450206432,0.785301027357,2.38690467041,2.90000018487,0.600000155276
18,120,102.44944857,1,2.4169047619,2.06,0,0.267123526664,2.24494371536,2.05492482385,-1.1582793355,4.44446892915,0.785301025384,2.41666658025,2.90000018624,0.600000155276
18,121,102.49944857,1,2.41666666667,2.06,0,0.266571804255,2.24494364194,2.05492503063,-1.15827946835,4.4450206432,0.785301027357,2.41666657517,2.90000018487,0.600000155276
18,122,103.491512062,1,2.44666666667,2.06,0,0.267123526664,2.24494371536,2.05492482385,-1.1582793355,4.44446892915,0.785301025384,2.44642848502,2.90000018624,0.600000155276
18,123,103.541512062,1,2.44642857143,2.06,0,0.266571804255,2.24494364194,2.05492503063,-1.15827946835,4.4450206432,0.785301027357,2.44642847993,2.90000018487,0.600000155276
18,124,104.533575554,1,2.47642857143,2.06,0,0.267123526664,2.24494371536,2.05492482385,-1.1582793355,4.44446892915,0.785301025384,2.47619038978,2.90000018624,0.600000155276
18,125,104.583575554,1,2.47619047619,2.06,0,0.266571804255,2.24494364194,2.05492503063,-1.15827946835,4.4450206432,0.785301027357,2.4761903847,2.90000018487,0.600000155276
18,126,105.575639046,1,2.50619047619,2.06,0,0.267123526664,2.24494371536,2.05492482385,-1.1582793355,4.44446892915,0.785301025384,2.50595229454,2.90000018624,0.600000155276
18,127,105.625639046,1,2.50595238095,2.06,0,0.266571804255,2.24494364194,2.05492503063,-1.15827946835,4.4450206432,0.785301027357,2.50595228946,2.90000018487,0.600000155276
18,128,106.617702538,1,2.53595238095,2.06,0,0.267123526664,2.24494371536,2.05492482385,-1.1582793355,4.44446892915,0.785301025384,2.5357141993,2.90000018624,0.600000155276
18,129,106.667702538,1,2.53571428571,2.06,0,0.266571804255,2.24494364194,2.05492503063,-1.15827946835,4.4450206432,0.785301027357,2.53571419422,2.90000018487,0.600000155276
18,130,107.65976603,1,2.56571428571,2.06,0,0.267123526664,2.24494371536,2.05492482385,-1.1582793355,4.44446892915,0.785301025384,2.56547610406,2.90000018624,0.600000155276
18,131,107.70976603,1,2.56547619048,2.06,0,0.266571804255,2.24494364194,2.05492503063,-1.15827946835,4.4450206432,0.785301027357,2.56547609898,2.90000018487,0.600000155276
18,132,108.701829522,1,2.59547619048,2.06,0,0.267123526664,2.24494371536,2.05492482385,-1.1582793355,4.44446892915,0.785301025384,2.59523800883,2.90000018624,0.600000155276
18,133,108.751829522,1,2.59523809524,2.06,0,0.266571804255,2.24494364194,2.05492503063,-1.15827946835,4.4450206432,0.785301027357,2.59523800374,2.90000018487,0.600000155276
18,134,109.743893014,1,2.62523809524,2.06,0,0.267123526664,2.24494371536,2.05492482385,-1.1582793355,4.44446892915,0.785301025384,2.62499991359,2.90000018624,0.600000155276
18,135,109.793893014,1,2.625,2.06,0,0.266571804255,2.24494364194,2.05492503063,-1.15827946835,4.4450206432,0.785301027357,2.62499990851,2.90000018487,0.600000155276
18,136,110.785956506,1,2.655,2.06,0,0.267123526664,2.24494371536,2.05492482385,-1.1582793355,4.44446892915,0.785301025384,2.65476181835,2.90000018624,0.600000155276
18,137,110.835956506,1,2.65476190476,2.06,0,0.266571804255,2.24494364194,2.05492503063,-1.15827946835,4.4450206432,0.785301027357,2.65476181327,2.90000018487,0.600000155276
18,138,111.828019998,1,2.68476190476,2.06,0,0.267123526664,2.24494371536,2.05492482385,-1.1582793355,4.44446892915,0.785301025384,2.68452372311,2.90000018624,0.600000155276
18,139,111.878019998,1,2.68452380952,2.06,0,0.266571804255,2.24494364194,2.05492503063,-1.15827946835,4.4450206432,0.785301027357,2.68452371803,2.90000018487,0.600000155276
18,140,112.870083491,1,2.71452380952,2.06,0,0.267123526664,2.24494371536,2.05492482385,-1.1582793355,4.44446892915,0.785301025384,2.71428562787,2.90000018624,0.600000155276
18,141,112.920083491,1,2.71428571429,2.06,0,0.266571804255,2.24494364194,2.05492503063,-1.15827946835,4.4450206432,0.785301027357,2.71428562279,2.90000018487,0.600000155276
18,142,113.912146983,1,2.74428571429,2.06,0,0.267123526664,2.24494371536,2.05492482385,-1.1582793355,4.44446892915,0.785301025384,2.74404753263,2.90000018624,0.600000155276
18,143,113.962146983,1,2.74404761905,2.06,0,0.266571804255,2.24494364194,2.05492503063,-1.15827946835,4.4450206432,0.785301027357,2.74404752755,2.90000018487,0.600000155276
18,144,114.954210475,1,2.77404761905,2.06,0,0.267123526664,2.24494371536,2.05492482385,-1.1582793355,4.44446892915,0.785301025384,2.7738094374,2.90000018624,0.600000155276
18,145,115.004210475,1,2.77380952381,2.06,0,0.266571804255,2.24494364194,2.05492503063,-1.15827946835,4.4450206432,0.785301027357,2.77380943231,2.90000018487,0.600000155276
18,146,115.996273967,1,2.80380952381,2.06,0,0.267123526664,2.24494371536,2.05492482385,-1.1582793355,4.44446892915,0.785301025384,2.80357134216,2.90000018624,0.600000155276
18,147,116.046273967,1,2.80357142857,2.06,0,0.266571804255,2.24494364194,2.05492503063,-1.15827946835,4.4450206432,0.785301027357,2.80357133708,2.90000018487,0.600000155276
18,148,117.038337459,1,2.83357142857,2.06,0,0.267123526664,2.24494371536,2.05492482385,-1.1582793355,4.44446892915,0.785301025384,2.83333324692,2.90000018624,0.600000155276
18,149,117.088337459,1,2.83333333333,2.06,0,0.266571804255,2.24494364194,2.05492503063,-1.15827946835,4.4450206432,0.785301027357,2.83333324184,2.90000018487,0.600000155276
18,150,118.080400951,1,2.86333333333,2.06,0,0.267123526664,2.24494371536,2.05492482385,-1.1582793355,4.44446892915,0.785301025384,2.86309515168,2.90000018624,0.600000155276
18,151,118.130400951,1,2.8630952381,2.06,0,0.266571804255,2.24494364194,2.05492503063,-1.15827946835,4.4450206432,0.785301027357,2.8630951466,2.90000018487,0.600000155276
18,152,119.122464443,1,2.8930952381,2.06,0,0.267123526664,2.24494371536,2.05492482385,-1.1582793355,4.44446892915,0.785301025384,2.89285705644,2.90000018624,0.600000155276
18,153,119.172464443,1,2.89285714286,2.06,0,0.266571804255,2.24494364194,2.05492503063,-1.15827946835,4.4450206432,0.785301027357,2.89285705136,2.90000018487,0.600000155276
18,154,120.164527935,1,2.92285714286,2.06,0,0.267123526664,2.24494371536,2.05492482385,-1.1582793355,4.44446892915,0.785301025384,2.92261896121,2.90000018624,0.600000155276
18,155,120.214527935,1,2.92261904762,2.06,0,0.266571804255,2.24494364194,2.05492503063,-1.15827946835,4.4450206432,0.785301027357,2.92261895612,2.90000018487,0.600000155276
18,156,121.206591427,1,2.95261904762,2.06,0,0.267123526664,2.24494371536,2.05492482385,-1.1582793355,4.44446892915,0.785301025384,2.95238086597,2.90000018624,0.600000155276
18,157,121.256591427,1,2.95238095238,2.06,0,0.266571804255,2.24494364194,2.05492503063,-1.15827946835,4.4450206432,0.785301027357,2.95238086089,2.90000018487,0.600000155276
18,158,122.248654919,1,2.98238095238,2.06,0,0.267123526664,2.24494371536,2.05492482385,-1.1582793355,4.44446892915,0.785301025384,2.98214277073,2.90000018624,0.600000155276
18,159,122.298654919,1,2.98214285714,2.06,0,0.266571804255,2.24494364194,2.05492503063,-1.15827946835,4.4450206432,0.785301027357,2.98214276565,2.90000018487,0.600000155276
18,160,123.290718411,1,3.01214285714,2.06,0,0.267123526664,2.24494371536,2.05492482385,-1.1582793355,4.44446892915,0.785301025384,3.01190467549,2.90000018624,0.600000155276
18,161,123.340718411,1,3.0119047619,2.06,0,0.266571804255,2.24494364194,2.05492503063,-1.15827946835,4.4450206432,0.785301027357,3.01190467041,2.90000018487,0.600000155276
18,162,124.332781903,1,3.0419047619,2.06,0,0.267123526664,2.24494371536,2.05492482385,-1.1582793355,4.44446892915,0.785301025384,3.04166658025,2.90000018624,0.600000155276
18,163,124.382781903,1,3.04166666667,2.06,0,0.266571804255,2.24494364194,2.05492503063,-1.15827946835,4.4450206432,0.785301027357,3.04166657517,2.90000018487,0.600000155276
18,164,125.374845395,1,3.07166666667,2.06,0,0.267123526664,2.24494371536,2.05492482385,-1.1582793355,4.44446892915,0.785301025384,3.07142848502,2.90000018624,0.600000155276
18,165,125.424845395,1,3.07142857143,2.06,0,0.266571804255,2.24494364194,2.05492503063,-1.15827946835,4.4450206432,0.785301027357,3.07142847993,2.90000018487,0.600000155276
18,166,126.416908887,1,3.10142857143,2.06,0,0.267123526664,2.24494371536,2.05492482385,-1.1582793355,4.44446892915,0.785301025384,3.10119038978,2.90000018624,0.600000155276
18,167,126.466908887,1,3.10119047619,2.06,0,0.266571804255,2.24494364194,2.05492503063,-1.15827946835,4.4450206432,0.785301027357,3.1011903847,2.90000018487,0.600000155276
18,168,127.458972379,1,3.13119047619,2.06,0,0.267123526664,2.24494371536,2.05492482385,-1.1582793355,4.44446892915,0.785301025384,3.13095229454,2.90000018624,0.600000155276
18,169,127.508972379,1,3.13095238095,2.06,0,0.266571804255,2.24494364194,2.05492503063,-1.15827946835,4.4450206432,0.785301027357,3.13095228946,2.90000018487,0.600000155276
18,170,128.501035871,1,3.16095238095,2.06,0,0.267123526664,2.24494371536,2.05492482385,-1.1582793355,4.44446892915,0.785301025384,3.1607141993,2.90000018624,0.600000155276
18,171,128.551035871,1,3.16071428571,2.06,0,0.266571804255,2.24494364194,2.05492503063,-1.15827946835,4.4450206432,0.785301027357,3.16071419422,2.90000018487,0.600000155276
18,172,129.543099364,1,3.19071428571,2.06,0,0.267123526664,2.24494371536,2.05492482385,-1.1582793355,4.44446892915,0.785301025384,3.19047610406,2.90000018624,0.600000155276
18,173,129.593099364,1,3.19047619048,2.06,0,0.266571804255,2.24494364194,2.05492503063,-1.15827946835,4.4450206432,0.785301027357,3.19047609898,2.90000018487,0.600000155276
18,174,130.585162856,1,3.22047619048,2.06,0,0.267123526664,2.24494371536,2.05492482385,-1.1582793355,4.44446892915,0.785301025384,3.22023800883,2.90000018624,0.600000155276
18,175,130.635162856,1,3.22023809524,2.06,0,0.266571804255,2.24494364194,2.05492503063,-1.15827946835,4.4450206432,0.785301027357,3.22023800374,2.90000018487,0.600000155276
18,176,131.627226348,1,3.25023809524,2.06,0,0.267123526664,2.24494371536,2.05492482385,-1.1582793355,4.44446892915,0.785301025384,3.24999991359,2.90000018624,0.600000155276
18,177,131.677226348,1,3.25,2.06,0,0.266571804255,2.24494364194,2.05492503063,-1.15827946835,4.4450206432,0.785301027357,3.24999990851,2.90000018487,0.600000155276
18,178,133.510559681,1,3.25,2.06,0,0.266571589779,2.17979604793,2.05255387763,-1.09076149326,4.44502086189,0.785300823422,3.24999991108,2.90000012469,0.627499834172
18,179,135.343893014,1,3.25,2.06,0,0.266571356354,2.1171163779,2.04481436286,-1.02034231858,4.44502109531,0.785300820747,3.24999991108,2.90000011004,0.654999834696
18,180,137.177226348,1,3.25,2.06,0,0.266571122671,2.05745399289,2.0317695695,-0.947635146419,4.445021329,0.78530081911,3.24999991108,2.90000009581,0.682499836308
18,181,139.010559681,1,3.25,2.06,0,0.266570889043,2.00130602403,2.01352028986,-0.873237900248,4.44502156262,0.785300818496,3.24999991108,2.90000008148,0.709999838848
18,182,140.843893014,1,3.25,2.06,0,0.266570655742,1.94909835078,1.99019599133,-0.797705927478,4.44502179592,0.785300818756,3.24999991108,2.90000006664,0.737499841931
18,183,142.677226348,1,3.25,2.06,0,0.266570422974,1.90117306342,1.9619437702,-0.721528415673,4.44502202869,0.785300819634,3.24999991108,2.90000005096,0.764999845005
18,184,144.510559681,1,3.25,2.06,0,0.266570190865,1.85778447262,1.9289162512,-0.645112301452,4.4450222608,0.785300820802,3.24999991108,2.90000003424,0.792499847438
18,185,146.343893014,1,3.25,2.06,0,0.26656995947,1.81910287774,1.8912593385,-0.568773789701,4.4450224922,0.785300821904,3.24999991109,2.9000000164,0.819999848582
18,186,147.335956506,1,3.22,2.06,0,0.266018090991,1.81910216521,1.89125824113,-0.568771182236,4.44557435648,0.785301034439,3.22023800377,2.90000009811,0.820000171812
18,187,147.385956506,1,3.22023809524,2.06,0,0.266569896742,1.81910202784,1.89125842519,-0.56877122942,4.44502255915,0.785301032485,3.2202380089,2.90000009949,0.820000171822
18,188,148.378019998,1,3.19023809524,2.06,0,0.266018090988,1.81910216519,1.8912582411,-0.568771182156,4.44557435649,0.785301034447,3.19047609901,2.90000009812,0.820000171822
18,189,148.428019998,1,3.19047619048,2.06,0,0.266569896742,1.81910202784,1.89125842519,-0.56877122942,4.44502255915,0.785301032485,3.19047610414,2.90000009949,0.820000171822
18,190,149.420083491,1,3.16047619048,2.06,0,0.266018090989,1.81910216519,1.8912582411,-0.568771182156,4.44557435649,0.785301034447,3.16071419425,2.90000009812,0.820000171822
18,191,149.470083491,1,3.16071428571,2.06,0,0.266569896742,1.81910202784,1.89125842519,-0.56877122942,4.44502255915,0.785301032485,3.16071419938,2.90000009949,0.820000171822
18,192,150.462146983,1,3.13071428571,2.06,0,0.266018090989,1.81910216519,1.8912582411,-0.568771182156,4.44557435649,0.785301034447,3.13095228949,2.90000009812,0.820000171822
18,193,150.512146983,1,3.13095238095,2.06,0,0.266569896742,1.81910202784,1.89125842519,-0.56877122942,4.44502255915,0.785301032485,3.13095229462,2.90000009949,0.820000171822
18,194,151.504210475,1,3.10095238095,2.06,0,0.266018090989,1.81910216519,1.8912582411,-0.568771182156,4.44557435649,0.785301034447,3.10119038473,2.90000009812,0.820000171822
18,195,151.554210475,1,3.10119047619,2.06,0,0.266569896742,1.81910202784,1.89125842519,-0.56877122942,4.44502255915,0.785301032485,3.10119038986,2.90000009949,0.820000171822
18,196,152.546273967,1,3.07119047619,2.06,0,0.266018090989,1.81910216519,1.8912582411,-0.568771182156,4.44557435649,0.785301034447,3.07142847996,2.90000009812,0.820000171822
18,197,152.596273967,1,3.07142857143,2.06,0,0.266569896742,1.81910202784,1.89125842519,-0.56877122942,4.44502255915,0.785301032485,3.0714284851,2.90000009949,0.820000171822
18,198,153.588337459,1,3.04142857143,2.06,0,0.266018090988,1.81910216519,1.8912582411,-0.568771182156,4.44557435649,0.785301034447,3.0416665752,2.90000009812,0.820000171822
18,199,153.638337459,1,3.04166666667,2.06,0,0.266569896742,1.81910202784,1.89125842519,-0.56877122942,4.44502255915,0.785301032485,3.04166658033,2.90000009949,0.820000171822
18,200,154.630400951,1,3.01166666667,2.06,0,0.266018090988,1.81910216519,1.8912582411,-0.568771182156,4.44557435649,0.785301034447,3.01190467044,2.90000009812,0.820000171822
18,201,154.680400951,1,3.0119047619,2.06,0,0.266569896742,1.81910202784,1.89125842519,-0.56877122942,4.44502255915,0.785301032485,3.01190467557,2.90000009949,0.820000171822
18,202,155.672464443,1,2.9819047619,2.06,0,0.266018090989,1.81910216519,1.8912582411,-0.568771182156,4.44557435649,0.785301034447,2.98214276568,2.90000009812,0.820000171822
18,203,155.722464443,1,2.98214285714,2.06,0,0.266569896742,1.81910202784,1.89125842519,-0.56877122942,4.44502255915,0.785301032485,2.98214277081,2.90000009949,0.820000171822
18,204,156.714527935,1,2.95214285714,2.06,0,0.266018090988,1.81910216519,1.8912582411,-0.568771182156,4.44557435649,0.785301034447,2.95238086092,2.90000009812,0.820000171822
18,205,156.764527935,1,2.95238095238,2.06,0,0.266569896742,1.81910202784,1.89125842519,-0.56877122942,4.44502255915,0.785301032485,2.95238086605,2.90000009949,0.820000171822
18,206,157.756591427,1,2.92238095238,2.06,0,0.266018090988,1.81910216519,1.8912582411,-0.568771182156,4.44557435649,0.785301034447,2.92261895615,2.90000009812,0.820000171822
18,207,157.806591427,1,2.92261904762,2.06,0,0.266569896742,1.81910202784,1.89125842519,-0.56877122942,4.44502255915,0.785301032485,2.92261896129,2.90000009949,0.820000171822
18,208,158.798654919,1,2.89261904762,2.06,0,0.266018090989,1.81910216519,1.8912582411,-0.568771182156,4.44557435649,0.785301034447,2.89285705139,2.90000009812,0.820000171822
18,209,158.848654919,1,2.89285714286,2.06,0,0.266569896742,1.81910202784,1.89125842519,-0.56877122942,4.44502255915,0.785301032485,2.89285705652,2.90000009949,0.820000171822
18,210,159.840718411,1,2.86285714286,2.06,0,0.266018090988,1.81910216519,1.8912582411,-0.568771182156,4.44557435649,0.785301034447,2.86309514663,2.90000009812,0.820000171822
18,211,159.890718411,1,2.8630952381,2.06,0,0.266569896742,1.81910202784,1.89125842519,-0.56877122942,4.44502255915,0.785301032485,2.86309515176,2.90000009949,0.820000171822
18,212,160.882781903,1,2.8330952381,2.06,0,0.266018090988,1.81910216519,1.8912582411,-0.568771182156,4.44557435649,0.785301034447,2.83333324187,2.90000009812,0.820000171822
18,213,160.932781903,1,2.83333333333,2.06,0,0.266569896742,1.81910202784,1.89125842519,-0.56877122942,4.44502255915,0.785301032485,2.833333247,2.90000009949,0.820000171822
18,214,161.924845395,1,2.80333333333,2.06,0,0.266018090988,1.81910216519,1.8912582411,-0.568771182156,4.44557435649,0.785301034447,2.80357133711,2.90000009812,0.820000171822
18,215,161.974845395,1,2.80357142857,2.06,0,0.266569896742,1.81910202784,1.89125842519,-0.56877122942,4.44502255915,0.785301032485,2.80357134224,2.90000009949,0.820000171822
18,216,162.966908887,1,2.77357142857,2.06,0,0.266018090988,1.81910216519,1.8912582411,-0.568771182156,4.44557435649,0.785301034447,2.77380943235,2.90000009812,0.820000171822
18,217,163.016908887,1,2.77380952381,2.06,0,0.266569896742,1.81910202784,1.89125842519,-0.56877122942,4.44502255915,0.785301032485,2.77380943748,2.90000009949,0.820000171822
18,218,164.008972379,1,2.74380952381,2.06,0,0.266018090988,1.81910216519,1.8912582411,-0.568771182156,4.44557435649,0.785301034447,2.74404752758,2.90000009812,0.820000171822
18,219,164.058972379,1,2.74404761905,2.06,0,0.266569896742,1.81910202784,1.89125842519,-0.56877122942,4.44502255915,0.785301032485,2.74404753271,2.90000009949,0.820000171822
18,220,165.051035871,1,2.71404761905,2.06,0,0.266018090988,1.81910216519,1.8912582411,-0.568771182156,4.44557435649,0.785301034447,2.71428562282,2.90000009812,0.820000171822
18,221,165.101035871,1,2.71428571429,2.06,0,0.266569896742,1.81910202784,1.89125842519,-0.56877122942,4.44502255915,0.785301032485,2.71428562795,2.90000009949,0.820000171822
18,222,166.093099364,1,2.68428571429,2.06,0,0.266018090988,1.81910216519,1.8912582411,-0.568771182156,4.44557435649,0.785301034447,2.68452371806,2.90000009812,0.820000171822
18,223,166.143099364,1,2.68452380952,2.06,0,0.266569896742,1.81910202784,1.89125842519,-0.56877122942,4.44502255915,0.785301032485,2.68452372319,2.90000009949,0.820000171822
18,224,167.135162856,1,2.65452380952,2.06,0,0.266018090989,1.81910216519,1.8912582411,-0.568771182156,4.44557435649,0.785301034447,2.6547618133,2.90000009812,0.820000171822
18,225,167.185162856,1,2.65476190476,2.06,0,0.266569896742,1.81910202784,1.89125842519,-0.56877122942,4.44502255915,0.785301032485,2.65476181843,2.90000009949,0.820000171822
18,226,168.177226348,1,2.62476190476,2.06,0,0.266018090988,1.81910216519,1.8912582411,-0.568771182156,4.44557435649,0.785301034447,2.62499990854,2.90000009812,0.820000171822
18,227,168.227226348,1,2.625,2.06,0,0.266569896742,1.81910202784,1.89125842519,-0.56877122942,4.44502255915,0.785301032485,2.62499991367,2.90000009949,0.820000171822
18,228,169.21928984,1,2.595,2.06,0,0.266018090989,1.81910216519,1.8912582411,-0.568771182156,4.44557435649,0.785301034447,2.59523800377,2.90000009812,0.820000171822
18,229,169.26928984,1,2.59523809524,2.06,0,0.266569896742,1.81910202784,1.89125842519,-0.56877122942,4.44502255915,0.785301032485,2.5952380089,2.90000009949,0.820000171822
18,230,170.261353332,1,2.56523809524,2.06,0,0.266018090989,1.81910216519,1.8912582411,-0.568771182156,4.44557435649,0.785301034447,2.56547609901,2.90000009812,0.820000171822
18,231,170.311353332,1,2.56547619048,2.06,0,0.266569896742,1.81910202784,1.89125842519,-0.56877122942,4.44502255915,0.785301032485,2.56547610414,2.90000009949,0.820000171822
18,232,171.303416824,1,2.53547619048,2.06,0,0.266018090989,1.81910216519,1.8912582411,-0.568771182156,4.44557435649,0.785301034447,2.53571419425,2.90000009812,0.820000171822
18,233,171.353416824,1,2.53571428571,2.06,0,0.266569896742,1.81910202784,1.89125842519,-0.56877122942,4.44502255915,0.785301032485,2.53571419938,2.90000009949,0.820000171822
18,234,172.345480316,1,2.50571428571,2.06,0,0.266018090988,1.81910216519,1.8912582411,-0.568771182156,4.44557435649,0.785301034447,2.50595228949,2.90000009812,0.820000171822
18,235,172.395480316,1,2.50595238095,2.06,0,0.266569896742,1.81910202784,1.89125842519,-0.56877122942,4.44502255915,0.785301032485,2.50595229462,2.90000009949,0.820000171822
18,236,173.387543808,1,2.47595238095,2.06,0,0.266018090988,1.81910216519,1.8912582411,-0.568771182156,4.44557435649,0.785301034447,2.47619038473,2.90000009812,0.820000171822
18,237,173.437543808,1,2.47619047619,2.06,0,0.266569896742,1.81910202784,1.89125842519,-0.56877122942,4.44502255915,0.785301032485,2.47619038986,2.90000009949,0.820000171822
18,238,174.4296073,1,2.44619047619,2.06,0,0.266018090989,1.81910216519,1.8912582411,-0.568771182156,4.44557435649,0.785301034447,2.44642847996,2.90000009812,0.820000171822
18,239,174.4796073,1,2.44642857143,2.06,0,0.266569896742,1.81910202784,1.89125842519,-0.56877122942,4.44502255915,0.785301032485,2.4464284851,2.90000009949,0.820000171822
18,240,175.471670792,1,2.41642857143,2.06,0,0.266018090988,1.81910216519,1.8912582411,-0.568771182156,4.44557435649,0.785301034447,2.4166665752,2.90000009812,0.820000171822
18,241,175.521670792,1,2.41666666667,2.06,0,0.266569896742,1.81910202784,1.89125842519,-0.56877122942,4.44502255915,0.785301032485,2.41666658033,2.90000009949,0.820000171822
18,242,176.513734284,1,2.38666666667,2.06,0,0.266018090988,1.81910216519,1.8912582411,-0.568771182156,4.44557435649,0.785301034447,2.38690467044,2.90000009812,0.820000171822
18,243,176.563734284,1,2.3869047619,2.06,0,0.266569896742,1.81910202784,1.89125842519,-0.56877122942,4.44502255915,0.785301032485,2.38690467557,2.90000009949,0.820000171822
18,244,177.555797776,1,2.3569047619,2.06,0,0.266018090988,1.81910216519,1.8912582411,-0.568771182156,4.44557435649,0.785301034447,2.35714276568,2.90000009812,0.820000171822
18,245,177.605797776,1,2.35714285714,2.06,0,0.266569896742,1.81910202784,1.89125842519,-0.56877122942,4.44502255915,0.785301032485,2.35714277081,2.90000009949,0.820000171822
18,246,178.597861268,1,2.32714285714,2.06,0,0.266018090988,1.81910216519,1.8912582411,-0.568771182156,4.44557435649,0.785301034447,2.32738086092,2.90000009812,0.820000171822
18,247,178.647861268,1,2.32738095238,2.06,0,0.266569896742,1.81910202784,1.89125842519,-0.56877122942,4.44502255915,0.785301032485,2.32738086605,2.90000009949,0.820000171822
18,248,179.63992476,1,2.29738095238,2.06,0,0.266018090988,1.81910216519,1.8912582411,-0.568771182156,4.44557435649,0.785301034447,2.29761895615,2.90000009812,0.820000171822
18,249,179.68992476,1,2.29761904762,2.06,0,0.266569896742,1.81910202784,1.89125842519,-0.56877122942,4.44502255915,0.785301032485,2.29761896129,2.90000009949,0.820000171822
18,250,180.681988252,1,2.26761904762,2.06,0,0.266018090988,1.81910216519,1.8912582411,-0.568771182156,4.44557435649,0.785301034447,2.26785705139,2.90000009812,0.820000171822
18,251,180.731988252,1,2.26785714286,2.06,0,0.266569896742,1.81910202784,1.89125842519,-0.56877122942,4.44502255915,0.785301032485,2.26785705652,2.90000009949,0.820000171822
18,252,181.724051745,1,2.23785714286,2.06,0,0.266018090988,1.81910216519,1.8912582411,-0.568771182156,4.44557435649,0.785301034447,2.23809514663,2.90000009812,0.820000171822
18,253,181.774051745,1,2.2380952381,2.06,0,0.266569896742,1.81910202784,1.89125842519,-0.56877122942,4.44502255915,0.785301032485,2.23809515176,2.90000009949,0.820000171822
18,254,182.766115237,1,2.2080952381,2.06,0,0.266018090988,1.81910216519,1.8912582411,-0.568771182156,4.44557435649,0.785301034447,2.20833324187,2.90000009812,0.820000171822
18,255,182.816115237,1,2.20833333333,2.06,0,0.266569896742,1.81910202784,1.89125842519,-0.56877122942,4.44502255915,0.785301032485,2.208333247,2.90000009949,0.820000171822
18,256,183.808178729,1,2.17833333333,2.06,0,0.266018090988,1.81910216519,1.8912582411,-0.568771182156,4.44557435649,0.785301034447,2.17857133711,2.90000009812,0.820000171822
18,257,183.858178729,1,2.17857142857,2.06,0,0.266569896742,1.81910202784,1.89125842519,-0.56877122942,4.44502255915,0.785301032485,2.17857134224,2.90000009949,0.820000171822
18,258,184.850242221,1,2.14857142857,2.06,0,0.266018090988,1.81910216519,1.8912582411,-0.568771182156,4.44557435649,0.785301034447,2.14880943235,2.90000009812,0.820000171822
18,259,184.900242221,1,2.14880952381,2.06,0,0.266569896742,1.81910202784,1.89125842519,-0.56877122942,4.44502255915,0.785301032485,2.14880943748,2.90000009949,0.820000171822
18,260,185.892305713,1,2.11880952381,2.06,0,0.266018090988,1.81910216519,1.8912582411,-0.568771182156,4.44557435649,0.785301034447,2.11904752758,2.90000009812,0.820000171822
18,261,185.942305713,1,2.11904761905,2.06,0,0.266569896742,1.81910202784,1.89125842519,-0.56877122942,4.44502255915,0.785301032485,2.11904753271,2.90000009949,0.820000171822
18,262,186.934369205,1,2.08904761905,2.06,0,0.266018090988,1.81910216519,1.8912582411,-0.568771182156,4.44557435649,0.785301034447,2.08928562282,2.90000009812,0.820000171822
18,263,186.984369205,1,2.08928571429,2.06,0,0.266569896742,1.81910202784,1.89125842519,-0.56877122942,4.44502255915,0.785301032485,2.08928562795,2.90000009949,0.820000171822
18,264,187.976432697,1,2.05928571429,2.06,0,0.266018090988,1.81910216519,1.8912582411,-0.568771182156,4.44557435649,0.785301034447,2.05952371806,2.90000009812,0.820000171822
18,265,188.026432697,1,2.05952380952,2.06,0,0.266569896742,1.81910202784,1.89125842519,-0.56877122942,4.44502255915,0.785301032485,2.05952372319,2.90000009949,0.820000171822
18,266,189.018496189,1,2.02952380952,2.06,0,0.266018090988,1.81910216519,1.8912582411,-0.568771182156,4.44557435649,0.785301034447,2.0297618133,2.90000009812,0.820000171822
18,267,189.068496189,1,2.02976190476,2.06,0,0.266569896742,1.81910202784,1.89125842519,-0.56877122942,4.44502255915,0.785301032485,2.02976181843,2.90000009949,0.820000171822
18,268,190.060559681,1,1.99976190476,2.06,0,0.266018090988,1.81910216519,1.8912582411,-0.568771182156,4.44557435649,0.785301034447,1.99999990854,2.90000009812,0.820000171822
18,269,190.110559681,1,2,2.06,0,0.266569896742,1.81910202784,1.89125842519,-0.56877122942,4.44502255915,0.785301032485,1.99999991367,2.90000009949,0.820000171822
18,270,191.102623173,1,1.97,2.06,0,0.266018090989,1.81910216519,1.8912582411,-0.568771182156,4.44557435649,0.785301034447,1.97023800377,2.90000009812,0.820000171822
18,271,191.152623173,1,1.97023809524,2.06,0,0.266569896742,1.81910202784,1.89125842519,-0.56877122942,4.44502255915,0.785301032485,1.9702380089,2.90000009949,0.820000171822
18,272,192.144686665,1,1.94023809524,2.06,0,0.266018090988,1.81910216519,1.8912582411,-0.568771182156,4.44557435649,0.785301034447,1.94047609901,2.90000009812,0.820000171822
18,273,192.194686665,1,1.94047619048,2.06,0,0.266569896742,1.81910202784,1.89125842519,-0.56877122942,4.44502255915,0.785301032485,1.94047610414,2.90000009949,0.820000171822
18,274,193.186750157,1,1.91047619048,2.06,0,0.266018090989,1.81910216519,1.8912582411,-0.568771182156,4.44557435649,0.785301034447,1.91071419425,2.90000009812,0.820000171822
18,275,193.236750157,1,1.91071428571,2.06,0,0.266569896742,1.81910202784,1.89125842519,-0.56877122942,4.44502255915,0.785301032485,1.91071419938,2.90000009949,0.820000171822
18,276,194.228813649,1,1.88071428571,2.06,0,0.266018090988,1.81910216519,1.8912582411,-0.568771182156,4.44557435649,0.785301034447,1.88095228949,2.90000009812,0.820000171822
18,277,194.278813649,1,1.88095238095,2.06,0,0.266569896742,1.81910202784,1.89125842519,-0.56877122942,4.44502255915,0.785301032485,1.88095229462,2.90000009949,0.820000171822
18,278,195.270877141,1,1.85095238095,2.06,0,0.266018090988,1.81910216519,1.8912582411,-0.568771182156,4.44557435649,0.785301034447,1.85119038473,2.90000009812,0.820000171822
18,279,195.320877141,1,1.85119047619,2.06,0,0.266569896742,1.81910202784,1.89125842519,-0.56877122942,4.44502255915,0.785301032485,1.85119038986,2.90000009949,0.820000171822
18,280,196.312940633,1,1.82119047619,2.06,0,0.266018090989,1.81910216519,1.8912582411,-0.568771182156,4.44557435649,0.785301034447,1.82142847996,2.90000009812,0.820000171822
18,281,196.362940633,1,1.82142857143,2.06,0,0.266569896742,1.81910202784,1.89125842519,-0.56877122942,4.44502255915,0.785301032485,1.8214284851,2.90000009949,0.820000171822
18,282,197.355004125,1,1.79142857143,2.06,0,0.266018090988,1.81910216519,1.8912582411,-0.568771182156,4.44557435649,0.785301034447,1.7916665752,2.90000009812,0.820000171822
18,283,197.405004125,1,1.79166666667,2.06,0,0.266569896742,1.81910202784,1.89125842519,-0.56877122942,4.44502255915,0.785301032485,1.79166658033,2.90000009949,0.820000171822
18,284,198.397067618,1,1.76166666667,2.06,0,0.266018090989,1.81910216519,1.8912582411,-0.568771182156,4.44557435649,0.785301034447,1.76190467044,2.90000009812,0.820000171822
18,285,198.447067618,1,1.7619047619,2.06,0,0.266569896742,1.81910202784,1.89125842519,-0.56877122942,4.44502255915,0.785301032485,1.76190467557,2.90000009949,0.820000171822
18,286,199.43913111,1,1.7319047619,2.06,0,0.266018090988,1.81910216519,1.8912582411,-0.568771182156,4.44557435649,0.785301034447,1.73214276568,2.90000009812,0.820000171822
18,287,199.48913111,1,1.73214285714,2.06,0,0.266569896742,1.81910202784,1.89125842519,-0.56877122942,4.44502255915,0.785301032485,1.73214277081,2.90000009949,0.820000171822
18,288,200.481194602,1,1.70214285714,2.06,0,0.266018090988,1.81910216519,1.8912582411,-0.568771182156,4.44557435649,0.785301034447,1.70238086092,2.90000009812,0.820000171822
18,289,200.531194602,1,1.70238095238,2.06,0,0.266569896742,1.81910202784,1.89125842519,-0.56877122942,4.44502255915,0.785301032485,1.70238086605,2.90000009949,0.820000171822
18,290,201.523258094,1,1.67238095238,2.06,0,0.266018090988,1.81910216519,1.8912582411,-0.568771182156,4.44557435649,0.785301034447,1.67261895615,2.90000009812,0.820000171822
18,291,201.573258094,1,1.67261904762,2.06,0,0.266569896742,1.81910202784,1.89125842519,-0.56877122942,4.44502255915,0.785301032485,1.67261896129,2.90000009949,0.820000171822
18,292,202.565321586,1,1.64261904762,2.06,0,0.266018090988,1.81910216519,1.8912582411,-0.568771182156,4.44557435649,0.785301034447,1.64285705139,2.90000009812,0.820000171822
18,293,202.615321586,1,1.64285714286,2.06,0,0.266569896742,1.81910202784,1.89125842519,-0.56877122942,4.44502255915,0.785301032485,1.64285705652,2.90000009949,0.820000171822
18,294,203.607385078,1,1.61285714286,2.06,0,0.266018090989,1.81910216519,1.8912582411,-0.568771182156,4.44557435649,0.785301034447,1.61309514663,2.90000009812,0.820000171822
18,295,203.657385078,1,1.6130952381,2.06,0,0.266569896742,1.81910202784,1.89125842519,-0.56877122942,4.44502255915,0.785301032485,1.61309515176,2.90000009949,0.820000171822
18,296,204.64944857,1,1.5830952381,2.06,0,0.266018090988,1.81910216519,1.8912582411,-0.568771182156,4.44557435649,0.785301034447,1.58333324187,2.90000009812,0.820000171822
18,297,204.69944857,1,1.58333333333,2.06,0,0.266569896742,1.81910202784,1.89125842519,-0.56877122942,4.44502255915,0.785301032485,1.583333247,2.90000009949,0.820000171822
18,298,205.691512062,1,1.55333333333,2.06,0,0.266018090988,1.81910216519,1.8912582411,-0.568771182156,4.44557435649,0.785301034447,1.55357133711,2.90000009812,0.820000171822
18,299,205.741512062,1,1.55357142857,2.06,0,0.266569896742,1.81910202784,1.89125842519,-0.56877122942,4.44502255915,0.785301032485,1.55357134224,2.90000009949,0.820000171822
18,300,206.733575554,1,1.52357142857,2.06,0,0.266018090989,1.81910216519,1.8912582411,-0.568771182156,4.44557435649,0.785301034447,1.52380943235,2.90000009812,0.820000171822
18,301,206.783575554,1,1.52380952381,2.06,0,0.266569896742,1.81910202784,1.89125842519,-0.56877122942,4.44502255915,0.785301032485,1.52380943748,2.90000009949,0.820000171822
18,302,207.775639046,1,1.49380952381,2.06,0,0.266018090989,1.81910216519,1.8912582411,-0.568771182156,4.44557435649,0.785301034447,1.49404752758,2.90000009812,0.820000171822
18,303,207.825639046,1,1.49404761905,2.06,0,0.266569896742,1.81910202784,1.89125842519,-0.56877122942,4.44502255915,0.785301032485,1.49404753271,2.90000009949,0.820000171822
18,304,208.817702538,1,1.46404761905,2.06,0,0.266018090988,1.81910216519,1.8912582411,-0.568771182156,4.44557435649,0.785301034447,1.46428562282,2.90000009812,0.820000171822
18,305,208.867702538,1,1.46428571429,2.06,0,0.266569896742,1.81910202784,1.89125842519,-0.56877122942,4.44502255915,0.785301032485,1.46428562795,2.90000009949,0.820000171822
18,306,209.85976603,1,1.43428571429,2.06,0,0.266018090988,1.81910216519,1.8912582411,-0.568771182156,4.44557435649,0.785301034447,1.43452371806,2.90000009812,0.820000171822
18,307,209.90976603,1,1.43452380952,2.06,0,0.266569896742,1.81910202784,1.89125842519,-0.56877122942,4.44502255915,0.785301032485,1.43452372319,2.90000009949,0.820000171822
18,308,210.901829522,1,1.40452380952,2.06,0,0.266018090989,1.81910216519,1.8912582411,-0.568771182156,4.44557435649,0.785301034447,1.4047618133,2.90000009812,0.820000171822
18,309,210.951829522,1,1.40476190476,2.06,0,0.266569896742,1.81910202784,1.89125842519,-0.56877122942,4.44502255915,0.785301032485,1.40476181843,2.90000009949,0.820000171822
18,310,211.943893014,1,1.37476190476,2.06,0,0.266018090989,1.81910216519,1.8912582411,-0.568771182156,4.44557435649,0.785301034447,1.37499990854,2.90000009812,0.820000171822
18,311,211.993893014,1,1.375,2.06,0,0.266569896742,1.81910202784,1.89125842519,-0.56877122942,4.44502255915,0.785301032485,1.37499991367,2.90000009949,0.820000171822
18,312,212.985956506,1,1.345,2.06,0,0.266018090988,1.81910216519,1.8912582411,-0.568771182156,4.44557435649,0.785301034447,1.34523800377,2.90000009812,0.820000171822
18,313,213.035956506,1,1.34523809524,2.06,0,0.266569896742,1.81910202784,1.89125842519,-0.56877122942,4.44502255915,0.785301032485,1.3452380089,2.90000009949,0.820000171822
18,314,214.028019998,1,1.31523809524,2.06,0,0.266018090988,1.81910216519,1.8912582411,-0.568771182156,4.44557435649,0.785301034447,1.31547609901,2.90000009812,0.820000171822
18,315,214.078019998,1,1.31547619048,2.06,0,0.266569896742,1.81910202784,1.89125842519,-0.56877122942,4.44502255915,0.785301032485,1.31547610414,2.90000009949,0.820000171822
18,316,215.070083491,1,1.28547619048,2.06,0,0.266018090988,1.81910216519,1.8912582411,-0.568771182156,4.44557435649,0.785301034447,1.28571419425,2.90000009812,0.820000171822
18,317,215.120083491,1,1.28571428571,2.06,0,0.266569896742,1.81910202784,1.89125842519,-0.56877122942,4.44502255915,0.785301032485,1.28571419938,2.90000009949,0.820000171822
18,318,216.112146983,1,1.25571428571,2.06,0,0.266018090988,1.81910216519,1.8912582411,-0.568771182156,4.44557435649,0.785301034447,1.25595228949,2.90000009812,0.820000171822
18,319,216.162146983,1,1.25595238095,2.06,0,0.266569896742,1.81910202784,1.89125842519,-0.56877122942,4.44502255915,0.785301032485,1.25595229462,2.90000009949,0.820000171822
18,320,217.154210475,1,1.22595238095,2.06,0,0.266018090989,1.81910216519,1.8912582411,-0.568771182156,4.44557435649,0.785301034447,1.22619038473,2.90000009812,0.820000171822
18,321,217.204210475,1,1.22619047619,2.06,0,0.266569896742,1.81910202784,1.89125842519,-0.56877122942,4.44502255915,0.785301032485,1.22619038986,2.90000009949,0.820000171822
18,322,218.196273967,1,1.19619047619,2.06,0,0.266018090988,1.81910216519,1.8912582411,-0.568771182156,4.44557435649,0.785301034447,1.19642847996,2.90000009812,0.820000171822
18,323,218.246273967,1,1.19642857143,2.06,0,0.266569896742,1.81910202784,1.89125842519,-0.56877122942,4.44502255915,0.785301032485,1.1964284851,2.90000009949,0.820000171822
18,324,219.238337459,1,1.16642857143,2.06,0,0.266018090989,1.81910216519,1.8912582411,-0.568771182156,4.44557435649,0.785301034447,1.1666665752,2.90000009812,0.820000171822
18,325,219.288337459,1,1.16666666667,2.06,0,0.266569896742,1.81910202784,1.89125842519,-0.56877122942,4.44502255915,0.785301032485,1.16666658033,2.90000009949,0.820000171822
18,326,220.280400951,1,1.13666666667,2.06,0,0.266018090988,1.81910216519,1.8912582411,-0.568771182156,4.44557435649,0.785301034447,1.13690467044,2.90000009812,0.820000171822
18,327,220.330400951,1,1.1369047619,2.06,0,0.266569896742,1.81910202784,1.89125842519,-0.56877122942,4.44502255915,0.785301032485,1.13690467557,2.90000009949,0.820000171822
18,328,221.322464443,1,1.1069047619,2.06,0,0.266018090988,1.81910216519,1.8912582411,-0.568771182156,4.44557435649,0.785301034447,1.10714276568,2.90000009812,0.820000171822
18,329,221.372464443,1,1.10714285714,2.06,0,0.266569896742,1.81910202784,1.89125842519,-0.56877122942,4.44502255915,0.785301032485,1.10714277081,2.90000009949,0.820000171822
18,330,222.364527935,1,1.07714285714,2.06,0,0.266018090988,1.81910216519,1.8912582411,-0.568771182156,4.44557435649,0.785301034447,1.07738086092,2.90000009812,0.820000171822
18,331,222.414527935,1,1.07738095238,2.06,0,0.266569896742,1.81910202784,1.89125842519,-0.56877122942,4.44502255915,0.785301032485,1.07738086605,2.90000009949,0.820000171822
18,332,223.406591427,1,1.04738095238,2.06,0,0.266018090989,1.81910216519,1.8912582411,-0.568771182156,4.44557435649,0.785301034447,1.04761895615,2.90000009812,0.820000171822
18,333,223.456591427,1,1.04761904762,2.06,0,0.266569896742,1.81910202784,1.89125842519,-0.56877122942,4.44502255915,0.785301032485,1.04761896129,2.90000009949,0.820000171822
18,334,224.448654919,1,1.01761904762,2.06,0,0.266018090989,1.81910216519,1.8912582411,-0.568771182156,4.44557435649,0.785301034447,1.01785705139,2.90000009812,0.820000171822
18,335,224.498654919,1,1.01785714286,2.06,0,0.266569896742,1.81910202784,1.89125842519,-0.56877122942,4.44502255915,0.785301032485,1.01785705652,2.90000009949,0.820000171822
18,336,225.490718411,1,0.987857142857,2.06,0,0.266018090988,1.81910216519,1.8912582411,-0.568771182156,4.44557435649,0.785301034447,0.988095146631,2.90000009812,0.820000171822
18,337,225.540718411,1,0.988095238095,2.06,0,0.266569896742,1.81910202784,1.89125842519,-0.56877122942,4.44502255915,0.785301032485,0.988095151762,2.90000009949,0.820000171822
18,338,226.532781903,1,0.958095238095,2.06,0,0.266018090989,1.81910216519,1.8912582411,-0.568771182156,4.44557435649,0.785301034447,0.958333241869,2.90000009812,0.820000171822
18,339,226.582781903,1,0.958333333333,2.06,0,0.266569896742,1.81910202784,1.89125842519,-0.56877122942,4.44502255915,0.785301032485,0.958333247,2.90000009949,0.820000171822
18,340,227.574845395,1,0.928333333333,2.06,0,0.266018090988,1.81910216519,1.8912582411,-0.568771182156,4.44557435649,0.785301034447,0.928571337107,2.90000009812,0.820000171822
18,341,227.624845395,1,0.928571428571,2.06,0,0.266569896742,1.81910202784,1.89125842519,-0.56877122942,4.44502255915,0.785301032485,0.928571342238,2.90000009949,0.820000171822
18,342,228.616908887,1,0.898571428571,2.06,0,0.266018090988,1.81910216519,1.8912582411,-0.568771182156,4.44557435649,0.785301034447,0.898809432345,2.90000009812,0.820000171822
18,343,228.666908887,1,0.89880952381,2.06,0,0.266569896742,1.81910202784,1.89125842519,-0.56877122942,4.44502255915,0.785301032485,0.898809437476,2.90000009949,0.820000171822
18,344,229.658972379,1,0.86880952381,2.06,0,0.266018090989,1.81910216519,1.8912582411,-0.568771182156,4.44557435649,0.785301034447,0.869047527583,2.90000009812,0.820000171822
18,345,229.708972379,1,0.869047619048,2.06,0,0.266569896742,1.81910202784,1.89125842519,-0.56877122942,4.44502255915,0.785301032485,0.869047532714,2.90000009949,0.820000171822
18,346,230.701035871,1,0.839047619048,2.06,0,0.266018090988,1.81910216519,1.8912582411,-0.568771182156,4.44557435649,0.785301034447,0.839285622821,2.90000009812,0.820000171822
18,347,230.751035871,1,0.839285714286,2.06,0,0.266569896742,1.81910202784,1.89125842519,-0.56877122942,4.44502255915,0.785301032485,0.839285627952,2.90000009949,0.820000171822
18,348,231.743099364,1,0.809285714286,2.06,0,0.266018090988,1.81910216519,1.8912582411,-0.568771182156,4.44557435649,0.785301034447,0.809523718059,2.90000009812,0.820000171822
18,349,231.793099364,1,0.809523809524,2.06,0,0.266569896742,1.81910202784,1.89125842519,-0.56877122942,4.44502255915,0.785301032485,0.809523723191,2.90000009949,0.820000171822
18,350,232.785162856,1,0.779523809524,2.06,0,0.266018090988,1.81910216519,1.8912582411,-0.568771182156,4.44557435649,0.785301034447,0.779761813298,2.90000009812,0.820000171822
18,351,232.835162856,1,0.779761904762,2.06,0,0.266569896742,1.81910202784,1.89125842519,-0.56877122942,4.44502255915,0.785301032485,0.779761818429,2.90000009949,0.820000171822
18,352,233.827226348,1,0.749761904762,2.06,0,0.266018090988,1.81910216519,1.8912582411,-0.568771182156,4.44557435649,0.785301034447,0.749999908536,2.90000009812,0.820000171822
18,353,233.877226348,1,0.75,2.06,0,0.266569896742,1.81910202784,1.89125842519,-0.56877122942,4.44502255915,0.785301032485,0.749999913667,2.90000009949,0.820000171822
18,354,235.710559681,1,0.75,2.06,0,0.266569728796,1.78522444002,1.84910039453,-0.492736405419,4.44502272287,0.785300822593,0.749999911085,2.89999999742,0.847499847827
18,355,237.543893014,1,0.75,2.06,0,0.266569498845,1.75618518789,1.80253702625,-0.41713378534,4.44502295282,0.785300822504,0.749999911085,2.89999997731,0.874999844576
18,356,239.377226348,1,0.75,2.06,0,0.266569269617,1.73197733357,1.7516262532,-0.342015162365,4.44502318205,0.785300821346,0.749999911085,2.89999995605,0.902499838317
18,357,241.210559681,1,0.75,2.06,0,0.266569041172,1.71256654496,1.69637344166,-0.267351571836,4.44502341049,0.785300818804,0.749999911085,2.89999993356,0.929999828498
18,358,243.043893014,1,0.75,2.06,0,0.266568813639,1.69790943782,1.63671997129,-0.193041010391,4.44502363803,0.785300814561,0.749999911085,2.89999990964,0.957499814506
18,359,244.877226348,1,0.75,2.06,0,0.266568587252,1.68797124055,1.5725280796,-0.118910945285,4.44502386441,0.785300808257,0.749999911085,2.89999988391,0.984999795578
18,360,246.710559681,1,0.75,2.06,0,0.266568362396,1.68274433211,1.50356052625,-0.0447165168921,4.44502408927,0.785300799436,0.749999911085,2.89999985576,1.01249977067
18,361,248.543893014,1,0.75,2.06,0,0.266568139676,1.6822692803,1.42945132394,0.0298676919425,4.44502431199,0.785300787473,0.749999911085,2.89999982426,1.03999973826
18,362,249.535956506,1,0.78,2.06,0,0.267119726099,1.68226982361,1.42944863912,0.0298707083782,4.44447272979,0.785301016766,0.77976181842,2.90000005542,1.04000015614
18,363,249.585956506,1,0.779761904762,2.06,0,0.266568003755,1.68226966001,1.42944882388,0.0298706877835,4.4450244437,0.78530101877,0.779761813267,2.90000005406,1.04000015616
18,364,250.578019998,1,0.809761904762,2.06,0,0.267119726091,1.68226982363,1.42944863902,0.0298707084913,4.4444727298,0.785301016777,0.809523723183,2.90000005543,1.04000015616
18,365,250.628019998,1,0.809523809524,2.06,0,0.266568003755,1.68226966001,1.42944882388,0.0298706877834,4.4450244437,0.78530101877,0.809523718029,2.90000005406,1.04000015616
18,366,251.620083491,1,0.839523809524,2.06,0,0.267119726091,1.68226982363,1.42944863902,0.0298707084912,4.4444727298,0.785301016777,0.839285627945,2.90000005543,1.04000015616
18,367,251.670083491,1,0.839285714286,2.06,0,0.266568003755,1.68226966001,1.42944882388,0.0298706877834,4.4450244437,0.78530101877,0.839285622791,2.90000005406,1.04000015616
18,368,252.662146983,1,0.869285714286,2.06,0,0.267119726091,1.68226982363,1.42944863902,0.0298707084913,4.4444727298,0.785301016777,0.869047532707,2.90000005543,1.04000015616
18,369,252.712146983,1,0.869047619048,2.06,0,0.266568003755,1.68226966001,1.42944882388,0.0298706877834,4.4450244437,0.78530101877,0.869047527553,2.90000005406,1.04000015616
18,370,253.704210475,1,0.899047619048,2.06,0,0.267119726091,1.68226982363,1.42944863902,0.0298707084913,4.4444727298,0.785301016777,0.898809437469,2.90000005543,1.04000015616
18,371,253.754210475,1,0.89880952381,2.06,0,0.266568003755,1.68226966001,1.42944882388,0.0298706877834,4.4450244437,0.78530101877,0.898809432315,2.90000005406,1.04000015616
18,372,254.746273967,1,0.92880952381,2.06,0,0.267119726091,1.68226982363,1.42944863902,0.0298707084913,4.4444727298,0.785301016777,0.928571342231,2.90000005543,1.04000015616
18,373,254.796273967,1,0.928571428571,2.06,0,0.266568003755,1.68226966001,1.42944882388,0.0298706877834,4.4450244437,0.78530101877,0.928571337077,2.90000005406,1.04000015616
18,374,255.788337459,1,0.958571428571,2.06,0,0.267119726091,1.68226982363,1.42944863902,0.0298707084912,4.4444727298,0.785301016777,0.958333246992,2.90000005543,1.04000015616
18,375,255.838337459,1,0.958333333333,2.06,0,0.266568003755,1.68226966001,1.42944882388,0.0298706877834,4.4450244437,0.78530101877,0.958333241839,2.90000005406,1.04000015616
18,376,256.830400951,1,0.988333333333,2.06,0,0.267119726091,1.68226982363,1.42944863902,0.0298707084913,4.4444727298,0.785301016777,0.988095151754,2.90000005543,1.04000015616
18,377,256.880400951,1,0.988095238095,2.06,0,0.266568003755,1.68226966001,1.42944882388,0.0298706877834,4.4450244437,0.78530101877,0.9880951466,2.90000005406,1.04000015616
18,378,257.872464443,1,1.0180952381,2.06,0,0.267119726091,1.68226982363,1.42944863902,0.0298707084913,4.4444727298,0.785301016777,1.01785705652,2.90000005543,1.04000015616
18,379,257.922464443,1,1.01785714286,2.06,0,0.266568003755,1.68226966001,1.42944882388,0.0298706877835,4.4450244437,0.78530101877,1.01785705136,2.90000005406,1.04000015616
18,380,258.914527935,1,1.04785714286,2.06,0,0.267119726091,1.68226982363,1.42944863902,0.0298707084913,4.4444727298,0.785301016777,1.04761896128,2.90000005543,1.04000015616
18,381,258.964527935,1,1.04761904762,2.06,0,0.266568003755,1.68226966001,1.42944882388,0.0298706877834,4.4450244437,0.78530101877,1.04761895612,2.90000005406,1.04000015616
18,382,259.956591427,1,1.07761904762,2.06,0,0.267119726091,1.68226982363,1.42944863902,0.0298707084913,4.4444727298,0.785301016777,1.07738086604,2.90000005543,1.04000015616
18,383,260.006591427,1,1.07738095238,2.06,0,0.266568003755,1.68226966001,1.42944882388,0.0298706877834,4.4450244437,0.78530101877,1.07738086089,2.90000005406,1.04000015616
18,384,260.998654919,1,1.10738095238,2.06,0,0.267119726091,1.68226982363,1.42944863902,0.0298707084913,4.4444727298,0.785301016777,1.1071427708,2.90000005543,1.04000015616
18,385,261.048654919,1,1.10714285714,2.06,0,0.266568003755,1.68226966001,1.42944882388,0.0298706877834,4.4450244437,0.78530101877,1.10714276565,2.90000005406,1.04000015616
18,386,262.040718411,1,1.13714285714,2.06,0,0.267119726091,1.68226982363,1.42944863902,0.0298707084913,4.4444727298,0.785301016777,1.13690467556,2.90000005543,1.04000015616
18,387,262.090718411,1,1.1369047619,2.06,0,0.266568003755,1.68226966001,1.42944882388,0.0298706877834,4.4450244437,0.78530101877,1.13690467041,2.90000005406,1.04000015616
18,388,263.082781903,1,1.1669047619,2.06,0,0.267119726091,1.68226982363,1.42944863902,0.0298707084913,4.4444727298,0.785301016777,1.16666658033,2.90000005543,1.04000015616
18,389,263.132781903,1,1.16666666667,2.06,0,0.266568003755,1.68226966001,1.42944882388,0.0298706877834,4.4450244437,0.78530101877,1.16666657517,2.90000005406,1.04000015616
18,390,264.124845395,1,1.19666666667,2.06,0,0.267119726091,1.68226982363,1.42944863902,0.0298707084912,4.4444727298,0.785301016777,1.19642848509,2.90000005543,1.04000015616
18,391,264.174845395,1,1.19642857143,2.06,0,0.266568003755,1.68226966001,1.42944882388,0.0298706877834,4.4450244437,0.78530101877,1.19642847993,2.90000005406,1.04000015616
18,392,265.166908887,1,1.22642857143,2.06,0,0.267119726091,1.68226982363,1.42944863902,0.0298707084913,4.4444727298,0.785301016777,1.22619038985,2.90000005543,1.04000015616
18,393,265.216908887,1,1.22619047619,2.06,0,0.266568003755,1.68226966001,1.42944882388,0.0298706877834,4.4450244437,0.78530101877,1.2261903847,2.90000005406,1.04000015616
18,394,266.208972379,1,1.25619047619,2.06,0,0.267119726091,1.68226982363,1.42944863902,0.0298707084912,4.4444727298,0.785301016777,1.25595229461,2.90000005543,1.04000015616
18,395,266.258972379,1,1.25595238095,2.06,0,0.266568003755,1.68226966001,1.42944882388,0.0298706877834,4.4450244437,0.78530101877,1.25595228946,2.90000005406,1.04000015616
18,396,267.251035871,1,1.28595238095,2.06,0,0.267119726091,1.68226982363,1.42944863902,0.0298707084913,4.4444727298,0.785301016777,1.28571419937,2.90000005543,1.04000015616
18,397,267.301035871,1,1.28571428571,2.06,0,0.266568003755,1.68226966001,1.42944882388,0.0298706877834,4.4450244437,0.78530101877,1.28571419422,2.90000005406,1.04000015616
18,398,268.293099364,1,1.31571428571,2.06,0,0.267119726091,1.68226982363,1.42944863902,0.0298707084913,4.4444727298,0.785301016777,1.31547610414,2.90000005543,1.04000015616
18,399,268.343099364,1,1.31547619048,2.06,0,0.266568003755,1.68226966001,1.42944882388,0.0298706877834,4.4450244437,0.78530101877,1.31547609898,2.90000005406,1.04000015616
18,400,269.335162856,1,1.34547619048,2.06,0,0.267119726091,1.68226982363,1.42944863902,0.0298707084913,4.4444727298,0.785301016777,1.3452380089,2.90000005543,1.04000015616
18,401,269.385162856,1,1.34523809524,2.06,0,0.266568003755,1.68226966001,1.42944882388,0.0298706877834,4.4450244437,0.78530101877,1.34523800374,2.90000005406,1.04000015616
18,402,270.377226348,1,1.37523809524,2.06,0,0.267119726091,1.68226982363,1.42944863902,0.0298707084913,4.4444727298,0.785301016777,1.37499991366,2.90000005543,1.04000015616
18,403,270.427226348,1,1.375,2.06,0,0.266568003755,1.68226966001,1.42944882388,0.0298706877834,4.4450244437,0.78530101877,1.37499990851,2.90000005406,1.04000015616
18,404,271.41928984,1,1.405,2.06,0,0.267119726091,1.68226982363,1.42944863902,0.0298707084913,4.4444727298,0.785301016777,1.40476181842,2.90000005543,1.04000015616
18,405,271.46928984,1,1.40476190476,2.06,0,0.266568003755,1.68226966001,1.42944882388,0.0298706877834,4.4450244437,0.78530101877,1.40476181327,2.90000005406,1.04000015616
18,406,272.461353332,1,1.43476190476,2.06,0,0.267119726091,1.68226982363,1.42944863902,0.0298707084913,4.4444727298,0.785301016777,1.43452372318,2.90000005543,1.04000015616
18,407,272.511353332,1,1.43452380952,2.06,0,0.266568003755,1.68226966001,1.42944882388,0.0298706877834,4.4450244437,0.78530101877,1.43452371803,2.90000005406,1.04000015616
18,408,273.503416824,1,1.46452380952,2.06,0,0.267119726091,1.68226982363,1.42944863902,0.0298707084912,4.4444727298,0.785301016777,1.46428562794,2.90000005543,1.04000015616
18,409,273.553416824,1,1.46428571429,2.06,0,0.266568003755,1.68226966001,1.42944882388,0.0298706877834,4.4450244437,0.78530101877,1.46428562279,2.90000005406,1.04000015616
18,410,274.545480316,1,1.49428571429,2.06,0,0.267119726091,1.68226982363,1.42944863902,0.0298707084912,4.4444727298,0.785301016777,1.49404753271,2.90000005543,1.04000015616
18,411,274.595480316,1,1.49404761905,2.06,0,0.266568003755,1.68226966001,1.42944882388,0.0298706877834,4.4450244437,0.78530101877,1.49404752755,2.90000005406,1.04000015616
18,412,275.587543808,1,1.52404761905,2.06,0,0.267119726091,1.68226982363,1.42944863902,0.0298707084912,4.4444727298,0.785301016777,1.52380943747,2.90000005543,1.04000015616
18,413,275.637543808,1,1.52380952381,2.06,0,0.266568003755,1.68226966001,1.42944882388,0.0298706877834,4.4450244437,0.78530101877,1.52380943231,2.90000005406,1.04000015616
18,414,276.6296073,1,1.55380952381,2.06,0,0.267119726091,1.68226982363,1.42944863902,0.0298707084913,4.4444727298,0.785301016777,1.55357134223,2.90000005543,1.04000015616
18,415,276.6796073,1,1.55357142857,2.06,0,0.266568003755,1.68226966001,1.42944882388,0.0298706877834,4.4450244437,0.78530101877,1.55357133708,2.90000005406,1.04000015616
18,416,277.671670792,1,1.58357142857,2.06,0,0.267119726091,1.68226982363,1.42944863902,0.0298707084913,4.4444727298,0.785301016777,1.58333324699,2.90000005543,1.04000015616
18,417,277.721670792,1,1.58333333333,2.06,0,0.266568003755,1.68226966001,1.42944882388,0.0298706877834,4.4450244437,0.78530101877,1.58333324184,2.90000005406,1.04000015616
18,418,278.713734284,1,1.61333333333,2.06,0,0.267119726091,1.68226982363,1.42944863902,0.0298707084913,4.4444727298,0.785301016777,1.61309515175,2.90000005543,1.04000015616
18,419,278.763734284,1,1.6130952381,2.06,0,0.266568003755,1.68226966001,1.42944882388,0.0298706877834,4.4450244437,0.78530101877,1.6130951466,2.90000005406,1.04000015616
18,420,279.755797776,1,1.6430952381,2.06,0,0.267119726091,1.68226982363,1.42944863902,0.0298707084913,4.4444727298,0.785301016777,1.64285705652,2.90000005543,1.04000015616
18,421,279.805797776,1,1.64285714286,2.06,0,0.266568003755,1.68226966001,1.42944882388,0.0298706877834,4.4450244437,0.78530101877,1.64285705136,2.90000005406,1.04000015616
18,422,280.797861268,1,1.67285714286,2.06,0,0.267119726091,1.68226982363,1.42944863902,0.0298707084913,4.4444727298,0.785301016777,1.67261896128,2.90000005543,1.04000015616
18,423,280.847861268,1,1.67261904762,2.06,0,0.266568003755,1.68226966001,1.42944882388,0.0298706877834,4.4450244437,0.78530101877,1.67261895612,2.90000005406,1.04000015616
18,424,281.83992476,1,1.70261904762,2.06,0,0.267119726091,1.68226982363,1.42944863902,0.0298707084913,4.4444727298,0.785301016777,1.70238086604,2.90000005543,1.04000015616
18,425,281.88992476,1,1.70238095238,2.06,0,0.266568003755,1.68226966001,1.42944882388,0.0298706877834,4.4450244437,0.78530101877,1.70238086089,2.90000005406,1.04000015616
18,426,282.881988252,1,1.73238095238,2.06,0,0.267119726091,1.68226982363,1.42944863902,0.0298707084913,4.4444727298,0.785301016777,1.7321427708,2.90000005543,1.04000015616
18,427,282.931988252,1,1.73214285714,2.06,0,0.266568003755,1.68226966001,1.42944882388,0.0298706877834,4.4450244437,0.78530101877,1.73214276565,2.90000005406,1.04000015616
18,428,283.924051745,1,1.76214285714,2.06,0,0.267119726091,1.68226982363,1.42944863902,0.0298707084913,4.4444727298,0.785301016777,1.76190467556,2.90000005543,1.04000015616
18,429,283.974051745,1,1.7619047619,2.06,0,0.266568003755,1.68226966001,1.42944882388,0.0298706877834,4.4450244437,0.78530101877,1.76190467041,2.90000005406,1.04000015616
18,430,284.966115237,1,1.7919047619,2.06,0,0.267119726091,1.68226982363,1.42944863902,0.0298707084913,4.4444727298,0.785301016777,1.79166658033,2.90000005543,1.04000015616
18,431,285.016115237,1,1.79166666667,2.06,0,0.266568003755,1.68226966001,1.42944882388,0.0298706877834,4.4450244437,0.78530101877,1.79166657517,2.90000005406,1.04000015616
18,432,286.008178729,1,1.82166666667,2.06,0,0.267119726091,1.68226982363,1.42944863902,0.0298707084913,4.4444727298,0.785301016777,1.82142848509,2.90000005543,1.04000015616
18,433,286.058178729,1,1.82142857143,2.06,0,0.266568003755,1.68226966001,1.42944882388,0.0298706877834,4.4450244437,0.78530101877,1.82142847993,2.90000005406,1.04000015616
18,434,287.050242221,1,1.85142857143,2.06,0,0.267119726091,1.68226982363,1.42944863902,0.0298707084913,4.4444727298,0.785301016777,1.85119038985,2.90000005543,1.04000015616
18,435,287.100242221,1,1.85119047619,2.06,0,0.266568003755,1.68226966001,1.42944882388,0.0298706877834,4.4450244437,0.78530101877,1.8511903847,2.90000005406,1.04000015616
18,436,288.092305713,1,1.88119047619,2.06,0,0.267119726091,1.68226982363,1.42944863902,0.0298707084912,4.4444727298,0.785301016777,1.88095229461,2.90000005543,1.04000015616
18,437,288.142305713,1,1.88095238095,2.06,0,0.266568003755,1.68226966001,1.42944882388,0.0298706877834,4.4450244437,0.78530101877,1.88095228946,2.90000005406,1.04000015616
18,438,289.134369205,1,1.91095238095,2.06,0,0.267119726091,1.68226982363,1.42944863902,0.0298707084913,4.4444727298,0.785301016777,1.91071419937,2.90000005543,1.04000015616
18,439,289.184369205,1,1.91071428571,2.06,0,0.266568003755,1.68226966001,1.42944882388,0.0298706877834,4.4450244437,0.78530101877,1.91071419422,2.90000005406,1.04000015616
18,440,290.176432697,1,1.94071428571,2.06,0,0.267119726091,1.68226982363,1.42944863902,0.0298707084913,4.4444727298,0.785301016777,1.94047610414,2.90000005543,1.04000015616
18,441,290.226432697,1,1.94047619048,2.06,0,0.266568003755,1.68226966001,1.42944882388,0.0298706877834,4.4450244437,0.78530101877,1.94047609898,2.90000005406,1.04000015616
18,442,291.218496189,1,1.97047619048,2.06,0,0.267119726091,1.68226982363,1.42944863902,0.0298707084913,4.4444727298,0.785301016777,1.9702380089,2.90000005543,1.04000015616
18,443,291.268496189,1,1.97023809524,2.06,0,0.266568003755,1.68226966001,1.42944882388,0.0298706877834,4.4450244437,0.78530101877,1.97023800374,2.90000005406,1.04000015616
18,444,292.260559681,1,2.00023809524,2.06,0,0.267119726091,1.68226982363,1.42944863902,0.0298707084912,4.4444727298,0.785301016777,1.99999991366,2.90000005543,1.04000015616
18,445,292.310559681,1,2,2.06,0,0.266568003755,1.68226966001,1.42944882388,0.0298706877834,4.4450244437,0.78530101877,1.99999990851,2.90000005406,1.04000015616
18,446,293.302623173,1,2.03,2.06,0,0.267119726091,1.68226982363,1.42944863902,0.0298707084913,4.4444727298,0.785301016777,2.02976181842,2.90000005543,1.04000015616
18,447,293.352623173,1,2.02976190476,2.06,0,0.266568003755,1.68226966001,1.42944882388,0.0298706877834,4.4450244437,0.78530101877,2.02976181327,2.90000005406,1.04000015616
18,448,294.344686665,1,2.05976190476,2.06,0,0.267119726091,1.68226982363,1.42944863902,0.0298707084913,4.4444727298,0.785301016777,2.05952372318,2.90000005543,1.04000015616
18,449,294.394686665,1,2.05952380952,2.06,0,0.266568003755,1.68226966001,1.42944882388,0.0298706877834,4.4450244437,0.78530101877,2.05952371803,2.90000005406,1.04000015616
18,450,295.386750157,1,2.08952380952,2.06,0,0.267119726091,1.68226982363,1.42944863902,0.0298707084913,4.4444727298,0.785301016777,2.08928562794,2.90000005543,1.04000015616
18,451,295.436750157,1,2.08928571429,2.06,0,0.266568003755,1.68226966001,1.42944882388,0.0298706877834,4.4450244437,0.78530101877,2.08928562279,2.90000005406,1.04000015616
18,452,296.428813649,1,2.11928571429,2.06,0,0.267119726091,1.68226982363,1.42944863902,0.0298707084913,4.4444727298,0.785301016777,2.11904753271,2.90000005543,1.04000015616
18,453,296.478813649,1,2.11904761905,2.06,0,0.266568003755,1.68226966001,1.42944882388,0.0298706877834,4.4450244437,0.78530101877,2.11904752755,2.90000005406,1.04000015616
18,454,297.470877141,1,2.14904761905,2.06,0,0.267119726091,1.68226982363,1.42944863902,0.0298707084913,4.4444727298,0.785301016777,2.14880943747,2.90000005543,1.04000015616
18,455,297.520877141,1,2.14880952381,2.06,0,0.266568003755,1.68226966001,1.42944882388,0.0298706877834,4.4450244437,0.78530101877,2.14880943231,2.90000005406,1.04000015616
18,456,298.512940633,1,2.17880952381,2.06,0,0.267119726091,1.68226982363,1.42944863902,0.0298707084913,4.4444727298,0.785301016777,2.17857134223,2.90000005543,1.04000015616
18,457,298.562940633,1,2.17857142857,2.06,0,0.266568003755,1.68226966001,1.42944882388,0.0298706877835,4.4450244437,0.78530101877,2.17857133708,2.90000005406,1.04000015616
18,458,299.555004125,1,2.20857142857,2.06,0,0.267119726091,1.68226982363,1.42944863902,0.0298707084913,4.4444727298,0.785301016777,2.20833324699,2.90000005543,1.04000015616
18,459,299.605004125,1,2.20833333333,2.06,0,0.266568003755,1.68226966001,1.42944882388,0.0298706877834,4.4450244437,0.78530101877,2.20833324184,2.90000005406,1.04000015616
18,460,300.597067618,1,2.23833333333,2.06,0,0.267119726091,1.68226982363,1.42944863902,0.0298707084913,4.4444727298,0.785301016777,2.23809515175,2.90000005543,1.04000015616
18,461,300.647067618,1,2.2380952381,2.06,0,0.266568003755,1.68226966001,1.42944882388,0.0298706877834,4.4450244437,0.78530101877,2.2380951466,2.90000005406,1.04000015616
18,462,301.63913111,1,2.2680952381,2.06,0,0.267119726091,1.68226982363,1.42944863902,0.0298707084913,4.4444727298,0.785301016777,2.26785705652,2.90000005543,1.04000015616
18,463,301.68913111,1,2.26785714286,2.06,0,0.266568003755,1.68226966001,1.42944882388,0.0298706877835,4.4450244437,0.78530101877,2.26785705136,2.90000005406,1.04000015616
18,464,302.681194602,1,2.29785714286,2.06,0,0.267119726091,1.68226982363,1.42944863902,0.0298707084913,4.4444727298,0.785301016777,2.29761896128,2.90000005543,1.04000015616
18,465,302.731194602,1,2.29761904762,2.06,0,0.266568003755,1.68226966001,1.42944882388,0.0298706877834,4.4450244437,0.78530101877,2.29761895612,2.90000005406,1.04000015616
18,466,303.723258094,1,2.32761904762,2.06,0,0.267119726091,1.68226982363,1.42944863902,0.0298707084913,4.4444727298,0.785301016777,2.32738086604,2.90000005543,1.04000015616
18,467,303.773258094,1,2.32738095238,2.06,0,0.266568003755,1.68226966001,1.42944882388,0.0298706877834,4.4450244437,0.78530101877,2.32738086089,2.90000005406,1.04000015616
18,468,304.765321586,1,2.35738095238,2.06,0,0.267119726091,1.68226982363,1.42944863902,0.0298707084913,4.4444727298,0.785301016777,2.3571427708,2.90000005543,1.04000015616
18,469,304.815321586,1,2.35714285714,2.06,0,0.266568003755,1.68226966001,1.42944882388,0.0298706877834,4.4450244437,0.78530101877,2.35714276565,2.90000005406,1.04000015616
18,470,305.807385078,1,2.38714285714,2.06,0,0.267119726091,1.68226982363,1.42944863902,0.0298707084913,4.4444727298,0.785301016777,2.38690467556,2.90000005543,1.04000015616
18,471,305.857385078,1,2.3869047619,2.06,0,0.266568003755,1.68226966001,1.42944882388,0.0298706877834,4.4450244437,0.78530101877,2.38690467041,2.90000005406,1.04000015616
18,472,306.84944857,1,2.4169047619,2.06,0,0.267119726091,1.68226982363,1.42944863902,0.0298707084913,4.4444727298,0.785301016777,2.41666658033,2.90000005543,1.04000015616
18,473,306.89944857,1,2.41666666667,2.06,0,0.266568003755,1.68226966001,1.42944882388,0.0298706877834,4.4450244437,0.78530101877,2.41666657517,2.90000005406,1.04000015616
18,474,307.891512062,1,2.44666666667,2.06,0,0.267119726091,1.68226982363,1.42944863902,0.0298707084912,4.4444727298,0.785301016777,2.44642848509,2.90000005543,1.04000015616
18,475,307.941512062,1,2.44642857143,2.06,0,0.266568003755,1.68226966001,1.42944882388,0.0298706877834,4.4450244437,0.78530101877,2.44642847993,2.90000005406,1.04000015616
18,476,308.933575554,1,2.47642857143,2.06,0,0.267119726091,1.68226982363,1.42944863902,0.0298707084913,4.4444727298,0.785301016777,2.47619038985,2.90000005543,1.04000015616
18,477,308.983575554,1,2.47619047619,2.06,0,0.266568003755,1.68226966001,1.42944882388,0.0298706877834,4.4450244437,0.78530101877,2.4761903847,2.90000005406,1.04000015616
18,478,309.975639046,1,2.50619047619,2.06,0,0.267119726091,1.68226982363,1.42944863902,0.0298707084913,4.4444727298,0.785301016777,2.50595229461,2.90000005543,1.04000015616
18,479,310.025639046,1,2.50595238095,2.06,0,0.266568003755,1.68226966001,1.42944882388,0.0298706877834,4.4450244437,0.78530101877,2.50595228946,2.90000005406,1.04000015616
18,480,311.017702538,1,2.53595238095,2.06,0,0.267119726091,1.68226982363,1.42944863902,0.0298707084913,4.4444727298,0.785301016777,2.53571419937,2.90000005543,1.04000015616
18,481,311.067702538,1,2.53571428571,2.06,0,0.266568003755,1.68226966001,1.42944882388,0.0298706877835,4.4450244437,0.78530101877,2.53571419422,2.90000005406,1.04000015616
18,482,312.05976603,1,2.56571428571,2.06,0,0.267119726091,1.68226982363,1.42944863902,0.0298707084913,4.4444727298,0.785301016777,2.56547610414,2.90000005543,1.04000015616
18,483,312.10976603,1,2.56547619048,2.06,0,0.266568003755,1.68226966001,1.42944882388,0.0298706877835,4.4450244437,0.78530101877,2.56547609898,2.90000005406,1.04000015616
18,484,313.101829522,1,2.59547619048,2.06,0,0.267119726091,1.68226982363,1.42944863902,0.0298707084913,4.4444727298,0.785301016777,2.5952380089,2.90000005543,1.04000015616
18,485,313.151829522,1,2.59523809524,2.06,0,0.266568003755,1.68226966001,1.42944882388,0.0298706877834,4.4450244437,0.78530101877,2.59523800374,2.90000005406,1.04000015616
18,486,314.143893014,1,2.62523809524,2.06,0,0.267119726091,1.68226982363,1.42944863902,0.0298707084913,4.4444727298,0.785301016777,2.62499991366,2.90000005543,1.04000015616
18,487,314.193893014,1,2.625,2.06,0,0.266568003755,1.68226966001,1.42944882388,0.0298706877834,4.4450244437,0.78530101877,2.62499990851,2.90000005406,1.04000015616
18,488,315.185956506,1,2.655,2.06,0,0.267119726091,1.68226982363,1.42944863902,0.0298707084912,4.4444727298,0.785301016777,2.65476181842,2.90000005543,1.04000015616
18,489,315.235956506,1,2.65476190476,2.06,0,0.266568003755,1.68226966001,1.42944882388,0.0298706877834,4.4450244437,0.78530101877,2.65476181327,2.90000005406,1.04000015616
18,490,316.228019998,1,2.68476190476,2.06,0,0.267119726091,1.68226982363,1.42944863902,0.0298707084913,4.4444727298,0.785301016777,2.68452372318,2.90000005543,1.04000015616
18,491,316.278019998,1,2.68452380952,2.06,0,0.266568003755,1.68226966001,1.42944882388,0.0298706877834,4.4450244437,0.78530101877,2.68452371803,2.90000005406,1.04000015616
18,492,317.270083491,1,2.71452380952,2.06,0,0.267119726091,1.68226982363,1.42944863902,0.0298707084912,4.4444727298,0.785301016777,2.71428562794,2.90000005543,1.04000015616
18,493,317.320083491,1,2.71428571429,2.06,0,0.266568003755,1.68226966001,1.42944882388,0.0298706877834,4.4450244437,0.78530101877,2.71428562279,2.90000005406,1.04000015616
18,494,318.312146983,1,2.74428571429,2.06,0,0.267119726091,1.68226982363,1.42944863902,0.0298707084913,4.4444727298,0.785301016777,2.74404753271,2.90000005543,1.04000015616
18,495,318.362146983,1,2.74404761905,2.06,0,0.266568003755,1.68226966001,1.42944882388,0.0298706877834,4.4450244437,0.78530101877,2.74404752755,2.90000005406,1.04000015616
18,496,319.354210475,1,2.77404761905,2.06,0,0.267119726091,1.68226982363,1.42944863902,0.0298707084913,4.4444727298,0.785301016777,2.77380943747,2.90000005543,1.04000015616
18,497,319.404210475,1,2.77380952381,2.06,0,0.266568003755,1.68226966001,1.42944882388,0.0298706877834,4.4450244437,0.78530101877,2.77380943231,2.90000005406,1.04000015616
18,498,320.396273967,1,2.80380952381,2.06,0,0.267119726091,1.68226982363,1.42944863902,0.0298707084913,4.4444727298,0.785301016777,2.80357134223,2.90000005543,1.04000015616
18,499,320.446273967,1,2.80357142857,2.06,0,0.266568003755,1.68226966001,1.42944882388,0.0298706877834,4.4450244437,0.78530101877,2.80357133708,2.90000005406,1.04000015616
18,500,321.438337459,1,2.83357142857,2.06,0,0.267119726091,1.68226982363,1.42944863902,0.0298707084913,4.4444727298,0.785301016777,2.83333324699,2.90000005543,1.04000015616
18,501,321.488337459,1,2.83333333333,2.06,0,0.266568003755,1.68226966001,1.42944882388,0.0298706877834,4.4450244437,0.78530101877,2.83333324184,2.90000005406,1.04000015616
18,502,322.480400951,1,2.86333333333,2.06,0,0.267119726091,1.68226982363,1.42944863902,0.0298707084913,4.4444727298,0.785301016777,2.86309515175,2.90000005543,1.04000015616
18,503,322.530400951,1,2.8630952381,2.06,0,0.266568003755,1.68226966001,1.42944882388,0.0298706877834,4.4450244437,0.78530101877,2.8630951466,2.90000005406,1.04000015616
18,504,323.522464443,1,2.8930952381,2.06,0,0.267119726091,1.68226982363,1.42944863902,0.0298707084913,4.4444727298,0.785301016777,2.89285705652,2.90000005543,1.04000015616
18,505,323.572464443,1,2.89285714286,2.06,0,0.266568003755,1.68226966001,1.42944882388,0.0298706877834,4.4450244437,0.78530101877,2.89285705136,2.90000005406,1.04000015616
18,506,324.564527935,1,2.92285714286,2.06,0,0.267119726091,1.68226982363,1.42944863902,0.0298707084913,4.4444727298,0.785301016777,2.92261896128,2.90000005543,1.04000015616
18,507,324.614527935,1,2.92261904762,2.06,0,0.266568003755,1.68226966001,1.42944882388,0.0298706877835,4.4450244437,0.78530101877,2.92261895612,2.90000005406,1.04000015616
18,508,325.606591427,1,2.95261904762,2.06,0,0.267119726091,1.68226982363,1.42944863902,0.0298707084913,4.4444727298,0.785301016777,2.95238086604,2.90000005543,1.04000015616
18,509,325.656591427,1,2.95238095238,2.06,0,0.266568003755,1.68226966001,1.42944882388,0.0298706877834,4.4450244437,0.78530101877,2.95238086089,2.90000005406,1.04000015616
18,510,326.648654919,1,2.98238095238,2.06,0,0.267119726091,1.68226982363,1.42944863902,0.0298707084913,4.4444727298,0.785301016777,2.9821427708,2.90000005543,1.04000015616
18,511,326.698654919,1,2.98214285714,2.06,0,0.266568003755,1.68226966001,1.42944882388,0.0298706877834,4.4450244437,0.78530101877,2.98214276565,2.90000005406,1.04000015616
18,512,327.690718411,1,3.01214285714,2.06,0,0.267119726091,1.68226982363,1.42944863902,0.0298707084913,4.4444727298,0.785301016777,3.01190467556,2.90000005543,1.04000015616
18,513,327.740718411,1,3.0119047619,2.06,0,0.266568003755,1.68226966001,1.42944882388,0.0298706877834,4.4450244437,0.78530101877,3.01190467041,2.90000005406,1.04000015616
18,514,328.732781903,1,3.0419047619,2.06,0,0.267119726091,1.68226982363,1.42944863902,0.0298707084913,4.4444727298,0.785301016777,3.04166658033,2.90000005543,1.04000015616
18,515,328.782781903,1,3.04166666667,2.06,0,0.266568003755,1.68226966001,1.42944882388,0.0298706877834,4.4450244437,0.78530101877,3.04166657517,2.90000005406,1.04000015616
18,516,329.774845395,1,3.07166666667,2.06,0,0.267119726091,1.68226982363,1.42944863902,0.0298707084913,4.4444727298,0.785301016777,3.07142848509,2.90000005543,1.04000015616
18,517,329.824845395,1,3.07142857143,2.06,0,0.266568003755,1.68226966001,1.42944882388,0.0298706877835,4.4450244437,0.78530101877,3.07142847993,2.90000005406,1.04000015616
18,518,330.816908887,1,3.10142857143,2.06,0,0.267119726091,1.68226982363,1.42944863902,0.0298707084913,4.4444727298,0.785301016777,3.10119038985,2.90000005543,1.04000015616
18,519,330.866908887,1,3.10119047619,2.06,0,0.266568003755,1.68226966001,1.42944882388,0.0298706877835,4.4450244437,0.78530101877,3.1011903847,2.90000005406,1.04000015616
18,520,331.858972379,1,3.13119047619,2.06,0,0.267119726091,1.68226982363,1.42944863902,0.0298707084913,4.4444727298,0.785301016777,3.13095229461,2.90000005543,1.04000015616
18,521,331.908972379,1,3.13095238095,2.06,0,0.266568003755,1.68226966001,1.42944882388,0.0298706877834,4.4450244437,0.78530101877,3.13095228946,2.90000005406,1.04000015616
18,522,332.901035871,1,3.16095238095,2.06,0,0.267119726091,1.68226982363,1.42944863902,0.0298707084913,4.4444727298,0.785301016777,3.16071419937,2.90000005543,1.04000015616
18,523,332.951035871,1,3.16071428571,2.06,0,0.266568003755,1.68226966001,1.42944882388,0.0298706877834,4.4450244437,0.78530101877,3.16071419422,2.90000005406,1.04000015616
18,524,333.943099364,1,3.19071428571,2.06,0,0.267119726091,1.68226982363,1.42944863902,0.0298707084913,4.4444727298,0.785301016777,3.19047610414,2.90000005543,1.04000015616
18,525,333.993099364,1,3.19047619048,2.06,0,0.266568003755,1.68226966001,1.42944882388,0.0298706877834,4.4450244437,0.78530101877,3.19047609898,2.90000005406,1.04000015616
18,526,334.985162856,1,3.22047619048,2.06,0,0.267119726091,1.68226982363,1.42944863902,0.0298707084913,4.4444727298,0.785301016777,3.2202380089,2.90000005543,1.04000015616
18,527,335.035162856,1,3.22023809524,2.06,0,0.266568003755,1.68226966001,1.42944882388,0.0298706877834,4.4450244437,0.78530101877,3.22023800374,2.90000005406,1.04000015616
18,528,336.027226348,1,3.25023809524,2.06,0,0.267119726091,1.68226982363,1.42944863902,0.0298707084913,4.4444727298,0.785301016777,3.24999991366,2.90000005543,1.04000015616
18,529,336.077226348,1,3.25,2.06,0,0.266568003755,1.68226966001,1.42944882388,0.0298706877834,4.4450244437,0.78530101877,3.24999990851,2.90000005406,1.04000015616
18,530,337.910559681,1,3.25,2.06,0,0.266567920022,1.68666140933,1.34966114831,0.105265677917,4.44502453164,0.785300771459,3.24999991109,2.89999978792,1.06749969605
18,531,339.743893014,1,3.25,2.06,0,0.266567704957,1.69614848583,1.26340573261,0.182033935585,4.44502474671,0.78530074992,3.24999991109,2.89999974435,1.0949996403
18,532,341.62132674,1,3.25,2.06,0,0.266567496954,1.71113048221,1.16953404633,0.260923514123,4.44502495471,0.785300720501,3.24999991108,2.89999968967,1.12249956488
18,533,343.685893278,1,3.25,2.06,0,0.266567300506,1.732285036,1.06630571945,0.342997129826,4.44502515116,0.78530067892,3.24999991109,2.89999961677,1.14999945854
18,534,345.993133852,1,3.25,2.06,0,0.266567124524,1.76077620397,0.950943690728,0.429867755115,4.44502532714,0.785300616716,3.24999991108,2.89999951165,1.17749929891
18,535,348.6399322,1,3.25,2.06,0,0.266566989663,1.79873243912,0.818603773313,0.524251050265,4.445025462,0.785300514444,3.24999991109,2.89999934174,1.20499903396
18,536,351.823330122,1,3.25,2.06,0,0.266566957522,1.85060764465,0.659433877227,0.631544985222,4.44502549414,0.785300314822,3.24999991109,2.89999901003,1.23249850853
18,537,356.093104725,1,3.25,2.06,0,0.26656733872,1.92901990431,0.445945147059,0.766619258662,4.44502511294,0.785299734383,3.24999991109,2.8999980272,1.25999694184
18,538,357.085168217,1,3.22,2.06,0,0.266014247173,1.92904519715,0.445886294175,0.766657615228,4.44557820025,0.78530100345,3.22023800373,2.90000003563,1.26000014581
18,539,357.135168217,1,3.22023809524,2.06,0,0.266566052502,1.92904494588,0.445886682755,0.76665747873,4.44502640339,0.785301001789,3.2202380089,2.90000003758,1.26000014672
18,540,358.127231709,1,3.19023809524,2.06,0,0.266014246788,1.9290452042,0.445886277744,0.766657625959,4.44557820065,0.785301003816,3.19047609898,2.9000000362,1.26000014671
18,541,358.177231709,1,3.19047619048,2.06,0,0.266566052502,1.92904494589,0.445886682751,0.766657478733,4.44502640339,0.785301001789,3.19047610414,2.90000003758,1.26000014673
18,542,359.169295202,1,3.16047619048,2.06,0,0.266014246787,1.9290452042,0.445886277737,0.766657625964,4.44557820065,0.785301003816,3.16071419422,2.9000000362,1.26000014671
18,543,359.219295202,1,3.16071428571,2.06,0,0.266566052502,1.92904494589,0.445886682751,0.766657478733,4.44502640339,0.785301001789,3.16071419938,2.90000003758,1.26000014673
18,544,360.211358694,1,3.13071428571,2.06,0,0.266014246787,1.9290452042,0.445886277737,0.766657625964,4.44557820065,0.785301003816,3.13095228945,2.9000000362,1.26000014671
18,545,360.261358694,1,3.13095238095,2.06,0,0.266566052502,1.92904494589,0.445886682751,0.766657478733,4.44502640339,0.785301001789,3.13095229462,2.90000003758,1.26000014673
18,546,361.253422186,1,3.10095238095,2.06,0,0.266014246788,1.9290452042,0.445886277744,0.766657625959,4.44557820065,0.785301003816,3.10119038469,2.9000000362,1.26000014671
18,547,361.303422186,1,3.10119047619,2.06,0,0.266566052502,1.92904494589,0.445886682751,0.766657478733,4.44502640339,0.785301001789,3.10119038986,2.90000003758,1.26000014673
18,548,362.295485678,1,3.07119047619,2.06,0,0.266014246787,1.9290452042,0.445886277737,0.766657625964,4.44557820065,0.785301003816,3.07142847993,2.9000000362,1.26000014671
18,549,362.345485678,1,3.07142857143,2.06,0,0.266566052502,1.92904494589,0.445886682744,0.766657478737,4.44502640339,0.785301001789,3.0714284851,2.90000003758,1.26000014673
18,550,363.33754917,1,3.04142857143,2.06,0,0.266014246788,1.9290452042,0.445886277744,0.766657625959,4.44557820065,0.785301003816,3.04166657517,2.9000000362,1.26000014671
18,551,363.38754917,1,3.04166666667,2.06,0,0.266566052502,1.92904494589,0.445886682751,0.766657478733,4.44502640339,0.785301001789,3.04166658033,2.90000003758,1.26000014673
18,552,364.379612662,1,3.01166666667,2.06,0,0.266014246787,1.9290452042,0.445886277737,0.766657625964,4.44557820065,0.785301003816,3.01190467041,2.9000000362,1.26000014671
18,553,364.429612662,1,3.0119047619,2.06,0,0.266566052502,1.92904494589,0.445886682751,0.766657478733,4.44502640339,0.785301001789,3.01190467557,2.90000003758,1.26000014673
18,554,365.421676154,1,2.9819047619,2.06,0,0.266014246788,1.9290452042,0.445886277744,0.766657625959,4.44557820065,0.785301003816,2.98214276564,2.9000000362,1.26000014671
18,555,365.471676154,1,2.98214285714,2.06,0,0.266566052502,1.92904494589,0.445886682751,0.766657478733,4.44502640339,0.785301001789,2.98214277081,2.90000003758,1.26000014673
18,556,366.463739646,1,2.95214285714,2.06,0,0.266014246787,1.9290452042,0.445886277737,0.766657625964,4.44557820065,0.785301003816,2.95238086088,2.9000000362,1.26000014671
18,557,366.513739646,1,2.95238095238,2.06,0,0.266566052502,1.92904494589,0.445886682744,0.766657478737,4.44502640339,0.785301001789,2.95238086605,2.90000003758,1.26000014673
18,558,367.505803138,1,2.92238095238,2.06,0,0.266014246787,1.9290452042,0.445886277737,0.766657625964,4.44557820065,0.785301003816,2.92261895612,2.9000000362,1.26000014671
18,559,367.555803138,1,2.92261904762,2.06,0,0.266566052502,1.92904494589,0.445886682751,0.766657478733,4.44502640339,0.785301001789,2.92261896129,2.90000003758,1.26000014673
18,560,368.54786663,1,2.89261904762,2.06,0,0.266014246787,1.9290452042,0.445886277737,0.766657625964,4.44557820065,0.785301003816,2.89285705136,2.9000000362,1.26000014671
18,561,368.59786663,1,2.89285714286,2.06,0,0.266566052502,1.92904494589,0.445886682751,0.766657478733,4.44502640339,0.785301001789,2.89285705652,2.90000003758,1.26000014673
18,562,369.589930122,1,2.86285714286,2.06,0,0.266014246787,1.9290452042,0.445886277737,0.766657625964,4.44557820065,0.785301003816,2.8630951466,2.9000000362,1.26000014671
18,563,369.639930122,1,2.8630952381,2.06,0,0.266566052502,1.92904494589,0.445886682751,0.766657478733,4.44502640339,0.785301001789,2.86309515176,2.90000003758,1.26000014673
18,564,370.631993614,1,2.8330952381,2.06,0,0.266014246788,1.9290452042,0.445886277744,0.766657625959,4.44557820065,0.785301003816,2.83333324183,2.9000000362,1.26000014671
18,565,370.681993614,1,2.83333333333,2.06,0,0.266566052502,1.92904494589,0.445886682744,0.766657478737,4.44502640339,0.785301001789,2.833333247,2.90000003758,1.26000014673
18,566,371.674057106,1,2.80333333333,2.06,0,0.266014246788,1.9290452042,0.445886277744,0.766657625959,4.44557820065,0.785301003816,2.80357133707,2.9000000362,1.26000014671
18,567,371.724057106,1,2.80357142857,2.06,0,0.266566052502,1.92904494589,0.445886682751,0.766657478733,4.44502640339,0.785301001789,2.80357134224,2.90000003758,1.26000014673
18,568,372.716120598,1,2.77357142857,2.06,0,0.266014246787,1.9290452042,0.445886277737,0.766657625964,4.44557820065,0.785301003816,2.77380943231,2.9000000362,1.26000014671
18,569,372.766120598,1,2.77380952381,2.06,0,0.266566052502,1.92904494589,0.445886682751,0.766657478733,4.44502640339,0.785301001789,2.77380943748,2.90000003758,1.26000014673
18,570,373.75818409,1,2.74380952381,2.06,0,0.266014246787,1.9290452042,0.445886277737,0.766657625964,4.44557820065,0.785301003816,2.74404752755,2.9000000362,1.26000014671
18,571,373.80818409,1,2.74404761905,2.06,0,0.266566052502,1.92904494589,0.445886682751,0.766657478733,4.44502640339,0.785301001789,2.74404753271,2.90000003758,1.26000014673
18,572,374.800247582,1,2.71404761905,2.06,0,0.266014246787,1.9290452042,0.445886277737,0.766657625964,4.44557820065,0.785301003816,2.71428562279,2.9000000362,1.26000014671
18,573,374.850247582,1,2.71428571429,2.06,0,0.266566052502,1.92904494589,0.445886682751,0.766657478733,4.44502640339,0.785301001789,2.71428562795,2.90000003758,1.26000014673
18,574,375.842311075,1,2.68428571429,2.06,0,0.266014246788,1.9290452042,0.445886277744,0.766657625959,4.44557820065,0.785301003816,2.68452371803,2.9000000362,1.26000014671
18,575,375.892311075,1,2.68452380952,2.06,0,0.266566052502,1.92904494589,0.445886682751,0.766657478733,4.44502640339,0.785301001789,2.68452372319,2.90000003758,1.26000014673
18,576,376.884374567,1,2.65452380952,2.06,0,0.266014246788,1.9290452042,0.445886277744,0.766657625959,4.44557820065,0.785301003816,2.65476181326,2.9000000362,1.26000014671
18,577,376.934374567,1,2.65476190476,2.06,0,0.266566052502,1.92904494589,0.445886682744,0.766657478737,4.44502640339,0.785301001789,2.65476181843,2.90000003758,1.26000014673
18,578,377.926438059,1,2.62476190476,2.06,0,0.266014246788,1.9290452042,0.445886277744,0.766657625959,4.44557820065,0.785301003816,2.6249999085,2.9000000362,1.26000014671
18,579,377.976438059,1,2.625,2.06,0,0.266566052502,1.92904494589,0.445886682744,0.766657478737,4.44502640339,0.785301001789,2.62499991367,2.90000003758,1.26000014673
18,580,378.968501551,1,2.595,2.06,0,0.266014246788,1.9290452042,0.445886277744,0.766657625959,4.44557820065,0.785301003816,2.59523800374,2.9000000362,1.26000014671
18,581,379.018501551,1,2.59523809524,2.06,0,0.266566052502,1.92904494589,0.445886682744,0.766657478737,4.44502640339,0.785301001789,2.5952380089,2.90000003758,1.26000014673
18,582,380.010565043,1,2.56523809524,2.06,0,0.266014246787,1.9290452042,0.445886277737,0.766657625964,4.44557820065,0.785301003816,2.56547609898,2.9000000362,1.26000014671
18,583,380.060565043,1,2.56547619048,2.06,0,0.266566052502,1.92904494589,0.445886682751,0.766657478733,4.44502640339,0.785301001789,2.56547610414,2.90000003758,1.26000014673
18,584,381.052628535,1,2.53547619048,2.06,0,0.266014246788,1.9290452042,0.445886277744,0.766657625959,4.44557820065,0.785301003816,2.53571419422,2.9000000362,1.26000014671
18,585,381.102628535,1,2.53571428571,2.06,0,0.266566052502,1.92904494589,0.445886682751,0.766657478733,4.44502640339,0.785301001789,2.53571419938,2.90000003758,1.26000014673
18,586,382.094692027,1,2.50571428571,2.06,0,0.266014246788,1.9290452042,0.445886277744,0.766657625959,4.44557820065,0.785301003816,2.50595228945,2.9000000362,1.26000014671
18,587,382.144692027,1,2.50595238095,2.06,0,0.266566052502,1.92904494589,0.445886682751,0.766657478733,4.44502640339,0.785301001789,2.50595229462,2.90000003758,1.26000014673
18,588,383.136755519,1,2.47595238095,2.06,0,0.266014246788,1.9290452042,0.445886277744,0.766657625959,4.44557820065,0.785301003816,2.47619038469,2.9000000362,1.26000014671
18,589,383.186755519,1,2.47619047619,2.06,0,0.266566052502,1.92904494589,0.445886682751,0.766657478733,4.44502640339,0.785301001789,2.47619038986,2.90000003758,1.26000014673
18,590,384.178819011,1,2.44619047619,2.06,0,0.266014246787,1.9290452042,0.445886277737,0.766657625964,4.44557820065,0.785301003816,2.44642847993,2.9000000362,1.26000014671
18,591,384.228819011,1,2.44642857143,2.06,0,0.266566052502,1.92904494589,0.445886682751,0.766657478733,4.44502640339,0.785301001789,2.4464284851,2.90000003758,1.26000014673
18,592,385.220882503,1,2.41642857143,2.06,0,0.266014246787,1.9290452042,0.445886277737,0.766657625964,4.44557820065,0.785301003816,2.41666657517,2.9000000362,1.26000014671
18,593,385.270882503,1,2.41666666667,2.06,0,0.266566052502,1.92904494589,0.445886682751,0.766657478733,4.44502640339,0.785301001789,2.41666658033,2.90000003758,1.26000014673
18,594,386.262945995,1,2.38666666667,2.06,0,0.266014246788,1.9290452042,0.445886277744,0.766657625959,4.44557820065,0.785301003816,2.38690467041,2.9000000362,1.26000014671
18,595,386.312945995,1,2.3869047619,2.06,0,0.266566052502,1.92904494589,0.445886682751,0.766657478733,4.44502640339,0.785301001789,2.38690467557,2.90000003758,1.26000014673
18,596,387.305009487,1,2.3569047619,2.06,0,0.266014246788,1.9290452042,0.445886277744,0.766657625959,4.44557820065,0.785301003816,2.35714276564,2.9000000362,1.26000014671
18,597,387.355009487,1,2.35714285714,2.06,0,0.266566052502,1.92904494589,0.445886682744,0.766657478737,4.44502640339,0.785301001789,2.35714277081,2.90000003758,1.26000014673
18,598,388.347072979,1,2.32714285714,2.06,0,0.266014246787,1.9290452042,0.445886277737,0.766657625964,4.44557820065,0.785301003816,2.32738086088,2.9000000362,1.26000014671
18,599,388.397072979,1,2.32738095238,2.06,0,0.266566052502,1.92904494589,0.445886682751,0.766657478733,4.44502640339,0.785301001789,2.32738086605,2.90000003758,1.26000014673
18,600,389.389136471,1,2.29738095238,2.06,0,0.266014246787,1.9290452042,0.445886277737,0.766657625964,4.44557820065,0.785301003816,2.29761895612,2.9000000362,1.26000014671
18,601,389.439136471,1,2.29761904762,2.06,0,0.266566052502,1.92904494589,0.445886682744,0.766657478737,4.44502640339,0.785301001789,2.29761896129,2.90000003758,1.26000014673
18,602,390.431199963,1,2.26761904762,2.06,0,0.266014246787,1.9290452042,0.445886277737,0.766657625964,4.44557820065,0.785301003816,2.26785705136,2.9000000362,1.26000014671
18,603,390.481199963,1,2.26785714286,2.06,0,0.266566052502,1.92904494589,0.445886682744,0.766657478737,4.44502640339,0.785301001789,2.26785705652,2.90000003758,1.26000014673
18,604,391.473263456,1,2.23785714286,2.06,0,0.266014246788,1.9290452042,0.445886277744,0.766657625959,4.44557820065,0.785301003816,2.2380951466,2.9000000362,1.26000014671
18,605,391.523263456,1,2.2380952381,2.06,0,0.266566052502,1.92904494589,0.445886682751,0.766657478733,4.44502640339,0.785301001789,2.23809515176,2.90000003758,1.26000014673
18,606,392.515326948,1,2.2080952381,2.06,0,0.266014246788,1.9290452042,0.445886277744,0.766657625959,4.44557820065,0.785301003816,2.20833324183,2.9000000362,1.26000014671
18,607,392.565326948,1,2.20833333333,2.06,0,0.266566052502,1.92904494589,0.445886682751,0.766657478733,4.44502640339,0.785301001789,2.208333247,2.90000003758,1.26000014673
18,608,393.55739044,1,2.17833333333,2.06,0,0.266014246788,1.9290452042,0.445886277744,0.766657625959,4.44557820065,0.785301003816,2.17857133707,2.9000000362,1.26000014671
18,609,393.60739044,1,2.17857142857,2.06,0,0.266566052502,1.92904494589,0.445886682751,0.766657478733,4.44502640339,0.785301001789,2.17857134224,2.90000003758,1.26000014673
18,610,394.599453932,1,2.14857142857,2.06,0,0.266014246787,1.9290452042,0.445886277737,0.766657625964,4.44557820065,0.785301003816,2.14880943231,2.9000000362,1.26000014671
18,611,394.649453932,1,2.14880952381,2.06,0,0.266566052502,1.92904494589,0.445886682751,0.766657478733,4.44502640339,0.785301001789,2.14880943748,2.90000003758,1.26000014673
18,612,395.641517424,1,2.11880952381,2.06,0,0.266014246788,1.9290452042,0.445886277744,0.766657625959,4.44557820065,0.785301003816,2.11904752755,2.9000000362,1.26000014671
18,613,395.691517424,1,2.11904761905,2.06,0,0.266566052502,1.92904494589,0.445886682744,0.766657478737,4.44502640339,0.785301001789,2.11904753271,2.90000003758,1.26000014673
18,614,396.683580916,1,2.08904761905,2.06,0,0.266014246788,1.9290452042,0.445886277744,0.766657625959,4.44557820065,0.785301003816,2.08928562279,2.9000000362,1.26000014671
18,615,396.733580916,1,2.08928571429,2.06,0,0.266566052502,1.92904494589,0.445886682744,0.766657478737,4.44502640339,0.785301001789,2.08928562795,2.90000003758,1.26000014673
18,616,397.725644408,1,2.05928571429,2.06,0,0.266014246788,1.9290452042,0.445886277744,0.766657625959,4.44557820065,0.785301003816,2.05952371803,2.9000000362,1.26000014671
18,617,397.775644408,1,2.05952380952,2.06,0,0.266566052502,1.92904494589,0.445886682744,0.766657478737,4.44502640339,0.785301001789,2.05952372319,2.90000003758,1.26000014673
18,618,398.7677079,1,2.02952380952,2.06,0,0.266014246787,1.9290452042,0.445886277737,0.766657625964,4.44557820065,0.785301003816,2.02976181326,2.9000000362,1.26000014671
18,619,398.8177079,1,2.02976190476,2.06,0,0.266566052502,1.92904494589,0.445886682751,0.766657478733,4.44502640339,0.785301001789,2.02976181843,2.90000003758,1.26000014673
18,620,399.809771392,1,1.99976190476,2.06,0,0.266014246787,1.9290452042,0.445886277737,0.766657625964,4.44557820065,0.785301003816,1.9999999085,2.9000000362,1.26000014671
18,621,399.859771392,1,2,2.06,0,0.266566052502,1.92904494589,0.445886682751,0.766657478733,4.44502640339,0.785301001789,1.99999991367,2.90000003758,1.26000014673
18,622,400.851834884,1,1.97,2.06,0,0.266014246787,1.9290452042,0.445886277737,0.766657625964,4.44557820065,0.785301003816,1.97023800374,2.9000000362,1.26000014671
18,623,400.901834884,1,1.97023809524,2.06,0,0.266566052502,1.92904494589,0.445886682751,0.766657478733,4.44502640339,0.785301001789,1.9702380089,2.90000003758,1.26000014673
18,624,401.893898376,1,1.94023809524,2.06,0,0.266014246788,1.9290452042,0.445886277744,0.766657625959,4.44557820065,0.785301003816,1.94047609898,2.9000000362,1.26000014671
18,625,401.943898376,1,1.94047619048,2.06,0,0.266566052502,1.92904494589,0.445886682751,0.766657478733,4.44502640339,0.785301001789,1.94047610414,2.90000003758,1.26000014673
18,626,402.935961868,1,1.91047619048,2.06,0,0.266014246788,1.9290452042,0.445886277744,0.766657625959,4.44557820065,0.785301003816,1.91071419422,2.9000000362,1.26000014671
18,627,402.985961868,1,1.91071428571,2.06,0,0.266566052502,1.92904494589,0.445886682744,0.766657478737,4.44502640339,0.785301001789,1.91071419938,2.90000003758,1.26000014673
18,628,403.97802536,1,1.88071428571,2.06,0,0.266014246788,1.9290452042,0.445886277744,0.766657625959,4.44557820065,0.785301003816,1.88095228945,2.9000000362,1.26000014671
18,629,404.02802536,1,1.88095238095,2.06,0,0.266566052502,1.92904494589,0.445886682744,0.766657478737,4.44502640339,0.785301001789,1.88095229462,2.90000003758,1.26000014673
18,630,405.020088852,1,1.85095238095,2.06,0,0.266014246788,1.9290452042,0.445886277744,0.766657625959,4.44557820065,0.785301003816,1.85119038469,2.9000000362,1.26000014671
18,631,405.070088852,1,1.85119047619,2.06,0,0.266566052502,1.92904494589,0.445886682751,0.766657478733,4.44502640339,0.785301001789,1.85119038986,2.90000003758,1.26000014673
18,632,406.062152344,1,1.82119047619,2.06,0,0.266014246787,1.9290452042,0.445886277737,0.766657625964,4.44557820065,0.785301003816,1.82142847993,2.9000000362,1.26000014671
18,633,406.112152344,1,1.82142857143,2.06,0,0.266566052502,1.92904494589,0.445886682744,0.766657478737,4.44502640339,0.785301001789,1.8214284851,2.90000003758,1.26000014673
18,634,407.104215836,1,1.79142857143,2.06,0,0.266014246788,1.9290452042,0.445886277744,0.766657625959,4.44557820065,0.785301003816,1.79166657517,2.9000000362,1.26000014671
18,635,407.154215836,1,1.79166666667,2.06,0,0.266566052502,1.92904494589,0.445886682751,0.766657478733,4.44502640339,0.785301001789,1.79166658033,2.90000003758,1.26000014673
18,636,408.146279329,1,1.76166666667,2.06,0,0.266014246787,1.9290452042,0.445886277737,0.766657625964,4.44557820065,0.785301003816,1.76190467041,2.9000000362,1.26000014671
18,637,408.196279329,1,1.7619047619,2.06,0,0.266566052502,1.92904494589,0.445886682744,0.766657478737,4.44502640339,0.785301001789,1.76190467557,2.90000003758,1.26000014673
18,638,409.188342821,1,1.7319047619,2.06,0,0.266014246788,1.9290452042,0.445886277744,0.766657625959,4.44557820065,0.785301003816,1.73214276564,2.9000000362,1.26000014671
18,639,409.238342821,1,1.73214285714,2.06,0,0.266566052502,1.92904494589,0.445886682751,0.766657478733,4.44502640339,0.785301001789,1.73214277081,2.90000003758,1.26000014673
18,640,410.230406313,1,1.70214285714,2.06,0,0.266014246788,1.9290452042,0.445886277744,0.766657625959,4.44557820065,0.785301003816,1.70238086088,2.9000000362,1.26000014671
18,641,410.280406313,1,1.70238095238,2.06,0,0.266566052502,1.92904494589,0.445886682744,0.766657478737,4.44502640339,0.785301001789,1.70238086605,2.90000003758,1.26000014673
18,642,411.272469805,1,1.67238095238,2.06,0,0.266014246787,1.9290452042,0.445886277737,0.766657625964,4.44557820065,0.785301003816,1.67261895612,2.9000000362,1.26000014671
18,643,411.322469805,1,1.67261904762,2.06,0,0.266566052502,1.92904494589,0.445886682744,0.766657478737,4.44502640339,0.785301001789,1.67261896129,2.90000003758,1.26000014673
18,644,412.314533297,1,1.64261904762,2.06,0,0.266014246788,1.9290452042,0.445886277744,0.766657625959,4.44557820065,0.785301003816,1.64285705136,2.9000000362,1.26000014671
18,645,412.364533297,1,1.64285714286,2.06,0,0.266566052502,1.92904494589,0.445886682751,0.766657478733,4.44502640339,0.785301001789,1.64285705652,2.90000003758,1.26000014673
18,646,413.356596789,1,1.61285714286,2.06,0,0.266014246787,1.9290452042,0.445886277737,0.766657625964,4.44557820065,0.785301003816,1.6130951466,2.9000000362,1.26000014671
18,647,413.406596789,1,1.6130952381,2.06,0,0.266566052502,1.92904494589,0.445886682744,0.766657478737,4.44502640339,0.785301001789,1.61309515176,2.90000003758,1.26000014673
18,648,414.398660281,1,1.5830952381,2.06,0,0.266014246788,1.9290452042,0.445886277744,0.766657625959,4.44557820065,0.785301003816,1.58333324183,2.9000000362,1.26000014671
18,649,414.448660281,1,1.58333333333,2.06,0,0.266566052502,1.92904494589,0.445886682751,0.766657478733,4.44502640339,0.785301001789,1.583333247,2.90000003758,1.26000014673
18,650,415.440723773,1,1.55333333333,2.06,0,0.266014246787,1.9290452042,0.445886277737,0.766657625964,4.44557820065,0.785301003816,1.55357133707,2.9000000362,1.26000014671
18,651,415.490723773,1,1.55357142857,2.06,0,0.266566052502,1.92904494589,0.445886682751,0.766657478733,4.44502640339,0.785301001789,1.55357134224,2.90000003758,1.26000014673
18,652,416.482787265,1,1.52357142857,2.06,0,0.266014246787,1.9290452042,0.445886277737,0.766657625964,4.44557820065,0.785301003816,1.52380943231,2.9000000362,1.26000014671
18,653,416.532787265,1,1.52380952381,2.06,0,0.266566052502,1.92904494589,0.445886682744,0.766657478737,4.44502640339,0.785301001789,1.52380943748,2.90000003758,1.26000014673
18,654,417.524850757,1,1.49380952381,2.06,0,0.266014246788,1.9290452042,0.445886277744,0.766657625959,4.44557820065,0.785301003816,1.49404752755,2.9000000362,1.26000014671
18,655,417.574850757,1,1.49404761905,2.06,0,0.266566052502,1.92904494589,0.445886682751,0.766657478733,4.44502640339,0.785301001789,1.49404753271,2.90000003758,1.26000014673
18,656,418.566914249,1,1.46404761905,2.06,0,0.266014246788,1.9290452042,0.445886277744,0.766657625959,4.44557820065,0.785301003816,1.46428562279,2.9000000362,1.26000014671
18,657,418.616914249,1,1.46428571429,2.06,0,0.266566052502,1.92904494589,0.445886682751,0.766657478733,4.44502640339,0.785301001789,1.46428562795,2.90000003758,1.26000014673
18,658,419.608977741,1,1.43428571429,2.06,0,0.266014246788,1.9290452042,0.445886277744,0.766657625959,4.44557820065,0.785301003816,1.43452371803,2.9000000362,1.26000014671
18,659,419.658977741,1,1.43452380952,2.06,0,0.266566052502,1.92904494589,0.445886682744,0.766657478737,4.44502640339,0.785301001789,1.43452372319,2.90000003758,1.26000014673
18,660,420.651041233,1,1.40452380952,2.06,0,0.266014246788,1.9290452042,0.445886277744,0.766657625959,4.44557820065,0.785301003816,1.40476181326,2.9000000362,1.26000014671
18,661,420.701041233,1,1.40476190476,2.06,0,0.266566052502,1.92904494589,0.445886682751,0.766657478733,4.44502640339,0.785301001789,1.40476181843,2.90000003758,1.26000014673
18,662,421.693104725,1,1.37476190476,2.06,0,0.266014246788,1.9290452042,0.445886277744,0.766657625959,4.44557820065,0.785301003816,1.3749999085,2.9000000362,1.26000014671
18,663,421.743104725,1,1.375,2.06,0,0.266566052502,1.92904494589,0.445886682744,0.766657478737,4.44502640339,0.785301001789,1.37499991367,2.90000003758,1.26000014673
18,664,422.735168217,1,1.345,2.06,0,0.266014246788,1.9290452042,0.445886277744,0.766657625959,4.44557820065,0.785301003816,1.34523800374,2.9000000362,1.26000014671
18,665,422.785168217,1,1.34523809524,2.06,0,0.266566052502,1.92904494589,0.445886682751,0.766657478733,4.44502640339,0.785301001789,1.3452380089,2.90000003758,1.26000014673
18,666,423.777231709,1,1.31523809524,2.06,0,0.266014246787,1.9290452042,0.445886277737,0.766657625964,4.44557820065,0.785301003816,1.31547609898,2.9000000362,1.26000014671
18,667,423.827231709,1,1.31547619048,2.06,0,0.266566052502,1.92904494589,0.445886682751,0.766657478733,4.44502640339,0.785301001789,1.31547610414,2.90000003758,1.26000014673
18,668,424.819295202,1,1.28547619048,2.06,0,0.266014246787,1.9290452042,0.445886277737,0.766657625964,4.44557820065,0.785301003816,1.28571419422,2.9000000362,1.26000014671
18,669,424.869295202,1,1.28571428571,2.06,0,0.266566052502,1.92904494589,0.445886682751,0.766657478733,4.44502640339,0.785301001789,1.28571419938,2.90000003758,1.26000014673
18,670,425.861358694,1,1.25571428571,2.06,0,0.266014246787,1.9290452042,0.445886277737,0.766657625964,4.44557820065,0.785301003816,1.25595228945,2.9000000362,1.26000014671
18,671,425.911358694,1,1.25595238095,2.06,0,0.266566052502,1.92904494589,0.445886682751,0.766657478733,4.44502640339,0.785301001789,1.25595229462,2.90000003758,1.26000014673
18,672,426.903422186,1,1.22595238095,2.06,0,0.266014246787,1.9290452042,0.445886277737,0.766657625964,4.44557820065,0.785301003816,1.22619038469,2.9000000362,1.26000014671
18,673,426.953422186,1,1.22619047619,2.06,0,0.266566052502,1.92904494589,0.445886682744,0.766657478737,4.44502640339,0.785301001789,1.22619038986,2.90000003758,1.26000014673
18,674,427.945485678,1,1.19619047619,2.06,0,0.266014246788,1.9290452042,0.445886277744,0.766657625959,4.44557820065,0.785301003816,1.19642847993,2.9000000362,1.26000014671
18,675,427.995485678,1,1.19642857143,2.06,0,0.266566052502,1.92904494589,0.445886682744,0.766657478737,4.44502640339,0.785301001789,1.1964284851,2.90000003758,1.26000014673
18,676,428.98754917,1,1.16642857143,2.06,0,0.266014246787,1.9290452042,0.445886277737,0.766657625964,4.44557820065,0.785301003816,1.16666657517,2.9000000362,1.26000014671
18,677,429.03754917,1,1.16666666667,2.06,0,0.266566052502,1.92904494589,0.445886682751,0.766657478733,4.44502640339,0.785301001789,1.16666658033,2.90000003758,1.26000014673
18,678,430.029612662,1,1.13666666667,2.06,0,0.266014246788,1.9290452042,0.445886277744,0.766657625959,4.44557820065,0.785301003816,1.13690467041,2.9000000362,1.26000014671
18,679,430.079612662,1,1.1369047619,2.06,0,0.266566052502,1.92904494589,0.445886682744,0.766657478737,4.44502640339,0.785301001789,1.13690467557,2.90000003758,1.26000014673
18,680,431.071676154,1,1.1069047619,2.06,0,0.266014246788,1.9290452042,0.445886277744,0.766657625959,4.44557820065,0.785301003816,1.10714276564,2.9000000362,1.26000014671
18,681,431.121676154,1,1.10714285714,2.06,0,0.266566052502,1.92904494589,0.445886682751,0.766657478733,4.44502640339,0.785301001789,1.10714277081,2.90000003758,1.26000014673
18,682,432.113739646,1,1.07714285714,2.06,0,0.266014246788,1.9290452042,0.445886277744,0.766657625959,4.44557820065,0.785301003816,1.07738086088,2.9000000362,1.26000014671
18,683,432.163739646,1,1.07738095238,2.06,0,0.266566052502,1.92904494589,0.445886682751,0.766657478733,4.44502640339,0.785301001789,1.07738086605,2.90000003758,1.26000014673
18,684,433.155803138,1,1.04738095238,2.06,0,0.266014246787,1.9290452042,0.445886277737,0.766657625964,4.44557820065,0.785301003816,1.04761895612,2.9000000362,1.26000014671
18,685,433.205803138,1,1.04761904762,2.06,0,0.266566052502,1.92904494589,0.445886682744,0.766657478737,4.44502640339,0.785301001789,1.04761896129,2.90000003758,1.26000014673
18,686,434.19786663,1,1.01761904762,2.06,0,0.266014246788,1.9290452042,0.445886277744,0.766657625959,4.44557820065,0.785301003816,1.01785705136,2.9000000362,1.26000014671
18,687,434.24786663,1,1.01785714286,2.06,0,0.266566052502,1.92904494589,0.445886682744,0.766657478737,4.44502640339,0.785301001789,1.01785705652,2.90000003758,1.26000014673
18,688,435.239930122,1,0.987857142857,2.06,0,0.266014246788,1.9290452042,0.445886277744,0.766657625959,4.44557820065,0.785301003816,0.988095146596,2.9000000362,1.26000014671
18,689,435.289930122,1,0.988095238095,2.06,0,0.266566052502,1.92904494589,0.445886682744,0.766657478737,4.44502640339,0.785301001789,0.988095151762,2.90000003758,1.26000014673
18,690,436.281993614,1,0.958095238095,2.06,0,0.266014246788,1.9290452042,0.445886277744,0.766657625959,4.44557820065,0.785301003816,0.958333241835,2.9000000362,1.26000014671
18,691,436.331993614,1,0.958333333333,2.06,0,0.266566052502,1.92904494589,0.445886682751,0.766657478733,4.44502640339,0.785301001789,0.958333247,2.90000003758,1.26000014673
18,692,437.324057106,1,0.928333333333,2.06,0,0.266014246787,1.9290452042,0.445886277737,0.766657625964,4.44557820065,0.785301003816,0.928571337073,2.9000000362,1.26000014671
18,693,437.374057106,1,0.928571428571,2.06,0,0.266566052502,1.92904494589,0.445886682751,0.766657478733,4.44502640339,0.785301001789,0.928571342238,2.90000003758,1.26000014673
18,694,438.366120598,1,0.898571428571,2.06,0,0.266014246787,1.9290452042,0.445886277737,0.766657625964,4.44557820065,0.785301003816,0.898809432311,2.9000000362,1.26000014671
18,695,438.416120598,1,0.89880952381,2.06,0,0.266566052502,1.92904494589,0.445886682744,0.766657478737,4.44502640339,0.785301001789,0.898809437476,2.90000003758,1.26000014673
18,696,439.40818409,1,0.86880952381,2.06,0,0.266014246787,1.9290452042,0.445886277737,0.766657625964,4.44557820065,0.785301003816,0.869047527549,2.9000000362,1.26000014671
18,697,439.45818409,1,0.869047619048,2.06,0,0.266566052502,1.92904494589,0.445886682751,0.766657478733,4.44502640339,0.785301001789,0.869047532714,2.90000003758,1.26000014673
18,698,440.450247582,1,0.839047619048,2.06,0,0.266014246788,1.9290452042,0.445886277744,0.766657625959,4.44557820065,0.785301003816,0.839285622787,2.9000000362,1.26000014671
18,699,440.500247582,1,0.839285714286,2.06,0,0.266566052502,1.92904494589,0.445886682751,0.766657478733,4.44502640339,0.785301001789,0.839285627952,2.90000003758,1.26000014673
18,700,441.492311075,1,0.809285714286,2.06,0,0.266014246787,1.9290452042,0.445886277737,0.766657625964,4.44557820065,0.785301003816,0.809523718025,2.9000000362,1.26000014671
18,701,441.542311075,1,0.809523809524,2.06,0,0.266566052502,1.92904494589,0.445886682744,0.766657478737,4.44502640339,0.785301001789,0.80952372319,2.90000003758,1.26000014673
18,702,442.534374567,1,0.779523809524,2.06,0,0.266014246788,1.9290452042,0.445886277744,0.766657625959,4.44557820065,0.785301003816,0.779761813263,2.9000000362,1.26000014671
18,703,442.584374567,1,0.779761904762,2.06,0,0.266566052502,1.92904494589,0.445886682751,0.766657478733,4.44502640339,0.785301001789,0.779761818428,2.90000003758,1.26000014673
18,704,443.576438059,1,0.749761904762,2.06,0,0.266014246787,1.9290452042,0.445886277737,0.766657625964,4.44557820065,0.785301003816,0.749999908501,2.9000000362,1.26000014671
18,705,443.626438059,1,0.75,2.06,0,0.266566052502,1.92904494589,0.445886682751,0.766657478733,4.44502640339,0.785301001789,0.749999913666,2.90000003758,1.26000014673
29,0,0,0,0.83,2.06,0,3.02984287347,0.995390416329,-2.38405873156,4.53026389815,1.68174950393,0.785302263012,0.749999804277,2.78000066375,0.600000367953
29,1,0.5,0,0.83,2.06,0,3.02984287347,0.995390416329,-2.38405873156,4.53026389815,1.68174950393,0.785302263012,0.749999804277,2.78000066375,0.600000367953
29,2,3.5,0,0.83,2.06,0,3.03987288385,0.974026778697,-2.29791112623,4.4654805514,1.67171990515,0.785302296358,0.750000139428,2.80999981487,0.600000068394
29,3,6.5,0,0.83,2.06,0,3.04822181143,0.948684554926,-2.21082642378,4.40373803841,1.66337095432,0.785302263684,0.750000121648,2.83999980467,0.600000080451
29,4,9.5,0,0.83,2.06,0,3.05528222046,0.920049900378,-2.12238696596,4.34393321336,1.65631052907,0.785302237098,0.750000109505,2.8699997891,0.600000086283
29,5,39.5,1,0.83,2.06,0,3.06133338918,0.888536628821,-2.03217833476,4.28523783934,1.65025934894,0.785302214886,0.750000101187,2.89999976883,0.600000088502
29,6,41.7518631191,1,0.8,2.06,0,2.94874023322,0.895333879721,-2.05116042878,4.29742255215,1.76285151261,0.785302577997,0.767771980627,2.90000039954,0.600000167562
29,7,43.7090471869,1,0.77,2.06,0,2.85088117614,0.896528252728,-2.05452026409,4.29958811409,1.860710716,0.785302924663,0.779761476172,2.90000035555,0.600000157542
29,8,44.1599868385,1,0.779761904762,2.06,0,2.87342815871,0.89664903829,-2.05486047498,4.29980752353,1.83816464658,0.785302845705,0.779762032245,2.90000017674,0.600000155508
29,9,45.1520503305,1,0.809761904762,2.06,0,2.87398039978,0.896648936428,-2.05486019122,4.29980734171,1.83761223734,0.785302843893,0.809523834048,2.90000020328,0.600000155273
29,10,45.2020503305,1,0.809523809524,2.06,0,2.87342859394,0.896649006606,-2.0548603888,4.29980746959,1.83816403482,0.785302845848,0.809523828972,2.90000020469,0.600000155273
29,11,46.1941138226,1,0.839523809524,2.06,0,2.87398039979,0.896648936427,-2.05486019122,4.2998073417,1.83761223733,0.785302843893,0.839285738807,2.90000020329,0.600000155273
29,12,46.2441138226,1,0.839285714286,2.06,0,2.87342859394,0.896649006606,-2.0548603888,4.29980746959,1.83816403482,0.785302845848,0.839285733734,2.90000020469,0.600000155273
29,13,47.2361773147,1,0.869285714286,2.06,0,2.87398039979,0.896648936427,-2.05486019122,4.2998073417,1.83761223733,0.785302843893,0.869047643569,2.90000020329,0.600000155273
29,14,47.2861773147,1,0.869047619048,2.06,0,2.87342859394,0.896649006606,-2.0548603888,4.29980746959,1.83816403482,0.785302845848,0.869047638496,2.90000020469,0.600000155273
29,15,48.2782408067,1,0.899047619048,2.06,0,2.87398039979,0.896648936427,-2.05486019122,4.2998073417,1.83761223733,0.785302843893,0.898809548331,2.90000020329,0.600000155273
29,16,48.3282408067,1,0.89880952381,2.06,0,2.87342859394,0.896649006606,-2.0548603888,4.29980746959,1.83816403482,0.785302845848,0.898809543258,2.90000020469,0.600000155273
29,17,49.3203042988,1,0.92880952381,2.06,0,2.87398039979,0.896648936427,-2.05486019122,4.2998073417,1.83761223733,0.785302843893,0.928571453093,2.90000020329,0.600000155273
29,18,49.3703042988,1,0.928571428571,2.06,0,2.87342859394,0.896649006606,-2.0548603888,4.29980746959,1.83816403482,0.785302845848,0.92857144802,2.90000020469,0.600000155273
29,19,50.3623677908,1,0.958571428571,2.06,0,2.87398039979,0.896648936427,-2.05486019122,4.2998073417,1.83761223733,0.785302843893,0.958333357855,2.90000020329,0.600000155273
29,20,50.4123677908,1,0.958333333333,2.06,0,2.87342859394,0.896649006606,-2.0548603888,4.29980746959,1.83816403482,0.785302845848,0.958333352782,2.90000020469,0.600000155273
29,21,51.4044312829,1,0.988333333333,2.06,0,2.87398039979,0.896648936427,-2.05486019122,4.2998073417,1.83761223733,0.785302843893,0.988095262617,2.90000020329,0.600000155273
29,22,51.4544312829,1,0.988095238095,2.06,0,2.87342859394,0.896649006606,-2.0548603888,4.29980746959,1.83816403482,0.785302845848,0.988095257544,2.90000020469,0.600000155273
29,23,52.446494775,1,1.0180952381,2.06,0,2.87398039979,0.896648936427,-2.05486019122,4.2998073417,1.83761223733,0.785302843893,1.01785716738,2.90000020329,0.600000155273
29,24,52.496494775,1,1.01785714286,2.06,0,2.87342859394,0.896649006606,-2.0548603888,4.29980746959,1.83816403482,0.785302845848,1.01785716231,2.90000020469,0.600000155273
29,25,53.488558267,1,1.04785714286,2.06,0,2.87398039979,0.896648936427,-2.05486019122,4.2998073417,1.83761223733,0.785302843893,1.04761907214,2.90000020329,0.600000155273
29,26,53.538558267,1,1.04761904762,2.06,0,2.87342859394,0.896649006606,-2.0548603888,4.29980746959,1.83816403482,0.785302845848,1.04761906707,2.90000020469,0.600000155273
29,27,54.5306217591,1,1.07761904762,2.06,0,2.87398039979,0.896648936427,-2.05486019122,4.2998073417,1.83761223733,0.785302843893,1.0773809769,2.90000020329,0.600000155273
29,28,54.5806217591,1,1.07738095238,2.06,0,2.87342859394,0.896649006606,-2.0548603888,4.29980746959,1.83816403482,0.785302845848,1.07738097183,2.90000020469,0.600000155273
29,29,55.5726852512,1,1.10738095238,2.06,0,2.87398039979,0.896648936427,-2.05486019122,4.2998073417,1.83761223733,0.785302843893,1.10714288166,2.90000020329,0.600000155273
29,30,55.6226852512,1,1.10714285714,2.06,0,2.87342859394,0.896649006606,-2.0548603888,4.29980746959,1.83816403482,0.785302845848,1.10714287659,2.90000020469,0.600000155273
29,31,56.6147487432,1,1.13714285714,2.06,0,2.87398039979,0.896648936427,-2.05486019122,4.2998073417,1.83761223733,0.785302843893,1.13690478643,2.90000020329,0.600000155273
29,32,56.6647487432,1,1.1369047619,2.06,0,2.87342859394,0.896649006606,-2.0548603888,4.29980746959,1.83816403482,0.785302845848,1.13690478135,2.90000020469,0.600000155273
29,33,57.6568122353,1,1.1669047619,2.06,0,2.87398039979,0.896648936427,-2.05486019122,4.2998073417,1.83761223733,0.785302843893,1.16666669119,2.90000020329,0.600000155273
29,34,57.7068122353,1,1.16666666667,2.06,0,2.87342859394,0.896649006606,-2.0548603888,4.29980746959,1.83816403482,0.785302845848,1.16666668612,2.90000020469,0.600000155273
29,35,58.6988757274,1,1.19666666667,2.06,0,2.87398039979,0.896648936427,-2.05486019122,4.2998073417,1.83761223733,0.785302843893,1.19642859595,2.90000020329,0.600000155273
29,36,58.7488757274,1,1.19642857143,2.06,0,2.87342859394,0.896649006606,-2.0548603888,4.29980746959,1.83816403482,0.785302845848,1.19642859088,2.90000020469,0.600000155273
29,37,59.7409392194,1,1.22642857143,2.06,0,2.87398039979,0.896648936427,-2.05486019122,4.2998073417,1.83761223733,0.785302843893,1.22619050071,2.90000020329,0.600000155273
29,38,59.7909392194,1,1.22619047619,2.06,0,2.87342859394,0.896649006606,-2.0548603888,4.29980746959,1.83816403482,0.785302845848,1.22619049564,2.90000020469,0.600000155273
29,39,60.7830027115,1,1.25619047619,2.06,0,2.87398039979,0.896648936427,-2.05486019122,4.2998073417,1.83761223733,0.785302843893,1.25595240547,2.90000020329,0.600000155273
29,40,60.8330027115,1,1.25595238095,2.06,0,2.87342859394,0.896649006606,-2.0548603888,4.29980746959,1.83816403482,0.785302845848,1.2559524004,2.90000020469,0.600000155273
29,41,61.8250662035,1,1.28595238095,2.06,0,2.87398039979,0.896648936427,-2.05486019122,4.2998073417,1.83761223733,0.785302843893,1.28571431024,2.90000020329,0.600000155273
29,42,61.8750662035,1,1.28571428571,2.06,0,2.87342859394,0.896649006606,-2.0548603888,4.29980746959,1.83816403482,0.785302845848,1.28571430516,2.90000020469,0.600000155273
29,43,62.8671296956,1,1.31571428571,2.06,0,2.87398039979,0.896648936427,-2.05486019122,4.2998073417,1.83761223733,0.785302843893,1.315476215,2.90000020329,0.600000155273
29,44,62.9171296956,1,1.31547619048,2.06,0,2.87342859394,0.896649006606,-2.0548603888,4.29980746959,1.83816403482,0.785302845848,1.31547620992,2.90000020469,0.600000155273
29,45,63.9091931877,1,1.34547619048,2.06,0,2.87398039979,0.896648936427,-2.05486019122,4.2998073417,1.83761223733,0.785302843893,1.34523811976,2.90000020329,0.600000155273
29,46,63.9591931877,1,1.34523809524,2.06,0,2.87342859394,0.896649006606,-2.0548603888,4.29980746959,1.83816403482,0.785302845848,1.34523811469,2.90000020469,0.600000155273
29,47,64.9512566797,1,1.37523809524,2.06,0,2.87398039979,0.896648936427,-2.05486019122,4.2998073417,1.83761223733,0.785302843893,1.37500002452,2.90000020329,0.600000155273
29,48,65.0012566797,1,1.375,2.06,0,2.87342859394,0.896649006606,-2.0548603888,4.29980746959,1.83816403482,0.785302845848,1.37500001945,2.90000020469,0.600000155273
29,49,65.9933201718,1,1.405,2.06,0,2.87398039979,0.896648936427,-2.05486019122,4.2998073417,1.83761223733,0.785302843893,1.40476192928,2.90000020329,0.600000155273
29,50,66.0433201718,1,1.40476190476,2.06,0,2.87342859394,0.896649006606,-2.0548603888,4.29980746959,1.83816403482,0.785302845848,1.40476192421,2.90000020469,0.600000155273
29,51,67.0353836639,1,1.43476190476,2.06,0,2.87398039979,0.896648936427,-2.05486019122,4.2998073417,1.83761223733,0.785302843893,1.43452383405,2.90000020329,0.600000155273
29,52,67.0853836639,1,1.43452380952,2.06,0,2.87342859394,0.896649006606,-2.0548603888,4.29980746959,1.83816403482,0.785302845848,1.43452382897,2.90000020469,0.600000155273
29,53,68.0774471559,1,1.46452380952,2.06,0,2.87398039979,0.896648936427,-2.05486019122,4.2998073417,1.83761223733,0.785302843893,1.46428573881,2.90000020329,0.600000155273
29,54,68.1274471559,1,1.46428571429,2.06,0,2.87342859394,0.896649006606,-2.0548603888,4.29980746959,1.83816403482,0.785302845848,1.46428573373,2.90000020469,0.600000155273
29,55,69.119510648,1,1.49428571429,2.06,0,2.87398039979,0.896648936427,-2.05486019122,4.2998073417,1.83761223733,0.785302843893,1.49404764357,2.90000020329,0.600000155273
29,56,69.169510648,1,1.49404761905,2.06,0,2.87342859394,0.896649006606,-2.0548603888,4.29980746959,1.83816403482,0.785302845848,1.4940476385,2.90000020469,0.600000155273
29,57,70.1615741401,1,1.52404761905,2.06,0,2.87398039979,0.896648936427,-2.05486019122,4.2998073417,1.83761223733,0.785302843893,1.52380954833,2.90000020329,0.600000155273
29,58,70.2115741401,1,1.52380952381,2.06,0,2.87342859394,0.896649006606,-2.0548603888,4.29980746959,1.83816403482,0.785302845848,1.52380954326,2.90000020469,0.600000155273
29,59,71.2036376321,1,1.55380952381,2.06,0,2.87398039979,0.896648936427,-2.05486019122,4.2998073417,1.83761223733,0.785302843893,1.55357145309,2.90000020329,0.600000155273
29,60,71.2536376321,1,1.55357142857,2.06,0,2.87342859394,0.896649006606,-2.0548603888,4.29980746959,1.83816403482,0.785302845848,1.55357144802,2.90000020469,0.600000155273
29,61,72.2457011242,1,1.58357142857,2.06,0,2.87398039979,0.896648936427,-2.05486019122,4.2998073417,1.83761223733,0.785302843893,1.58333335786,2.90000020329,0.600000155273
29,62,72.2957011242,1,1.58333333333,2.06,0,2.87342859394,0.896649006606,-2.0548603888,4.29980746959,1.83816403482,0.785302845848,1.58333335278,2.90000020469,0.600000155273
29,63,73.2877646162,1,1.61333333333,2.06,0,2.87398039979,0.896648936427,-2.05486019122,4.2998073417,1.83761223733,0.785302843893,1.61309526262,2.90000020329,0.600000155273
29,64,73.3377646162,1,1.6130952381,2.06,0,2.87342859394,0.896649006606,-2.0548603888,4.29980746959,1.83816403482,0.785302845848,1.61309525754,2.90000020469,0.600000155273
29,65,74.3298281083,1,1.6430952381,2.06,0,2.87398039979,0.896648936427,-2.05486019122,4.2998073417,1.83761223733,0.785302843893,1.64285716738,2.90000020329,0.600000155273
29,66,74.3798281083,1,1.64285714286,2.06,0,2.87342859394,0.896649006606,-2.0548603888,4.29980746959,1.83816403482,0.785302845848,1.64285716231,2.90000020469,0.600000155273
29,67,75.3718916004,1,1.67285714286,2.06,0,2.87398039979,0.896648936427,-2.05486019122,4.2998073417,1.83761223733,0.785302843893,1.67261907214,2.90000020329,0.600000155273
29,68,75.4218916004,1,1.67261904762,2.06,0,2.87342859394,0.896649006606,-2.0548603888,4.29980746959,1.83816403482,0.785302845848,1.67261906707,2.90000020469,0.600000155273
29,69,76.4139550924,1,1.70261904762,2.06,0,2.87398039979,0.896648936427,-2.05486019122,4.2998073417,1.83761223733,0.785302843893,1.7023809769,2.90000020329,0.600000155273
29,70,76.4639550924,1,1.70238095238,2.06,0,2.87342859394,0.896649006606,-2.0548603888,4.29980746959,1.83816403482,0.785302845848,1.70238097183,2.90000020469,0.600000155273
29,71,77.4560185845,1,1.73238095238,2.06,0,2.87398039979,0.896648936427,-2.05486019122,4.2998073417,1.83761223733,0.785302843893,1.73214288166,2.90000020329,0.600000155273
29,72,77.5060185845,1,1.73214285714,2.06,0,2.87342859394,0.896649006606,-2.0548603888,4.29980746959,1.83816403482,0.785302845848,1.73214287659,2.90000020469,0.600000155273
29,73,78.4980820766,1,1.76214285714,2.06,0,2.87398039979,0.896648936427,-2.05486019122,4.2998073417,1.83761223733,0.785302843893,1.76190478643,2.90000020329,0.600000155273
29,74,78.5480820766,1,1.7619047619,2.06,0,2.87342859394,0.896649006606,-2.0548603888,4.29980746959,1.83816403482,0.785302845848,1.76190478135,2.90000020469,0.600000155273
29,75,79.5401455686,1,1.7919047619,2.06,0,2.87398039979,0.896648936427,-2.05486019122,4.2998073417,1.83761223733,0.785302843893,1.79166669119,2.90000020329,0.600000155273
29,76,79.5901455686,1,1.79166666667,2.06,0,2.87342859394,0.896649006606,-2.0548603888,4.29980746959,1.83816403482,0.785302845848,1.79166668612,2.90000020469,0.600000155273
29,77,80.5822090607,1,1.82166666667,2.06,0,2.87398039979,0.896648936427,-2.05486019122,4.2998073417,1.83761223733,0.785302843893,1.82142859595,2.90000020329,0.600000155273
29,78,80.6322090607,1,1.82142857143,2.06,0,2.87342859394,0.896649006606,-2.0548603888,4.29980746959,1.83816403482,0.785302845848,1.82142859088,2.90000020469,0.600000155273
29,79,81.6242725528,1,1.85142857143,2.06,0,2.87398039979,0.896648936427,-2.05486019122,4.2998073417,1.83761223733,0.785302843893,1.85119050071,2.90000020329,0.600000155273
29,80,81.6742725528,1,1.85119047619,2.06,0,2.87342859394,0.896649006606,-2.0548603888,4.29980746959,1.83816403482,0.785302845848,1.85119049564,2.90000020469,0.600000155273
29,81,82.6663360448,1,1.88119047619,2.06,0,2.87398039979,0.896648936427,-2.05486019122,4.2998073417,1.83761223733,0.785302843893,1.88095240547,2.90000020329,0.600000155273
29,82,82.7163360448,1,1.88095238095,2.06,0,2.87342859394,0.896649006606,-2.0548603888,4.29980746959,1.83816403482,0.785302845848,1.8809524004,2.90000020469,0.600000155273
29,83,83.7083995369,1,1.91095238095,2.06,0,2.87398039979,0.896648936427,-2.05486019122,4.2998073417,1.83761223733,0.785302843893,1.91071431024,2.90000020329,0.600000155273
29,84,83.7583995369,1,1.91071428571,2.06,0,2.87342859394,0.896649006606,-2.0548603888,4.29980746959,1.83816403482,0.785302845848,1.91071430516,2.90000020469,0.600000155273
29,85,84.7504630289,1,1.94071428571,2.06,0,2.87398039979,0.896648936427,-2.05486019122,4.2998073417,1.83761223733,0.785302843893,1.940476215,2.90000020329,0.600000155273
29,86,84.8004630289,1,1.94047619048,2.06,0,2.87342859394,0.896649006606,-2.0548603888,4.29980746959,1.83816403482,0.785302845848,1.94047620992,2.90000020469,0.600000155273
29,87,85.792526521,1,1.97047619048,2.06,0,2.87398039979,0.896648936427,-2.05486019122,4.2998073417,1.83761223733,0.785302843893,1.97023811976,2.90000020329,0.600000155273
29,88,85.842526521,1,1.97023809524,2.06,0,2.87342859394,0.896649006606,-2.0548603888,4.29980746959,1.83816403482,0.785302845848,1.97023811469,2.90000020469,0.600000155273
29,89,86.8345900131,1,2.00023809524,2.06,0,2.87398039979,0.896648936427,-2.05486019122,4.2998073417,1.83761223733,0.785302843893,2.00000002452,2.90000020329,0.600000155273
29,90,86.8845900131,1,2,2.06,0,2.87342859394,0.896649006606,-2.0548603888,4.29980746959,1.83816403482,0.785302845848,2.00000001945,2.90000020469,0.600000155273
29,91,87.8766535051,1,2.03,2.06,0,2.87398039979,0.896648936427,-2.05486019122,4.2998073417,1.83761223733,0.785302843893,2.02976192928,2.90000020329,0.600000155273
29,92,87.9266535051,1,2.02976190476,2.06,0,2.87342859394,0.896649006606,-2.0548603888,4.29980746959,1.83816403482,0.785302845848,2.02976192421,2.90000020469,0.600000155273
29,93,88.9187169972,1,2.05976190476,2.06,0,2.87398039979,0.896648936427,-2.05486019122,4.2998073417,1.83761223733,0.785302843893,2.05952383405,2.90000020329,0.600000155273
29,94,88.9687169972,1,2.05952380952,2.06,0,2.87342859394,0.896649006606,-2.0548603888,4.29980746959,1.83816403482,0.785302845848,2.05952382897,2.90000020469,0.600000155273
29,95,89.9607804893,1,2.08952380952,2.06,0,2.87398039979,0.896648936427,-2.05486019122,4.2998073417,1.83761223733,0.785302843893,2.08928573881,2.90000020329,0.600000155273
29,96,90.0107804893,1,2.08928571429,2.06,0,2.87342859394,0.896649006606,-2.0548603888,4.29980746959,1.83816403482,0.785302845848,2.08928573373,2.90000020469,0.600000155273
29,97,91.0028439813,1,2.11928571429,2.06,0,2.87398039979,0.896648936427,-2.05486019122,4.2998073417,1.83761223733,0.785302843893,2.11904764357,2.90000020329,0.600000155273
29,98,91.0528439813,1,2.11904761905,2.06,0,2.87342859394,0.896649006606,-2.0548603888,4.29980746959,1.83816403482,0.785302845848,2.1190476385,2.90000020469,0.600000155273
29,99,92.0449074734,1,2.14904761905,2.06,0,2.87398039979,0.896648936427,-2.05486019122,4.2998073417,1.83761223733,0.785302843893,2.14880954833,2.90000020329,0.600000155273
29,100,92.0949074734,1,2.14880952381,2.06,0,2.87342859394,0.896649006606,-2.0548603888,4.29980746959,1.83816403482,0.785302845848,2.14880954326,2.90000020469,0.600000155273
29,101,93.0869709654,1,2.17880952381,2.06,0,2.87398039979,0.896648936427,-2.05486019122,4.2998073417,1.83761223733,0.785302843893,2.17857145309,2.90000020329,0.600000155273
29,102,93.1369709654,1,2.17857142857,2.06,0,2.87342859394,0.896649006606,-2.0548603888,4.29980746959,1.83816403482,0.785302845848,2.17857144802,2.90000020469,0.600000155273
29,103,94.1290344575,1,2.20857142857,2.06,0,2.87398039979,0.896648936427,-2.05486019122,4.2998073417,1.83761223733,0.785302843893,2.20833335785,2.90000020329,0.600000155273
29,104,94.1790344575,1,2.20833333333,2.06,0,2.87342859394,0.896649006606,-2.0548603888,4.29980746959,1.83816403482,0.785302845848,2.20833335278,2.90000020469,0.600000155273
29,105,95.1710979496,1,2.23833333333,2.06,0,2.87398039979,0.896648936427,-2.05486019122,4.2998073417,1.83761223733,0.785302843893,2.23809526262,2.90000020329,0.600000155273
29,106,95.2210979496,1,2.2380952381,2.06,0,2.87342859394,0.896649006606,-2.0548603888,4.29980746959,1.83816403482,0.785302845848,2.23809525754,2.90000020469,0.600000155273
29,107,96.2131614416,1,2.2680952381,2.06,0,2.87398039979,0.896648936427,-2.05486019122,4.2998073417,1.83761223733,0.785302843893,2.26785716738,2.90000020329,0.600000155273
29,108,96.2631614416,1,2.26785714286,2.06,0,2.87342859394,0.896649006606,-2.0548603888,4.29980746959,1.83816403482,0.785302845848,2.26785716231,2.90000020469,0.600000155273
29,109,97.2552249337,1,2.29785714286,2.06,0,2.87398039979,0.896648936427,-2.05486019122,4.2998073417,1.83761223733,0.785302843893,2.29761907214,2.90000020329,0.600000155273
29,110,97.3052249337,1,2.29761904762,2.06,0,2.87342859394,0.896649006606,-2.0548603888,4.29980746959,1.83816403482,0.785302845848,2.29761906707,2.90000020469,0.600000155273
29,111,98.2972884258,1,2.32761904762,2.06,0,2.87398039979,0.896648936427,-2.05486019122,4.2998073417,1.83761223733,0.785302843893,2.3273809769,2.90000020329,0.600000155273
29,112,98.3472884258,1,2.32738095238,2.06,0,2.87342859394,0.896649006606,-2.0548603888,4.29980746959,1.83816403482,0.785302845848,2.32738097183,2.90000020469,0.600000155273
29,113,99.3393519178,1,2.35738095238,2.06,0,2.87398039979,0.896648936427,-2.05486019122,4.2998073417,1.83761223733,0.785302843893,2.35714288166,2.90000020329,0.600000155273
29,114,99.3893519178,1,2.35714285714,2.06,0,2.87342859394,0.896649006606,-2.0548603888,4.29980746959,1.83816403482,0.785302845848,2.35714287659,2.90000020469,0.600000155273
29,115,100.38141541,1,2.38714285714,2.06,0,2.87398039979,0.896648936427,-2.05486019122,4.2998073417,1.83761223733,0.785302843893,2.38690478643,2.90000020329,0.600000155273
29,116,100.43141541,1,2.3869047619,2.06,0,2.87342859394,0.896649006606,-2.0548603888,4.29980746959,1.83816403482,0.785302845848,2.38690478135,2.90000020469,0.600000155273
29,117,101.423478902,1,2.4169047619,2.06,0,2.87398039979,0.896648936427,-2.05486019122,4.2998073417,1.83761223733,0.785302843893,2.41666669119,2.90000020329,0.600000155273
29,118,101.473478902,1,2.41666666667,2.06,0,2.87342859394,0.896649006606,-2.0548603888,4.29980746959,1.83816403482,0.785302845848,2.41666668612,2.90000020469,0.600000155273
29,119,102.465542394,1,2.44666666667,2.06,0,2.87398039979,0.896648936427,-2.05486019122,4.2998073417,1.83761223733,0.785302843893,2.44642859595,2.90000020329,0.600000155273
29,120,102.515542394,1,2.44642857143,2.06,0,2.87342859394,0.896649006606,-2.0548603888,4.29980746959,1.83816403482,0.785302845848,2.44642859088,2.90000020469,0.600000155273
29,121,103.507605886,1,2.47642857143,2.06,0,2.87398039979,0.896648936427,-2.05486019122,4.2998073417,1.83761223733,0.785302843893,2.47619050071,2.90000020329,0.600000155273
29,122,103.557605886,1,2.47619047619,2.06,0,2.87342859394,0.896649006606,-2.0548603888,4.29980746959,1.83816403482,0.785302845848,2.47619049564,2.90000020469,0.600000155273
29,123,104.549669378,1,2.50619047619,2.06,0,2.87398039979,0.896648936427,-2.05486019122,4.2998073417,1.83761223733,0.785302843893,2.50595240547,2.90000020329,0.600000155273
29,124,104.599669378,1,2.50595238095,2.06,0,2.87342859394,0.896649006606,-2.0548603888,4.29980746959,1.83816403482,0.785302845848,2.5059524004,2.90000020469,0.600000155273
29,125,105.59173287,1,2.53595238095,2.06,0,2.87398039979,0.896648936427,-2.05486019122,4.2998073417,1.83761223733,0.785302843893,2.53571431024,2.90000020329,0.600000155273
29,126,105.64173287,1,2.53571428571,2.06,0,2.87342859394,0.896649006606,-2.0548603888,4.29980746959,1.83816403482,0.785302845848,2.53571430516,2.90000020469,0.600000155273
29,127,106.633796362,1,2.56571428571,2.06,0,2.87398039979,0.896648936427,-2.05486019122,4.2998073417,1.83761223733,0.785302843893,2.565476215,2.90000020329,0.600000155273
29,128,106.683796362,1,2.56547619048,2.06,0,2.87342859394,0.896649006606,-2.0548603888,4.29980746959,1.83816403482,0.785302845848,2.56547620992,2.90000020469,0.600000155273
29,129,107.675859854,1,2.59547619048,2.06,0,2.87398039979,0.896648936427,-2.05486019122,4.2998073417,1.83761223733,0.785302843893,2.59523811976,2.90000020329,0.600000155273
29,130,107.725859854,1,2.59523809524,2.06,0,2.87342859394,0.896649006606,-2.0548603888,4.29980746959,1.83816403482,0.785302845848,2.59523811469,2.90000020469,0.600000155273
29,131,108.717923346,1,2.62523809524,2.06,0,2.87398039979,0.896648936427,-2.05486019122,4.2998073417,1.83761223733,0.785302843893,2.62500002452,2.90000020329,0.600000155273
29,132,108.767923346,1,2.625,2.06,0,2.87342859394,0.896649006606,-2.0548603888,4.29980746959,1.83816403482,0.785302845848,2.62500001945,2.90000020469,0.600000155273
29,133,109.759986838,1,2.655,2.06,0,2.87398039979,0.896648936427,-2.05486019122,4.2998073417,1.83761223733,0.785302843893,2.65476192928,2.90000020329,0.600000155273
29,134,109.809986838,1,2.65476190476,2.06,0,2.87342859394,0.896649006606,-2.0548603888,4.29980746959,1.83816403482,0.785302845848,2.65476192421,2.90000020469,0.600000155273
29,135,110.802050331,1,2.68476190476,2.06,0,2.87398039979,0.896648936427,-2.05486019122,4.2998073417,1.83761223733,0.785302843893,2.68452383405,2.90000020329,0.600000155273
29,136,110.852050331,1,2.68452380952,2.06,0,2.87342859394,0.896649006606,-2.0548603888,4.29980746959,1.83816403482,0.785302845848,2.68452382897,2.90000020469,0.600000155273
29,137,111.844113823,1,2.71452380952,2.06,0,2.87398039979,0.896648936427,-2.05486019122,4.2998073417,1.83761223733,0.785302843893,2.71428573881,2.90000020329,0.600000155273
29,138,111.894113823,1,2.71428571429,2.06,0,2.87342859394,0.896649006606,-2.0548603888,4.29980746959,1.83816403482,0.785302845848,2.71428573373,2.90000020469,0.600000155273
29,139,112.886177315,1,2.74428571429,2.06,0,2.87398039979,0.896648936427,-2.05486019122,4.2998073417,1.83761223733,0.785302843893,2.74404764357,2.90000020329,0.600000155273
29,140,112.936177315,1,2.74404761905,2.06,0,2.87342859394,0.896649006606,-2.0548603888,4.29980746959,1.83816403482,0.785302845848,2.7440476385,2.90000020469,0.600000155273
29,141,113.928240807,1,2.77404761905,2.06,0,2.87398039979,0.896648936427,-2.05486019122,4.2998073417,1.83761223733,0.785302843893,2.77380954833,2.90000020329,0.600000155273
29,142,113.978240807,1,2.77380952381,2.06,0,2.87342859394,0.896649006606,-2.0548603888,4.29980746959,1.83816403482,0.785302845848,2.77380954326,2.90000020469,0.600000155273
29,143,114.970304299,1,2.80380952381,2.06,0,2.87398039979,0.896648936427,-2.05486019122,4.2998073417,1.83761223733,0.785302843893,2.80357145309,2.90000020329,0.600000155273
29,144,115.020304299,1,2.80357142857,2.06,0,2.87342859394,0.896649006606,-2.0548603888,4.29980746959,1.83816403482,0.785302845848,2.80357144802,2.90000020469,0.600000155273
29,145,116.012367791,1,2.83357142857,2.06,0,2.87398039979,0.896648936427,-2.05486019122,4.2998073417,1.83761223733,0.785302843893,2.83333335785,2.90000020329,0.600000155273
29,146,116.062367791,1,2.83333333333,2.06,0,2.87342859394,0.896649006606,-2.0548603888,4.29980746959,1.83816403482,0.785302845848,2.83333335278,2.90000020469,0.600000155273
29,147,117.054431283,1,2.86333333333,2.06,0,2.87398039979,0.896648936427,-2.05486019122,4.2998073417,1.83761223733,0.785302843893,2.86309526262,2.90000020329,0.600000155273
29,148,117.104431283,1,2.8630952381,2.06,0,2.87342859394,0.896649006606,-2.0548603888,4.29980746959,1.83816403482,0.785302845848,2.86309525754,2.90000020469,0.600000155273
29,149,118.096494775,1,2.8930952381,2.06,0,2.87398039979,0.896648936427,-2.05486019122,4.2998073417,1.83761223733,0.785302843893,2.89285716738,2.90000020329,0.600000155273
29,150,118.146494775,1,2.89285714286,2.06,0,2.87342859394,0.896649006606,-2.0548603888,4.29980746959,1.83816403482,0.785302845848,2.89285716231,2.90000020469,0.600000155273
29,151,119.138558267,1,2.92285714286,2.06,0,2.87398039979,0.896648936427,-2.05486019122,4.2998073417,1.83761223733,0.785302843893,2.92261907214,2.90000020329,0.600000155273
29,152,119.188558267,1,2.92261904762,2.06,0,2.87342859394,0.896649006606,-2.0548603888,4.29980746959,1.83816403482,0.785302845848,2.92261906707,2.90000020469,0.600000155273
29,153,120.180621759,1,2.95261904762,2.06,0,2.87398039979,0.896648936427,-2.05486019122,4.2998073417,1.83761223733,0.785302843893,2.9523809769,2.90000020329,0.600000155273
29,154,120.230621759,1,2.95238095238,2.06,0,2.87342859394,0.896649006606,-2.0548603888,4.29980746959,1.83816403482,0.785302845848,2.95238097183,2.90000020469,0.600000155273
29,155,121.222685251,1,2.98238095238,2.06,0,2.87398039979,0.896648936427,-2.05486019122,4.2998073417,1.83761223733,0.785302843893,2.98214288166,2.90000020329,0.600000155273
29,156,121.272685251,1,2.98214285714,2.06,0,2.87342859394,0.896649006606,-2.0548603888,4.29980746959,1.83816403482,0.785302845848,2.98214287659,2.90000020469,0.600000155273
29,157,122.264748743,1,3.01214285714,2.06,0,2.87398039979,0.896648936427,-2.05486019122,4.2998073417,1.83761223733,0.785302843893,3.01190478643,2.90000020329,0.600000155273
29,158,122.314748743,1,3.0119047619,2.06,0,2.87342859394,0.896649006606,-2.0548603888,4.29980746959,1.83816403482,0.785302845848,3.01190478135,2.90000020469,0.600000155273
29,159,123.306812235,1,3.0419047619,2.06,0,2.87398039979,0.896648936427,-2.05486019122,4.2998073417,1.83761223733,0.785302843893,3.04166669119,2.90000020329,0.600000155273
29,160,123.356812235,1,3.04166666667,2.06,0,2.87342859394,0.896649006606,-2.0548603888,4.29980746959,1.83816403482,0.785302845848,3.04166668612,2.90000020469,0.600000155273
29,161,124.348875727,1,3.07166666667,2.06,0,2.87398039979,0.896648936427,-2.05486019122,4.2998073417,1.83761223733,0.785302843893,3.07142859595,2.90000020329,0.600000155273
29,162,124.398875727,1,3.07142857143,2.06,0,2.87342859394,0.896649006606,-2.0548603888,4.29980746959,1.83816403482,0.785302845848,3.07142859088,2.90000020469,0.600000155273
29,163,125.390939219,1,3.10142857143,2.06,0,2.87398039979,0.896648936427,-2.05486019122,4.2998073417,1.83761223733,0.785302843893,3.10119050071,2.90000020329,0.600000155273
29,164,125.440939219,1,3.10119047619,2.06,0,2.87342859394,0.896649006606,-2.0548603888,4.29980746959,1.83816403482,0.785302845848,3.10119049564,2.90000020469,0.600000155273
29,165,126.433002711,1,3.13119047619,2.06,0,2.87398039979,0.896648936427,-2.05486019122,4.2998073417,1.83761223733,0.785302843893,3.13095240547,2.90000020329,0.600000155273
29,166,126.483002711,1,3.13095238095,2.06,0,2.87342859394,0.896649006606,-2.0548603888,4.29980746959,1.83816403482,0.785302845848,3.1309524004,2.90000020469,0.600000155273
29,167,127.475066204,1,3.16095238095,2.06,0,2.87398039979,0.896648936427,-2.05486019122,4.2998073417,1.83761223733,0.785302843893,3.16071431024,2.90000020329,0.600000155273
29,168,127.525066204,1,3.16071428571,2.06,0,2.87342859394,0.896649006606,-2.0548603888,4.29980746959,1.83816403482,0.785302845848,3.16071430516,2.90000020469,0.600000155273
29,169,128.517129696,1,3.19071428571,2.06,0,2.87398039979,0.896648936427,-2.05486019122,4.2998073417,1.83761223733,0.785302843893,3.190476215,2.90000020329,0.600000155273
29,170,128.567129696,1,3.19047619048,2.06,0,2.87342859394,0.896649006606,-2.0548603888,4.29980746959,1.83816403482,0.785302845848,3.19047620992,2.90000020469,0.600000155273
29,171,129.559193188,1,3.22047619048,2.06,0,2.87398039979,0.896648936427,-2.05486019122,4.2998073417,1.83761223733,0.785302843893,3.22023811976,2.90000020329,0.600000155273
29,172,129.609193188,1,3.22023809524,2.06,0,2.87342859394,0.896649006606,-2.0548603888,4.29980746959,1.83816403482,0.785302845848,3.22023811469,2.90000020469,0.600000155273
29,173,130.60125668,1,3.25023809524,2.06,0,2.87398039979,0.896648936427,-2.05486019122,4.2998073417,1.83761223733,0.785302843893,3.25000002452,2.90000020329,0.600000155273
29,174,130.65125668,1,3.25,2.06,0,2.87342859394,0.896649006606,-2.0548603888,4.29980746959,1.83816403482,0.785302845848,3.25000001945,2.90000020469,0.600000155273
29,175,132.484590013,1,3.25,2.06,0,2.87342878758,0.961796598957,-2.05248923901,4.23228949937,1.83816384541,0.785303049781,3.25000002203,2.9000001431,0.627499834175
29,176,134.317923346,1,3.25,2.06,0,2.873429021,1.02447626571,-2.04474972326,4.16187032698,1.83816361198,0.785303052454,3.25000002203,2.90000012845,0.654999834704
29,177,136.15125668,1,3.25,2.06,0,2.87342925469,1.08413864743,-2.03170492906,4.08916315724,1.8381633783,0.785303054088,3.25000002203,2.90000011421,0.682499836322
29,178,137.984590013,1,3.25,2.06,0,2.87342948831,1.14028661309,-2.01345564871,4.01476591355,1.83816314467,0.7853030547,3.25000002203,2.90000009989,0.709999838867
29,179,139.817923346,1,3.25,2.06,0,2.87342972161,1.19249428327,-1.99013134958,3.93923394325,1.83816291137,0.785303054437,3.25000002203,2.90000008505,0.737499841955
29,180,141.65125668,1,3.25,2.06,0,2.87342995438,1.24041956774,-1.96187912797,3.86305643384,1.83816267861,0.785303053558,3.25000002203,2.90000006937,0.764999845035
29,181,143.484590013,1,3.25,2.06,0,2.87343018649,1.28380815587,-1.92885160854,3.78664032186,1.8381624465,0.785303052388,3.25000002203,2.90000005265,0.792499847473
29,182,145.317923346,1,3.25,2.06,0,2.87343041788,1.3224897483,-1.89119469544,3.71030181216,1.8381622151,0.785303051283,3.25000002203,2.9000000348,0.819999848621
29,183,146.309986838,1,3.22,2.06,0,2.87287873736,1.32249045746,-1.89119359353,3.71029920451,1.83871389143,0.785302842655,3.22023811473,2.90000011788,0.820000171851
29,184,146.359986838,1,3.22023809524,2.06,0,2.87343045977,1.32249060123,-1.8911937862,3.71029925291,1.83816217743,0.785302840702,3.22023811985,2.90000011648,0.820000171861
29,185,147.352050331,1,3.19023809524,2.06,0,2.87287873737,1.32249045749,-1.8911935935,3.71029920443,1.83871389143,0.785302842647,3.19047620997,2.90000011788,0.820000171861
29,186,147.402050331,1,3.19047619048,2.06,0,2.87343045977,1.32249060123,-1.8911937862,3.71029925291,1.83816217743,0.785302840702,3.19047621509,2.90000011648,0.820000171861
29,187,148.394113823,1,3.16047619048,2.06,0,2.87287873737,1.32249045749,-1.8911935935,3.71029920443,1.83871389143,0.785302842647,3.1607143052,2.90000011788,0.820000171861
29,188,148.444113823,1,3.16071428571,2.06,0,2.87343045977,1.32249060123,-1.8911937862,3.71029925291,1.83816217743,0.785302840702,3.16071431032,2.90000011648,0.820000171861
29,189,149.436177315,1,3.13071428571,2.06,0,2.87287873737,1.32249045749,-1.8911935935,3.71029920443,1.83871389143,0.785302842647,3.13095240044,2.90000011788,0.820000171861
29,190,149.486177315,1,3.13095238095,2.06,0,2.87343045977,1.32249060123,-1.8911937862,3.71029925291,1.83816217743,0.785302840702,3.13095240556,2.90000011648,0.820000171861
29,191,150.478240807,1,3.10095238095,2.06,0,2.87287873737,1.32249045749,-1.8911935935,3.71029920443,1.83871389143,0.785302842647,3.10119049568,2.90000011788,0.820000171861
29,192,150.528240807,1,3.10119047619,2.06,0,2.87343045977,1.32249060123,-1.8911937862,3.71029925291,1.83816217743,0.785302840702,3.1011905008,2.90000011648,0.820000171861
29,193,151.520304299,1,3.07119047619,2.06,0,2.87287873737,1.32249045749,-1.8911935935,3.71029920443,1.83871389143,0.785302842647,3.07142859092,2.90000011788,0.820000171861
29,194,151.570304299,1,3.07142857143,2.06,0,2.87343045977,1.32249060123,-1.8911937862,3.71029925291,1.83816217743,0.785302840702,3.07142859604,2.90000011648,0.820000171861
29,195,152.562367791,1,3.04142857143,2.06,0,2.87287873737,1.32249045749,-1.8911935935,3.71029920443,1.83871389143,0.785302842647,3.04166668616,2.90000011788,0.820000171861
29,196,152.612367791,1,3.04166666667,2.06,0,2.87343045977,1.32249060123,-1.8911937862,3.71029925291,1.83816217743,0.785302840702,3.04166669128,2.90000011648,0.820000171861
29,197,153.604431283,1,3.01166666667,2.06,0,2.87287873737,1.32249045749,-1.8911935935,3.71029920443,1.83871389143,0.785302842647,3.0119047814,2.90000011788,0.820000171861
29,198,153.654431283,1,3.0119047619,2.06,0,2.87343045977,1.32249060123,-1.8911937862,3.71029925291,1.83816217743,0.785302840702,3.01190478651,2.90000011648,0.820000171861
29,199,154.646494775,1,2.9819047619,2.06,0,2.87287873737,1.32249045749,-1.8911935935,3.71029920443,1.83871389143,0.785302842647,2.98214287663,2.90000011788,0.820000171861
29,200,154.696494775,1,2.98214285714,2.06,0,2.87343045977,1.32249060123,-1.8911937862,3.71029925291,1.83816217743,0.785302840702,2.98214288175,2.90000011648,0.820000171861
29,201,155.688558267,1,2.95214285714,2.06,0,2.87287873737,1.32249045749,-1.8911935935,3.71029920443,1.83871389143,0.785302842647,2.95238097187,2.90000011788,0.820000171861
29,202,155.738558267,1,2.95238095238,2.06,0,2.87343045977,1.32249060123,-1.8911937862,3.71029925291,1.83816217743,0.785302840702,2.95238097699,2.90000011648,0.820000171861
29,203,156.730621759,1,2.92238095238,2.06,0,2.87287873737,1.32249045749,-1.8911935935,3.71029920443,1.83871389143,0.785302842647,2.92261906711,2.90000011788,0.820000171861
29,204,156.780621759,1,2.92261904762,2.06,0,2.87343045977,1.32249060123,-1.8911937862,3.71029925291,1.83816217743,0.785302840702,2.92261907223,2.90000011648,0.820000171861
29,205,157.772685251,1,2.89261904762,2.06,0,2.87287873737,1.32249045749,-1.8911935935,3.71029920443,1.83871389143,0.785302842647,2.89285716235,2.90000011788,0.820000171861
29,206,157.822685251,1,2.89285714286,2.06,0,2.87343045977,1.32249060123,-1.8911937862,3.71029925291,1.83816217743,0.785302840702,2.89285716747,2.90000011648,0.820000171861
29,207,158.814748743,1,2.86285714286,2.06,0,2.87287873737,1.32249045749,-1.8911935935,3.71029920443,1.83871389143,0.785302842647,2.86309525759,2.90000011788,0.820000171861
29,208,158.864748743,1,2.8630952381,2.06,0,2.87343045977,1.32249060123,-1.8911937862,3.71029925291,1.83816217743,0.785302840702,2.86309526271,2.90000011648,0.820000171861
29,209,159.856812235,1,2.8330952381,2.06,0,2.87287873737,1.32249045749,-1.8911935935,3.71029920443,1.83871389143,0.785302842647,2.83333335282,2.90000011788,0.820000171861
29,210,159.906812235,1,2.83333333333,2.06,0,2.87343045977,1.32249060123,-1.8911937862,3.71029925291,1.83816217743,0.785302840702,2.83333335794,2.90000011648,0.820000171861
29,211,160.898875727,1,2.80333333333,2.06,0,2.87287873737,1.32249045749,-1.8911935935,3.71029920443,1.83871389143,0.785302842647,2.80357144806,2.90000011788,0.820000171861
29,212,160.948875727,1,2.80357142857,2.06,0,2.87343045977,1.32249060123,-1.8911937862,3.71029925291,1.83816217743,0.785302840702,2.80357145318,2.90000011648,0.820000171861
29,213,161.940939219,1,2.77357142857,2.06,0,2.87287873737,1.32249045749,-1.8911935935,3.71029920443,1.83871389143,0.785302842647,2.7738095433,2.90000011788,0.820000171861
29,214,161.990939219,1,2.77380952381,2.06,0,2.87343045977,1.32249060123,-1.8911937862,3.71029925291,1.83816217743,0.785302840702,2.77380954842,2.90000011648,0.820000171861
29,215,162.983002711,1,2.74380952381,2.06,0,2.87287873737,1.32249045749,-1.8911935935,3.71029920443,1.83871389143,0.785302842647,2.74404763854,2.90000011788,0.820000171861
29,216,163.033002711,1,2.74404761905,2.06,0,2.87343045977,1.32249060123,-1.8911937862,3.71029925291,1.83816217743,0.785302840702,2.74404764366,2.90000011648,0.820000171861
29,217,164.025066204,1,2.71404761905,2.06,0,2.87287873737,1.32249045749,-1.8911935935,3.71029920443,1.83871389143,0.785302842647,2.71428573378,2.90000011788,0.820000171861
29,218,164.075066204,1,2.71428571429,2.06,0,2.87343045977,1.32249060123,-1.8911937862,3.71029925291,1.83816217743,0.785302840702,2.7142857389,2.90000011648,0.820000171861
29,219,165.067129696,1,2.68428571429,2.06,0,2.87287873737,1.32249045749,-1.8911935935,3.71029920443,1.83871389143,0.785302842647,2.68452382901,2.90000011788,0.820000171861
29,220,165.117129696,1,2.68452380952,2.06,0,2.87343045977,1.32249060123,-1.8911937862,3.71029925291,1.83816217743,0.785302840702,2.68452383413,2.90000011648,0.820000171861
29,221,166.109193188,1,2.65452380952,2.06,0,2.87287873737,1.32249045749,-1.8911935935,3.71029920443,1.83871389143,0.785302842647,2.65476192425,2.90000011788,0.820000171861
29,222,166.159193188,1,2.65476190476,2.06,0,2.87343045977,1.32249060123,-1.8911937862,3.71029925291,1.83816217743,0.785302840702,2.65476192937,2.90000011648,0.820000171861
29,223,167.15125668,1,2.62476190476,2.06,0,2.87287873737,1.32249045749,-1.8911935935,3.71029920443,1.83871389143,0.785302842647,2.62500001949,2.90000011788,0.820000171861
29,224,167.20125668,1,2.625,2.06,0,2.87343045977,1.32249060123,-1.8911937862,3.71029925291,1.83816217743,0.785302840702,2.62500002461,2.90000011648,0.820000171861
29,225,168.193320172,1,2.595,2.06,0,2.87287873737,1.32249045749,-1.8911935935,3.71029920443,1.83871389143,0.785302842647,2.59523811473,2.90000011788,0.820000171861
29,226,168.243320172,1,2.59523809524,2.06,0,2.87343045977,1.32249060123,-1.8911937862,3.71029925291,1.83816217743,0.785302840702,2.59523811985,2.90000011648,0.820000171861
29,227,169.235383664,1,2.56523809524,2.06,0,2.87287873737,1.32249045749,-1.8911935935,3.71029920443,1.83871389143,0.785302842647,2.56547620997,2.90000011788,0.820000171861
29,228,169.285383664,1,2.56547619048,2.06,0,2.87343045977,1.32249060123,-1.8911937862,3.71029925291,1.83816217743,0.785302840702,2.56547621509,2.90000011648,0.820000171861
29,229,170.277447156,1,2.53547619048,2.06,0,2.87287873737,1.32249045749,-1.8911935935,3.71029920443,1.83871389143,0.785302842647,2.5357143052,2.90000011788,0.820000171861
29,230,170.327447156,1,2.53571428571,2.06,0,2.87343045977,1.32249060123,-1.8911937862,3.71029925291,1.83816217743,0.785302840702,2.53571431032,2.90000011648,0.820000171861
29,231,171.319510648,1,2.50571428571,2.06,0,2.87287873737,1.32249045749,-1.8911935935,3.71029920443,1.83871389143,0.785302842647,2.50595240044,2.90000011788,0.820000171861
29,232,171.369510648,1,2.50595238095,2.06,0,2.87343045977,1.32249060123,-1.8911937862,3.71029925291,1.83816217743,0.785302840702,2.50595240556,2.90000011648,0.820000171861
29,233,172.36157414,1,2.47595238095,2.06,0,2.87287873737,1.32249045749,-1.8911935935,3.71029920443,1.83871389143,0.785302842647,2.47619049568,2.90000011788,0.820000171861
29,234,172.41157414,1,2.47619047619,2.06,0,2.87343045977,1.32249060123,-1.8911937862,3.71029925291,1.83816217743,0.785302840702,2.4761905008,2.90000011648,0.820000171861
29,235,173.403637632,1,2.44619047619,2.06,0,2.87287873737,1.32249045749,-1.8911935935,3.71029920443,1.83871389143,0.785302842647,2.44642859092,2.90000011788,0.820000171861
29,236,173.453637632,1,2.44642857143,2.06,0,2.87343045977,1.32249060123,-1.8911937862,3.71029925291,1.83816217743,0.785302840702,2.44642859604,2.90000011648,0.820000171861
29,237,174.445701124,1,2.41642857143,2.06,0,2.87287873737,1.32249045749,-1.8911935935,3.71029920443,1.83871389143,0.785302842647,2.41666668616,2.90000011788,0.820000171861
29,238,174.495701124,1,2.41666666667,2.06,0,2.87343045977,1.32249060123,-1.8911937862,3.71029925291,1.83816217743,0.785302840702,2.41666669128,2.90000011648,0.820000171861
29,239,175.487764616,1,2.38666666667,2.06,0,2.87287873737,1.32249045749,-1.8911935935,3.71029920443,1.83871389143,0.785302842647,2.3869047814,2.90000011788,0.820000171861
29,240,175.537764616,1,2.3869047619,2.06,0,2.87343045977,1.32249060123,-1.8911937862,3.71029925291,1.83816217743,0.785302840702,2.38690478651,2.90000011648,0.820000171861
29,241,176.529828108,1,2.3569047619,2.06,0,2.87287873737,1.32249045749,-1.8911935935,3.71029920443,1.83871389143,0.785302842647,2.35714287663,2.90000011788,0.820000171861
29,242,176.579828108,1,2.35714285714,2.06,0,2.87343045977,1.32249060123,-1.8911937862,3.71029925291,1.83816217743,0.785302840702,2.35714288175,2.90000011648,0.820000171861
29,243,177.5718916,1,2.32714285714,2.06,0,2.87287873737,1.32249045749,-1.8911935935,3.71029920443,1.83871389143,0.785302842647,2.32738097187,2.90000011788,0.820000171861
29,244,177.6218916,1,2.32738095238,2.06,0,2.87343045977,1.32249060123,-1.8911937862,3.71029925291,1.83816217743,0.785302840702,2.32738097699,2.90000011648,0.820000171861
29,245,178.613955092,1,2.29738095238,2.06,0,2.87287873737,1.32249045749,-1.8911935935,3.71029920443,1.83871389143,0.785302842647,2.29761906711,2.90000011788,0.820000171861
29,246,178.663955092,1,2.29761904762,2.06,0,2.87343045977,1.32249060123,-1.8911937862,3.71029925291,1.83816217743,0.785302840702,2.29761907223,2.90000011648,0.820000171861
29,247,179.656018584,1,2.26761904762,2.06,0,2.87287873737,1.32249045749,-1.8911935935,3.71029920443,1.83871389143,0.785302842647,2.26785716235,2.90000011788,0.820000171861
29,248,179.706018584,1,2.26785714286,2.06,0,2.87343045977,1.32249060123,-1.8911937862,3.71029925291,1.83816217743,0.785302840702,2.26785716747,2.90000011648,0.820000171861
29,249,180.698082077,1,2.23785714286,2.06,0,2.87287873737,1.32249045749,-1.8911935935,3.71029920443,1.83871389143,0.785302842647,2.23809525759,2.90000011788,0.820000171861
29,250,180.748082077,1,2.2380952381,2.06,0,2.87343045977,1.32249060123,-1.8911937862,3.71029925291,1.83816217743,0.785302840702,2.23809526271,2.90000011648,0.820000171861
29,251,181.740145569,1,2.2080952381,2.06,0,2.87287873737,1.32249045749,-1.8911935935,3.71029920443,1.83871389143,0.785302842647,2.20833335282,2.90000011788,0.820000171861
29,252,181.790145569,1,2.20833333333,2.06,0,2.87343045977,1.32249060123,-1.8911937862,3.71029925291,1.83816217743,0.785302840702,2.20833335794,2.90000011648,0.820000171861
29,253,182.782209061,1,2.17833333333,2.06,0,2.87287873737,1.32249045749,-1.8911935935,3.71029920443,1.83871389143,0.785302842647,2.17857144806,2.90000011788,0.820000171861
29,254,182.832209061,1,2.17857142857,2.06,0,2.87343045977,1.32249060123,-1.8911937862,3.71029925291,1.83816217743,0.785302840702,2.17857145318,2.90000011648,0.820000171861
29,255,183.824272553,1,2.14857142857,2.06,0,2.87287873737,1.32249045749,-1.8911935935,3.71029920443,1.83871389143,0.785302842647,2.1488095433,2.90000011788,0.820000171861
29,256,183.874272553,1,2.14880952381,2.06,0,2.87343045977,1.32249060123,-1.8911937862,3.71029925291,1.83816217743,0.785302840702,2.14880954842,2.90000011648,0.820000171861
29,257,184.866336045,1,2.11880952381,2.06,0,2.87287873737,1.32249045749,-1.8911935935,3.71029920443,1.83871389143,0.785302842647,2.11904763854,2.90000011788,0.820000171861
29,258,184.916336045,1,2.11904761905,2.06,0,2.87343045977,1.32249060123,-1.8911937862,3.71029925291,1.83816217743,0.785302840702,2.11904764366,2.90000011648,0.820000171861
29,259,185.908399537,1,2.08904761905,2.06,0,2.87287873737,1.32249045749,-1.8911935935,3.71029920443,1.83871389143,0.785302842647,2.08928573378,2.90000011788,0.820000171861
29,260,185.958399537,1,2.08928571429,2.06,0,2.87343045977,1.32249060123,-1.8911937862,3.71029925291,1.83816217743,0.785302840702,2.0892857389,2.90000011648,0.820000171861
29,261,186.950463029,1,2.05928571429,2.06,0,2.87287873737,1.32249045749,-1.8911935935,3.71029920443,1.83871389143,0.785302842647,2.05952382901,2.90000011788,0.820000171861
29,262,187.000463029,1,2.05952380952,2.06,0,2.87343045977,1.32249060123,-1.8911937862,3.71029925291,1.83816217743,0.785302840702,2.05952383413,2.90000011648,0.820000171861
29,263,187.992526521,1,2.02952380952,2.06,0,2.87287873737,1.32249045749,-1.8911935935,3.71029920443,1.83871389143,0.785302842647,2.02976192425,2.90000011788,0.820000171861
29,264,188.042526521,1,2.02976190476,2.06,0,2.87343045977,1.32249060123,-1.8911937862,3.71029925291,1.83816217743,0.785302840702,2.02976192937,2.90000011648,0.820000171861
29,265,189.034590013,1,1.99976190476,2.06,0,2.87287873737,1.32249045749,-1.8911935935,3.71029920443,1.83871389143,0.785302842647,2.00000001949,2.90000011788,0.820000171861
29,266,189.084590013,1,2,2.06,0,2.87343045977,1.32249060123,-1.8911937862,3.71029925291,1.83816217743,0.785302840702,2.00000002461,2.90000011648,0.820000171861
29,267,190.076653505,1,1.97,2.06,0,2.87287873737,1.32249045749,-1.8911935935,3.71029920443,1.83871389143,0.785302842647,1.97023811473,2.90000011788,0.820000171861
29,268,190.126653505,1,1.97023809524,2.06,0,2.87343045977,1.32249060123,-1.8911937862,3.71029925291,1.83816217743,0.785302840702,1.97023811985,2.90000011648,0.820000171861
29,269,191.118716997,1,1.94023809524,2.06,0,2.87287873737,1.32249045749,-1.8911935935,3.71029920443,1.83871389143,0.785302842647,1.94047620997,2.90000011788,0.820000171861
29,270,191.168716997,1,1.94047619048,2.06,0,2.87343045977,1.32249060123,-1.8911937862,3.71029925291,1.83816217743,0.785302840702,1.94047621509,2.90000011648,0.820000171861
29,271,192.160780489,1,1.91047619048,2.06,0,2.87287873737,1.32249045749,-1.8911935935,3.71029920443,1.83871389143,0.785302842647,1.9107143052,2.90000011788,0.820000171861
29,272,192.210780489,1,1.91071428571,2.06,0,2.87343045977,1.32249060123,-1.8911937862,3.71029925291,1.83816217743,0.785302840702,1.91071431032,2.90000011648,0.820000171861
29,273,193.202843981,1,1.88071428571,2.06,0,2.87287873737,1.32249045749,-1.8911935935,3.71029920443,1.83871389143,0.785302842647,1.88095240044,2.90000011788,0.820000171861
29,274,193.252843981,1,1.88095238095,2.06,0,2.87343045977,1.32249060123,-1.8911937862,3.71029925291,1.83816217743,0.785302840702,1.88095240556,2.90000011648,0.820000171861
29,275,194.244907473,1,1.85095238095,2.06,0,2.87287873737,1.32249045749,-1.8911935935,3.71029920443,1.83871389143,0.785302842647,1.85119049568,2.90000011788,0.820000171861
29,276,194.294907473,1,1.85119047619,2.06,0,2.87343045977,1.32249060123,-1.8911937862,3.71029925291,1.83816217743,0.785302840702,1.8511905008,2.90000011648,0.820000171861
29,277,195.286970965,1,1.82119047619,2.06,0,2.87287873737,1.32249045749,-1.8911935935,3.71029920443,1.83871389143,0.785302842647,1.82142859092,2.90000011788,0.820000171861
29,278,195.336970965,1,1.82142857143,2.06,0,2.87343045977,1.32249060123,-1.8911937862,3.71029925291,1.83816217743,0.785302840702,1.82142859604,2.90000011648,0.820000171861
29,279,196.329034458,1,1.79142857143,2.06,0,2.87287873737,1.32249045749,-1.8911935935,3.71029920443,1.83871389143,0.785302842647,1.79166668616,2.90000011788,0.820000171861
29,280,196.379034458,1,1.79166666667,2.06,0,2.87343045977,1.32249060123,-1.8911937862,3.71029925291,1.83816217743,0.785302840702,1.79166669128,2.90000011648,0.820000171861
29,281,197.37109795,1,1.76166666667,2.06,0,2.87287873737,1.32249045749,-1.8911935935,3.71029920443,1.83871389143,0.785302842647,1.7619047814,2.90000011788,0.820000171861
29,282,197.42109795,1,1.7619047619,2.06,0,2.87343045977,1.32249060123,-1.8911937862,3.71029925291,1.83816217743,0.785302840702,1.76190478651,2.90000011648,0.820000171861
29,283,198.413161442,1,1.7319047619,2.06,0,2.87287873737,1.32249045749,-1.8911935935,3.71029920443,1.83871389143,0.785302842647,1.73214287663,2.90000011788,0.820000171861
29,284,198.463161442,1,1.73214285714,2.06,0,2.87343045977,1.32249060123,-1.8911937862,3.71029925291,1.83816217743,0.785302840702,1.73214288175,2.90000011648,0.820000171861
29,285,199.455224934,1,1.70214285714,2.06,0,2.87287873737,1.32249045749,-1.8911935935,3.71029920443,1.83871389143,0.785302842647,1.70238097187,2.90000011788,0.820000171861
29,286,199.505224934,1,1.70238095238,2.06,0,2.87343045977,1.32249060123,-1.8911937862,3.71029925291,1.83816217743,0.785302840702,1.70238097699,2.90000011648,0.820000171861
29,287,200.497288426,1,1.67238095238,2.06,0,2.87287873737,1.32249045749,-1.8911935935,3.71029920443,1.83871389143,0.785302842647,1.67261906711,2.90000011788,0.820000171861
29,288,200.547288426,1,1.67261904762,2.06,0,2.87343045977,1.32249060123,-1.8911937862,3.71029925291,1.83816217743,0.785302840702,1.67261907223,2.90000011648,0.820000171861
29,289,201.539351918,1,1.64261904762,2.06,0,2.87287873737,1.32249045749,-1.8911935935,3.71029920443,1.83871389143,0.785302842647,1.64285716235,2.90000011788,0.820000171861
29,290,201.589351918,1,1.64285714286,2.06,0,2.87343045977,1.32249060123,-1.8911937862,3.71029925291,1.83816217743,0.785302840702,1.64285716747,2.90000011648,0.820000171861
29,291,202.58141541,1,1.61285714286,2.06,0,2.87287873737,1.32249045749,-1.8911935935,3.71029920443,1.83871389143,0.785302842647,1.61309525759,2.90000011788,0.820000171861
29,292,202.63141541,1,1.6130952381,2.06,0,2.87343045977,1.32249060123,-1.8911937862,3.71029925291,1.83816217743,0.785302840702,1.61309526271,2.90000011648,0.820000171861
29,293,203.623478902,1,1.5830952381,2.06,0,2.87287873737,1.32249045749,-1.8911935935,3.71029920443,1.83871389143,0.785302842647,1.58333335282,2.90000011788,0.820000171861
29,294,203.673478902,1,1.58333333333,2.06,0,2.87343045977,1.32249060123,-1.8911937862,3.71029925291,1.83816217743,0.785302840702,1.58333335794,2.90000011648,0.820000171861
29,295,204.665542394,1,1.55333333333,2.06,0,2.87287873737,1.32249045749,-1.8911935935,3.71029920443,1.83871389143,0.785302842647,1.55357144806,2.90000011788,0.820000171861
29,296,204.715542394,1,1.55357142857,2.06,0,2.87343045977,1.32249060123,-1.8911937862,3.71029925291,1.83816217743,0.785302840702,1.55357145318,2.90000011648,0.820000171861
29,297,205.707605886,1,1.52357142857,2.06,0,2.87287873737,1.32249045749,-1.8911935935,3.71029920443,1.83871389143,0.785302842647,1.5238095433,2.90000011788,0.820000171861
29,298,205.757605886,1,1.52380952381,2.06,0,2.87343045977,1.32249060123,-1.8911937862,3.71029925291,1.83816217743,0.785302840702,1.52380954842,2.90000011648,0.820000171861
29,299,206.749669378,1,1.49380952381,2.06,0,2.87287873737,1.32249045749,-1.8911935935,3.71029920443,1.83871389143,0.785302842647,1.49404763854,2.90000011788,0.820000171861
29,300,206.799669378,1,1.49404761905,2.06,0,2.87343045977,1.32249060123,-1.8911937862,3.71029925291,1.83816217743,0.785302840702,1.49404764366,2.90000011648,0.820000171861
29,301,207.79173287,1,1.46404761905,2.06,0,2.87287873737,1.32249045749,-1.8911935935,3.71029920443,1.83871389143,0.785302842647,1.46428573378,2.90000011788,0.820000171861
29,302,207.84173287,1,1.46428571429,2.06,0,2.87343045977,1.32249060123,-1.8911937862,3.71029925291,1.83816217743,0.785302840702,1.4642857389,2.90000011648,0.820000171861
29,303,208.833796362,1,1.43428571429,2.06,0,2.87287873737,1.32249045749,-1.8911935935,3.71029920443,1.83871389143,0.785302842647,1.43452382901,2.90000011788,0.820000171861
29,304,208.883796362,1,1.43452380952,2.06,0,2.87343045977,1.32249060123,-1.8911937862,3.71029925291,1.83816217743,0.785302840702,1.43452383413,2.90000011648,0.820000171861
29,305,209.875859854,1,1.40452380952,2.06,0,2.87287873737,1.32249045749,-1.8911935935,3.71029920443,1.83871389143,0.785302842647,1.40476192425,2.90000011788,0.820000171861
29,306,209.925859854,1,1.40476190476,2.06,0,2.87343045977,1.32249060123,-1.8911937862,3.71029925291,1.83816217743,0.785302840702,1.40476192937,2.90000011648,0.820000171861
29,307,210.917923346,1,1.37476190476,2.06,0,2.87287873737,1.32249045749,-1.8911935935,3.71029920443,1.83871389143,0.785302842647,1.37500001949,2.90000011788,0.820000171861
29,308,210.967923346,1,1.375,2.06,0,2.87343045977,1.32249060123,-1.8911937862,3.71029925291,1.83816217743,0.785302840702,1.37500002461,2.90000011648,0.820000171861
29,309,211.959986838,1,1.345,2.06,0,2.87287873737,1.32249045749,-1.8911935935,3.71029920443,1.83871389143,0.785302842647,1.34523811473,2.90000011788,0.820000171861
29,310,212.009986838,1,1.34523809524,2.06,0,2.87343045977,1.32249060123,-1.8911937862,3.71029925291,1.83816217743,0.785302840702,1.34523811985,2.90000011648,0.820000171861
29,311,213.002050331,1,1.31523809524,2.06,0,2.87287873737,1.32249045749,-1.8911935935,3.71029920443,1.83871389143,0.785302842647,1.31547620997,2.90000011788,0.820000171861
29,312,213.052050331,1,1.31547619048,2.06,0,2.87343045977,1.32249060123,-1.8911937862,3.71029925291,1.83816217743,0.785302840702,1.31547621509,2.90000011648,0.820000171861
29,313,214.044113823,1,1.28547619048,2.06,0,2.87287873737,1.32249045749,-1.8911935935,3.71029920443,1.83871389143,0.785302842647,1.2857143052,2.90000011788,0.820000171861
29,314,214.094113823,1,1.28571428571,2.06,0,2.87343045977,1.32249060123,-1.8911937862,3.71029925291,1.83816217743,0.785302840702,1.28571431032,2.90000011648,0.820000171861
29,315,215.086177315,1,1.25571428571,2.06,0,2.87287873737,1.32249045749,-1.8911935935,3.71029920443,1.83871389143,0.785302842647,1.25595240044,2.90000011788,0.820000171861
29,316,215.136177315,1,1.25595238095,2.06,0,2.87343045977,1.32249060123,-1.8911937862,3.71029925291,1.83816217743,0.785302840702,1.25595240556,2.90000011648,0.820000171861
29,317,216.128240807,1,1.22595238095,2.06,0,2.87287873737,1.32249045749,-1.8911935935,3.71029920443,1.83871389143,0.785302842647,1.22619049568,2.90000011788,0.820000171861
29,318,216.178240807,1,1.22619047619,2.06,0,2.87343045977,1.32249060123,-1.8911937862,3.71029925291,1.83816217743,0.785302840702,1.2261905008,2.90000011648,0.820000171861
29,319,217.170304299,1,1.19619047619,2.06,0,2.87287873737,1.32249045749,-1.8911935935,3.71029920443,1.83871389143,0.785302842647,1.19642859092,2.90000011788,0.820000171861
29,320,217.220304299,1,1.19642857143,2.06,0,2.87343045977,1.32249060123,-1.8911937862,3.71029925291,1.83816217743,0.785302840702,1.19642859604,2.90000011648,0.820000171861
29,321,218.212367791,1,1.16642857143,2.06,0,2.87287873737,1.32249045749,-1.8911935935,3.71029920443,1.83871389143,0.785302842647,1.16666668616,2.90000011788,0.820000171861
29,322,218.262367791,1,1.16666666667,2.06,0,2.87343045977,1.32249060123,-1.8911937862,3.71029925291,1.83816217743,0.785302840702,1.16666669128,2.90000011648,0.820000171861
29,323,219.254431283,1,1.13666666667,2.06,0,2.87287873737,1.32249045749,-1.8911935935,3.71029920443,1.83871389143,0.785302842647,1.1369047814,2.90000011788,0.820000171861
29,324,219.304431283,1,1.1369047619,2.06,0,2.87343045977,1.32249060123,-1.8911937862,3.71029925291,1.83816217743,0.785302840702,1.13690478651,2.90000011648,0.820000171861
29,325,220.296494775,1,1.1069047619,2.06,0,2.87287873737,1.32249045749,-1.8911935935,3.71029920443,1.83871389143,0.785302842647,1.10714287663,2.90000011788,0.820000171861
29,326,220.346494775,1,1.10714285714,2.06,0,2.87343045977,1.32249060123,-1.8911937862,3.71029925291,1.83816217743,0.785302840702,1.10714288175,2.90000011648,0.820000171861
29,327,221.338558267,1,1.07714285714,2.06,0,2.87287873737,1.32249045749,-1.8911935935,3.71029920443,1.83871389143,0.785302842647,1.07738097187,2.90000011788,0.820000171861
29,328,221.388558267,1,1.07738095238,2.06,0,2.87343045977,1.32249060123,-1.8911937862,3.71029925291,1.83816217743,0.785302840702,1.07738097699,2.90000011648,0.820000171861
29,329,222.380621759,1,1.04738095238,2.06,0,2.87287873737,1.32249045749,-1.8911935935,3.71029920443,1.83871389143,0.785302842647,1.04761906711,2.90000011788,0.820000171861
29,330,222.430621759,1,1.04761904762,2.06,0,2.87343045977,1.32249060123,-1.8911937862,3.71029925291,1.83816217743,0.785302840702,1.04761907223,2.90000011648,0.820000171861
29,331,223.422685251,1,1.01761904762,2.06,0,2.87287873737,1.32249045749,-1.8911935935,3.71029920443,1.83871389143,0.785302842647,1.01785716235,2.90000011788,0.820000171861
29,332,223.472685251,1,1.01785714286,2.06,0,2.87343045977,1.32249060123,-1.8911937862,3.71029925291,1.83816217743,0.785302840702,1.01785716747,2.90000011648,0.820000171861
29,333,224.464748743,1,0.987857142857,2.06,0,2.87287873737,1.32249045749,-1.8911935935,3.71029920443,1.83871389143,0.785302842647,0.988095257586,2.90000011788,0.820000171861
29,334,224.514748743,1,0.988095238095,2.06,0,2.87343045977,1.32249060123,-1.8911937862,3.71029925291,1.83816217743,0.785302840702,0.988095262705,2.90000011648,0.820000171861
29,335,225.506812235,1,0.958095238095,2.06,0,2.87287873737,1.32249045749,-1.8911935935,3.71029920443,1.83871389143,0.785302842647,0.958333352824,2.90000011788,0.820000171861
29,336,225.556812235,1,0.958333333333,2.06,0,2.87343045977,1.32249060123,-1.8911937862,3.71029925291,1.83816217743,0.785302840702,0.958333357943,2.90000011648,0.820000171861
29,337,226.548875727,1,0.928333333333,2.06,0,2.87287873737,1.32249045749,-1.8911935935,3.71029920443,1.83871389143,0.785302842647,0.928571448062,2.90000011788,0.820000171861
29,338,226.598875727,1,0.928571428571,2.06,0,2.87343045977,1.32249060123,-1.8911937862,3.71029925291,1.83816217743,0.785302840702,0.928571453181,2.90000011648,0.820000171861
29,339,227.590939219,1,0.898571428571,2.06,0,2.87287873737,1.32249045749,-1.8911935935,3.71029920443,1.83871389143,0.785302842647,0.8988095433,2.90000011788,0.820000171861
29,340,227.640939219,1,0.89880952381,2.06,0,2.87343045977,1.32249060123,-1.8911937862,3.71029925291,1.83816217743,0.785302840702,0.89880954842,2.90000011648,0.820000171861
29,341,228.633002711,1,0.86880952381,2.06,0,2.87287873737,1.32249045749,-1.8911935935,3.71029920443,1.83871389143,0.785302842647,0.869047638538,2.90000011788,0.820000171861
29,342,228.683002711,1,0.869047619048,2.06,0,2.87343045977,1.32249060123,-1.8911937862,3.71029925291,1.83816217743,0.785302840702,0.869047643658,2.90000011648,0.820000171861
29,343,229.675066204,1,0.839047619048,2.06,0,2.87287873737,1.32249045749,-1.8911935935,3.71029920443,1.83871389143,0.785302842647,0.839285733776,2.90000011788,0.820000171861
29,344,229.725066204,1,0.839285714286,2.06,0,2.87343045977,1.32249060123,-1.8911937862,3.71029925291,1.83816217743,0.785302840702,0.839285738896,2.90000011648,0.820000171861
29,345,230.717129696,1,0.809285714286,2.06,0,2.87287873737,1.32249045749,-1.8911935935,3.71029920443,1.83871389143,0.785302842647,0.809523829014,2.90000011788,0.820000171861
29,346,230.767129696,1,0.809523809524,2.06,0,2.87343045977,1.32249060123,-1.8911937862,3.71029925291,1.83816217743,0.785302840702,0.809523834134,2.90000011648,0.820000171861
29,347,231.759193188,1,0.779523809524,2.06,0,2.87287873737,1.32249045749,-1.8911935935,3.71029920443,1.83871389143,0.785302842647,0.779761924253,2.90000011788,0.820000171861
29,348,231.809193188,1,0.779761904762,2.06,0,2.87343045977,1.32249060123,-1.8911937862,3.71029925291,1.83816217743,0.785302840702,0.779761929372,2.90000011648,0.820000171861
29,349,232.80125668,1,0.749761904762,2.06,0,2.87287873737,1.32249045749,-1.8911935935,3.71029920443,1.83871389143,0.785302842647,0.750000019491,2.90000011788,0.820000171861
29,350,232.85125668,1,0.75,2.06,0,2.87343045977,1.32249060123,-1.8911937862,3.71029925291,1.83816217743,0.785302840702,0.75000002461,2.90000011648,0.820000171861
29,351,234.684590013,1,0.75,2.06,0,2.87343064856,1.35636818379,-1.84903575109,3.6342644297,1.83816198443,0.785303050592,0.750000022031,2.90000001583,0.847499847871
29,352,236.517923346,1,0.75,2.06,0,2.87343087851,1.38540743391,-1.80247238238,3.5586618112,1.83816175448,0.785303050679,0.75000002203,2.89999999571,0.874999844625
29,353,238.35125668,1,0.75,2.06,0,2.87343110774,1.40961528641,-1.75156160884,3.48354318954,1.83816152525,0.785303051835,0.750000022031,2.89999997445,0.90249983837
29,354,240.184590013,1,0.75,2.06,0,2.87343133618,1.42902607338,-1.6963087967,3.40887960005,1.83816129681,0.785303054375,0.75000002203,2.89999995196,0.929999828556
29,355,242.017923346,1,0.75,2.06,0,2.87343156371,1.44368317898,-1.63665532556,3.33456903936,1.83816106927,0.785303058616,0.750000022031,2.89999992804,0.957499814569
29,356,243.85125668,1,0.75,2.06,0,2.8734317901,1.45362137482,-1.57246343289,3.26043897472,1.83816084289,0.785303064918,0.750000022031,2.89999990231,0.984999795645
29,357,245.684590013,1,0.75,2.06,0,2.87343201496,1.45884828185,-1.5034958783,3.18624454648,1.83816061803,0.785303073736,0.750000022031,2.89999987416,1.01249977074
29,358,247.517923346,1,0.75,2.06,0,2.87343223768,1.45932333224,-1.4293866744,3.11166033746,1.83816039531,0.785303085697,0.750000022031,2.89999984266,1.03999973833
29,359,248.509986838,1,0.78,2.06,0,2.8739842002,1.45932279277,-1.42938399394,3.11165732053,1.83760843699,0.785302852436,0.779761929357,2.90000007246,1.04000015622
29,360,248.559986838,1,0.779761904762,2.06,0,2.87343239444,1.45932294909,-1.42938417045,3.11165734117,1.83816023432,0.7853028544,0.779761924211,2.90000007388,1.04000015624
29,361,249.552050331,1,0.809761904762,2.06,0,2.87398420021,1.45932279275,-1.42938399385,3.11165732041,1.83760843698,0.785302852425,0.809523834118,2.90000007247,1.04000015624
29,362,249.602050331,1,0.809523809524,2.06,0,2.87343239444,1.45932294909,-1.42938417045,3.11165734117,1.83816023432,0.7853028544,0.809523828973,2.90000007388,1.04000015624
29,363,250.594113823,1,0.839523809524,2.06,0,2.87398420021,1.45932279275,-1.42938399385,3.11165732041,1.83760843698,0.785302852425,0.83928573888,2.90000007247,1.04000015624
29,364,250.644113823,1,0.839285714286,2.06,0,2.87343239444,1.45932294909,-1.42938417045,3.11165734117,1.83816023432,0.7853028544,0.839285733735,2.90000007388,1.04000015624
29,365,251.636177315,1,0.869285714286,2.06,0,2.87398420021,1.45932279275,-1.42938399385,3.11165732041,1.83760843698,0.785302852425,0.869047643642,2.90000007247,1.04000015624
29,366,251.686177315,1,0.869047619048,2.06,0,2.87343239444,1.45932294909,-1.42938417045,3.11165734117,1.83816023432,0.7853028544,0.869047638496,2.90000007388,1.04000015624
29,367,252.678240807,1,0.899047619048,2.06,0,2.87398420021,1.45932279275,-1.42938399385,3.11165732041,1.83760843698,0.785302852425,0.898809548404,2.90000007247,1.04000015624
29,368,252.728240807,1,0.89880952381,2.06,0,2.87343239444,1.45932294909,-1.42938417045,3.11165734117,1.83816023432,0.7853028544,0.898809543258,2.90000007388,1.04000015624
29,369,253.720304299,1,0.92880952381,2.06,0,2.87398420021,1.45932279275,-1.42938399385,3.11165732041,1.83760843698,0.785302852425,0.928571453165,2.90000007247,1.04000015624
29,370,253.770304299,1,0.928571428571,2.06,0,2.87343239444,1.45932294909,-1.42938417045,3.11165734117,1.83816023432,0.7853028544,0.92857144802,2.90000007388,1.04000015624
29,371,254.762367791,1,0.958571428571,2.06,0,2.87398420021,1.45932279275,-1.42938399385,3.11165732041,1.83760843698,0.785302852425,0.958333357927,2.90000007247,1.04000015624
29,372,254.812367791,1,0.958333333333,2.06,0,2.87343239444,1.45932294909,-1.42938417045,3.11165734117,1.83816023432,0.7853028544,0.958333352782,2.90000007388,1.04000015624
29,373,255.804431283,1,0.988333333333,2.06,0,2.87398420021,1.45932279275,-1.42938399385,3.11165732041,1.83760843698,0.785302852425,0.988095262689,2.90000007247,1.04000015624
29,374,255.854431283,1,0.988095238095,2.06,0,2.87343239444,1.45932294909,-1.42938417045,3.11165734117,1.83816023432,0.7853028544,0.988095257544,2.90000007388,1.04000015624
29,375,256.846494775,1,1.0180952381,2.06,0,2.87398420021,1.45932279275,-1.42938399385,3.11165732041,1.83760843698,0.785302852425,1.01785716745,2.90000007247,1.04000015624
29,376,256.896494775,1,1.01785714286,2.06,0,2.87343239444,1.45932294909,-1.42938417045,3.11165734117,1.83816023432,0.7853028544,1.01785716231,2.90000007388,1.04000015624
29,377,257.888558267,1,1.04785714286,2.06,0,2.87398420021,1.45932279275,-1.42938399385,3.11165732041,1.83760843698,0.785302852425,1.04761907221,2.90000007247,1.04000015624
29,378,257.938558267,1,1.04761904762,2.06,0,2.87343239444,1.45932294909,-1.42938417045,3.11165734117,1.83816023432,0.7853028544,1.04761906707,2.90000007388,1.04000015624
29,379,258.930621759,1,1.07761904762,2.06,0,2.87398420021,1.45932279275,-1.42938399385,3.11165732041,1.83760843698,0.785302852425,1.07738097697,2.90000007247,1.04000015624
29,380,258.980621759,1,1.07738095238,2.06,0,2.87343239444,1.45932294909,-1.42938417045,3.11165734117,1.83816023432,0.7853028544,1.07738097183,2.90000007388,1.04000015624
29,381,259.972685251,1,1.10738095238,2.06,0,2.87398420021,1.45932279275,-1.42938399385,3.11165732041,1.83760843698,0.785302852425,1.10714288174,2.90000007247,1.04000015624
29,382,260.022685251,1,1.10714285714,2.06,0,2.87343239444,1.45932294909,-1.42938417045,3.11165734117,1.83816023432,0.7853028544,1.10714287659,2.90000007388,1.04000015624
29,383,261.014748743,1,1.13714285714,2.06,0,2.87398420021,1.45932279275,-1.42938399385,3.11165732041,1.83760843698,0.785302852425,1.1369047865,2.90000007247,1.04000015624
29,384,261.064748743,1,1.1369047619,2.06,0,2.87343239444,1.45932294909,-1.42938417045,3.11165734117,1.83816023432,0.7853028544,1.13690478135,2.90000007388,1.04000015624
29,385,262.056812235,1,1.1669047619,2.06,0,2.87398420021,1.45932279275,-1.42938399385,3.11165732041,1.83760843698,0.785302852425,1.16666669126,2.90000007247,1.04000015624
29,386,262.106812235,1,1.16666666667,2.06,0,2.87343239444,1.45932294909,-1.42938417045,3.11165734117,1.83816023432,0.7853028544,1.16666668612,2.90000007388,1.04000015624
29,387,263.098875727,1,1.19666666667,2.06,0,2.87398420021,1.45932279275,-1.42938399385,3.11165732041,1.83760843698,0.785302852425,1.19642859602,2.90000007247,1.04000015624
29,388,263.148875727,1,1.19642857143,2.06,0,2.87343239444,1.45932294909,-1.42938417045,3.11165734117,1.83816023432,0.7853028544,1.19642859088,2.90000007388,1.04000015624
29,389,264.140939219,1,1.22642857143,2.06,0,2.87398420021,1.45932279275,-1.42938399385,3.11165732041,1.83760843698,0.785302852425,1.22619050078,2.90000007247,1.04000015624
29,390,264.190939219,1,1.22619047619,2.06,0,2.87343239444,1.45932294909,-1.42938417045,3.11165734117,1.83816023432,0.7853028544,1.22619049564,2.90000007388,1.04000015624
29,391,265.183002711,1,1.25619047619,2.06,0,2.87398420021,1.45932279275,-1.42938399385,3.11165732041,1.83760843698,0.785302852425,1.25595240555,2.90000007247,1.04000015624
29,392,265.233002711,1,1.25595238095,2.06,0,2.87343239444,1.45932294909,-1.42938417045,3.11165734117,1.83816023432,0.7853028544,1.2559524004,2.90000007388,1.04000015624
29,393,266.225066204,1,1.28595238095,2.06,0,2.87398420021,1.45932279275,-1.42938399385,3.11165732041,1.83760843698,0.785302852425,1.28571431031,2.90000007247,1.04000015624
29,394,266.275066204,1,1.28571428571,2.06,0,2.87343239444,1.45932294909,-1.42938417045,3.11165734117,1.83816023432,0.7853028544,1.28571430516,2.90000007388,1.04000015624
29,395,267.267129696,1,1.31571428571,2.06,0,2.87398420021,1.45932279275,-1.42938399385,3.11165732041,1.83760843698,0.785302852425,1.31547621507,2.90000007247,1.04000015624
29,396,267.317129696,1,1.31547619048,2.06,0,2.87343239444,1.45932294909,-1.42938417045,3.11165734117,1.83816023432,0.7853028544,1.31547620992,2.90000007388,1.04000015624
29,397,268.309193188,1,1.34547619048,2.06,0,2.87398420021,1.45932279275,-1.42938399385,3.11165732041,1.83760843698,0.785302852425,1.34523811983,2.90000007247,1.04000015624
29,398,268.359193188,1,1.34523809524,2.06,0,2.87343239444,1.45932294909,-1.42938417045,3.11165734117,1.83816023432,0.7853028544,1.34523811469,2.90000007388,1.04000015624
29,399,269.35125668,1,1.37523809524,2.06,0,2.87398420021,1.45932279275,-1.42938399385,3.11165732041,1.83760843698,0.785302852425,1.37500002459,2.90000007247,1.04000015624
29,400,269.40125668,1,1.375,2.06,0,2.87343239444,1.45932294909,-1.42938417045,3.11165734117,1.83816023432,0.7853028544,1.37500001945,2.90000007388,1.04000015624
29,401,270.393320172,1,1.405,2.06,0,2.87398420021,1.45932279275,-1.42938399385,3.11165732041,1.83760843698,0.785302852425,1.40476192936,2.90000007247,1.04000015624
29,402,270.443320172,1,1.40476190476,2.06,0,2.87343239444,1.45932294909,-1.42938417045,3.11165734117,1.83816023432,0.7853028544,1.40476192421,2.90000007388,1.04000015624
29,403,271.435383664,1,1.43476190476,2.06,0,2.87398420021,1.45932279275,-1.42938399385,3.11165732041,1.83760843698,0.785302852425,1.43452383412,2.90000007247,1.04000015624
29,404,271.485383664,1,1.43452380952,2.06,0,2.87343239444,1.45932294909,-1.42938417045,3.11165734117,1.83816023432,0.7853028544,1.43452382897,2.90000007388,1.04000015624
29,405,272.477447156,1,1.46452380952,2.06,0,2.87398420021,1.45932279275,-1.42938399385,3.11165732041,1.83760843698,0.785302852425,1.46428573888,2.90000007247,1.04000015624
29,406,272.527447156,1,1.46428571429,2.06,0,2.87343239444,1.45932294909,-1.42938417045,3.11165734117,1.83816023432,0.7853028544,1.46428573373,2.90000007388,1.04000015624
29,407,273.519510648,1,1.49428571429,2.06,0,2.87398420021,1.45932279275,-1.42938399385,3.11165732041,1.83760843698,0.785302852425,1.49404764364,2.90000007247,1.04000015624
29,408,273.569510648,1,1.49404761905,2.06,0,2.87343239444,1.45932294909,-1.42938417045,3.11165734117,1.83816023432,0.7853028544,1.4940476385,2.90000007388,1.04000015624
29,409,274.56157414,1,1.52404761905,2.06,0,2.87398420021,1.45932279275,-1.42938399385,3.11165732041,1.83760843698,0.785302852425,1.5238095484,2.90000007247,1.04000015624
29,410,274.61157414,1,1.52380952381,2.06,0,2.87343239444,1.45932294909,-1.42938417045,3.11165734117,1.83816023432,0.7853028544,1.52380954326,2.90000007388,1.04000015624
29,411,275.603637632,1,1.55380952381,2.06,0,2.87398420021,1.45932279275,-1.42938399385,3.11165732041,1.83760843698,0.785302852425,1.55357145317,2.90000007247,1.04000015624
29,412,275.653637632,1,1.55357142857,2.06,0,2.87343239444,1.45932294909,-1.42938417045,3.11165734117,1.83816023432,0.7853028544,1.55357144802,2.90000007388,1.04000015624
29,413,276.645701124,1,1.58357142857,2.06,0,2.87398420021,1.45932279275,-1.42938399385,3.11165732041,1.83760843698,0.785302852425,1.58333335793,2.90000007247,1.04000015624
29,414,276.695701124,1,1.58333333333,2.06,0,2.87343239444,1.45932294909,-1.42938417045,3.11165734117,1.83816023432,0.7853028544,1.58333335278,2.90000007388,1.04000015624
29,415,277.687764616,1,1.61333333333,2.06,0,2.87398420021,1.45932279275,-1.42938399385,3.11165732041,1.83760843698,0.785302852425,1.61309526269,2.90000007247,1.04000015624
29,416,277.737764616,1,1.6130952381,2.06,0,2.87343239444,1.45932294909,-1.42938417045,3.11165734117,1.83816023432,0.7853028544,1.61309525754,2.90000007388,1.04000015624
29,417,278.729828108,1,1.6430952381,2.06,0,2.87398420021,1.45932279275,-1.42938399385,3.11165732041,1.83760843698,0.785302852425,1.64285716745,2.90000007247,1.04000015624
29,418,278.779828108,1,1.64285714286,2.06,0,2.87343239444,1.45932294909,-1.42938417045,3.11165734117,1.83816023432,0.7853028544,1.64285716231,2.90000007388,1.04000015624
29,419,279.7718916,1,1.67285714286,2.06,0,2.87398420021,1.45932279275,-1.42938399385,3.11165732041,1.83760843698,0.785302852425,1.67261907221,2.90000007247,1.04000015624
29,420,279.8218916,1,1.67261904762,2.06,0,2.87343239444,1.45932294909,-1.42938417045,3.11165734117,1.83816023432,0.7853028544,1.67261906707,2.90000007388,1.04000015624
29,421,280.813955092,1,1.70261904762,2.06,0,2.87398420021,1.45932279275,-1.42938399385,3.11165732041,1.83760843698,0.785302852425,1.70238097697,2.90000007247,1.04000015624
29,422,280.863955092,1,1.70238095238,2.06,0,2.87343239444,1.45932294909,-1.42938417045,3.11165734117,1.83816023432,0.7853028544,1.70238097183,2.90000007388,1.04000015624
29,423,281.856018584,1,1.73238095238,2.06,0,2.87398420021,1.45932279275,-1.42938399385,3.11165732041,1.83760843698,0.785302852425,1.73214288174,2.90000007247,1.04000015624
29,424,281.906018584,1,1.73214285714,2.06,0,2.87343239444,1.45932294909,-1.42938417045,3.11165734117,1.83816023432,0.7853028544,1.73214287659,2.90000007388,1.04000015624
29,425,282.898082077,1,1.76214285714,2.06,0,2.87398420021,1.45932279275,-1.42938399385,3.11165732041,1.83760843698,0.785302852425,1.7619047865,2.90000007247,1.04000015624
29,426,282.948082077,1,1.7619047619,2.06,0,2.87343239444,1.45932294909,-1.42938417045,3.11165734117,1.83816023432,0.7853028544,1.76190478135,2.90000007388,1.04000015624
29,427,283.940145569,1,1.7919047619,2.06,0,2.87398420021,1.45932279275,-1.42938399385,3.11165732041,1.83760843698,0.785302852425,1.79166669126,2.90000007247,1.04000015624
29,428,283.990145569,1,1.79166666667,2.06,0,2.87343239444,1.45932294909,-1.42938417045,3.11165734117,1.83816023432,0.7853028544,1.79166668612,2.90000007388,1.04000015624
29,429,284.982209061,1,1.82166666667,2.06,0,2.87398420021,1.45932279275,-1.42938399385,3.11165732041,1.83760843698,0.785302852425,1.82142859602,2.90000007247,1.04000015624
29,430,285.032209061,1,1.82142857143,2.06,0,2.87343239444,1.45932294909,-1.42938417045,3.11165734117,1.83816023432,0.7853028544,1.82142859088,2.90000007388,1.04000015624
29,431,286.024272553,1,1.85142857143,2.06,0,2.87398420021,1.45932279275,-1.42938399385,3.11165732041,1.83760843698,0.785302852425,1.85119050078,2.90000007247,1.04000015624
29,432,286.074272553,1,1.85119047619,2.06,0,2.87343239444,1.45932294909,-1.42938417045,3.11165734117,1.83816023432,0.7853028544,1.85119049564,2.90000007388,1.04000015624
29,433,287.066336045,1,1.88119047619,2.06,0,2.87398420021,1.45932279275,-1.42938399385,3.11165732041,1.83760843698,0.785302852425,1.88095240555,2.90000007247,1.04000015624
29,434,287.116336045,1,1.88095238095,2.06,0,2.87343239444,1.45932294909,-1.42938417045,3.11165734117,1.83816023432,0.7853028544,1.8809524004,2.90000007388,1.04000015624
29,435,288.108399537,1,1.91095238095,2.06,0,2.87398420021,1.45932279275,-1.42938399385,3.11165732041,1.83760843698,0.785302852425,1.91071431031,2.90000007247,1.04000015624
29,436,288.158399537,1,1.91071428571,2.06,0,2.87343239444,1.45932294909,-1.42938417045,3.11165734117,1.83816023432,0.7853028544,1.91071430516,2.90000007388,1.04000015624
29,437,289.150463029,1,1.94071428571,2.06,0,2.87398420021,1.45932279275,-1.42938399385,3.11165732041,1.83760843698,0.785302852425,1.94047621507,2.90000007247,1.04000015624
29,438,289.200463029,1,1.94047619048,2.06,0,2.87343239444,1.45932294909,-1.42938417045,3.11165734117,1.83816023432,0.7853028544,1.94047620992,2.90000007388,1.04000015624
29,439,290.192526521,1,1.97047619048,2.06,0,2.87398420021,1.45932279275,-1.42938399385,3.11165732041,1.83760843698,0.785302852425,1.97023811983,2.90000007247,1.04000015624
29,440,290.242526521,1,1.97023809524,2.06,0,2.87343239444,1.45932294909,-1.42938417045,3.11165734117,1.83816023432,0.7853028544,1.97023811469,2.90000007388,1.04000015624
29,441,291.234590013,1,2.00023809524,2.06,0,2.87398420021,1.45932279275,-1.42938399385,3.11165732041,1.83760843698,0.785302852425,2.00000002459,2.90000007247,1.04000015624
29,442,291.284590013,1,2,2.06,0,2.87343239444,1.45932294909,-1.42938417045,3.11165734117,1.83816023432,0.7853028544,2.00000001945,2.90000007388,1.04000015624
29,443,292.276653505,1,2.03,2.06,0,2.87398420021,1.45932279275,-1.42938399385,3.11165732041,1.83760843698,0.785302852425,2.02976192936,2.90000007247,1.04000015624
29,444,292.326653505,1,2.02976190476,2.06,0,2.87343239444,1.45932294909,-1.42938417045,3.11165734117,1.83816023432,0.7853028544,2.02976192421,2.90000007388,1.04000015624
29,445,293.318716997,1,2.05976190476,2.06,0,2.87398420021,1.45932279275,-1.42938399385,3.11165732041,1.83760843698,0.785302852425,2.05952383412,2.90000007247,1.04000015624
29,446,293.368716997,1,2.05952380952,2.06,0,2.87343239444,1.45932294909,-1.42938417045,3.11165734117,1.83816023432,0.7853028544,2.05952382897,2.90000007388,1.04000015624
29,447,294.360780489,1,2.08952380952,2.06,0,2.87398420021,1.45932279275,-1.42938399385,3.11165732041,1.83760843698,0.785302852425,2.08928573888,2.90000007247,1.04000015624
29,448,294.410780489,1,2.08928571429,2.06,0,2.87343239444,1.45932294909,-1.42938417045,3.11165734117,1.83816023432,0.7853028544,2.08928573373,2.90000007388,1.04000015624
29,449,295.402843981,1,2.11928571429,2.06,0,2.87398420021,1.45932279275,-1.42938399385,3.11165732041,1.83760843698,0.785302852425,2.11904764364,2.90000007247,1.04000015624
29,450,295.452843981,1,2.11904761905,2.06,0,2.87343239444,1.45932294909,-1.42938417045,3.11165734117,1.83816023432,0.7853028544,2.1190476385,2.90000007388,1.04000015624
29,451,296.444907473,1,2.14904761905,2.06,0,2.87398420021,1.45932279275,-1.42938399385,3.11165732041,1.83760843698,0.785302852425,2.1488095484,2.90000007247,1.04000015624
29,452,296.494907473,1,2.14880952381,2.06,0,2.87343239444,1.45932294909,-1.42938417045,3.11165734117,1.83816023432,0.7853028544,2.14880954326,2.90000007388,1.04000015624
29,453,297.486970965,1,2.17880952381,2.06,0,2.87398420021,1.45932279275,-1.42938399385,3.11165732041,1.83760843698,0.785302852425,2.17857145317,2.90000007247,1.04000015624
29,454,297.536970965,1,2.17857142857,2.06,0,2.87343239444,1.45932294909,-1.42938417045,3.11165734117,1.83816023432,0.7853028544,2.17857144802,2.90000007388,1.04000015624
29,455,298.529034458,1,2.20857142857,2.06,0,2.87398420021,1.45932279275,-1.42938399385,3.11165732041,1.83760843698,0.785302852425,2.20833335793,2.90000007247,1.04000015624
29,456,298.579034458,1,2.20833333333,2.06,0,2.87343239444,1.45932294909,-1.42938417045,3.11165734117,1.83816023432,0.7853028544,2.20833335278,2.90000007388,1.04000015624
29,457,299.57109795,1,2.23833333333,2.06,0,2.87398420021,1.45932279275,-1.42938399385,3.11165732041,1.83760843698,0.785302852425,2.23809526269,2.90000007247,1.04000015624
29,458,299.62109795,1,2.2380952381,2.06,0,2.87343239444,1.45932294909,-1.42938417045,3.11165734117,1.83816023432,0.7853028544,2.23809525754,2.90000007388,1.04000015624
29,459,300.613161442,1,2.2680952381,2.06,0,2.87398420021,1.45932279275,-1.42938399385,3.11165732041,1.83760843698,0.785302852425,2.26785716745,2.90000007247,1.04000015624
29,460,300.663161442,1,2.26785714286,2.06,0,2.87343239444,1.45932294909,-1.42938417045,3.11165734117,1.83816023432,0.7853028544,2.26785716231,2.90000007388,1.04000015624
29,461,301.655224934,1,2.29785714286,2.06,0,2.87398420021,1.45932279275,-1.42938399385,3.11165732041,1.83760843698,0.785302852425,2.29761907221,2.90000007247,1.04000015624
29,462,301.705224934,1,2.29761904762,2.06,0,2.87343239444,1.45932294909,-1.42938417045,3.11165734117,1.83816023432,0.7853028544,2.29761906707,2.90000007388,1.04000015624
29,463,302.697288426,1,2.32761904762,2.06,0,2.87398420021,1.45932279275,-1.42938399385,3.11165732041,1.83760843698,0.785302852425,2.32738097697,2.90000007247,1.04000015624
29,464,302.747288426,1,2.32738095238,2.06,0,2.87343239444,1.45932294909,-1.42938417045,3.11165734117,1.83816023432,0.7853028544,2.32738097183,2.90000007388,1.04000015624
29,465,303.739351918,1,2.35738095238,2.06,0,2.87398420021,1.45932279275,-1.42938399385,3.11165732041,1.83760843698,0.785302852425,2.35714288174,2.90000007247,1.04000015624
29,466,303.789351918,1,2.35714285714,2.06,0,2.87343239444,1.45932294909,-1.42938417045,3.11165734117,1.83816023432,0.7853028544,2.35714287659,2.90000007388,1.04000015624
29,467,304.78141541,1,2.38714285714,2.06,0,2.87398420021,1.45932279275,-1.42938399385,3.11165732041,1.83760843698,0.785302852425,2.3869047865,2.90000007247,1.04000015624
29,468,304.83141541,1,2.3869047619,2.06,0,2.87343239444,1.45932294909,-1.42938417045,3.11165734117,1.83816023432,0.7853028544,2.38690478135,2.90000007388,1.04000015624
29,469,305.823478902,1,2.4169047619,2.06,0,2.87398420021,1.45932279275,-1.42938399385,3.11165732041,1.83760843698,0.785302852425,2.41666669126,2.90000007247,1.04000015624
29,470,305.873478902,1,2.41666666667,2.06,0,2.87343239444,1.45932294909,-1.42938417045,3.11165734117,1.83816023432,0.7853028544,2.41666668612,2.90000007388,1.04000015624
29,471,306.865542394,1,2.44666666667,2.06,0,2.87398420021,1.45932279275,-1.42938399385,3.11165732041,1.83760843698,0.785302852425,2.44642859602,2.90000007247,1.04000015624
29,472,306.915542394,1,2.44642857143,2.06,0,2.87343239444,1.45932294909,-1.42938417045,3.11165734117,1.83816023432,0.7853028544,2.44642859088,2.90000007388,1.04000015624
29,473,307.907605886,1,2.47642857143,2.06,0,2.87398420021,1.45932279275,-1.42938399385,3.11165732041,1.83760843698,0.785302852425,2.47619050078,2.90000007247,1.04000015624
29,474,307.957605886,1,2.47619047619,2.06,0,2.87343239444,1.45932294909,-1.42938417045,3.11165734117,1.83816023432,0.7853028544,2.47619049564,2.90000007388,1.04000015624
29,475,308.949669378,1,2.50619047619,2.06,0,2.87398420021,1.45932279275,-1.42938399385,3.11165732041,1.83760843698,0.785302852425,2.50595240555,2.90000007247,1.04000015624
29,476,308.999669378,1,2.50595238095,2.06,0,2.87343239444,1.45932294909,-1.42938417045,3.11165734117,1.83816023432,0.7853028544,2.5059524004,2.90000007388,1.04000015624
29,477,309.99173287,1,2.53595238095,2.06,0,2.87398420021,1.45932279275,-1.42938399385,3.11165732041,1.83760843698,0.785302852425,2.53571431031,2.90000007247,1.04000015624
29,478,310.04173287,1,2.53571428571,2.06,0,2.87343239444,1.45932294909,-1.42938417045,3.11165734117,1.83816023432,0.7853028544,2.53571430516,2.90000007388,1.04000015624
29,479,311.033796362,1,2.56571428571,2.06,0,2.87398420021,1.45932279275,-1.42938399385,3.11165732041,1.83760843698,0.785302852425,2.56547621507,2.90000007247,1.04000015624
29,480,311.083796362,1,2.56547619048,2.06,0,2.87343239444,1.45932294909,-1.42938417045,3.11165734117,1.83816023432,0.7853028544,2.56547620992,2.90000007388,1.04000015624
29,481,312.075859854,1,2.59547619048,2.06,0,2.87398420021,1.45932279275,-1.42938399385,3.11165732041,1.83760843698,0.785302852425,2.59523811983,2.90000007247,1.04000015624
29,482,312.125859854,1,2.59523809524,2.06,0,2.87343239444,1.45932294909,-1.42938417045,3.11165734117,1.83816023432,0.7853028544,2.59523811469,2.90000007388,1.04000015624
29,483,313.117923346,1,2.62523809524,2.06,0,2.87398420021,1.45932279275,-1.42938399385,3.11165732041,1.83760843698,0.785302852425,2.62500002459,2.90000007247,1.04000015624
29,484,313.167923346,1,2.625,2.06,0,2.87343239444,1.45932294909,-1.42938417045,3.11165734117,1.83816023432,0.7853028544,2.62500001945,2.90000007388,1.04000015624
29,485,314.159986838,1,2.655,2.06,0,2.87398420021,1.45932279275,-1.42938399385,3.11165732041,1.83760843698,0.785302852425,2.65476192936,2.90000007247,1.04000015624
29,486,314.209986838,1,2.65476190476,2.06,0,2.87343239444,1.45932294909,-1.42938417045,3.11165734117,1.83816023432,0.7853028544,2.65476192421,2.90000007388,1.04000015624
29,487,315.202050331,1,2.68476190476,2.06,0,2.87398420021,1.45932279275,-1.42938399385,3.11165732041,1.83760843698,0.785302852425,2.68452383412,2.90000007247,1.04000015624
29,488,315.252050331,1,2.68452380952,2.06,0,2.87343239444,1.45932294909,-1.42938417045,3.11165734117,1.83816023432,0.7853028544,2.68452382897,2.90000007388,1.04000015624
29,489,316.244113823,1,2.71452380952,2.06,0,2.87398420021,1.45932279275,-1.42938399385,3.11165732041,1.83760843698,0.785302852425,2.71428573888,2.90000007247,1.04000015624
29,490,316.294113823,1,2.71428571429,2.06,0,2.87343239444,1.45932294909,-1.42938417045,3.11165734117,1.83816023432,0.7853028544,2.71428573373,2.90000007388,1.04000015624
29,491,317.286177315,1,2.74428571429,2.06,0,2.87398420021,1.45932279275,-1.42938399385,3.11165732041,1.83760843698,0.785302852425,2.74404764364,2.90000007247,1.04000015624
29,492,317.336177315,1,2.74404761905,2.06,0,2.87343239444,1.45932294909,-1.42938417045,3.11165734117,1.83816023432,0.7853028544,2.7440476385,2.90000007388,1.04000015624
29,493,318.328240807,1,2.77404761905,2.06,0,2.87398420021,1.45932279275,-1.42938399385,3.11165732041,1.83760843698,0.785302852425,2.7738095484,2.90000007247,1.04000015624
29,494,318.378240807,1,2.77380952381,2.06,0,2.87343239444,1.45932294909,-1.42938417045,3.11165734117,1.83816023432,0.7853028544,2.77380954326,2.90000007388,1.04000015624
29,495,319.370304299,1,2.80380952381,2.06,0,2.87398420021,1.45932279275,-1.42938399385,3.11165732041,1.83760843698,0.785302852425,2.80357145317,2.90000007247,1.04000015624
29,496,319.420304299,1,2.80357142857,2.06,0,2.87343239444,1.45932294909,-1.42938417045,3.11165734117,1.83816023432,0.7853028544,2.80357144802,2.90000007388,1.04000015624
29,497,320.412367791,1,2.83357142857,2.06,0,2.87398420021,1.45932279275,-1.42938399385,3.11165732041,1.83760843698,0.785302852425,2.83333335793,2.90000007247,1.04000015624
29,498,320.462367791,1,2.83333333333,2.06,0,2.87343239444,1.45932294909,-1.42938417045,3.11165734117,1.83816023432,0.7853028544,2.83333335278,2.90000007388,1.04000015624
29,499,321.454431283,1,2.86333333333,2.06,0,2.87398420021,1.45932279275,-1.42938399385,3.11165732041,1.83760843698,0.785302852425,2.86309526269,2.90000007247,1.04000015624
29,500,321.504431283,1,2.8630952381,2.06,0,2.87343239444,1.45932294909,-1.42938417045,3.11165734117,1.83816023432,0.7853028544,2.86309525754,2.90000007388,1.04000015624
29,501,322.496494775,1,2.8930952381,2.06,0,2.87398420021,1.45932279275,-1.42938399385,3.11165732041,1.83760843698,0.785302852425,2.89285716745,2.90000007247,1.04000015624
29,502,322.546494775,1,2.89285714286,2.06,0,2.87343239444,1.45932294909,-1.42938417045,3.11165734117,1.83816023432,0.7853028544,2.89285716231,2.90000007388,1.04000015624
29,503,323.538558267,1,2.92285714286,2.06,0,2.87398420021,1.45932279275,-1.42938399385,3.11165732041,1.83760843698,0.785302852425,2.92261907221,2.90000007247,1.04000015624
29,504,323.588558267,1,2.92261904762,2.06,0,2.87343239444,1.45932294909,-1.42938417045,3.11165734117,1.83816023432,0.7853028544,2.92261906707,2.90000007388,1.04000015624
29,505,324.580621759,1,2.95261904762,2.06,0,2.87398420021,1.45932279275,-1.42938399385,3.11165732041,1.83760843698,0.785302852425,2.95238097697,2.90000007247,1.04000015624
29,506,324.630621759,1,2.95238095238,2.06,0,2.87343239444,1.45932294909,-1.42938417045,3.11165734117,1.83816023432,0.7853028544,2.95238097183,2.90000007388,1.04000015624
29,507,325.622685251,1,2.98238095238,2.06,0,2.87398420021,1.45932279275,-1.42938399385,3.11165732041,1.83760843698,0.785302852425,2.98214288174,2.90000007247,1.04000015624
29,508,325.672685251,1,2.98214285714,2.06,0,2.87343239444,1.45932294909,-1.42938417045,3.11165734117,1.83816023432,0.7853028544,2.98214287659,2.90000007388,1.04000015624
29,509,326.664748743,1,3.01214285714,2.06,0,2.87398420021,1.45932279275,-1.42938399385,3.11165732041,1.83760843698,0.785302852425,3.0119047865,2.90000007247,1.04000015624
29,510,326.714748743,1,3.0119047619,2.06,0,2.87343239444,1.45932294909,-1.42938417045,3.11165734117,1.83816023432,0.7853028544,3.01190478135,2.90000007388,1.04000015624
29,511,327.706812235,1,3.0419047619,2.06,0,2.87398420021,1.45932279275,-1.42938399385,3.11165732041,1.83760843698,0.785302852425,3.04166669126,2.90000007247,1.04000015624
29,512,327.756812235,1,3.04166666667,2.06,0,2.87343239444,1.45932294909,-1.42938417045,3.11165734117,1.83816023432,0.7853028544,3.04166668612,2.90000007388,1.04000015624
29,513,328.748875727,1,3.07166666667,2.06,0,2.87398420021,1.45932279275,-1.42938399385,3.11165732041,1.83760843698,0.785302852425,3.07142859602,2.90000007247,1.04000015624
29,514,328.798875727,1,3.07142857143,2.06,0,2.87343239444,1.45932294909,-1.42938417045,3.11165734117,1.83816023432,0.7853028544,3.07142859088,2.90000007388,1.04000015624
29,515,329.790939219,1,3.10142857143,2.06,0,2.87398420021,1.45932279275,-1.42938399385,3.11165732041,1.83760843698,0.785302852425,3.10119050078,2.90000007247,1.04000015624
29,516,329.840939219,1,3.10119047619,2.06,0,2.87343239444,1.45932294909,-1.42938417045,3.11165734117,1.83816023432,0.7853028544,3.10119049564,2.90000007388,1.04000015624
29,517,330.833002711,1,3.13119047619,2.06,0,2.87398420021,1.45932279275,-1.42938399385,3.11165732041,1.83760843698,0.785302852425,3.13095240555,2.90000007247,1.04000015624
29,518,330.883002711,1,3.13095238095,2.06,0,2.87343239444,1.45932294909,-1.42938417045,3.11165734117,1.83816023432,0.7853028544,3.1309524004,2.90000007388,1.04000015624
29,519,331.875066204,1,3.16095238095,2.06,0,2.87398420021,1.45932279275,-1.42938399385,3.11165732041,1.83760843698,0.785302852425,3.16071431031,2.90000007247,1.04000015624
29,520,331.925066204,1,3.16071428571,2.06,0,2.87343239444,1.45932294909,-1.42938417045,3.11165734117,1.83816023432,0.7853028544,3.16071430516,2.90000007388,1.04000015624
29,521,332.917129696,1,3.19071428571,2.06,0,2.87398420021,1.45932279275,-1.42938399385,3.11165732041,1.83760843698,0.785302852425,3.19047621507,2.90000007247,1.04000015624
29,522,332.967129696,1,3.19047619048,2.06,0,2.87343239444,1.45932294909,-1.42938417045,3.11165734117,1.83816023432,0.7853028544,3.19047620992,2.90000007388,1.04000015624
29,523,333.959193188,1,3.22047619048,2.06,0,2.87398420021,1.45932279275,-1.42938399385,3.11165732041,1.83760843698,0.785302852425,3.22023811983,2.90000007247,1.04000015624
29,524,334.009193188,1,3.22023809524,2.06,0,2.87343239444,1.45932294909,-1.42938417045,3.11165734117,1.83816023432,0.7853028544,3.22023811469,2.90000007388,1.04000015624
29,525,335.00125668,1,3.25023809524,2.06,0,2.87398420021,1.45932279275,-1.42938399385,3.11165732041,1.83760843698,0.785302852425,3.25000002459,2.90000007247,1.04000015624
29,526,335.05125668,1,3.25,2.06,0,2.87343239444,1.45932294909,-1.42938417045,3.11165734117,1.83816023432,0.7853028544,3.25000001945,2.90000007388,1.04000015624
29,527,336.884590013,1,3.25,2.06,0,2.87343245733,1.45493120169,-1.34959649668,3.03626235092,1.83816017565,0.785303101709,3.25000002203,2.89999980632,1.06749969613
29,528,338.717923346,1,3.25,2.06,0,2.8734326724,1.44544412346,-1.26334107825,2.95949409222,1.83815996059,0.785303123245,3.25000002203,2.89999976276,1.0949996404
29,529,340.595357145,1,3.25,2.06,0,2.8734328804,1.43046212505,-1.16946938833,2.88060451206,1.83815975259,0.78530315266,3.25000002203,2.89999970807,1.12249956498
29,530,342.659923784,1,3.25,2.06,0,2.87343307685,1.40930756864,-1.06624105638,2.79853089391,1.83815955613,0.785303194238,3.25000002203,2.89999963519,1.14999945866
29,531,344.967164503,1,3.25,2.06,0,2.87343325284,1.38081639712,-0.950879020428,2.71166026491,1.83815938015,0.785303256436,3.25000002203,2.89999953006,1.17749929904
29,532,347.613963078,1,3.25,2.06,0,2.87343338771,1.34286015657,-0.818539091652,2.61727696377,1.83815924528,0.7853033587,3.25000002203,2.89999936017,1.20499903411
29,533,350.797361411,1,3.25,2.06,0,2.87343341986,1.29098494145,-0.659369175013,2.50998301781,1.83815921313,0.785303558308,3.25000002203,2.89999902848,1.23249850871
29,534,355.067137073,1,3.25,2.06,0,2.8734330387,1.21257265727,-0.445880391916,2.37490871583,1.8381595943,0.785304138716,3.25000002203,2.8999980457,1.25999694211
29,535,356.059200565,1,3.22,2.06,0,2.87288258131,1.21254735802,-0.445821528936,2.37487035664,1.83871004745,0.785302873697,3.2202381147,2.9000000555,1.26000014609
29,536,356.109200565,1,3.22023809524,2.06,0,2.87343430407,1.21254762136,-0.445821936471,2.37487049895,1.83815833313,0.785302871311,3.22023811985,2.90000005467,1.260000147
29,537,357.101264057,1,3.19023809524,2.06,0,2.8728825817,1.21254735097,-0.4458215125,2.3748703459,1.83871004706,0.785302873329,3.19047620993,2.90000005607,1.26000014699
29,538,357.151264057,1,3.19047619048,2.06,0,2.87343430407,1.21254762136,-0.445821936466,2.37487049895,1.83815833313,0.785302871311,3.19047621509,2.90000005467,1.260000147
29,539,358.143327549,1,3.16047619048,2.06,0,2.8728825817,1.21254735097,-0.4458215125,2.3748703459,1.83871004706,0.785302873329,3.16071430517,2.90000005607,1.26000014699
29,540,358.193327549,1,3.16071428571,2.06,0,2.87343430407,1.21254762137,-0.445821936473,2.37487049895,1.83815833313,0.785302871311,3.16071431032,2.90000005467,1.260000147
29,541,359.185391041,1,3.13071428571,2.06,0,2.8728825817,1.21254735097,-0.445821512507,2.37487034591,1.83871004706,0.785302873329,3.13095240041,2.90000005607,1.26000014699
29,542,359.235391041,1,3.13095238095,2.06,0,2.87343430407,1.21254762137,-0.445821936473,2.37487049895,1.83815833313,0.785302871311,3.13095240556,2.90000005467,1.260000147
29,543,360.227454533,1,3.10095238095,2.06,0,2.8728825817,1.21254735097,-0.445821512507,2.37487034591,1.83871004706,0.785302873329,3.10119049565,2.90000005607,1.26000014699
29,544,360.277454533,1,3.10119047619,2.06,0,2.87343430407,1.21254762137,-0.445821936473,2.37487049895,1.83815833313,0.785302871311,3.1011905008,2.90000005467,1.260000147
29,545,361.269518025,1,3.07119047619,2.06,0,2.8728825817,1.21254735097,-0.445821512507,2.37487034591,1.83871004706,0.785302873329,3.07142859089,2.90000005607,1.26000014699
29,546,361.319518025,1,3.07142857143,2.06,0,2.87343430407,1.21254762136,-0.445821936466,2.37487049895,1.83815833313,0.785302871311,3.07142859604,2.90000005467,1.260000147
29,547,362.311581517,1,3.04142857143,2.06,0,2.8728825817,1.21254735097,-0.445821512507,2.37487034591,1.83871004706,0.785302873329,3.04166668612,2.90000005607,1.26000014699
29,548,362.361581517,1,3.04166666667,2.06,0,2.87343430407,1.21254762136,-0.445821936466,2.37487049895,1.83815833313,0.785302871311,3.04166669128,2.90000005467,1.260000147
29,549,363.35364501,1,3.01166666667,2.06,0,2.8728825817,1.21254735097,-0.4458215125,2.3748703459,1.83871004706,0.785302873329,3.01190478136,2.90000005607,1.26000014699
29,550,363.40364501,1,3.0119047619,2.06,0,2.87343430407,1.21254762136,-0.445821936466,2.37487049895,1.83815833313,0.785302871311,3.01190478652,2.90000005467,1.260000147
29,551,364.395708502,1,2.9819047619,2.06,0,2.8728825817,1.21254735097,-0.445821512507,2.37487034591,1.83871004706,0.785302873329,2.9821428766,2.90000005607,1.26000014699
29,552,364.445708502,1,2.98214285714,2.06,0,2.87343430407,1.21254762136,-0.445821936466,2.37487049895,1.83815833313,0.785302871311,2.98214288175,2.90000005467,1.260000147
29,553,365.437771994,1,2.95214285714,2.06,0,2.8728825817,1.21254735097,-0.445821512507,2.37487034591,1.83871004706,0.785302873329,2.95238097184,2.90000005607,1.26000014699
29,554,365.487771994,1,2.95238095238,2.06,0,2.87343430407,1.21254762137,-0.445821936473,2.37487049895,1.83815833313,0.785302871311,2.95238097699,2.90000005467,1.260000147
29,555,366.479835486,1,2.92238095238,2.06,0,2.8728825817,1.21254735097,-0.445821512507,2.37487034591,1.83871004706,0.785302873329,2.92261906708,2.90000005607,1.26000014699
29,556,366.529835486,1,2.92261904762,2.06,0,2.87343430407,1.21254762136,-0.445821936466,2.37487049895,1.83815833313,0.785302871311,2.92261907223,2.90000005467,1.260000147
29,557,367.521898978,1,2.89261904762,2.06,0,2.8728825817,1.21254735097,-0.445821512507,2.37487034591,1.83871004706,0.785302873329,2.89285716231,2.90000005607,1.26000014699
29,558,367.571898978,1,2.89285714286,2.06,0,2.87343430407,1.21254762137,-0.445821936473,2.37487049895,1.83815833313,0.785302871311,2.89285716747,2.90000005467,1.260000147
29,559,368.56396247,1,2.86285714286,2.06,0,2.8728825817,1.21254735097,-0.4458215125,2.3748703459,1.83871004706,0.785302873329,2.86309525755,2.90000005607,1.26000014699
29,560,368.61396247,1,2.8630952381,2.06,0,2.87343430407,1.21254762137,-0.445821936473,2.37487049895,1.83815833313,0.785302871311,2.86309526271,2.90000005467,1.260000147
29,561,369.606025962,1,2.8330952381,2.06,0,2.8728825817,1.21254735097,-0.445821512507,2.37487034591,1.83871004706,0.785302873329,2.83333335279,2.90000005607,1.26000014699
29,562,369.656025962,1,2.83333333333,2.06,0,2.87343430407,1.21254762137,-0.445821936473,2.37487049895,1.83815833313,0.785302871311,2.83333335794,2.90000005467,1.260000147
29,563,370.648089454,1,2.80333333333,2.06,0,2.8728825817,1.21254735097,-0.445821512507,2.37487034591,1.83871004706,0.785302873329,2.80357144803,2.90000005607,1.26000014699
29,564,370.698089454,1,2.80357142857,2.06,0,2.87343430407,1.21254762137,-0.445821936473,2.37487049895,1.83815833313,0.785302871311,2.80357145318,2.90000005467,1.260000147
29,565,371.690152946,1,2.77357142857,2.06,0,2.8728825817,1.21254735097,-0.4458215125,2.3748703459,1.83871004706,0.785302873329,2.77380954327,2.90000005607,1.26000014699
29,566,371.740152946,1,2.77380952381,2.06,0,2.87343430407,1.21254762136,-0.445821936466,2.37487049895,1.83815833313,0.785302871311,2.77380954842,2.90000005467,1.260000147
29,567,372.732216438,1,2.74380952381,2.06,0,2.8728825817,1.21254735097,-0.445821512507,2.37487034591,1.83871004706,0.785302873329,2.7440476385,2.90000005607,1.26000014699
29,568,372.782216438,1,2.74404761905,2.06,0,2.87343430407,1.21254762137,-0.445821936473,2.37487049895,1.83815833313,0.785302871311,2.74404764366,2.90000005467,1.260000147
29,569,373.77427993,1,2.71404761905,2.06,0,2.8728825817,1.21254735097,-0.445821512507,2.37487034591,1.83871004706,0.785302873329,2.71428573374,2.90000005607,1.26000014699
29,570,373.82427993,1,2.71428571429,2.06,0,2.87343430407,1.21254762137,-0.445821936473,2.37487049895,1.83815833313,0.785302871311,2.7142857389,2.90000005467,1.260000147
29,571,374.816343422,1,2.68428571429,2.06,0,2.8728825817,1.21254735097,-0.445821512507,2.37487034591,1.83871004706,0.785302873329,2.68452382898,2.90000005607,1.26000014699
29,572,374.866343422,1,2.68452380952,2.06,0,2.87343430407,1.21254762137,-0.445821936473,2.37487049895,1.83815833313,0.785302871311,2.68452383413,2.90000005467,1.260000147
29,573,375.858406914,1,2.65452380952,2.06,0,2.8728825817,1.21254735097,-0.4458215125,2.3748703459,1.83871004706,0.785302873329,2.65476192422,2.90000005607,1.26000014699
29,574,375.908406914,1,2.65476190476,2.06,0,2.87343430407,1.21254762137,-0.445821936473,2.37487049895,1.83815833313,0.785302871311,2.65476192937,2.90000005467,1.260000147
29,575,376.900470406,1,2.62476190476,2.06,0,2.8728825817,1.21254735097,-0.445821512507,2.37487034591,1.83871004706,0.785302873329,2.62500001946,2.90000005607,1.26000014699
29,576,376.950470406,1,2.625,2.06,0,2.87343430407,1.21254762136,-0.445821936466,2.37487049895,1.83815833313,0.785302871311,2.62500002461,2.90000005467,1.260000147
29,577,377.942533898,1,2.595,2.06,0,2.8728825817,1.21254735097,-0.445821512507,2.37487034591,1.83871004706,0.785302873329,2.59523811469,2.90000005607,1.26000014699
29,578,377.992533898,1,2.59523809524,2.06,0,2.87343430407,1.21254762136,-0.445821936466,2.37487049895,1.83815833313,0.785302871311,2.59523811985,2.90000005467,1.260000147
29,579,378.98459739,1,2.56523809524,2.06,0,2.8728825817,1.21254735097,-0.445821512507,2.37487034591,1.83871004706,0.785302873329,2.56547620993,2.90000005607,1.26000014699
29,580,379.03459739,1,2.56547619048,2.06,0,2.87343430407,1.21254762136,-0.445821936466,2.37487049895,1.83815833313,0.785302871311,2.56547621509,2.90000005467,1.260000147
29,581,380.026660883,1,2.53547619048,2.06,0,2.8728825817,1.21254735097,-0.445821512507,2.37487034591,1.83871004706,0.785302873329,2.53571430517,2.90000005607,1.26000014699
29,582,380.076660883,1,2.53571428571,2.06,0,2.87343430407,1.21254762136,-0.445821936466,2.37487049895,1.83815833313,0.785302871311,2.53571431032,2.90000005467,1.260000147
29,583,381.068724375,1,2.50571428571,2.06,0,2.8728825817,1.21254735097,-0.445821512507,2.37487034591,1.83871004706,0.785302873329,2.50595240041,2.90000005607,1.26000014699
29,584,381.118724375,1,2.50595238095,2.06,0,2.87343430407,1.21254762137,-0.445821936473,2.37487049895,1.83815833313,0.785302871311,2.50595240556,2.90000005467,1.260000147
29,585,382.110787867,1,2.47595238095,2.06,0,2.8728825817,1.21254735097,-0.4458215125,2.3748703459,1.83871004706,0.785302873329,2.47619049565,2.90000005607,1.26000014699
29,586,382.160787867,1,2.47619047619,2.06,0,2.87343430407,1.21254762136,-0.445821936466,2.37487049895,1.83815833313,0.785302871311,2.4761905008,2.90000005467,1.260000147
29,587,383.152851359,1,2.44619047619,2.06,0,2.8728825817,1.21254735097,-0.445821512507,2.37487034591,1.83871004706,0.785302873329,2.44642859089,2.90000005607,1.26000014699
29,588,383.202851359,1,2.44642857143,2.06,0,2.87343430407,1.21254762136,-0.445821936466,2.37487049895,1.83815833313,0.785302871311,2.44642859604,2.90000005467,1.260000147
29,589,384.194914851,1,2.41642857143,2.06,0,2.8728825817,1.21254735097,-0.445821512507,2.37487034591,1.83871004706,0.785302873329,2.41666668612,2.90000005607,1.26000014699
29,590,384.244914851,1,2.41666666667,2.06,0,2.87343430407,1.21254762136,-0.445821936466,2.37487049895,1.83815833313,0.785302871311,2.41666669128,2.90000005467,1.260000147
29,591,385.236978343,1,2.38666666667,2.06,0,2.8728825817,1.21254735097,-0.445821512507,2.37487034591,1.83871004706,0.785302873329,2.38690478136,2.90000005607,1.26000014699
29,592,385.286978343,1,2.3869047619,2.06,0,2.87343430407,1.21254762137,-0.445821936473,2.37487049895,1.83815833313,0.785302871311,2.38690478652,2.90000005467,1.260000147
29,593,386.279041835,1,2.3569047619,2.06,0,2.8728825817,1.21254735097,-0.445821512507,2.37487034591,1.83871004706,0.785302873329,2.3571428766,2.90000005607,1.26000014699
29,594,386.329041835,1,2.35714285714,2.06,0,2.87343430407,1.21254762136,-0.445821936466,2.37487049895,1.83815833313,0.785302871311,2.35714288175,2.90000005467,1.260000147
29,595,387.321105327,1,2.32714285714,2.06,0,2.8728825817,1.21254735097,-0.445821512507,2.37487034591,1.83871004706,0.785302873329,2.32738097184,2.90000005607,1.26000014699
29,596,387.371105327,1,2.32738095238,2.06,0,2.87343430407,1.21254762137,-0.445821936473,2.37487049895,1.83815833313,0.785302871311,2.32738097699,2.90000005467,1.260000147
29,597,388.363168819,1,2.29738095238,2.06,0,2.8728825817,1.21254735097,-0.445821512507,2.37487034591,1.83871004706,0.785302873329,2.29761906708,2.90000005607,1.26000014699
29,598,388.413168819,1,2.29761904762,2.06,0,2.87343430407,1.21254762136,-0.445821936466,2.37487049895,1.83815833313,0.785302871311,2.29761907223,2.90000005467,1.260000147
29,599,389.405232311,1,2.26761904762,2.06,0,2.8728825817,1.21254735097,-0.4458215125,2.3748703459,1.83871004706,0.785302873329,2.26785716231,2.90000005607,1.26000014699
29,600,389.455232311,1,2.26785714286,2.06,0,2.87343430407,1.21254762136,-0.445821936466,2.37487049895,1.83815833313,0.785302871311,2.26785716747,2.90000005467,1.260000147
29,601,390.447295803,1,2.23785714286,2.06,0,2.8728825817,1.21254735097,-0.445821512507,2.37487034591,1.83871004706,0.785302873329,2.23809525755,2.90000005607,1.26000014699
29,602,390.497295803,1,2.2380952381,2.06,0,2.87343430407,1.21254762136,-0.445821936466,2.37487049895,1.83815833313,0.785302871311,2.23809526271,2.90000005467,1.260000147
29,603,391.489359295,1,2.2080952381,2.06,0,2.8728825817,1.21254735097,-0.445821512507,2.37487034591,1.83871004706,0.785302873329,2.20833335279,2.90000005607,1.26000014699
29,604,391.539359295,1,2.20833333333,2.06,0,2.87343430407,1.21254762136,-0.445821936466,2.37487049895,1.83815833313,0.785302871311,2.20833335794,2.90000005467,1.260000147
29,605,392.531422787,1,2.17833333333,2.06,0,2.8728825817,1.21254735097,-0.445821512507,2.37487034591,1.83871004706,0.785302873329,2.17857144803,2.90000005607,1.26000014699
29,606,392.581422787,1,2.17857142857,2.06,0,2.87343430407,1.21254762136,-0.445821936466,2.37487049895,1.83815833313,0.785302871311,2.17857145318,2.90000005467,1.260000147
29,607,393.573486279,1,2.14857142857,2.06,0,2.8728825817,1.21254735097,-0.445821512507,2.37487034591,1.83871004706,0.785302873329,2.14880954327,2.90000005607,1.26000014699
29,608,393.623486279,1,2.14880952381,2.06,0,2.87343430407,1.21254762136,-0.445821936466,2.37487049895,1.83815833313,0.785302871311,2.14880954842,2.90000005467,1.260000147
29,609,394.615549771,1,2.11880952381,2.06,0,2.8728825817,1.21254735097,-0.4458215125,2.3748703459,1.83871004706,0.785302873329,2.1190476385,2.90000005607,1.26000014699
29,610,394.665549771,1,2.11904761905,2.06,0,2.87343430407,1.21254762136,-0.445821936466,2.37487049895,1.83815833313,0.785302871311,2.11904764366,2.90000005467,1.260000147
29,611,395.657613263,1,2.08904761905,2.06,0,2.8728825817,1.21254735097,-0.445821512507,2.37487034591,1.83871004706,0.785302873329,2.08928573374,2.90000005607,1.26000014699
29,612,395.707613263,1,2.08928571429,2.06,0,2.87343430407,1.21254762136,-0.445821936466,2.37487049895,1.83815833313,0.785302871311,2.0892857389,2.90000005467,1.260000147
29,613,396.699676756,1,2.05928571429,2.06,0,2.8728825817,1.21254735097,-0.4458215125,2.3748703459,1.83871004706,0.785302873329,2.05952382898,2.90000005607,1.26000014699
29,614,396.749676756,1,2.05952380952,2.06,0,2.87343430407,1.21254762137,-0.445821936473,2.37487049895,1.83815833313,0.785302871311,2.05952383413,2.90000005467,1.260000147
29,615,397.741740248,1,2.02952380952,2.06,0,2.8728825817,1.21254735097,-0.4458215125,2.3748703459,1.83871004706,0.785302873329,2.02976192422,2.90000005607,1.26000014699
29,616,397.791740248,1,2.02976190476,2.06,0,2.87343430407,1.21254762137,-0.445821936473,2.37487049895,1.83815833313,0.785302871311,2.02976192937,2.90000005467,1.260000147
29,617,398.78380374,1,1.99976190476,2.06,0,2.8728825817,1.21254735097,-0.445821512507,2.37487034591,1.83871004706,0.785302873329,2.00000001946,2.90000005607,1.26000014699
29,618,398.83380374,1,2,2.06,0,2.87343430407,1.21254762137,-0.445821936473,2.37487049895,1.83815833313,0.785302871311,2.00000002461,2.90000005467,1.260000147
29,619,399.825867232,1,1.97,2.06,0,2.8728825817,1.21254735097,-0.445821512507,2.37487034591,1.83871004706,0.785302873329,1.97023811469,2.90000005607,1.26000014699
29,620,399.875867232,1,1.97023809524,2.06,0,2.87343430407,1.21254762136,-0.445821936466,2.37487049895,1.83815833313,0.785302871311,1.97023811985,2.90000005467,1.260000147
29,621,400.867930724,1,1.94023809524,2.06,0,2.8728825817,1.21254735097,-0.445821512507,2.37487034591,1.83871004706,0.785302873329,1.94047620993,2.90000005607,1.26000014699
29,622,400.917930724,1,1.94047619048,2.06,0,2.87343430407,1.21254762136,-0.445821936466,2.37487049895,1.83815833313,0.785302871311,1.94047621509,2.90000005467,1.260000147
29,623,401.909994216,1,1.91047619048,2.06,0,2.8728825817,1.21254735097,-0.445821512507,2.37487034591,1.83871004706,0.785302873329,1.91071430517,2.90000005607,1.26000014699
29,624,401.959994216,1,1.91071428571,2.06,0,2.87343430407,1.21254762136,-0.445821936466,2.37487049895,1.83815833313,0.785302871311,1.91071431032,2.90000005467,1.260000147
29,625,402.952057708,1,1.88071428571,2.06,0,2.8728825817,1.21254735097,-0.4458215125,2.3748703459,1.83871004706,0.785302873329,1.88095240041,2.90000005607,1.26000014699
29,626,403.002057708,1,1.88095238095,2.06,0,2.87343430407,1.21254762137,-0.445821936473,2.37487049895,1.83815833313,0.785302871311,1.88095240556,2.90000005467,1.260000147
29,627,403.9941212,1,1.85095238095,2.06,0,2.8728825817,1.21254735097,-0.445821512507,2.37487034591,1.83871004706,0.785302873329,1.85119049565,2.90000005607,1.26000014699
29,628,404.0441212,1,1.85119047619,2.06,0,2.87343430407,1.21254762137,-0.445821936473,2.37487049895,1.83815833313,0.785302871311,1.8511905008,2.90000005467,1.260000147
29,629,405.036184692,1,1.82119047619,2.06,0,2.8728825817,1.21254735097,-0.445821512507,2.37487034591,1.83871004706,0.785302873329,1.82142859089,2.90000005607,1.26000014699
29,630,405.086184692,1,1.82142857143,2.06,0,2.87343430407,1.21254762136,-0.445821936466,2.37487049895,1.83815833313,0.785302871311,1.82142859604,2.90000005467,1.260000147
29,631,406.078248184,1,1.79142857143,2.06,0,2.8728825817,1.21254735097,-0.445821512507,2.37487034591,1.83871004706,0.785302873329,1.79166668612,2.90000005607,1.26000014699
29,632,406.128248184,1,1.79166666667,2.06,0,2.87343430407,1.21254762136,-0.445821936466,2.37487049895,1.83815833313,0.785302871311,1.79166669128,2.90000005467,1.260000147
29,633,407.120311676,1,1.76166666667,2.06,0,2.8728825817,1.21254735097,-0.445821512507,2.37487034591,1.83871004706,0.785302873329,1.76190478136,2.90000005607,1.26000014699
29,634,407.170311676,1,1.7619047619,2.06,0,2.87343430407,1.21254762136,-0.445821936466,2.37487049895,1.83815833313,0.785302871311,1.76190478652,2.90000005467,1.260000147
29,635,408.162375168,1,1.7319047619,2.06,0,2.8728825817,1.21254735097,-0.445821512507,2.37487034591,1.83871004706,0.785302873329,1.7321428766,2.90000005607,1.26000014699
29,636,408.212375168,1,1.73214285714,2.06,0,2.87343430407,1.21254762136,-0.445821936466,2.37487049895,1.83815833313,0.785302871311,1.73214288175,2.90000005467,1.260000147
29,637,409.20443866,1,1.70214285714,2.06,0,2.8728825817,1.21254735097,-0.445821512507,2.37487034591,1.83871004706,0.785302873329,1.70238097184,2.90000005607,1.26000014699
29,638,409.25443866,1,1.70238095238,2.06,0,2.87343430407,1.21254762136,-0.445821936466,2.37487049895,1.83815833313,0.785302871311,1.70238097699,2.90000005467,1.260000147
29,639,410.246502152,1,1.67238095238,2.06,0,2.8728825817,1.21254735097,-0.4458215125,2.3748703459,1.83871004706,0.785302873329,1.67261906708,2.90000005607,1.26000014699
29,640,410.296502152,1,1.67261904762,2.06,0,2.87343430407,1.21254762136,-0.445821936466,2.37487049895,1.83815833313,0.785302871311,1.67261907223,2.90000005467,1.260000147
29,641,411.288565644,1,1.64261904762,2.06,0,2.8728825817,1.21254735097,-0.4458215125,2.3748703459,1.83871004706,0.785302873329,1.64285716231,2.90000005607,1.26000014699
29,642,411.338565644,1,1.64285714286,2.06,0,2.87343430407,1.21254762137,-0.445821936473,2.37487049895,1.83815833313,0.785302871311,1.64285716747,2.90000005467,1.260000147
29,643,412.330629137,1,1.61285714286,2.06,0,2.8728825817,1.21254735097,-0.4458215125,2.3748703459,1.83871004706,0.785302873329,1.61309525755,2.90000005607,1.26000014699
29,644,412.380629137,1,1.6130952381,2.06,0,2.87343430407,1.21254762137,-0.445821936473,2.37487049895,1.83815833313,0.785302871311,1.61309526271,2.90000005467,1.260000147
29,645,413.372692629,1,1.5830952381,2.06,0,2.8728825817,1.21254735097,-0.445821512507,2.37487034591,1.83871004706,0.785302873329,1.58333335279,2.90000005607,1.26000014699
29,646,413.422692629,1,1.58333333333,2.06,0,2.87343430407,1.21254762137,-0.445821936473,2.37487049895,1.83815833313,0.785302871311,1.58333335794,2.90000005467,1.260000147
29,647,414.414756121,1,1.55333333333,2.06,0,2.8728825817,1.21254735097,-0.4458215125,2.3748703459,1.83871004706,0.785302873329,1.55357144803,2.90000005607,1.26000014699
29,648,414.464756121,1,1.55357142857,2.06,0,2.87343430407,1.21254762136,-0.445821936466,2.37487049895,1.83815833313,0.785302871311,1.55357145318,2.90000005467,1.260000147
29,649,415.456819613,1,1.52357142857,2.06,0,2.8728825817,1.21254735097,-0.4458215125,2.3748703459,1.83871004706,0.785302873329,1.52380954327,2.90000005607,1.26000014699
29,650,415.506819613,1,1.52380952381,2.06,0,2.87343430407,1.21254762136,-0.445821936466,2.37487049895,1.83815833313,0.785302871311,1.52380954842,2.90000005467,1.260000147
29,651,416.498883105,1,1.49380952381,2.06,0,2.8728825817,1.21254735097,-0.445821512507,2.37487034591,1.83871004706,0.785302873329,1.4940476385,2.90000005607,1.26000014699
29,652,416.548883105,1,1.49404761905,2.06,0,2.87343430407,1.21254762136,-0.445821936466,2.37487049895,1.83815833313,0.785302871311,1.49404764366,2.90000005467,1.260000147
29,653,417.540946597,1,1.46404761905,2.06,0,2.8728825817,1.21254735097,-0.4458215125,2.3748703459,1.83871004706,0.785302873329,1.46428573374,2.90000005607,1.26000014699
29,654,417.590946597,1,1.46428571429,2.06,0,2.87343430407,1.21254762136,-0.445821936466,2.37487049895,1.83815833313,0.785302871311,1.4642857389,2.90000005467,1.260000147
29,655,418.583010089,1,1.43428571429,2.06,0,2.8728825817,1.21254735097,-0.445821512507,2.37487034591,1.83871004706,0.785302873329,1.43452382898,2.90000005607,1.26000014699
29,656,418.633010089,1,1.43452380952,2.06,0,2.87343430407,1.21254762136,-0.445821936466,2.37487049895,1.83815833313,0.785302871311,1.43452383413,2.90000005467,1.260000147
29,657,419.625073581,1,1.40452380952,2.06,0,2.8728825817,1.21254735097,-0.445821512507,2.37487034591,1.83871004706,0.785302873329,1.40476192422,2.90000005607,1.26000014699
29,658,419.675073581,1,1.40476190476,2.06,0,2.87343430407,1.21254762136,-0.445821936466,2.37487049895,1.83815833313,0.785302871311,1.40476192937,2.90000005467,1.260000147
29,659,420.667137073,1,1.37476190476,2.06,0,2.8728825817,1.21254735097,-0.4458215125,2.3748703459,1.83871004706,0.785302873329,1.37500001946,2.90000005607,1.26000014699
29,660,420.717137073,1,1.375,2.06,0,2.87343430407,1.21254762136,-0.445821936466,2.37487049895,1.83815833313,0.785302871311,1.37500002461,2.90000005467,1.260000147
29,661,421.709200565,1,1.345,2.06,0,2.8728825817,1.21254735097,-0.4458215125,2.3748703459,1.83871004706,0.785302873329,1.34523811469,2.90000005607,1.26000014699
29,662,421.759200565,1,1.34523809524,2.06,0,2.87343430407,1.21254762137,-0.445821936473,2.37487049895,1.83815833313,0.785302871311,1.34523811985,2.90000005467,1.260000147
29,663,422.751264057,1,1.31523809524,2.06,0,2.8728825817,1.21254735097,-0.445821512507,2.37487034591,1.83871004706,0.785302873329,1.31547620993,2.90000005607,1.26000014699
29,664,422.801264057,1,1.31547619048,2.06,0,2.87343430407,1.21254762136,-0.445821936466,2.37487049895,1.83815833313,0.785302871311,1.31547621509,2.90000005467,1.260000147
29,665,423.793327549,1,1.28547619048,2.06,0,2.8728825817,1.21254735097,-0.4458215125,2.3748703459,1.83871004706,0.785302873329,1.28571430517,2.90000005607,1.26000014699
29,666,423.843327549,1,1.28571428571,2.06,0,2.87343430407,1.21254762137,-0.445821936473,2.37487049895,1.83815833313,0.785302871311,1.28571431032,2.90000005467,1.260000147
29,667,424.835391041,1,1.25571428571,2.06,0,2.8728825817,1.21254735097,-0.4458215125,2.3748703459,1.83871004706,0.785302873329,1.25595240041,2.90000005607,1.26000014699
29,668,424.885391041,1,1.25595238095,2.06,0,2.87343430407,1.21254762136,-0.445821936466,2.37487049895,1.83815833313,0.785302871311,1.25595240556,2.90000005467,1.260000147
29,669,425.877454533,1,1.22595238095,2.06,0,2.8728825817,1.21254735097,-0.445821512507,2.37487034591,1.83871004706,0.785302873329,1.22619049565,2.90000005607,1.26000014699
29,670,425.927454533,1,1.22619047619,2.06,0,2.87343430407,1.21254762136,-0.445821936466,2.37487049895,1.83815833313,0.785302871311,1.2261905008,2.90000005467,1.260000147
29,671,426.919518025,1,1.19619047619,2.06,0,2.8728825817,1.21254735097,-0.445821512507,2.37487034591,1.83871004706,0.785302873329,1.19642859089,2.90000005607,1.26000014699
29,672,426.969518025,1,1.19642857143,2.06,0,2.87343430407,1.21254762136,-0.445821936466,2.37487049895,1.83815833313,0.785302871311,1.19642859604,2.90000005467,1.260000147
29,673,427.961581517,1,1.16642857143,2.06,0,2.8728825817,1.21254735097,-0.445821512507,2.37487034591,1.83871004706,0.785302873329,1.16666668612,2.90000005607,1.26000014699
29,674,428.011581517,1,1.16666666667,2.06,0,2.87343430407,1.21254762136,-0.445821936466,2.37487049895,1.83815833313,0.785302871311,1.16666669128,2.90000005467,1.260000147
29,675,429.00364501,1,1.13666666667,2.06,0,2.8728825817,1.21254735097,-0.445821512507,2.37487034591,1.83871004706,0.785302873329,1.13690478136,2.90000005607,1.26000014699
29,676,429.05364501,1,1.1369047619,2.06,0,2.87343430407,1.21254762136,-0.445821936466,2.37487049895,1.83815833313,0.785302871311,1.13690478652,2.90000005467,1.260000147
29,677,430.045708502,1,1.1069047619,2.06,0,2.8728825817,1.21254735097,-0.445821512507,2.37487034591,1.83871004706,0.785302873329,1.1071428766,2.90000005607,1.26000014699
29,678,430.095708502,1,1.10714285714,2.06,0,2.87343430407,1.21254762136,-0.445821936466,2.37487049895,1.83815833313,0.785302871311,1.10714288175,2.90000005467,1.260000147
29,679,431.087771994,1,1.07714285714,2.06,0,2.8728825817,1.21254735097,-0.445821512507,2.37487034591,1.83871004706,0.785302873329,1.07738097184,2.90000005607,1.26000014699
29,680,431.137771994,1,1.07738095238,2.06,0,2.87343430407,1.21254762136,-0.445821936466,2.37487049895,1.83815833313,0.785302871311,1.07738097699,2.90000005467,1.260000147
29,681,432.129835486,1,1.04738095238,2.06,0,2.8728825817,1.21254735097,-0.445821512507,2.37487034591,1.83871004706,0.785302873329,1.04761906708,2.90000005607,1.26000014699
29,682,432.179835486,1,1.04761904762,2.06,0,2.87343430407,1.21254762136,-0.445821936466,2.37487049895,1.83815833313,0.785302871311,1.04761907223,2.90000005467,1.260000147
29,683,433.171898978,1,1.01761904762,2.06,0,2.8728825817,1.21254735097,-0.445821512507,2.37487034591,1.83871004706,0.785302873329,1.01785716231,2.90000005607,1.26000014699
29,684,433.221898978,1,1.01785714286,2.06,0,2.87343430407,1.21254762136,-0.445821936466,2.37487049895,1.83815833313,0.785302871311,1.01785716747,2.90000005467,1.260000147
29,685,434.21396247,1,0.987857142857,2.06,0,2.8728825817,1.21254735097,-0.4458215125,2.3748703459,1.83871004706,0.785302873329,0.988095257552,2.90000005607,1.26000014699
29,686,434.26396247,1,0.988095238095,2.06,0,2.87343430407,1.21254762136,-0.445821936466,2.37487049895,1.83815833313,0.785302871311,0.988095262705,2.90000005467,1.260000147
29,687,435.256025962,1,0.958095238095,2.06,0,2.8728825817,1.21254735097,-0.4458215125,2.3748703459,1.83871004706,0.785302873329,0.95833335279,2.90000005607,1.26000014699
29,688,435.306025962,1,0.958333333333,2.06,0,2.87343430407,1.21254762137,-0.445821936473,2.37487049895,1.83815833313,0.785302871311,0.958333357944,2.90000005467,1.260000147
29,689,436.298089454,1,0.928333333333,2.06,0,2.8728825817,1.21254735097,-0.4458215125,2.3748703459,1.83871004706,0.785302873329,0.928571448028,2.90000005607,1.26000014699
29,690,436.348089454,1,0.928571428571,2.06,0,2.87343430407,1.21254762137,-0.445821936473,2.37487049895,1.83815833313,0.785302871311,0.928571453182,2.90000005467,1.260000147
29,691,437.340152946,1,0.898571428571,2.06,0,2.8728825817,1.21254735097,-0.445821512507,2.37487034591,1.83871004706,0.785302873329,0.898809543266,2.90000005607,1.26000014699
29,692,437.390152946,1,0.89880952381,2.06,0,2.87343430407,1.21254762136,-0.445821936466,2.37487049895,1.83815833313,0.785302871311,0.89880954842,2.90000005467,1.260000147
29,693,438.382216438,1,0.86880952381,2.06,0,2.8728825817,1.21254735097,-0.445821512507,2.37487034591,1.83871004706,0.785302873329,0.869047638504,2.90000005607,1.26000014699
29,694,438.432216438,1,0.869047619048,2.06,0,2.87343430407,1.21254762137,-0.445821936473,2.37487049895,1.83815833313,0.785302871311,0.869047643658,2.90000005467,1.260000147
29,695,439.42427993,1,0.839047619048,2.06,0,2.8728825817,1.21254735097,-0.445821512507,2.37487034591,1.83871004706,0.785302873329,0.839285733742,2.90000005607,1.26000014699
29,696,439.47427993,1,0.839285714286,2.06,0,2.87343430407,1.21254762136,-0.445821936466,2.37487049895,1.83815833313,0.785302871311,0.839285738896,2.90000005467,1.260000147
29,697,440.466343422,1,0.809285714286,2.06,0,2.8728825817,1.21254735097,-0.445821512507,2.37487034591,1.83871004706,0.785302873329,0.809523828981,2.90000005607,1.26000014699
29,698,440.516343422,1,0.809523809524,2.06,0,2.87343430407,1.21254762136,-0.445821936466,2.37487049895,1.83815833313,0.785302871311,0.809523834134,2.90000005467,1.260000147
29,699,441.508406914,1,0.779523809524,2.06,0,2.8728825817,1.21254735097,-0.4458215125,2.3748703459,1.83871004706,0.785302873329,0.779761924219,2.90000005607,1.26000014699
29,700,441.558406914,1,0.779761904762,2.06,0,2.87343430407,1.21254762136,-0.445821936466,2.37487049895,1.83815833313,0.785302871311,0.779761929372,2.90000005467,1.260000147
29,701,442.550470406,1,0.749761904762,2.06,0,2.8728825817,1.21254735097,-0.445821512507,2.37487034591,1.83871004706,0.785302873329,0.750000019457,2.90000005607,1.26000014699
29,702,442.600470406,1,0.75,2.06,0,2.87343430407,1.21254762136,-0.445821936466,2.37487049895,1.83815833313,0.785302871311,0.75000002461,2.90000005467,1.260000147
37,0,0,0,0.91,2.06,0,3.28371958293,0.974474342114,-2.29955726819,4.46667864494,1.4278728927,0.785301502051,0.74999983634,2.78000057479,0.600000302404
37,1,0.5,0,0.91,2.06,0,3.28371958293,0.974474342114,-2.29955726819,4.46667864494,1.4278728927,0.785301502051,0.74999983634,2.78000057479,0.600000302404
37,2,3.5,0,0.91,2.06,0,3.27185423229,0.951339431449,-2.21947005061,4.40972679272,1.43973840574,0.785301478659,0.750000047113,2.80999985492,0.600000088475
37,3,6.5,0,0.91,2.06,0,3.26176702058,0.925030739209,-2.13723820605,4.35380362217,1.4498256363,0.785301516084,0.750000060574,2.8399998361,0.600000091612
37,4,9.5,0,0.91,2.06,0,3.25309337791,0.895876948796,-2.0526881365,4.29840733019,1.45849929418,0.78530154769,0.750000071506,2.86999981414,0.60000009241
37,5,39.5,1,0.91,2.06,0,3.24556051476,0.86407952754,-1.96557081753,4.24308742304,1.46603217031,0.785301574803,0.75000008099,2.89999978869,0.600000091711
37,6,41.1726290911,1,0.88,2.06,0,3.16192906021,0.877391550152,-2.00151847484,4.26572286725,1.54966284428,0.785301869155,0.7568551167,2.90000035853,0.600000169496
37,7,42.8889048367,1,0.85,2.06,0,3.0761152835,0.887208422023,-2.02849417299,4.28288170035,1.63547663156,0.785302151681,0.76371070977,2.9000003563,0.600000168819
37,8,44.6257287968,1,0.82,2.06,0,2.9892741047,0.893554064081,-2.0461675776,4.29420949861,1.72231782957,0.78530244152,0.770566308093,2.90000035176,0.600000165864
37,9,46.3574700251,1,0.79,2.06,0,2.90268707162,0.896448623282,-2.05429600435,4.2994434315,1.80890489099,0.785302739855,0.777421911784,2.90000034245,0.60000016077
37,10,46.9426376354,1,0.779761904762,2.06,0,2.87342913787,0.896648965376,-2.05486026757,4.29980738867,1.8381632715,0.785302845602,0.779761789946,2.9000002442,0.600000155663
37,11,47.9347011275,1,0.809761904762,2.06,0,2.8739803998,0.896648936426,-2.05486019122,4.2998073417,1.83761223731,0.785302843893,0.809523834042,2.90000020329,0.600000155273
37,12,47.9847011275,1,0.809523809524,2.06,0,2.87342859394,0.896649006606,-2.0548603888,4.29980746959,1.83816403482,0.785302845848,0.809523828972,2.90000020469,0.600000155273
37,13,48.9767646196,1,0.839523809524,2.06,0,2.87398039979,0.896648936427,-2.05486019122,4.2998073417,1.83761223733,0.785302843893,0.839285738807,2.90000020329,0.600000155273
37,14,49.0267646196,1,0.839285714286,2.06,0,2.87342859394,0.896649006606,-2.0548603888,4.29980746959,1.83816403482,0.785302845848,0.839285733734,2.90000020469,0.600000155273
37,15,50.0188281116,1,0.869285714286,2.06,0,2.87398039979,0.896648936427,-2.05486019122,4.2998073417,1.83761223733,0.785302843893,0.869047643569,2.90000020329,0.600000155273
37,16,50.0688281116,1,0.869047619048,2.06,0,2.87342859394,0.896649006606,-2.0548603888,4.29980746959,1.83816403482,0.785302845848,0.869047638496,2.90000020469,0.600000155273
37,17,51.0608916037,1,0.899047619048,2.06,0,2.87398039979,0.896648936427,-2.05486019122,4.2998073417,1.83761223733,0.785302843893,0.898809548331,2.90000020329,0.600000155273
37,18,51.1108916037,1,0.89880952381,2.06,0,2.87342859394,0.896649006606,-2.0548603888,4.29980746959,1.83816403482,0.785302845848,0.898809543258,2.90000020469,0.600000155273
37,19,52.1029550958,1,0.92880952381,2.06,0,2.87398039979,0.896648936427,-2.05486019122,4.2998073417,1.83761223733,0.785302843893,0.928571453093,2.90000020329,0.600000155273
37,20,52.1529550958,1,0.928571428571,2.06,0,2.87342859394,0.896649006606,-2.0548603888,4.29980746959,1.83816403482,0.785302845848,0.92857144802,2.90000020469,0.600000155273
37,21,53.1450185878,1,0.958571428571,2.06,0,2.87398039979,0.896648936427,-2.05486019122,4.2998073417,1.83761223733,0.785302843893,0.958333357855,2.90000020329,0.600000155273
37,22,53.1950185878,1,0.958333333333,2.06,0,2.87342859394,0.896649006606,-2.0548603888,4.29980746959,1.83816403482,0.785302845848,0.958333352782,2.90000020469,0.600000155273
37,23,54.1870820799,1,0.988333333333,2.06,0,2.87398039979,0.896648936427,-2.05486019122,4.2998073417,1.83761223733,0.785302843893,0.988095262617,2.90000020329,0.600000155273
37,24,54.2370820799,1,0.988095238095,2.06,0,2.87342859394,0.896649006606,-2.0548603888,4.29980746959,1.83816403482,0.785302845848,0.988095257544,2.90000020469,0.600000155273
37,25,55.229145572,1,1.0180952381,2.06,0,2.87398039979,0.896648936427,-2.05486019122,4.2998073417,1.83761223733,0.785302843893,1.01785716738,2.90000020329,0.600000155273
37,26,55.279145572,1,1.01785714286,2.06,0,2.87342859394,0.896649006606,-2.0548603888,4.29980746959,1.83816403482,0.785302845848,1.01785716231,2.90000020469,0.600000155273
37,27,56.271209064,1,1.04785714286,2.06,0,2.87398039979,0.896648936427,-2.05486019122,4.2998073417,1.83761223733,0.785302843893,1.04761907214,2.90000020329,0.600000155273
37,28,56.321209064,1,1.04761904762,2.06,0,2.87342859394,0.896649006606,-2.0548603888,4.29980746959,1.83816403482,0.785302845848,1.04761906707,2.90000020469,0.600000155273
37,29,57.3132725561,1,1.07761904762,2.06,0,2.87398039979,0.896648936427,-2.05486019122,4.2998073417,1.83761223733,0.785302843893,1.0773809769,2.90000020329,0.600000155273
37,30,57.3632725561,1,1.07738095238,2.06,0,2.87342859394,0.896649006606,-2.0548603888,4.29980746959,1.83816403482,0.785302845848,1.07738097183,2.90000020469,0.600000155273
37,31,58.3553360481,1,1.10738095238,2.06,0,2.87398039979,0.896648936427,-2.05486019122,4.2998073417,1.83761223733,0.785302843893,1.10714288166,2.90000020329,0.600000155273
37,32,58.4053360481,1,1.10714285714,2.06,0,2.87342859394,0.896649006606,-2.0548603888,4.29980746959,1.83816403482,0.785302845848,1.10714287659,2.90000020469,0.600000155273
37,33,59.3973995402,1,1.13714285714,2.06,0,2.87398039979,0.896648936427,-2.05486019122,4.2998073417,1.83761223733,0.785302843893,1.13690478643,2.90000020329,0.600000155273
37,34,59.4473995402,1,1.1369047619,2.06,0,2.87342859394,0.896649006606,-2.0548603888,4.29980746959,1.83816403482,0.785302845848,1.13690478135,2.90000020469,0.600000155273
37,35,60.4394630323,1,1.1669047619,2.06,0,2.87398039979,0.896648936427,-2.05486019122,4.2998073417,1.83761223733,0.785302843893,1.16666669119,2.90000020329,0.600000155273
37,36,60.4894630323,1,1.16666666667,2.06,0,2.87342859394,0.896649006606,-2.0548603888,4.29980746959,1.83816403482,0.785302845848,1.16666668612,2.90000020469,0.600000155273
37,37,61.4815265243,1,1.19666666667,2.06,0,2.87398039979,0.896648936427,-2.05486019122,4.2998073417,1.83761223733,0.785302843893,1.19642859595,2.90000020329,0.600000155273
37,38,61.5315265243,1,1.19642857143,2.06,0,2.87342859394,0.896649006606,-2.0548603888,4.29980746959,1.83816403482,0.785302845848,1.19642859088,2.90000020469,0.600000155273
37,39,62.5235900164,1,1.22642857143,2.06,0,2.87398039979,0.896648936427,-2.05486019122,4.2998073417,1.83761223733,0.785302843893,1.22619050071,2.90000020329,0.600000155273
37,40,62.5735900164,1,1.22619047619,2.06,0,2.87342859394,0.896649006606,-2.0548603888,4.29980746959,1.83816403482,0.785302845848,1.22619049564,2.90000020469,0.600000155273
37,41,63.5656535085,1,1.25619047619,2.06,0,2.87398039979,0.896648936427,-2.05486019122,4.2998073417,1.83761223733,0.785302843893,1.25595240547,2.90000020329,0.600000155273
37,42,63.6156535085,1,1.25595238095,2.06,0,2.87342859394,0.896649006606,-2.0548603888,4.29980746959,1.83816403482,0.785302845848,1.2559524004,2.90000020469,0.600000155273
37,43,64.6077170005,1,1.28595238095,2.06,0,2.87398039979,0.896648936427,-2.05486019122,4.2998073417,1.83761223733,0.785302843893,1.28571431024,2.90000020329,0.600000155273
37,44,64.6577170005,1,1.28571428571,2.06,0,2.87342859394,0.896649006606,-2.0548603888,4.29980746959,1.83816403482,0.785302845848,1.28571430516,2.90000020469,0.600000155273
37,45,65.6497804926,1,1.31571428571,2.06,0,2.87398039979,0.896648936427,-2.05486019122,4.2998073417,1.83761223733,0.785302843893,1.315476215,2.90000020329,0.600000155273
37,46,65.6997804926,1,1.31547619048,2.06,0,2.87342859394,0.896649006606,-2.0548603888,4.29980746959,1.83816403482,0.785302845848,1.31547620992,2.90000020469,0.600000155273
37,47,66.6918439847,1,1.34547619048,2.06,0,2.87398039979,0.896648936427,-2.05486019122,4.2998073417,1.83761223733,0.785302843893,1.34523811976,2.90000020329,0.600000155273
37,48,66.7418439847,1,1.34523809524,2.06,0,2.87342859394,0.896649006606,-2.0548603888,4.29980746959,1.83816403482,0.785302845848,1.34523811469,2.90000020469,0.600000155273
37,49,67.7339074767,1,1.37523809524,2.06,0,2.87398039979,0.896648936427,-2.05486019122,4.2998073417,1.83761223733,0.785302843893,1.37500002452,2.90000020329,0.600000155273
37,50,67.7839074767,1,1.375,2.06,0,2.87342859394,0.896649006606,-2.0548603888,4.29980746959,1.83816403482,0.785302845848,1.37500001945,2.90000020469,0.600000155273
37,51,68.7759709688,1,1.405,2.06,0,2.87398039979,0.896648936427,-2.05486019122,4.2998073417,1.83761223733,0.785302843893,1.40476192928,2.90000020329,0.600000155273
37,52,68.8259709688,1,1.40476190476,2.06,0,2.87342859394,0.896649006606,-2.0548603888,4.29980746959,1.83816403482,0.785302845848,1.40476192421,2.90000020469,0.600000155273
37,53,69.8180344608,1,1.43476190476,2.06,0,2.87398039979,0.896648936427,-2.05486019122,4.2998073417,1.83761223733,0.785302843893,1.43452383405,2.90000020329,0.600000155273
37,54,69.8680344608,1,1.43452380952,2.06,0,2.87342859394,0.896649006606,-2.0548603888,4.29980746959,1.83816403482,0.785302845848,1.43452382897,2.90000020469,0.600000155273
37,55,70.8600979529,1,1.46452380952,2.06,0,2.87398039979,0.896648936427,-2.05486019122,4.2998073417,1.83761223733,0.785302843893,1.46428573881,2.90000020329,0.600000155273
37,56,70.9100979529,1,1.46428571429,2.06,0,2.87342859394,0.896649006606,-2.0548603888,4.29980746959,1.83816403482,0.785302845848,1.46428573373,2.90000020469,0.600000155273
37,57,71.902161445,1,1.49428571429,2.06,0,2.87398039979,0.896648936427,-2.05486019122,4.2998073417,1.83761223733,0.785302843893,1.49404764357,2.90000020329,0.600000155273
37,58,71.952161445,1,1.49404761905,2.06,0,2.87342859394,0.896649006606,-2.0548603888,4.29980746959,1.83816403482,0.785302845848,1.4940476385,2.90000020469,0.600000155273
37,59,72.944224937,1,1.52404761905,2.06,0,2.87398039979,0.896648936427,-2.05486019122,4.2998073417,1.83761223733,0.785302843893,1.52380954833,2.90000020329,0.600000155273
37,60,72.994224937,1,1.52380952381,2.06,0,2.87342859394,0.896649006606,-2.0548603888,4.29980746959,1.83816403482,0.785302845848,1.52380954326,2.90000020469,0.600000155273
37,61,73.9862884291,1,1.55380952381,2.06,0,2.87398039979,0.896648936427,-2.05486019122,4.2998073417,1.83761223733,0.785302843893,1.55357145309,2.90000020329,0.600000155273
37,62,74.0362884291,1,1.55357142857,2.06,0,2.87342859394,0.896649006606,-2.0548603888,4.29980746959,1.83816403482,0.785302845848,1.55357144802,2.90000020469,0.600000155273
37,63,75.0283519212,1,1.58357142857,2.06,0,2.87398039979,0.896648936427,-2.05486019122,4.2998073417,1.83761223733,0.785302843893,1.58333335786,2.90000020329,0.600000155273
37,64,75.0783519212,1,1.58333333333,2.06,0,2.87342859394,0.896649006606,-2.0548603888,4.29980746959,1.83816403482,0.785302845848,1.58333335278,2.90000020469,0.600000155273
37,65,76.0704154132,1,1.61333333333,2.06,0,2.87398039979,0.896648936427,-2.05486019122,4.2998073417,1.83761223733,0.785302843893,1.61309526262,2.90000020329,0.600000155273
37,66,76.1204154132,1,1.6130952381,2.06,0,2.87342859394,0.896649006606,-2.0548603888,4.29980746959,1.83816403482,0.785302845848,1.61309525754,2.90000020469,0.600000155273
37,67,77.1124789053,1,1.6430952381,2.06,0,2.87398039979,0.896648936427,-2.05486019122,4.2998073417,1.83761223733,0.785302843893,1.64285716738,2.90000020329,0.600000155273
37,68,77.1624789053,1,1.64285714286,2.06,0,2.87342859394,0.896649006606,-2.0548603888,4.29980746959,1.83816403482,0.785302845848,1.64285716231,2.90000020469,0.600000155273
37,69,78.1545423974,1,1.67285714286,2.06,0,2.87398039979,0.896648936427,-2.05486019122,4.2998073417,1.83761223733,0.785302843893,1.67261907214,2.90000020329,0.600000155273
37,70,78.2045423974,1,1.67261904762,2.06,0,2.87342859394,0.896649006606,-2.0548603888,4.29980746959,1.83816403482,0.785302845848,1.67261906707,2.90000020469,0.600000155273
37,71,79.1966058894,1,1.70261904762,2.06,0,2.87398039979,0.896648936427,-2.05486019122,4.2998073417,1.83761223733,0.785302843893,1.7023809769,2.90000020329,0.600000155273
37,72,79.2466058894,1,1.70238095238,2.06,0,2.87342859394,0.896649006606,-2.0548603888,4.29980746959,1.83816403482,0.785302845848,1.70238097183,2.90000020469,0.600000155273
37,73,80.2386693815,1,1.73238095238,2.06,0,2.87398039979,0.896648936427,-2.05486019122,4.2998073417,1.83761223733,0.785302843893,1.73214288166,2.90000020329,0.600000155273
37,74,80.2886693815,1,1.73214285714,2.06,0,2.87342859394,0.896649006606,-2.0548603888,4.29980746959,1.83816403482,0.785302845848,1.73214287659,2.90000020469,0.600000155273
37,75,81.2807328735,1,1.76214285714,2.06,0,2.87398039979,0.896648936427,-2.05486019122,4.2998073417,1.83761223733,0.785302843893,1.76190478643,2.90000020329,0.600000155273
37,76,81.3307328735,1,1.7619047619,2.06,0,2.87342859394,0.896649006606,-2.0548603888,4.29980746959,1.83816403482,0.785302845848,1.76190478135,2.90000020469,0.600000155273
37,77,82.3227963656,1,1.7919047619,2.06,0,2.87398039979,0.896648936427,-2.05486019122,4.2998073417,1.83761223733,0.785302843893,1.79166669119,2.90000020329,0.600000155273
37,78,82.3727963656,1,1.79166666667,2.06,0,2.87342859394,0.896649006606,-2.0548603888,4.29980746959,1.83816403482,0.785302845848,1.79166668612,2.90000020469,0.600000155273
37,79,83.3648598577,1,1.82166666667,2.06,0,2.87398039979,0.896648936427,-2.05486019122,4.2998073417,1.83761223733,0.785302843893,1.82142859595,2.90000020329,0.600000155273
37,80,83.4148598577,1,1.82142857143,2.06,0,2.87342859394,0.896649006606,-2.0548603888,4.29980746959,1.83816403482,0.785302845848,1.82142859088,2.90000020469,0.600000155273
37,81,84.4069233497,1,1.85142857143,2.06,0,2.87398039979,0.896648936427,-2.05486019122,4.2998073417,1.83761223733,0.785302843893,1.85119050071,2.90000020329,0.600000155273
37,82,84.4569233497,1,1.85119047619,2.06,0,2.87342859394,0.896649006606,-2.0548603888,4.29980746959,1.83816403482,0.785302845848,1.85119049564,2.90000020469,0.600000155273
37,83,85.4489868418,1,1.88119047619,2.06,0,2.87398039979,0.896648936427,-2.05486019122,4.2998073417,1.83761223733,0.785302843893,1.88095240547,2.90000020329,0.600000155273
37,84,85.4989868418,1,1.88095238095,2.06,0,2.87342859394,0.896649006606,-2.0548603888,4.29980746959,1.83816403482,0.785302845848,1.8809524004,2.90000020469,0.600000155273
37,85,86.4910503339,1,1.91095238095,2.06,0,2.87398039979,0.896648936427,-2.05486019122,4.2998073417,1.83761223733,0.785302843893,1.91071431024,2.90000020329,0.600000155273
37,86,86.5410503339,1,1.91071428571,2.06,0,2.87342859394,0.896649006606,-2.0548603888,4.29980746959,1.83816403482,0.785302845848,1.91071430516,2.90000020469,0.600000155273
37,87,87.5331138259,1,1.94071428571,2.06,0,2.87398039979,0.896648936427,-2.05486019122,4.2998073417,1.83761223733,0.785302843893,1.940476215,2.90000020329,0.600000155273
37,88,87.5831138259,1,1.94047619048,2.06,0,2.87342859394,0.896649006606,-2.0548603888,4.29980746959,1.83816403482,0.785302845848,1.94047620992,2.90000020469,0.600000155273
37,89,88.575177318,1,1.97047619048,2.06,0,2.87398039979,0.896648936427,-2.05486019122,4.2998073417,1.83761223733,0.785302843893,1.97023811976,2.90000020329,0.600000155273
37,90,88.625177318,1,1.97023809524,2.06,0,2.87342859394,0.896649006606,-2.0548603888,4.29980746959,1.83816403482,0.785302845848,1.97023811469,2.90000020469,0.600000155273
37,91,89.6172408101,1,2.00023809524,2.06,0,2.87398039979,0.896648936427,-2.05486019122,4.2998073417,1.83761223733,0.785302843893,2.00000002452,2.90000020329,0.600000155273
37,92,89.6672408101,1,2,2.06,0,2.87342859394,0.896649006606,-2.0548603888,4.29980746959,1.83816403482,0.785302845848,2.00000001945,2.90000020469,0.600000155273
37,93,90.6593043021,1,2.03,2.06,0,2.87398039979,0.896648936427,-2.05486019122,4.2998073417,1.83761223733,0.785302843893,2.02976192928,2.90000020329,0.600000155273
37,94,90.7093043021,1,2.02976190476,2.06,0,2.87342859394,0.896649006606,-2.0548603888,4.29980746959,1.83816403482,0.785302845848,2.02976192421,2.90000020469,0.600000155273
37,95,91.7013677942,1,2.05976190476,2.06,0,2.87398039979,0.896648936427,-2.05486019122,4.2998073417,1.83761223733,0.785302843893,2.05952383405,2.90000020329,0.600000155273
37,96,91.7513677942,1,2.05952380952,2.06,0,2.87342859394,0.896649006606,-2.0548603888,4.29980746959,1.83816403482,0.785302845848,2.05952382897,2.90000020469,0.600000155273
37,97,92.7434312862,1,2.08952380952,2.06,0,2.87398039979,0.896648936427,-2.05486019122,4.2998073417,1.83761223733,0.785302843893,2.08928573881,2.90000020329,0.600000155273
37,98,92.7934312862,1,2.08928571429,2.06,0,2.87342859394,0.896649006606,-2.0548603888,4.29980746959,1.83816403482,0.785302845848,2.08928573373,2.90000020469,0.600000155273
37,99,93.7854947783,1,2.11928571429,2.06,0,2.87398039979,0.896648936427,-2.05486019122,4.2998073417,1.83761223733,0.785302843893,2.11904764357,2.90000020329,0.600000155273
37,100,93.8354947783,1,2.11904761905,2.06,0,2.87342859394,0.896649006606,-2.0548603888,4.29980746959,1.83816403482,0.785302845848,2.1190476385,2.90000020469,0.600000155273
37,101,94.8275582704,1,2.14904761905,2.06,0,2.87398039979,0.896648936427,-2.05486019122,4.2998073417,1.83761223733,0.785302843893,2.14880954833,2.90000020329,0.600000155273
37,102,94.8775582704,1,2.14880952381,2.06,0,2.87342859394,0.896649006606,-2.0548603888,4.29980746959,1.83816403482,0.785302845848,2.14880954326,2.90000020469,0.600000155273
37,103,95.8696217624,1,2.17880952381,2.06,0,2.87398039979,0.896648936427,-2.05486019122,4.2998073417,1.83761223733,0.785302843893,2.17857145309,2.90000020329,0.600000155273
37,104,95.9196217624,1,2.17857142857,2.06,0,2.87342859394,0.896649006606,-2.0548603888,4.29980746959,1.83816403482,0.785302845848,2.17857144802,2.90000020469,0.600000155273
37,105,96.9116852545,1,2.20857142857,2.06,0,2.87398039979,0.896648936427,-2.05486019122,4.2998073417,1.83761223733,0.785302843893,2.20833335785,2.90000020329,0.600000155273
37,106,96.9616852545,1,2.20833333333,2.06,0,2.87342859394,0.896649006606,-2.0548603888,4.29980746959,1.83816403482,0.785302845848,2.20833335278,2.90000020469,0.600000155273
37,107,97.9537487466,1,2.23833333333,2.06,0,2.87398039979,0.896648936427,-2.05486019122,4.2998073417,1.83761223733,0.785302843893,2.23809526262,2.90000020329,0.600000155273
37,108,98.0037487466,1,2.2380952381,2.06,0,2.87342859394,0.896649006606,-2.0548603888,4.29980746959,1.83816403482,0.785302845848,2.23809525754,2.90000020469,0.600000155273
37,109,98.9958122386,1,2.2680952381,2.06,0,2.87398039979,0.896648936427,-2.05486019122,4.2998073417,1.83761223733,0.785302843893,2.26785716738,2.90000020329,0.600000155273
37,110,99.0458122386,1,2.26785714286,2.06,0,2.87342859394,0.896649006606,-2.0548603888,4.29980746959,1.83816403482,0.785302845848,2.26785716231,2.90000020469,0.600000155273
37,111,100.037875731,1,2.29785714286,2.06,0,2.87398039979,0.896648936427,-2.05486019122,4.2998073417,1.83761223733,0.785302843893,2.29761907214,2.90000020329,0.600000155273
37,112,100.087875731,1,2.29761904762,2.06,0,2.87342859394,0.896649006606,-2.0548603888,4.29980746959,1.83816403482,0.785302845848,2.29761906707,2.90000020469,0.600000155273
37,113,101.079939223,1,2.32761904762,2.06,0,2.87398039979,0.896648936427,-2.05486019122,4.2998073417,1.83761223733,0.785302843893,2.3273809769,2.90000020329,0.600000155273
37,114,101.129939223,1,2.32738095238,2.06,0,2.87342859394,0.896649006606,-2.0548603888,4.29980746959,1.83816403482,0.785302845848,2.32738097183,2.90000020469,0.600000155273
37,115,102.122002715,1,2.35738095238,2.06,0,2.87398039979,0.896648936427,-2.05486019122,4.2998073417,1.83761223733,0.785302843893,2.35714288166,2.90000020329,0.600000155273
37,116,102.172002715,1,2.35714285714,2.06,0,2.87342859394,0.896649006606,-2.0548603888,4.29980746959,1.83816403482,0.785302845848,2.35714287659,2.90000020469,0.600000155273
37,117,103.164066207,1,2.38714285714,2.06,0,2.87398039979,0.896648936427,-2.05486019122,4.2998073417,1.83761223733,0.785302843893,2.38690478643,2.90000020329,0.600000155273
37,118,103.214066207,1,2.3869047619,2.06,0,2.87342859394,0.896649006606,-2.0548603888,4.29980746959,1.83816403482,0.785302845848,2.38690478135,2.90000020469,0.600000155273
37,119,104.206129699,1,2.4169047619,2.06,0,2.87398039979,0.896648936427,-2.05486019122,4.2998073417,1.83761223733,0.785302843893,2.41666669119,2.90000020329,0.600000155273
37,120,104.256129699,1,2.41666666667,2.06,0,2.87342859394,0.896649006606,-2.0548603888,4.29980746959,1.83816403482,0.785302845848,2.41666668612,2.90000020469,0.600000155273
37,121,105.248193191,1,2.44666666667,2.06,0,2.87398039979,0.896648936427,-2.05486019122,4.2998073417,1.83761223733,0.785302843893,2.44642859595,2.90000020329,0.600000155273
37,122,105.298193191,1,2.44642857143,2.06,0,2.87342859394,0.896649006606,-2.0548603888,4.29980746959,1.83816403482,0.785302845848,2.44642859088,2.90000020469,0.600000155273
37,123,106.290256683,1,2.47642857143,2.06,0,2.87398039979,0.896648936427,-2.05486019122,4.2998073417,1.83761223733,0.785302843893,2.47619050071,2.90000020329,0.600000155273
37,124,106.340256683,1,2.47619047619,2.06,0,2.87342859394,0.896649006606,-2.0548603888,4.29980746959,1.83816403482,0.785302845848,2.47619049564,2.90000020469,0.600000155273
37,125,107.332320175,1,2.50619047619,2.06,0,2.87398039979,0.896648936427,-2.05486019122,4.2998073417,1.83761223733,0.785302843893,2.50595240547,2.90000020329,0.600000155273
37,126,107.382320175,1,2.50595238095,2.06,0,2.87342859394,0.896649006606,-2.0548603888,4.29980746959,1.83816403482,0.785302845848,2.5059524004,2.90000020469,0.600000155273
37,127,108.374383667,1,2.53595238095,2.06,0,2.87398039979,0.896648936427,-2.05486019122,4.2998073417,1.83761223733,0.785302843893,2.53571431024,2.90000020329,0.600000155273
37,128,108.424383667,1,2.53571428571,2.06,0,2.87342859394,0.896649006606,-2.0548603888,4.29980746959,1.83816403482,0.785302845848,2.53571430516,2.90000020469,0.600000155273
37,129,109.416447159,1,2.56571428571,2.06,0,2.87398039979,0.896648936427,-2.05486019122,4.2998073417,1.83761223733,0.785302843893,2.565476215,2.90000020329,0.600000155273
37,130,109.466447159,1,2.56547619048,2.06,0,2.87342859394,0.896649006606,-2.0548603888,4.29980746959,1.83816403482,0.785302845848,2.56547620992,2.90000020469,0.600000155273
37,131,110.458510651,1,2.59547619048,2.06,0,2.87398039979,0.896648936427,-2.05486019122,4.2998073417,1.83761223733,0.785302843893,2.59523811976,2.90000020329,0.600000155273
37,132,110.508510651,1,2.59523809524,2.06,0,2.87342859394,0.896649006606,-2.0548603888,4.29980746959,1.83816403482,0.785302845848,2.59523811469,2.90000020469,0.600000155273
37,133,111.500574143,1,2.62523809524,2.06,0,2.87398039979,0.896648936427,-2.05486019122,4.2998073417,1.83761223733,0.785302843893,2.62500002452,2.90000020329,0.600000155273
37,134,111.550574143,1,2.625,2.06,0,2.87342859394,0.896649006606,-2.0548603888,4.29980746959,1.83816403482,0.785302845848,2.62500001945,2.90000020469,0.600000155273
37,135,112.542637635,1,2.655,2.06,0,2.87398039979,0.896648936427,-2.05486019122,4.2998073417,1.83761223733,0.785302843893,2.65476192928,2.90000020329,0.600000155273
37,136,112.592637635,1,2.65476190476,2.06,0,2.87342859394,0.896649006606,-2.0548603888,4.29980746959,1.83816403482,0.785302845848,2.65476192421,2.90000020469,0.600000155273
37,137,113.584701128,1,2.68476190476,2.06,0,2.87398039979,0.896648936427,-2.05486019122,4.2998073417,1.83761223733,0.785302843893,2.68452383405,2.90000020329,0.600000155273
37,138,113.634701128,1,2.68452380952,2.06,0,2.87342859394,0.896649006606,-2.0548603888,4.29980746959,1.83816403482,0.785302845848,2.68452382897,2.90000020469,0.600000155273
37,139,114.62676462,1,2.71452380952,2.06,0,2.87398039979,0.896648936427,-2.05486019122,4.2998073417,1.83761223733,0.785302843893,2.71428573881,2.90000020329,0.600000155273
37,140,114.67676462,1,2.71428571429,2.06,0,2.87342859394,0.896649006606,-2.0548603888,4.29980746959,1.83816403482,0.785302845848,2.71428573373,2.90000020469,0.600000155273
37,141,115.668828112,1,2.74428571429,2.06,0,2.87398039979,0.896648936427,-2.05486019122,4.2998073417,1.83761223733,0.785302843893,2.74404764357,2.90000020329,0.600000155273
37,142,115.718828112,1,2.74404761905,2.06,0,2.87342859394,0.896649006606,-2.0548603888,4.29980746959,1.83816403482,0.785302845848,2.7440476385,2.90000020469,0.600000155273
37,143,116.710891604,1,2.77404761905,2.06,0,2.87398039979,0.896648936427,-2.05486019122,4.2998073417,1.83761223733,0.785302843893,2.77380954833,2.90000020329,0.600000155273
37,144,116.760891604,1,2.77380952381,2.06,0,2.87342859394,0.896649006606,-2.0548603888,4.29980746959,1.83816403482,0.785302845848,2.77380954326,2.90000020469,0.600000155273
37,145,117.752955096,1,2.80380952381,2.06,0,2.87398039979,0.896648936427,-2.05486019122,4.2998073417,1.83761223733,0.785302843893,2.80357145309,2.90000020329,0.600000155273
37,146,117.802955096,1,2.80357142857,2.06,0,2.87342859394,0.896649006606,-2.0548603888,4.29980746959,1.83816403482,0.785302845848,2.80357144802,2.90000020469,0.600000155273
37,147,118.795018588,1,2.83357142857,2.06,0,2.87398039979,0.896648936427,-2.05486019122,4.2998073417,1.83761223733,0.785302843893,2.83333335785,2.90000020329,0.600000155273
37,148,118.845018588,1,2.83333333333,2.06,0,2.87342859394,0.896649006606,-2.0548603888,4.29980746959,1.83816403482,0.785302845848,2.83333335278,2.90000020469,0.600000155273
37,149,119.83708208,1,2.86333333333,2.06,0,2.87398039979,0.896648936427,-2.05486019122,4.2998073417,1.83761223733,0.785302843893,2.86309526262,2.90000020329,0.600000155273
37,150,119.88708208,1,2.8630952381,2.06,0,2.87342859394,0.896649006606,-2.0548603888,4.29980746959,1.83816403482,0.785302845848,2.86309525754,2.90000020469,0.600000155273
37,151,120.879145572,1,2.8930952381,2.06,0,2.87398039979,0.896648936427,-2.05486019122,4.2998073417,1.83761223733,0.785302843893,2.89285716738,2.90000020329,0.600000155273
37,152,120.929145572,1,2.89285714286,2.06,0,2.87342859394,0.896649006606,-2.0548603888,4.29980746959,1.83816403482,0.785302845848,2.89285716231,2.90000020469,0.600000155273
37,153,121.921209064,1,2.92285714286,2.06,0,2.87398039979,0.896648936427,-2.05486019122,4.2998073417,1.83761223733,0.785302843893,2.92261907214,2.90000020329,0.600000155273
37,154,121.971209064,1,2.92261904762,2.06,0,2.87342859394,0.896649006606,-2.0548603888,4.29980746959,1.83816403482,0.785302845848,2.92261906707,2.90000020469,0.600000155273
37,155,122.963272556,1,2.95261904762,2.06,0,2.87398039979,0.896648936427,-2.05486019122,4.2998073417,1.83761223733,0.785302843893,2.9523809769,2.90000020329,0.600000155273
37,156,123.013272556,1,2.95238095238,2.06,0,2.87342859394,0.896649006606,-2.0548603888,4.29980746959,1.83816403482,0.785302845848,2.95238097183,2.90000020469,0.600000155273
37,157,124.005336048,1,2.98238095238,2.06,0,2.87398039979,0.896648936427,-2.05486019122,4.2998073417,1.83761223733,0.785302843893,2.98214288166,2.90000020329,0.600000155273
37,158,124.055336048,1,2.98214285714,2.06,0,2.87342859394,0.896649006606,-2.0548603888,4.29980746959,1.83816403482,0.785302845848,2.98214287659,2.90000020469,0.600000155273
37,159,125.04739954,1,3.01214285714,2.06,0,2.87398039979,0.896648936427,-2.05486019122,4.2998073417,1.83761223733,0.785302843893,3.01190478643,2.90000020329,0.600000155273
37,160,125.09739954,1,3.0119047619,2.06,0,2.87342859394,0.896649006606,-2.0548603888,4.29980746959,1.83816403482,0.785302845848,3.01190478135,2.90000020469,0.600000155273
37,161,126.089463032,1,3.0419047619,2.06,0,2.87398039979,0.896648936427,-2.05486019122,4.2998073417,1.83761223733,0.785302843893,3.04166669119,2.90000020329,0.600000155273
37,162,126.139463032,1,3.04166666667,2.06,0,2.87342859394,0.896649006606,-2.0548603888,4.29980746959,1.83816403482,0.785302845848,3.04166668612,2.90000020469,0.600000155273
37,163,127.131526524,1,3.07166666667,2.06,0,2.87398039979,0.896648936427,-2.05486019122,4.2998073417,1.83761223733,0.785302843893,3.07142859595,2.90000020329,0.600000155273
37,164,127.181526524,1,3.07142857143,2.06,0,2.87342859394,0.896649006606,-2.0548603888,4.29980746959,1.83816403482,0.785302845848,3.07142859088,2.90000020469,0.600000155273
37,165,128.173590016,1,3.10142857143,2.06,0,2.87398039979,0.896648936427,-2.05486019122,4.2998073417,1.83761223733,0.785302843893,3.10119050071,2.90000020329,0.600000155273
37,166,128.223590016,1,3.10119047619,2.06,0,2.87342859394,0.896649006606,-2.0548603888,4.29980746959,1.83816403482,0.785302845848,3.10119049564,2.90000020469,0.600000155273
37,167,129.215653508,1,3.13119047619,2.06,0,2.87398039979,0.896648936427,-2.05486019122,4.2998073417,1.83761223733,0.785302843893,3.13095240547,2.90000020329,0.600000155273
37,168,129.265653508,1,3.13095238095,2.06,0,2.87342859394,0.896649006606,-2.0548603888,4.29980746959,1.83816403482,0.785302845848,3.1309524004,2.90000020469,0.600000155273
37,169,130.257717001,1,3.16095238095,2.06,0,2.87398039979,0.896648936427,-2.05486019122,4.2998073417,1.83761223733,0.785302843893,3.16071431024,2.90000020329,0.600000155273
37,170,130.307717001,1,3.16071428571,2.06,0,2.87342859394,0.896649006606,-2.0548603888,4.29980746959,1.83816403482,0.785302845848,3.16071430516,2.90000020469,0.600000155273
37,171,131.299780493,1,3.19071428571,2.06,0,2.87398039979,0.896648936427,-2.05486019122,4.2998073417,1.83761223733,0.785302843893,3.190476215,2.90000020329,0.600000155273
37,172,131.349780493,1,3.19047619048,2.06,0,2.87342859394,0.896649006606,-2.0548603888,4.29980746959,1.83816403482,0.785302845848,3.19047620992,2.90000020469,0.600000155273
37,173,132.341843985,1,3.22047619048,2.06,0,2.87398039979,0.896648936427,-2.05486019122,4.2998073417,1.83761223733,0.785302843893,3.22023811976,2.90000020329,0.600000155273
37,174,132.391843985,1,3.22023809524,2.06,0,2.87342859394,0.896649006606,-2.0548603888,4.29980746959,1.83816403482,0.785302845848,3.22023811469,2.90000020469,0.600000155273
37,175,133.383907477,1,3.25023809524,2.06,0,2.87398039979,0.896648936427,-2.05486019122,4.2998073417,1.83761223733,0.785302843893,3.25000002452,2.90000020329,0.600000155273
37,176,133.433907477,1,3.25,2.06,0,2.87342859394,0.896649006606,-2.0548603888,4.29980746959,1.83816403482,0.785302845848,3.25000001945,2.90000020469,0.600000155273
37,177,135.26724081,1,3.25,2.06,0,2.87342878758,0.961796598957,-2.05248923901,4.23228949937,1.83816384541,0.785303049781,3.25000002203,2.9000001431,0.627499834175
37,178,137.100574143,1,3.25,2.06,0,2.873429021,1.02447626571,-2.04474972326,4.16187032698,1.83816361198,0.785303052454,3.25000002203,2.90000012845,0.654999834704
37,179,138.933907477,1,3.25,2.06,0,2.87342925469,1.08413864743,-2.03170492906,4.08916315724,1.8381633783,0.785303054088,3.25000002203,2.90000011421,0.682499836322
37,180,140.76724081,1,3.25,2.06,0,2.87342948831,1.14028661309,-2.01345564871,4.01476591355,1.83816314467,0.7853030547,3.25000002203,2.90000009989,0.709999838867
37,181,142.600574143,1,3.25,2.06,0,2.87342972161,1.19249428327,-1.99013134958,3.93923394325,1.83816291137,0.785303054437,3.25000002203,2.90000008505,0.737499841955
37,182,144.433907477,1,3.25,2.06,0,2.87342995438,1.24041956774,-1.96187912797,3.86305643384,1.83816267861,0.785303053558,3.25000002203,2.90000006937,0.764999845035
37,183,146.26724081,1,3.25,2.06,0,2.87343018649,1.28380815587,-1.92885160854,3.78664032186,1.8381624465,0.785303052388,3.25000002203,2.90000005265,0.792499847473
37,184,148.100574143,1,3.25,2.06,0,2.87343041788,1.3224897483,-1.89119469544,3.71030181216,1.8381622151,0.785303051283,3.25000002203,2.9000000348,0.819999848621
37,185,149.092637635,1,3.22,2.06,0,2.87287873736,1.32249045746,-1.89119359353,3.71029920451,1.83871389143,0.785302842655,3.22023811473,2.90000011788,0.820000171851
37,186,149.142637635,1,3.22023809524,2.06,0,2.87343045977,1.32249060123,-1.8911937862,3.71029925291,1.83816217743,0.785302840702,3.22023811985,2.90000011648,0.820000171861
37,187,150.134701128,1,3.19023809524,2.06,0,2.87287873737,1.32249045749,-1.8911935935,3.71029920443,1.83871389143,0.785302842647,3.19047620997,2.90000011788,0.820000171861
37,188,150.184701128,1,3.19047619048,2.06,0,2.87343045977,1.32249060123,-1.8911937862,3.71029925291,1.83816217743,0.785302840702,3.19047621509,2.90000011648,0.820000171861
37,189,151.17676462,1,3.16047619048,2.06,0,2.87287873737,1.32249045749,-1.8911935935,3.71029920443,1.83871389143,0.785302842647,3.1607143052,2.90000011788,0.820000171861
37,190,151.22676462,1,3.16071428571,2.06,0,2.87343045977,1.32249060123,-1.8911937862,3.71029925291,1.83816217743,0.785302840702,3.16071431032,2.90000011648,0.820000171861
37,191,152.218828112,1,3.13071428571,2.06,0,2.87287873737,1.32249045749,-1.8911935935,3.71029920443,1.83871389143,0.785302842647,3.13095240044,2.90000011788,0.820000171861
37,192,152.268828112,1,3.13095238095,2.06,0,2.87343045977,1.32249060123,-1.8911937862,3.71029925291,1.83816217743,0.785302840702,3.13095240556,2.90000011648,0.820000171861
37,193,153.260891604,1,3.10095238095,2.06,0,2.87287873737,1.32249045749,-1.8911935935,3.71029920443,1.83871389143,0.785302842647,3.10119049568,2.90000011788,0.820000171861
37,194,153.310891604,1,3.10119047619,2.06,0,2.87343045977,1.32249060123,-1.8911937862,3.71029925291,1.83816217743,0.785302840702,3.1011905008,2.90000011648,0.820000171861
37,195,154.302955096,1,3.07119047619,2.06,0,2.87287873737,1.32249045749,-1.8911935935,3.71029920443,1.83871389143,0.785302842647,3.07142859092,2.90000011788,0.820000171861
37,196,154.352955096,1,3.07142857143,2.06,0,2.87343045977,1.32249060123,-1.8911937862,3.71029925291,1.83816217743,0.785302840702,3.07142859604,2.90000011648,0.820000171861
37,197,155.345018588,1,3.04142857143,2.06,0,2.87287873737,1.32249045749,-1.8911935935,3.71029920443,1.83871389143,0.785302842647,3.04166668616,2.90000011788,0.820000171861
37,198,155.395018588,1,3.04166666667,2.06,0,2.87343045977,1.32249060123,-1.8911937862,3.71029925291,1.83816217743,0.785302840702,3.04166669128,2.90000011648,0.820000171861
37,199,156.38708208,1,3.01166666667,2.06,0,2.87287873737,1.32249045749,-1.8911935935,3.71029920443,1.83871389143,0.785302842647,3.0119047814,2.90000011788,0.820000171861
37,200,156.43708208,1,3.0119047619,2.06,0,2.87343045977,1.32249060123,-1.8911937862,3.71029925291,1.83816217743,0.785302840702,3.01190478651,2.90000011648,0.820000171861
37,201,157.429145572,1,2.9819047619,2.06,0,2.87287873737,1.32249045749,-1.8911935935,3.71029920443,1.83871389143,0.785302842647,2.98214287663,2.90000011788,0.820000171861
37,202,157.479145572,1,2.98214285714,2.06,0,2.87343045977,1.32249060123,-1.8911937862,3.71029925291,1.83816217743,0.785302840702,2.98214288175,2.90000011648,0.820000171861
37,203,158.471209064,1,2.95214285714,2.06,0,2.87287873737,1.32249045749,-1.8911935935,3.71029920443,1.83871389143,0.785302842647,2.95238097187,2.90000011788,0.820000171861
37,204,158.521209064,1,2.95238095238,2.06,0,2.87343045977,1.32249060123,-1.8911937862,3.71029925291,1.83816217743,0.785302840702,2.95238097699,2.90000011648,0.820000171861
37,205,159.513272556,1,2.92238095238,2.06,0,2.87287873737,1.32249045749,-1.8911935935,3.71029920443,1.83871389143,0.785302842647,2.92261906711,2.90000011788,0.820000171861
37,206,159.563272556,1,2.92261904762,2.06,0,2.87343045977,1.32249060123,-1.8911937862,3.71029925291,1.83816217743,0.785302840702,2.92261907223,2.90000011648,0.820000171861
37,207,160.555336048,1,2.89261904762,2.06,0,2.87287873737,1.32249045749,-1.8911935935,3.71029920443,1.83871389143,0.785302842647,2.89285716235,2.90000011788,0.820000171861
37,208,160.605336048,1,2.89285714286,2.06,0,2.87343045977,1.32249060123,-1.8911937862,3.71029925291,1.83816217743,0.785302840702,2.89285716747,2.90000011648,0.820000171861
37,209,161.59739954,1,2.86285714286,2.06,0,2.87287873737,1.32249045749,-1.8911935935,3.71029920443,1.83871389143,0.785302842647,2.86309525759,2.90000011788,0.820000171861
37,210,161.64739954,1,2.8630952381,2.06,0,2.87343045977,1.32249060123,-1.8911937862,3.71029925291,1.83816217743,0.785302840702,2.86309526271,2.90000011648,0.820000171861
37,211,162.639463032,1,2.8330952381,2.06,0,2.87287873737,1.32249045749,-1.8911935935,3.71029920443,1.83871389143,0.785302842647,2.83333335282,2.90000011788,0.820000171861
37,212,162.689463032,1,2.83333333333,2.06,0,2.87343045977,1.32249060123,-1.8911937862,3.71029925291,1.83816217743,0.785302840702,2.83333335794,2.90000011648,0.820000171861
37,213,163.681526524,1,2.80333333333,2.06,0,2.87287873737,1.32249045749,-1.8911935935,3.71029920443,1.83871389143,0.785302842647,2.80357144806,2.90000011788,0.820000171861
37,214,163.731526524,1,2.80357142857,2.06,0,2.87343045977,1.32249060123,-1.8911937862,3.71029925291,1.83816217743,0.785302840702,2.80357145318,2.90000011648,0.820000171861
37,215,164.723590016,1,2.77357142857,2.06,0,2.87287873737,1.32249045749,-1.8911935935,3.71029920443,1.83871389143,0.785302842647,2.7738095433,2.90000011788,0.820000171861
37,216,164.773590016,1,2.77380952381,2.06,0,2.87343045977,1.32249060123,-1.8911937862,3.71029925291,1.83816217743,0.785302840702,2.77380954842,2.90000011648,0.820000171861
37,217,165.765653508,1,2.74380952381,2.06,0,2.87287873737,1.32249045749,-1.8911935935,3.71029920443,1.83871389143,0.785302842647,2.74404763854,2.90000011788,0.820000171861
37,218,165.815653508,1,2.74404761905,2.06,0,2.87343045977,1.32249060123,-1.8911937862,3.71029925291,1.83816217743,0.785302840702,2.74404764366,2.90000011648,0.820000171861
37,219,166.807717001,1,2.71404761905,2.06,0,2.87287873737,1.32249045749,-1.8911935935,3.71029920443,1.83871389143,0.785302842647,2.71428573378,2.90000011788,0.820000171861
37,220,166.857717001,1,2.71428571429,2.06,0,2.87343045977,1.32249060123,-1.8911937862,3.71029925291,1.83816217743,0.785302840702,2.7142857389,2.90000011648,0.820000171861
37,221,167.849780493,1,2.68428571429,2.06,0,2.87287873737,1.32249045749,-1.8911935935,3.71029920443,1.83871389143,0.785302842647,2.68452382901,2.90000011788,0.820000171861
37,222,167.899780493,1,2.68452380952,2.06,0,2.87343045977,1.32249060123,-1.8911937862,3.71029925291,1.83816217743,0.785302840702,2.68452383413,2.90000011648,0.820000171861
37,223,168.891843985,1,2.65452380952,2.06,0,2.87287873737,1.32249045749,-1.8911935935,3.71029920443,1.83871389143,0.785302842647,2.65476192425,2.90000011788,0.820000171861
37,224,168.941843985,1,2.65476190476,2.06,0,2.87343045977,1.32249060123,-1.8911937862,3.71029925291,1.83816217743,0.785302840702,2.65476192937,2.90000011648,0.820000171861
37,225,169.933907477,1,2.62476190476,2.06,0,2.87287873737,1.32249045749,-1.8911935935,3.71029920443,1.83871389143,0.785302842647,2.62500001949,2.90000011788,0.820000171861
37,226,169.983907477,1,2.625,2.06,0,2.87343045977,1.32249060123,-1.8911937862,3.71029925291,1.83816217743,0.785302840702,2.62500002461,2.90000011648,0.820000171861
37,227,170.975970969,1,2.595,2.06,0,2.87287873737,1.32249045749,-1.8911935935,3.71029920443,1.83871389143,0.785302842647,2.59523811473,2.90000011788,0.820000171861
37,228,171.025970969,1,2.59523809524,2.06,0,2.87343045977,1.32249060123,-1.8911937862,3.71029925291,1.83816217743,0.785302840702,2.59523811985,2.90000011648,0.820000171861
37,229,172.018034461,1,2.56523809524,2.06,0,2.87287873737,1.32249045749,-1.8911935935,3.71029920443,1.83871389143,0.785302842647,2.56547620997,2.90000011788,0.820000171861
37,230,172.068034461,1,2.56547619048,2.06,0,2.87343045977,1.32249060123,-1.8911937862,3.71029925291,1.83816217743,0.785302840702,2.56547621509,2.90000011648,0.820000171861
37,231,173.060097953,1,2.53547619048,2.06,0,2.87287873737,1.32249045749,-1.8911935935,3.71029920443,1.83871389143,0.785302842647,2.5357143052,2.90000011788,0.820000171861
37,232,173.110097953,1,2.53571428571,2.06,0,2.87343045977,1.32249060123,-1.8911937862,3.71029925291,1.83816217743,0.785302840702,2.53571431032,2.90000011648,0.820000171861
37,233,174.102161445,1,2.50571428571,2.06,0,2.87287873737,1.32249045749,-1.8911935935,3.71029920443,1.83871389143,0.785302842647,2.50595240044,2.90000011788,0.820000171861
37,234,174.152161445,1,2.50595238095,2.06,0,2.87343045977,1.32249060123,-1.8911937862,3.71029925291,1.83816217743,0.785302840702,2.50595240556,2.90000011648,0.820000171861
37,235,175.144224937,1,2.47595238095,2.06,0,2.87287873737,1.32249045749,-1.8911935935,3.71029920443,1.83871389143,0.785302842647,2.47619049568,2.90000011788,0.820000171861
37,236,175.194224937,1,2.47619047619,2.06,0,2.87343045977,1.32249060123,-1.8911937862,3.71029925291,1.83816217743,0.785302840702,2.4761905008,2.90000011648,0.820000171861
37,237,176.186288429,1,2.44619047619,2.06,0,2.87287873737,1.32249045749,-1.8911935935,3.71029920443,1.83871389143,0.785302842647,2.44642859092,2.90000011788,0.820000171861
37,238,176.236288429,1,2.44642857143,2.06,0,2.87343045977,1.32249060123,-1.8911937862,3.71029925291,1.83816217743,0.785302840702,2.44642859604,2.90000011648,0.820000171861
37,239,177.228351921,1,2.41642857143,2.06,0,2.87287873737,1.32249045749,-1.8911935935,3.71029920443,1.83871389143,0.785302842647,2.41666668616,2.90000011788,0.820000171861
37,240,177.278351921,1,2.41666666667,2.06,0,2.87343045977,1.32249060123,-1.8911937862,3.71029925291,1.83816217743,0.785302840702,2.41666669128,2.90000011648,0.820000171861
37,241,178.270415413,1,2.38666666667,2.06,0,2.87287873737,1.32249045749,-1.8911935935,3.71029920443,1.83871389143,0.785302842647,2.3869047814,2.90000011788,0.820000171861
37,242,178.320415413,1,2.3869047619,2.06,0,2.87343045977,1.32249060123,-1.8911937862,3.71029925291,1.83816217743,0.785302840702,2.38690478651,2.90000011648,0.820000171861
37,243,179.312478905,1,2.3569047619,2.06,0,2.87287873737,1.32249045749,-1.8911935935,3.71029920443,1.83871389143,0.785302842647,2.35714287663,2.90000011788,0.820000171861
37,244,179.362478905,1,2.35714285714,2.06,0,2.87343045977,1.32249060123,-1.8911937862,3.71029925291,1.83816217743,0.785302840702,2.35714288175,2.90000011648,0.820000171861
37,245,180.354542397,1,2.32714285714,2.06,0,2.87287873737,1.32249045749,-1.8911935935,3.71029920443,1.83871389143,0.785302842647,2.32738097187,2.90000011788,0.820000171861
37,246,180.404542397,1,2.32738095238,2.06,0,2.87343045977,1.32249060123,-1.8911937862,3.71029925291,1.83816217743,0.785302840702,2.32738097699,2.90000011648,0.820000171861
37,247,181.396605889,1,2.29738095238,2.06,0,2.87287873737,1.32249045749,-1.8911935935,3.71029920443,1.83871389143,0.785302842647,2.29761906711,2.90000011788,0.820000171861
37,248,181.446605889,1,2.29761904762,2.06,0,2.87343045977,1.32249060123,-1.8911937862,3.71029925291,1.83816217743,0.785302840702,2.29761907223,2.90000011648,0.820000171861
37,249,182.438669381,1,2.26761904762,2.06,0,2.87287873737,1.32249045749,-1.8911935935,3.71029920443,1.83871389143,0.785302842647,2.26785716235,2.90000011788,0.820000171861
37,250,182.488669381,1,2.26785714286,2.06,0,2.87343045977,1.32249060123,-1.8911937862,3.71029925291,1.83816217743,0.785302840702,2.26785716747,2.90000011648,0.820000171861
37,251,183.480732874,1,2.23785714286,2.06,0,2.87287873737,1.32249045749,-1.8911935935,3.71029920443,1.83871389143,0.785302842647,2.23809525759,2.90000011788,0.820000171861
37,252,183.530732874,1,2.2380952381,2.06,0,2.87343045977,1.32249060123,-1.8911937862,3.71029925291,1.83816217743,0.785302840702,2.23809526271,2.90000011648,0.820000171861
37,253,184.522796366,1,2.2080952381,2.06,0,2.87287873737,1.32249045749,-1.8911935935,3.71029920443,1.83871389143,0.785302842647,2.20833335282,2.90000011788,0.820000171861
37,254,184.572796366,1,2.20833333333,2.06,0,2.87343045977,1.32249060123,-1.8911937862,3.71029925291,1.83816217743,0.785302840702,2.20833335794,2.90000011648,0.820000171861
37,255,185.564859858,1,2.17833333333,2.06,0,2.87287873737,1.32249045749,-1.8911935935,3.71029920443,1.83871389143,0.785302842647,2.17857144806,2.90000011788,0.820000171861
37,256,185.614859858,1,2.17857142857,2.06,0,2.87343045977,1.32249060123,-1.8911937862,3.71029925291,1.83816217743,0.785302840702,2.17857145318,2.90000011648,0.820000171861
37,257,186.60692335,1,2.14857142857,2.06,0,2.87287873737,1.32249045749,-1.8911935935,3.71029920443,1.83871389143,0.785302842647,2.1488095433,2.90000011788,0.820000171861
37,258,186.65692335,1,2.14880952381,2.06,0,2.87343045977,1.32249060123,-1.8911937862,3.71029925291,1.83816217743,0.785302840702,2.14880954842,2.90000011648,0.820000171861
37,259,187.648986842,1,2.11880952381,2.06,0,2.87287873737,1.32249045749,-1.8911935935,3.71029920443,1.83871389143,0.785302842647,2.11904763854,2.90000011788,0.820000171861
37,260,187.698986842,1,2.11904761905,2.06,0,2.87343045977,1.32249060123,-1.8911937862,3.71029925291,1.83816217743,0.785302840702,2.11904764366,2.90000011648,0.820000171861
37,261,188.691050334,1,2.08904761905,2.06,0,2.87287873737,1.32249045749,-1.8911935935,3.71029920443,1.83871389143,0.785302842647,2.08928573378,2.90000011788,0.820000171861
37,262,188.741050334,1,2.08928571429,2.06,0,2.87343045977,1.32249060123,-1.8911937862,3.71029925291,1.83816217743,0.785302840702,2.0892857389,2.90000011648,0.820000171861
37,263,189.733113826,1,2.05928571429,2.06,0,2.87287873737,1.32249045749,-1.8911935935,3.71029920443,1.83871389143,0.785302842647,2.05952382901,2.90000011788,0.820000171861
37,264,189.783113826,1,2.05952380952,2.06,0,2.87343045977,1.32249060123,-1.8911937862,3.71029925291,1.83816217743,0.785302840702,2.05952383413,2.90000011648,0.820000171861
37,265,190.775177318,1,2.02952380952,2.06,0,2.87287873737,1.32249045749,-1.8911935935,3.71029920443,1.83871389143,0.785302842647,2.02976192425,2.90000011788,0.820000171861
37,266,190.825177318,1,2.02976190476,2.06,0,2.87343045977,1.32249060123,-1.8911937862,3.71029925291,1.83816217743,0.785302840702,2.02976192937,2.90000011648,0.820000171861
37,267,191.81724081,1,1.99976190476,2.06,0,2.87287873737,1.32249045749,-1.8911935935,3.71029920443,1.83871389143,0.785302842647,2.00000001949,2.90000011788,0.820000171861
37,268,191.86724081,1,2,2.06,0,2.87343045977,1.32249060123,-1.8911937862,3.71029925291,1.83816217743,0.785302840702,2.00000002461,2.90000011648,0.820000171861
37,269,192.859304302,1,1.97,2.06,0,2.87287873737,1.32249045749,-1.8911935935,3.71029920443,1.83871389143,0.785302842647,1.97023811473,2.90000011788,0.820000171861
37,270,192.909304302,1,1.97023809524,2.06,0,2.87343045977,1.32249060123,-1.8911937862,3.71029925291,1.83816217743,0.785302840702,1.97023811985,2.90000011648,0.820000171861
37,271,193.901367794,1,1.94023809524,2.06,0,2.87287873737,1.32249045749,-1.8911935935,3.71029920443,1.83871389143,0.785302842647,1.94047620997,2.90000011788,0.820000171861
37,272,193.951367794,1,1.94047619048,2.06,0,2.87343045977,1.32249060123,-1.8911937862,3.71029925291,1.83816217743,0.785302840702,1.94047621509,2.90000011648,0.820000171861
37,273,194.943431286,1,1.91047619048,2.06,0,2.87287873737,1.32249045749,-1.8911935935,3.71029920443,1.83871389143,0.785302842647,1.9107143052,2.90000011788,0.820000171861
37,274,194.993431286,1,1.91071428571,2.06,0,2.87343045977,1.32249060123,-1.8911937862,3.71029925291,1.83816217743,0.785302840702,1.91071431032,2.90000011648,0.820000171861
37,275,195.985494778,1,1.88071428571,2.06,0,2.87287873737,1.32249045749,-1.8911935935,3.71029920443,1.83871389143,0.785302842647,1.88095240044,2.90000011788,0.820000171861
37,276,196.035494778,1,1.88095238095,2.06,0,2.87343045977,1.32249060123,-1.8911937862,3.71029925291,1.83816217743,0.785302840702,1.88095240556,2.90000011648,0.820000171861
37,277,197.02755827,1,1.85095238095,2.06,0,2.87287873737,1.32249045749,-1.8911935935,3.71029920443,1.83871389143,0.785302842647,1.85119049568,2.90000011788,0.820000171861
37,278,197.07755827,1,1.85119047619,2.06,0,2.87343045977,1.32249060123,-1.8911937862,3.71029925291,1.83816217743,0.785302840702,1.8511905008,2.90000011648,0.820000171861
37,279,198.069621762,1,1.82119047619,2.06,0,2.87287873737,1.32249045749,-1.8911935935,3.71029920443,1.83871389143,0.785302842647,1.82142859092,2.90000011788,0.820000171861
37,280,198.119621762,1,1.82142857143,2.06,0,2.87343045977,1.32249060123,-1.8911937862,3.71029925291,1.83816217743,0.785302840702,1.82142859604,2.90000011648,0.820000171861
37,281,199.111685254,1,1.79142857143,2.06,0,2.87287873737,1.32249045749,-1.8911935935,3.71029920443,1.83871389143,0.785302842647,1.79166668616,2.90000011788,0.820000171861
37,282,199.161685254,1,1.79166666667,2.06,0,2.87343045977,1.32249060123,-1.8911937862,3.71029925291,1.83816217743,0.785302840702,1.79166669128,2.90000011648,0.820000171861
37,283,200.153748747,1,1.76166666667,2.06,0,2.87287873737,1.32249045749,-1.8911935935,3.71029920443,1.83871389143,0.785302842647,1.7619047814,2.90000011788,0.820000171861
37,284,200.203748747,1,1.7619047619,2.06,0,2.87343045977,1.32249060123,-1.8911937862,3.71029925291,1.83816217743,0.785302840702,1.76190478651,2.90000011648,0.820000171861
37,285,201.195812239,1,1.7319047619,2.06,0,2.87287873737,1.32249045749,-1.8911935935,3.71029920443,1.83871389143,0.785302842647,1.73214287663,2.90000011788,0.820000171861
37,286,201.245812239,1,1.73214285714,2.06,0,2.87343045977,1.32249060123,-1.8911937862,3.71029925291,1.83816217743,0.785302840702,1.73214288175,2.90000011648,0.820000171861
37,287,202.237875731,1,1.70214285714,2.06,0,2.87287873737,1.32249045749,-1.8911935935,3.71029920443,1.83871389143,0.785302842647,1.70238097187,2.90000011788,0.820000171861
37,288,202.287875731,1,1.70238095238,2.06,0,2.87343045977,1.32249060123,-1.8911937862,3.71029925291,1.83816217743,0.785302840702,1.70238097699,2.90000011648,0.820000171861
37,289,203.279939223,1,1.67238095238,2.06,0,2.87287873737,1.32249045749,-1.8911935935,3.71029920443,1.83871389143,0.785302842647,1.67261906711,2.90000011788,0.820000171861
37,290,203.329939223,1,1.67261904762,2.06,0,2.87343045977,1.32249060123,-1.8911937862,3.71029925291,1.83816217743,0.785302840702,1.67261907223,2.90000011648,0.820000171861
37,291,204.322002715,1,1.64261904762,2.06,0,2.87287873737,1.32249045749,-1.8911935935,3.71029920443,1.83871389143,0.785302842647,1.64285716235,2.90000011788,0.820000171861
37,292,204.372002715,1,1.64285714286,2.06,0,2.87343045977,1.32249060123,-1.8911937862,3.71029925291,1.83816217743,0.785302840702,1.64285716747,2.90000011648,0.820000171861
37,293,205.364066207,1,1.61285714286,2.06,0,2.87287873737,1.32249045749,-1.8911935935,3.71029920443,1.83871389143,0.785302842647,1.61309525759,2.90000011788,0.820000171861
37,294,205.414066207,1,1.6130952381,2.06,0,2.87343045977,1.32249060123,-1.8911937862,3.71029925291,1.83816217743,0.785302840702,1.61309526271,2.90000011648,0.820000171861
37,295,206.406129699,1,1.5830952381,2.06,0,2.87287873737,1.32249045749,-1.8911935935,3.71029920443,1.83871389143,0.785302842647,1.58333335282,2.90000011788,0.820000171861
37,296,206.456129699,1,1.58333333333,2.06,0,2.87343045977,1.32249060123,-1.8911937862,3.71029925291,1.83816217743,0.785302840702,1.58333335794,2.90000011648,0.820000171861
37,297,207.448193191,1,1.55333333333,2.06,0,2.87287873737,1.32249045749,-1.8911935935,3.71029920443,1.83871389143,0.785302842647,1.55357144806,2.90000011788,0.820000171861
37,298,207.498193191,1,1.55357142857,2.06,0,2.87343045977,1.32249060123,-1.8911937862,3.71029925291,1.83816217743,0.785302840702,1.55357145318,2.90000011648,0.820000171861
37,299,208.490256683,1,1.52357142857,2.06,0,2.87287873737,1.32249045749,-1.8911935935,3.71029920443,1.83871389143,0.785302842647,1.5238095433,2.90000011788,0.820000171861
37,300,208.540256683,1,1.52380952381,2.06,0,2.87343045977,1.32249060123,-1.8911937862,3.71029925291,1.83816217743,0.785302840702,1.52380954842,2.90000011648,0.820000171861
37,301,209.532320175,1,1.49380952381,2.06,0,2.87287873737,1.32249045749,-1.8911935935,3.71029920443,1.83871389143,0.785302842647,1.49404763854,2.90000011788,0.820000171861
37,302,209.582320175,1,1.49404761905,2.06,0,2.87343045977,1.32249060123,-1.8911937862,3.71029925291,1.83816217743,0.785302840702,1.49404764366,2.90000011648,0.820000171861
37,303,210.574383667,1,1.46404761905,2.06,0,2.87287873737,1.32249045749,-1.8911935935,3.71029920443,1.83871389143,0.785302842647,1.46428573378,2.90000011788,0.820000171861
37,304,210.624383667,1,1.46428571429,2.06,0,2.87343045977,1.32249060123,-1.8911937862,3.71029925291,1.83816217743,0.785302840702,1.4642857389,2.90000011648,0.820000171861
37,305,211.616447159,1,1.43428571429,2.06,0,2.87287873737,1.32249045749,-1.8911935935,3.71029920443,1.83871389143,0.785302842647,1.43452382901,2.90000011788,0.820000171861
37,306,211.666447159,1,1.43452380952,2.06,0,2.87343045977,1.32249060123,-1.8911937862,3.71029925291,1.83816217743,0.785302840702,1.43452383413,2.90000011648,0.820000171861
37,307,212.658510651,1,1.40452380952,2.06,0,2.87287873737,1.32249045749,-1.8911935935,3.71029920443,1.83871389143,0.785302842647,1.40476192425,2.90000011788,0.820000171861
37,308,212.708510651,1,1.40476190476,2.06,0,2.87343045977,1.32249060123,-1.8911937862,3.71029925291,1.83816217743,0.785302840702,1.40476192937,2.90000011648,0.820000171861
37,309,213.700574143,1,1.37476190476,2.06,0,2.87287873737,1.32249045749,-1.8911935935,3.71029920443,1.83871389143,0.785302842647,1.37500001949,2.90000011788,0.820000171861
37,310,213.750574143,1,1.375,2.06,0,2.87343045977,1.32249060123,-1.8911937862,3.71029925291,1.83816217743,0.785302840702,1.37500002461,2.90000011648,0.820000171861
37,311,214.742637635,1,1.345,2.06,0,2.87287873737,1.32249045749,-1.8911935935,3.71029920443,1.83871389143,0.785302842647,1.34523811473,2.90000011788,0.820000171861
37,312,214.792637635,1,1.34523809524,2.06,0,2.87343045977,1.32249060123,-1.8911937862,3.71029925291,1.83816217743,0.785302840702,1.34523811985,2.90000011648,0.820000171861
37,313,215.784701128,1,1.31523809524,2.06,0,2.87287873737,1.32249045749,-1.8911935935,3.71029920443,1.83871389143,0.785302842647,1.31547620997,2.90000011788,0.820000171861
37,314,215.834701128,1,1.31547619048,2.06,0,2.87343045977,1.32249060123,-1.8911937862,3.71029925291,1.83816217743,0.785302840702,1.31547621509,2.90000011648,0.820000171861
37,315,216.82676462,1,1.28547619048,2.06,0,2.87287873737,1.32249045749,-1.8911935935,3.71029920443,1.83871389143,0.785302842647,1.2857143052,2.90000011788,0.820000171861
37,316,216.87676462,1,1.28571428571,2.06,0,2.87343045977,1.32249060123,-1.8911937862,3.71029925291,1.83816217743,0.785302840702,1.28571431032,2.90000011648,0.820000171861
37,317,217.868828112,1,1.25571428571,2.06,0,2.87287873737,1.32249045749,-1.8911935935,3.71029920443,1.83871389143,0.785302842647,1.25595240044,2.90000011788,0.820000171861
37,318,217.918828112,1,1.25595238095,2.06,0,2.87343045977,1.32249060123,-1.8911937862,3.71029925291,1.83816217743,0.785302840702,1.25595240556,2.90000011648,0.820000171861
37,319,218.910891604,1,1.22595238095,2.06,0,2.87287873737,1.32249045749,-1.8911935935,3.71029920443,1.83871389143,0.785302842647,1.22619049568,2.90000011788,0.820000171861
37,320,218.960891604,1,1.22619047619,2.06,0,2.87343045977,1.32249060123,-1.8911937862,3.71029925291,1.83816217743,0.785302840702,1.2261905008,2.90000011648,0.820000171861
37,321,219.952955096,1,1.19619047619,2.06,0,2.87287873737,1.32249045749,-1.8911935935,3.71029920443,1.83871389143,0.785302842647,1.19642859092,2.90000011788,0.820000171861
37,322,220.002955096,1,1.19642857143,2.06,0,2.87343045977,1.32249060123,-1.8911937862,3.71029925291,1.83816217743,0.785302840702,1.19642859604,2.90000011648,0.820000171861
37,323,220.995018588,1,1.16642857143,2.06,0,2.87287873737,1.32249045749,-1.8911935935,3.71029920443,1.83871389143,0.785302842647,1.16666668616,2.90000011788,0.820000171861
37,324,221.045018588,1,1.16666666667,2.06,0,2.87343045977,1.32249060123,-1.8911937862,3.71029925291,1.83816217743,0.785302840702,1.16666669128,2.90000011648,0.820000171861
37,325,222.03708208,1,1.13666666667,2.06,0,2.87287873737,1.32249045749,-1.8911935935,3.71029920443,1.83871389143,0.785302842647,1.1369047814,2.90000011788,0.820000171861
37,326,222.08708208,1,1.1369047619,2.06,0,2.87343045977,1.32249060123,-1.8911937862,3.71029925291,1.83816217743,0.785302840702,1.13690478651,2.90000011648,0.820000171861
37,327,223.079145572,1,1.1069047619,2.06,0,2.87287873737,1.32249045749,-1.8911935935,3.71029920443,1.83871389143,0.785302842647,1.10714287663,2.90000011788,0.820000171861
37,328,223.129145572,1,1.10714285714,2.06,0,2.87343045977,1.32249060123,-1.8911937862,3.71029925291,1.83816217743,0.785302840702,1.10714288175,2.90000011648,0.820000171861
37,329,224.121209064,1,1.07714285714,2.06,0,2.87287873737,1.32249045749,-1.8911935935,3.71029920443,1.83871389143,0.785302842647,1.07738097187,2.90000011788,0.820000171861
37,330,224.171209064,1,1.07738095238,2.06,0,2.87343045977,1.32249060123,-1.8911937862,3.71029925291,1.83816217743,0.785302840702,1.07738097699,2.90000011648,0.820000171861
37,331,225.163272556,1,1.04738095238,2.06,0,2.87287873737,1.32249045749,-1.8911935935,3.71029920443,1.83871389143,0.785302842647,1.04761906711,2.90000011788,0.820000171861
37,332,225.213272556,1,1.04761904762,2.06,0,2.87343045977,1.32249060123,-1.8911937862,3.71029925291,1.83816217743,0.785302840702,1.04761907223,2.90000011648,0.820000171861
37,333,226.205336048,1,1.01761904762,2.06,0,2.87287873737,1.32249045749,-1.8911935935,3.71029920443,1.83871389143,0.785302842647,1.01785716235,2.90000011788,0.820000171861
37,334,226.255336048,1,1.01785714286,2.06,0,2.87343045977,1.32249060123,-1.8911937862,3.71029925291,1.83816217743,0.785302840702,1.01785716747,2.90000011648,0.820000171861
37,335,227.24739954,1,0.987857142857,2.06,0,2.87287873737,1.32249045749,-1.8911935935,3.71029920443,1.83871389143,0.785302842647,0.988095257586,2.90000011788,0.820000171861
37,336,227.29739954,1,0.988095238095,2.06,0,2.87343045977,1.32249060123,-1.8911937862,3.71029925291,1.83816217743,0.785302840702,0.988095262705,2.90000011648,0.820000171861
37,337,228.289463032,1,0.958095238095,2.06,0,2.87287873737,1.32249045749,-1.8911935935,3.71029920443,1.83871389143,0.785302842647,0.958333352824,2.90000011788,0.820000171861
37,338,228.339463032,1,0.958333333333,2.06,0,2.87343045977,1.32249060123,-1.8911937862,3.71029925291,1.83816217743,0.785302840702,0.958333357943,2.90000011648,0.820000171861
37,339,229.331526524,1,0.928333333333,2.06,0,2.87287873737,1.32249045749,-1.8911935935,3.71029920443,1.83871389143,0.785302842647,0.928571448062,2.90000011788,0.820000171861
37,340,229.381526524,1,0.928571428571,2.06,0,2.87343045977,1.32249060123,-1.8911937862,3.71029925291,1.83816217743,0.785302840702,0.928571453181,2.90000011648,0.820000171861
37,341,230.373590016,1,0.898571428571,2.06,0,2.87287873737,1.32249045749,-1.8911935935,3.71029920443,1.83871389143,0.785302842647,0.8988095433,2.90000011788,0.820000171861
37,342,230.423590016,1,0.89880952381,2.06,0,2.87343045977,1.32249060123,-1.8911937862,3.71029925291,1.83816217743,0.785302840702,0.89880954842,2.90000011648,0.820000171861
37,343,231.415653508,1,0.86880952381,2.06,0,2.87287873737,1.32249045749,-1.8911935935,3.71029920443,1.83871389143,0.785302842647,0.869047638538,2.90000011788,0.820000171861
37,344,231.465653508,1,0.869047619048,2.06,0,2.87343045977,1.32249060123,-1.8911937862,3.71029925291,1.83816217743,0.785302840702,0.869047643658,2.90000011648,0.820000171861
37,345,232.457717001,1,0.839047619048,2.06,0,2.87287873737,1.32249045749,-1.8911935935,3.71029920443,1.83871389143,0.785302842647,0.839285733776,2.90000011788,0.820000171861
37,346,232.507717001,1,0.839285714286,2.06,0,2.87343045977,1.32249060123,-1.8911937862,3.71029925291,1.83816217743,0.785302840702,0.839285738896,2.90000011648,0.820000171861
37,347,233.499780493,1,0.809285714286,2.06,0,2.87287873737,1.32249045749,-1.8911935935,3.71029920443,1.83871389143,0.785302842647,0.809523829014,2.90000011788,0.820000171861
37,348,233.549780493,1,0.809523809524,2.06,0,2.87343045977,1.32249060123,-1.8911937862,3.71029925291,1.83816217743,0.785302840702,0.809523834134,2.90000011648,0.820000171861
37,349,234.541843985,1,0.779523809524,2.06,0,2.87287873737,1.32249045749,-1.8911935935,3.71029920443,1.83871389143,0.785302842647,0.779761924253,2.90000011788,0.820000171861
37,350,234.591843985,1,0.779761904762,2.06,0,2.87343045977,1.32249060123,-1.8911937862,3.71029925291,1.83816217743,0.785302840702,0.779761929372,2.90000011648,0.820000171861
37,351,235.583907477,1,0.749761904762,2.06,0,2.87287873737,1.32249045749,-1.8911935935,3.71029920443,1.83871389143,0.785302842647,0.750000019491,2.90000011788,0.820000171861
37,352,235.633907477,1,0.75,2.06,0,2.87343045977,1.32249060123,-1.8911937862,3.71029925291,1.83816217743,0.785302840702,0.75000002461,2.90000011648,0.820000171861
37,353,237.46724081,1,0.75,2.06,0,2.87343064856,1.35636818379,-1.84903575109,3.6342644297,1.83816198443,0.785303050592,0.750000022031,2.90000001583,0.847499847871
37,354,239.300574143,1,0.75,2.06,0,2.87343087851,1.38540743391,-1.80247238238,3.5586618112,1.83816175448,0.785303050679,0.75000002203,2.89999999571,0.874999844625
37,355,241.133907477,1,0.75,2.06,0,2.87343110774,1.40961528641,-1.75156160884,3.48354318954,1.83816152525,0.785303051835,0.750000022031,2.89999997445,0.90249983837
37,356,242.96724081,1,0.75,2.06,0,2.87343133618,1.42902607338,-1.6963087967,3.40887960005,1.83816129681,0.785303054375,0.75000002203,2.89999995196,0.929999828556
37,357,244.800574143,1,0.75,2.06,0,2.87343156371,1.44368317898,-1.63665532556,3.33456903936,1.83816106927,0.785303058616,0.750000022031,2.89999992804,0.957499814569
37,358,246.633907477,1,0.75,2.06,0,2.8734317901,1.45362137482,-1.57246343289,3.26043897472,1.83816084289,0.785303064918,0.750000022031,2.89999990231,0.984999795645
37,359,248.46724081,1,0.75,2.06,0,2.87343201496,1.45884828185,-1.5034958783,3.18624454648,1.83816061803,0.785303073736,0.750000022031,2.89999987416,1.01249977074
37,360,250.300574143,1,0.75,2.06,0,2.87343223768,1.45932333224,-1.4293866744,3.11166033746,1.83816039531,0.785303085697,0.750000022031,2.89999984266,1.03999973833
37,361,251.292637635,1,0.78,2.06,0,2.8739842002,1.45932279277,-1.42938399394,3.11165732053,1.83760843699,0.785302852436,0.779761929357,2.90000007246,1.04000015622
37,362,251.342637635,1,0.779761904762,2.06,0,2.87343239444,1.45932294909,-1.42938417045,3.11165734117,1.83816023432,0.7853028544,0.779761924211,2.90000007388,1.04000015624
37,363,252.334701128,1,0.809761904762,2.06,0,2.87398420021,1.45932279275,-1.42938399385,3.11165732041,1.83760843698,0.785302852425,0.809523834118,2.90000007247,1.04000015624
37,364,252.384701128,1,0.809523809524,2.06,0,2.87343239444,1.45932294909,-1.42938417045,3.11165734117,1.83816023432,0.7853028544,0.809523828973,2.90000007388,1.04000015624
37,365,253.37676462,1,0.839523809524,2.06,0,2.87398420021,1.45932279275,-1.42938399385,3.11165732041,1.83760843698,0.785302852425,0.83928573888,2.90000007247,1.04000015624
37,366,253.42676462,1,0.839285714286,2.06,0,2.87343239444,1.45932294909,-1.42938417045,3.11165734117,1.83816023432,0.7853028544,0.839285733735,2.90000007388,1.04000015624
37,367,254.418828112,1,0.869285714286,2.06,0,2.87398420021,1.45932279275,-1.42938399385,3.11165732041,1.83760843698,0.785302852425,0.869047643642,2.90000007247,1.04000015624
37,368,254.468828112,1,0.869047619048,2.06,0,2.87343239444,1.45932294909,-1.42938417045,3.11165734117,1.83816023432,0.7853028544,0.869047638496,2.90000007388,1.04000015624
37,369,255.460891604,1,0.899047619048,2.06,0,2.87398420021,1.45932279275,-1.42938399385,3.11165732041,1.83760843698,0.785302852425,0.898809548404,2.90000007247,1.04000015624
37,370,255.510891604,1,0.89880952381,2.06,0,2.87343239444,1.45932294909,-1.42938417045,3.11165734117,1.83816023432,0.7853028544,0.898809543258,2.90000007388,1.04000015624
37,371,256.502955096,1,0.92880952381,2.06,0,2.87398420021,1.45932279275,-1.42938399385,3.11165732041,1.83760843698,0.785302852425,0.928571453165,2.90000007247,1.04000015624
37,372,256.552955096,1,0.928571428571,2.06,0,2.87343239444,1.45932294909,-1.42938417045,3.11165734117,1.83816023432,0.7853028544,0.92857144802,2.90000007388,1.04000015624
37,373,257.545018588,1,0.958571428571,2.06,0,2.87398420021,1.45932279275,-1.42938399385,3.11165732041,1.83760843698,0.785302852425,0.958333357927,2.90000007247,1.04000015624
37,374,257.595018588,1,0.958333333333,2.06,0,2.87343239444,1.45932294909,-1.42938417045,3.11165734117,1.83816023432,0.7853028544,0.958333352782,2.90000007388,1.04000015624
37,375,258.58708208,1,0.988333333333,2.06,0,2.87398420021,1.45932279275,-1.42938399385,3.11165732041,1.83760843698,0.785302852425,0.988095262689,2.90000007247,1.04000015624
37,376,258.63708208,1,0.988095238095,2.06,0,2.87343239444,1.45932294909,-1.42938417045,3.11165734117,1.83816023432,0.7853028544,0.988095257544,2.90000007388,1.04000015624
37,377,259.629145572,1,1.0180952381,2.06,0,2.87398420021,1.45932279275,-1.42938399385,3.11165732041,1.83760843698,0.785302852425,1.01785716745,2.90000007247,1.04000015624
37,378,259.679145572,1,1.01785714286,2.06,0,2.87343239444,1.45932294909,-1.42938417045,3.11165734117,1.83816023432,0.7853028544,1.01785716231,2.90000007388,1.04000015624
37,379,260.671209064,1,1.04785714286,2.06,0,2.87398420021,1.45932279275,-1.42938399385,3.11165732041,1.83760843698,0.785302852425,1.04761907221,2.90000007247,1.04000015624
37,380,260.721209064,1,1.04761904762,2.06,0,2.87343239444,1.45932294909,-1.42938417045,3.11165734117,1.83816023432,0.7853028544,1.04761906707,2.90000007388,1.04000015624
37,381,261.713272556,1,1.07761904762,2.06,0,2.87398420021,1.45932279275,-1.42938399385,3.11165732041,1.83760843698,0.785302852425,1.07738097697,2.90000007247,1.04000015624
37,382,261.763272556,1,1.07738095238,2.06,0,2.87343239444,1.45932294909,-1.42938417045,3.11165734117,1.83816023432,0.7853028544,1.07738097183,2.90000007388,1.04000015624
37,383,262.755336048,1,1.10738095238,2.06,0,2.87398420021,1.45932279275,-1.42938399385,3.11165732041,1.83760843698,0.785302852425,1.10714288174,2.90000007247,1.04000015624
37,384,262.805336048,1,1.10714285714,2.06,0,2.87343239444,1.45932294909,-1.42938417045,3.11165734117,1.83816023432,0.7853028544,1.10714287659,2.90000007388,1.04000015624
37,385,263.79739954,1,1.13714285714,2.06,0,2.87398420021,1.45932279275,-1.42938399385,3.11165732041,1.83760843698,0.785302852425,1.1369047865,2.90000007247,1.04000015624
37,386,263.84739954,1,1.1369047619,2.06,0,2.87343239444,1.45932294909,-1.42938417045,3.11165734117,1.83816023432,0.7853028544,1.13690478135,2.90000007388,1.04000015624
37,387,264.839463032,1,1.1669047619,2.06,0,2.87398420021,1.45932279275,-1.42938399385,3.11165732041,1.83760843698,0.785302852425,1.16666669126,2.90000007247,1.04000015624
37,388,264.889463032,1,1.16666666667,2.06,0,2.87343239444,1.45932294909,-1.42938417045,3.11165734117,1.83816023432,0.7853028544,1.16666668612,2.90000007388,1.04000015624
37,389,265.881526524,1,1.19666666667,2.06,0,2.87398420021,1.45932279275,-1.42938399385,3.11165732041,1.83760843698,0.785302852425,1.19642859602,2.90000007247,1.04000015624
37,390,265.931526524,1,1.19642857143,2.06,0,2.87343239444,1.45932294909,-1.42938417045,3.11165734117,1.83816023432,0.7853028544,1.19642859088,2.90000007388,1.04000015624
37,391,266.923590016,1,1.22642857143,2.06,0,2.87398420021,1.45932279275,-1.42938399385,3.11165732041,1.83760843698,0.785302852425,1.22619050078,2.90000007247,1.04000015624
37,392,266.973590016,1,1.22619047619,2.06,0,2.87343239444,1.45932294909,-1.42938417045,3.11165734117,1.83816023432,0.7853028544,1.22619049564,2.90000007388,1.04000015624
37,393,267.965653508,1,1.25619047619,2.06,0,2.87398420021,1.45932279275,-1.42938399385,3.11165732041,1.83760843698,0.785302852425,1.25595240555,2.90000007247,1.04000015624
37,394,268.015653508,1,1.25595238095,2.06,0,2.87343239444,1.45932294909,-1.42938417045,3.11165734117,1.83816023432,0.7853028544,1.2559524004,2.90000007388,1.04000015624
37,395,269.007717001,1,1.28595238095,2.06,0,2.87398420021,1.45932279275,-1.42938399385,3.11165732041,1.83760843698,0.785302852425,1.28571431031,2.90000007247,1.04000015624
37,396,269.057717001,1,1.28571428571,2.06,0,2.87343239444,1.45932294909,-1.42938417045,3.11165734117,1.83816023432,0.7853028544,1.28571430516,2.90000007388,1.04000015624
37,397,270.049780493,1,1.31571428571,2.06,0,2.87398420021,1.45932279275,-1.42938399385,3.11165732041,1.83760843698,0.785302852425,1.31547621507,2.90000007247,1.04000015624
37,398,270.099780493,1,1.31547619048,2.06,0,2.87343239444,1.45932294909,-1.42938417045,3.11165734117,1.83816023432,0.7853028544,1.31547620992,2.90000007388,1.04000015624
37,399,271.091843985,1,1.34547619048,2.06,0,2.87398420021,1.45932279275,-1.42938399385,3.11165732041,1.83760843698,0.785302852425,1.34523811983,2.90000007247,1.04000015624
37,400,271.141843985,1,1.34523809524,2.06,0,2.87343239444,1.45932294909,-1.42938417045,3.11165734117,1.83816023432,0.7853028544,1.34523811469,2.90000007388,1.04000015624
37,401,272.133907477,1,1.37523809524,2.06,0,2.87398420021,1.45932279275,-1.42938399385,3.11165732041,1.83760843698,0.785302852425,1.37500002459,2.90000007247,1.04000015624
37,402,272.183907477,1,1.375,2.06,0,2.87343239444,1.45932294909,-1.42938417045,3.11165734117,1.83816023432,0.7853028544,1.37500001945,2.90000007388,1.04000015624
37,403,273.175970969,1,1.405,2.06,0,2.87398420021,1.45932279275,-1.42938399385,3.11165732041,1.83760843698,0.785302852425,1.40476192936,2.90000007247,1.04000015624
37,404,273.225970969,1,1.40476190476,2.06,0,2.87343239444,1.45932294909,-1.42938417045,3.11165734117,1.83816023432,0.7853028544,1.40476192421,2.90000007388,1.04000015624
37,405,274.218034461,1,1.43476190476,2.06,0,2.87398420021,1.45932279275,-1.42938399385,3.11165732041,1.83760843698,0.785302852425,1.43452383412,2.90000007247,1.04000015624
37,406,274.268034461,1,1.43452380952,2.06,0,2.87343239444,1.45932294909,-1.42938417045,3.11165734117,1.83816023432,0.7853028544,1.43452382897,2.90000007388,1.04000015624
37,407,275.260097953,1,1.46452380952,2.06,0,2.87398420021,1.45932279275,-1.42938399385,3.11165732041,1.83760843698,0.785302852425,1.46428573888,2.90000007247,1.04000015624
37,408,275.310097953,1,1.46428571429,2.06,0,2.87343239444,1.45932294909,-1.42938417045,3.11165734117,1.83816023432,0.7853028544,1.46428573373,2.90000007388,1.04000015624
37,409,276.302161445,1,1.49428571429,2.06,0,2.87398420021,1.45932279275,-1.42938399385,3.11165732041,1.83760843698,0.785302852425,1.49404764364,2.90000007247,1.04000015624
37,410,276.352161445,1,1.49404761905,2.06,0,2.87343239444,1.45932294909,-1.42938417045,3.11165734117,1.83816023432,0.7853028544,1.4940476385,2.90000007388,1.04000015624
37,411,277.344224937,1,1.52404761905,2.06,0,2.87398420021,1.45932279275,-1.42938399385,3.11165732041,1.83760843698,0.785302852425,1.5238095484,2.90000007247,1.04000015624
37,412,277.394224937,1,1.52380952381,2.06,0,2.87343239444,1.45932294909,-1.42938417045,3.11165734117,1.83816023432,0.7853028544,1.52380954326,2.90000007388,1.04000015624
37,413,278.386288429,1,1.55380952381,2.06,0,2.87398420021,1.45932279275,-1.42938399385,3.11165732041,1.83760843698,0.785302852425,1.55357145317,2.90000007247,1.04000015624
37,414,278.436288429,1,1.55357142857,2.06,0,2.87343239444,1.45932294909,-1.42938417045,3.11165734117,1.83816023432,0.7853028544,1.55357144802,2.90000007388,1.04000015624
37,415,279.428351921,1,1.58357142857,2.06,0,2.87398420021,1.45932279275,-1.42938399385,3.11165732041,1.83760843698,0.785302852425,1.58333335793,2.90000007247,1.04000015624
37,416,279.478351921,1,1.58333333333,2.06,0,2.87343239444,1.45932294909,-1.42938417045,3.11165734117,1.83816023432,0.7853028544,1.58333335278,2.90000007388,1.04000015624
37,417,280.470415413,1,1.61333333333,2.06,0,2.87398420021,1.45932279275,-1.42938399385,3.11165732041,1.83760843698,0.785302852425,1.61309526269,2.90000007247,1.04000015624
37,418,280.520415413,1,1.6130952381,2.06,0,2.87343239444,1.45932294909,-1.42938417045,3.11165734117,1.83816023432,0.7853028544,1.61309525754,2.90000007388,1.04000015624
37,419,281.512478905,1,1.6430952381,2.06,0,2.87398420021,1.45932279275,-1.42938399385,3.11165732041,1.83760843698,0.785302852425,1.64285716745,2.90000007247,1.04000015624
37,420,281.562478905,1,1.64285714286,2.06,0,2.87343239444,1.45932294909,-1.42938417045,3.11165734117,1.83816023432,0.7853028544,1.64285716231,2.90000007388,1.04000015624
37,421,282.554542397,1,1.67285714286,2.06,0,2.87398420021,1.45932279275,-1.42938399385,3.11165732041,1.83760843698,0.785302852425,1.67261907221,2.90000007247,1.04000015624
37,422,282.604542397,1,1.67261904762,2.06,0,2.87343239444,1.45932294909,-1.42938417045,3.11165734117,1.83816023432,0.7853028544,1.67261906707,2.90000007388,1.04000015624
37,423,283.596605889,1,1.70261904762,2.06,0,2.87398420021,1.45932279275,-1.42938399385,3.11165732041,1.83760843698,0.785302852425,1.70238097697,2.90000007247,1.04000015624
37,424,283.646605889,1,1.70238095238,2.06,0,2.87343239444,1.45932294909,-1.42938417045,3.11165734117,1.83816023432,0.7853028544,1.70238097183,2.90000007388,1.04000015624
37,425,284.638669381,1,1.73238095238,2.06,0,2.87398420021,1.45932279275,-1.42938399385,3.11165732041,1.83760843698,0.785302852425,1.73214288174,2.90000007247,1.04000015624
37,426,284.688669381,1,1.73214285714,2.06,0,2.87343239444,1.45932294909,-1.42938417045,3.11165734117,1.83816023432,0.7853028544,1.73214287659,2.90000007388,1.04000015624
37,427,285.680732874,1,1.76214285714,2.06,0,2.87398420021,1.45932279275,-1.42938399385,3.11165732041,1.83760843698,0.785302852425,1.7619047865,2.90000007247,1.04000015624
37,428,285.730732874,1,1.7619047619,2.06,0,2.87343239444,1.45932294909,-1.42938417045,3.11165734117,1.83816023432,0.7853028544,1.76190478135,2.90000007388,1.04000015624
37,429,286.722796366,1,1.7919047619,2.06,0,2.87398420021,1.45932279275,-1.42938399385,3.11165732041,1.83760843698,0.785302852425,1.79166669126,2.90000007247,1.04000015624
37,430,286.772796366,1,1.79166666667,2.06,0,2.87343239444,1.45932294909,-1.42938417045,3.11165734117,1.83816023432,0.7853028544,1.79166668612,2.90000007388,1.04000015624
37,431,287.764859858,1,1.82166666667,2.06,0,2.87398420021,1.45932279275,-1.42938399385,3.11165732041,1.83760843698,0.785302852425,1.82142859602,2.90000007247,1.04000015624
37,432,287.814859858,1,1.82142857143,2.06,0,2.87343239444,1.45932294909,-1.42938417045,3.11165734117,1.83816023432,0.7853028544,1.82142859088,2.90000007388,1.04000015624
37,433,288.80692335,1,1.85142857143,2.06,0,2.87398420021,1.45932279275,-1.42938399385,3.11165732041,1.83760843698,0.785302852425,1.85119050078,2.90000007247,1.04000015624
37,434,288.85692335,1,1.85119047619,2.06,0,2.87343239444,1.45932294909,-1.42938417045,3.11165734117,1.83816023432,0.7853028544,1.85119049564,2.90000007388,1.04000015624
37,435,289.848986842,1,1.88119047619,2.06,0,2.87398420021,1.45932279275,-1.42938399385,3.11165732041,1.83760843698,0.785302852425,1.88095240555,2.90000007247,1.04000015624
37,436,289.898986842,1,1.88095238095,2.06,0,2.87343239444,1.45932294909,-1.42938417045,3.11165734117,1.83816023432,0.7853028544,1.8809524004,2.90000007388,1.04000015624
37,437,290.891050334,1,1.91095238095,2.06,0,2.87398420021,1.45932279275,-1.42938399385,3.11165732041,1.83760843698,0.785302852425,1.91071431031,2.90000007247,1.04000015624
37,438,290.941050334,1,1.91071428571,2.06,0,2.87343239444,1.45932294909,-1.42938417045,3.11165734117,1.83816023432,0.7853028544,1.91071430516,2.90000007388,1.04000015624
37,439,291.933113826,1,1.94071428571,2.06,0,2.87398420021,1.45932279275,-1.42938399385,3.11165732041,1.83760843698,0.785302852425,1.94047621507,2.90000007247,1.04000015624
37,440,291.983113826,1,1.94047619048,2.06,0,2.87343239444,1.45932294909,-1.42938417045,3.11165734117,1.83816023432,0.7853028544,1.94047620992,2.90000007388,1.04000015624
37,441,292.975177318,1,1.97047619048,2.06,0,2.87398420021,1.45932279275,-1.42938399385,3.11165732041,1.83760843698,0.785302852425,1.97023811983,2.90000007247,1.04000015624
37,442,293.025177318,1,1.97023809524,2.06,0,2.87343239444,1.45932294909,-1.42938417045,3.11165734117,1.83816023432,0.7853028544,1.97023811469,2.90000007388,1.04000015624
37,443,294.01724081,1,2.00023809524,2.06,0,2.87398420021,1.45932279275,-1.42938399385,3.11165732041,1.83760843698,0.785302852425,2.00000002459,2.90000007247,1.04000015624
37,444,294.06724081,1,2,2.06,0,2.87343239444,1.45932294909,-1.42938417045,3.11165734117,1.83816023432,0.7853028544,2.00000001945,2.90000007388,1.04000015624
37,445,295.059304302,1,2.03,2.06,0,2.87398420021,1.45932279275,-1.42938399385,3.11165732041,1.83760843698,0.785302852425,2.02976192936,2.90000007247,1.04000015624
37,446,295.109304302,1,2.02976190476,2.06,0,2.87343239444,1.45932294909,-1.42938417045,3.11165734117,1.83816023432,0.7853028544,2.02976192421,2.90000007388,1.04000015624
37,447,296.101367794,1,2.05976190476,2.06,0,2.87398420021,1.45932279275,-1.42938399385,3.11165732041,1.83760843698,0.785302852425,2.05952383412,2.90000007247,1.04000015624
37,448,296.151367794,1,2.05952380952,2.06,0,2.87343239444,1.45932294909,-1.42938417045,3.11165734117,1.83816023432,0.7853028544,2.05952382897,2.90000007388,1.04000015624
37,449,297.143431286,1,2.08952380952,2.06,0,2.87398420021,1.45932279275,-1.42938399385,3.11165732041,1.83760843698,0.785302852425,2.08928573888,2.90000007247,1.04000015624
37,450,297.193431286,1,2.08928571429,2.06,0,2.87343239444,1.45932294909,-1.42938417045,3.11165734117,1.83816023432,0.7853028544,2.08928573373,2.90000007388,1.04000015624
37,451,298.185494778,1,2.11928571429,2.06,0,2.87398420021,1.45932279275,-1.42938399385,3.11165732041,1.83760843698,0.785302852425,2.11904764364,2.90000007247,1.04000015624
37,452,298.235494778,1,2.11904761905,2.06,0,2.87343239444,1.45932294909,-1.42938417045,3.11165734117,1.83816023432,0.7853028544,2.1190476385,2.90000007388,1.04000015624
37,453,299.22755827,1,2.14904761905,2.06,0,2.87398420021,1.45932279275,-1.42938399385,3.11165732041,1.83760843698,0.785302852425,2.1488095484,2.90000007247,1.04000015624
37,454,299.27755827,1,2.14880952381,2.06,0,2.87343239444,1.45932294909,-1.42938417045,3.11165734117,1.83816023432,0.7853028544,2.14880954326,2.90000007388,1.04000015624
37,455,300.269621762,1,2.17880952381,2.06,0,2.87398420021,1.45932279275,-1.42938399385,3.11165732041,1.83760843698,0.785302852425,2.17857145317,2.90000007247,1.04000015624
37,456,300.319621762,1,2.17857142857,2.06,0,2.87343239444,1.45932294909,-1.42938417045,3.11165734117,1.83816023432,0.7853028544,2.17857144802,2.90000007388,1.04000015624
37,457,301.311685254,1,2.20857142857,2.06,0,2.87398420021,1.45932279275,-1.42938399385,3.11165732041,1.83760843698,0.785302852425,2.20833335793,2.90000007247,1.04000015624
37,458,301.361685254,1,2.20833333333,2.06,0,2.87343239444,1.45932294909,-1.42938417045,3.11165734117,1.83816023432,0.7853028544,2.20833335278,2.90000007388,1.04000015624
37,459,302.353748747,1,2.23833333333,2.06,0,2.87398420021,1.45932279275,-1.42938399385,3.11165732041,1.83760843698,0.785302852425,2.23809526269,2.90000007247,1.04000015624
37,460,302.403748747,1,2.2380952381,2.06,0,2.87343239444,1.45932294909,-1.42938417045,3.11165734117,1.83816023432,0.7853028544,2.23809525754,2.90000007388,1.04000015624
37,461,303.395812239,1,2.2680952381,2.06,0,2.87398420021,1.45932279275,-1.42938399385,3.11165732041,1.83760843698,0.785302852425,2.26785716745,2.90000007247,1.04000015624
37,462,303.445812239,1,2.26785714286,2.06,0,2.87343239444,1.45932294909,-1.42938417045,3.11165734117,1.83816023432,0.7853028544,2.26785716231,2.90000007388,1.04000015624
37,463,304.437875731,1,2.29785714286,2.06,0,2.87398420021,1.45932279275,-1.42938399385,3.11165732041,1.83760843698,0.785302852425,2.29761907221,2.90000007247,1.04000015624
37,464,304.487875731,1,2.29761904762,2.06,0,2.87343239444,1.45932294909,-1.42938417045,3.11165734117,1.83816023432,0.7853028544,2.29761906707,2.90000007388,1.04000015624
37,465,305.479939223,1,2.32761904762,2.06,0,2.87398420021,1.45932279275,-1.42938399385,3.11165732041,1.83760843698,0.785302852425,2.32738097697,2.90000007247,1.04000015624
37,466,305.529939223,1,2.32738095238,2.06,0,2.87343239444,1.45932294909,-1.42938417045,3.11165734117,1.83816023432,0.7853028544,2.32738097183,2.90000007388,1.04000015624
37,467,306.522002715,1,2.35738095238,2.06,0,2.87398420021,1.45932279275,-1.42938399385,3.11165732041,1.83760843698,0.785302852425,2.35714288174,2.90000007247,1.04000015624
37,468,306.572002715,1,2.35714285714,2.06,0,2.87343239444,1.45932294909,-1.42938417045,3.11165734117,1.83816023432,0.7853028544,2.35714287659,2.90000007388,1.04000015624
37,469,307.564066207,1,2.38714285714,2.06,0,2.87398420021,1.45932279275,-1.42938399385,3.11165732041,1.83760843698,0.785302852425,2.3869047865,2.90000007247,1.04000015624
37,470,307.614066207,1,2.3869047619,2.06,0,2.87343239444,1.45932294909,-1.42938417045,3.11165734117,1.83816023432,0.7853028544,2.38690478135,2.90000007388,1.04000015624
37,471,308.606129699,1,2.4169047619,2.06,0,2.87398420021,1.45932279275,-1.42938399385,3.11165732041,1.83760843698,0.785302852425,2.41666669126,2.90000007247,1.04000015624
37,472,308.656129699,1,2.41666666667,2.06,0,2.87343239444,1.45932294909,-1.42938417045,3.11165734117,1.83816023432,0.7853028544,2.41666668612,2.90000007388,1.04000015624
37,473,309.648193191,1,2.44666666667,2.06,0,2.87398420021,1.45932279275,-1.42938399385,3.11165732041,1.83760843698,0.785302852425,2.44642859602,2.90000007247,1.04000015624
37,474,309.698193191,1,2.44642857143,2.06,0,2.87343239444,1.45932294909,-1.42938417045,3.11165734117,1.83816023432,0.7853028544,2.44642859088,2.90000007388,1.04000015624
37,475,310.690256683,1,2.47642857143,2.06,0,2.87398420021,1.45932279275,-1.42938399385,3.11165732041,1.83760843698,0.785302852425,2.47619050078,2.90000007247,1.04000015624
37,476,310.740256683,1,2.47619047619,2.06,0,2.87343239444,1.45932294909,-1.42938417045,3.11165734117,1.83816023432,0.7853028544,2.47619049564,2.90000007388,1.04000015624
37,477,311.732320175,1,2.50619047619,2.06,0,2.87398420021,1.45932279275,-1.42938399385,3.11165732041,1.83760843698,0.785302852425,2.50595240555,2.90000007247,1.04000015624
37,478,311.782320175,1,2.50595238095,2.06,0,2.87343239444,1.45932294909,-1.42938417045,3.11165734117,1.83816023432,0.7853028544,2.5059524004,2.90000007388,1.04000015624
37,479,312.774383667,1,2.53595238095,2.06,0,2.87398420021,1.45932279275,-1.42938399385,3.11165732041,1.83760843698,0.785302852425,2.53571431031,2.90000007247,1.04000015624
37,480,312.824383667,1,2.53571428571,2.06,0,2.87343239444,1.45932294909,-1.42938417045,3.11165734117,1.83816023432,0.7853028544,2.53571430516,2.90000007388,1.04000015624
37,481,313.816447159,1,2.56571428571,2.06,0,2.87398420021,1.45932279275,-1.42938399385,3.11165732041,1.83760843698,0.785302852425,2.56547621507,2.90000007247,1.04000015624
37,482,313.866447159,1,2.56547619048,2.06,0,2.87343239444,1.45932294909,-1.42938417045,3.11165734117,1.83816023432,0.7853028544,2.56547620992,2.90000007388,1.04000015624
37,483,314.858510651,1,2.59547619048,2.06,0,2.87398420021,1.45932279275,-1.42938399385,3.11165732041,1.83760843698,0.785302852425,2.59523811983,2.90000007247,1.04000015624
37,484,314.908510651,1,2.59523809524,2.06,0,2.87343239444,1.45932294909,-1.42938417045,3.11165734117,1.83816023432,0.7853028544,2.59523811469,2.90000007388,1.04000015624
37,485,315.900574143,1,2.62523809524,2.06,0,2.87398420021,1.45932279275,-1.42938399385,3.11165732041,1.83760843698,0.785302852425,2.62500002459,2.90000007247,1.04000015624
37,486,315.950574143,1,2.625,2.06,0,2.87343239444,1.45932294909,-1.42938417045,3.11165734117,1.83816023432,0.7853028544,2.62500001945,2.90000007388,1.04000015624
37,487,316.942637635,1,2.655,2.06,0,2.87398420021,1.45932279275,-1.42938399385,3.11165732041,1.83760843698,0.785302852425,2.65476192936,2.90000007247,1.04000015624
37,488,316.992637635,1,2.65476190476,2.06,0,2.87343239444,1.45932294909,-1.42938417045,3.11165734117,1.83816023432,0.7853028544,2.65476192421,2.90000007388,1.04000015624
37,489,317.984701128,1,2.68476190476,2.06,0,2.87398420021,1.45932279275,-1.42938399385,3.11165732041,1.83760843698,0.785302852425,2.68452383412,2.90000007247,1.04000015624
37,490,318.034701128,1,2.68452380952,2.06,0,2.87343239444,1.45932294909,-1.42938417045,3.11165734117,1.83816023432,0.7853028544,2.68452382897,2.90000007388,1.04000015624
37,491,319.02676462,1,2.71452380952,2.06,0,2.87398420021,1.45932279275,-1.42938399385,3.11165732041,1.83760843698,0.785302852425,2.71428573888,2.90000007247,1.04000015624
37,492,319.07676462,1,2.71428571429,2.06,0,2.87343239444,1.45932294909,-1.42938417045,3.11165734117,1.83816023432,0.7853028544,2.71428573373,2.90000007388,1.04000015624
37,493,320.068828112,1,2.74428571429,2.06,0,2.87398420021,1.45932279275,-1.42938399385,3.11165732041,1.83760843698,0.785302852425,2.74404764364,2.90000007247,1.04000015624
37,494,320.118828112,1,2.74404761905,2.06,0,2.87343239444,1.45932294909,-1.42938417045,3.11165734117,1.83816023432,0.7853028544,2.7440476385,2.90000007388,1.04000015624
37,495,321.110891604,1,2.77404761905,2.06,0,2.87398420021,1.45932279275,-1.42938399385,3.11165732041,1.83760843698,0.785302852425,2.7738095484,2.90000007247,1.04000015624
37,496,321.160891604,1,2.77380952381,2.06,0,2.87343239444,1.45932294909,-1.42938417045,3.11165734117,1.83816023432,0.7853028544,2.77380954326,2.90000007388,1.04000015624
37,497,322.152955096,1,2.80380952381,2.06,0,2.87398420021,1.45932279275,-1.42938399385,3.11165732041,1.83760843698,0.785302852425,2.80357145317,2.90000007247,1.04000015624
37,498,322.202955096,1,2.80357142857,2.06,0,2.87343239444,1.45932294909,-1.42938417045,3.11165734117,1.83816023432,0.7853028544,2.80357144802,2.90000007388,1.04000015624
37,499,323.195018588,1,2.83357142857,2.06,0,2.87398420021,1.45932279275,-1.42938399385,3.11165732041,1.83760843698,0.785302852425,2.83333335793,2.90000007247,1.04000015624
37,500,323.245018588,1,2.83333333333,2.06,0,2.87343239444,1.45932294909,-1.42938417045,3.11165734117,1.83816023432,0.7853028544,2.83333335278,2.90000007388,1.04000015624
37,501,324.23708208,1,2.86333333333,2.06,0,2.87398420021,1.45932279275,-1.42938399385,3.11165732041,1.83760843698,0.785302852425,2.86309526269,2.90000007247,1.04000015624
37,502,324.28708208,1,2.8630952381,2.06,0,2.87343239444,1.45932294909,-1.42938417045,3.11165734117,1.83816023432,0.7853028544,2.86309525754,2.90000007388,1.04000015624
37,503,325.279145572,1,2.8930952381,2.06,0,2.87398420021,1.45932279275,-1.42938399385,3.11165732041,1.83760843698,0.785302852425,2.89285716745,2.90000007247,1.04000015624
37,504,325.329145572,1,2.89285714286,2.06,0,2.87343239444,1.45932294909,-1.42938417045,3.11165734117,1.83816023432,0.7853028544,2.89285716231,2.90000007388,1.04000015624
37,505,326.321209064,1,2.92285714286,2.06,0,2.87398420021,1.45932279275,-1.42938399385,3.11165732041,1.83760843698,0.785302852425,2.92261907221,2.90000007247,1.04000015624
37,506,326.371209064,1,2.92261904762,2.06,0,2.87343239444,1.45932294909,-1.42938417045,3.11165734117,1.83816023432,0.7853028544,2.92261906707,2.90000007388,1.04000015624
37,507,327.363272556,1,2.95261904762,2.06,0,2.87398420021,1.45932279275,-1.42938399385,3.11165732041,1.83760843698,0.785302852425,2.95238097697,2.90000007247,1.04000015624
37,508,327.413272556,1,2.95238095238,2.06,0,2.87343239444,1.45932294909,-1.42938417045,3.11165734117,1.83816023432,0.7853028544,2.95238097183,2.90000007388,1.04000015624
37,509,328.405336048,1,2.98238095238,2.06,0,2.87398420021,1.45932279275,-1.42938399385,3.11165732041,1.83760843698,0.785302852425,2.98214288174,2.90000007247,1.04000015624
37,510,328.455336048,1,2.98214285714,2.06,0,2.87343239444,1.45932294909,-1.42938417045,3.11165734117,1.83816023432,0.7853028544,2.98214287659,2.90000007388,1.04000015624
37,511,329.44739954,1,3.01214285714,2.06,0,2.87398420021,1.45932279275,-1.42938399385,3.11165732041,1.83760843698,0.785302852425,3.0119047865,2.90000007247,1.04000015624
37,512,329.49739954,1,3.0119047619,2.06,0,2.87343239444,1.45932294909,-1.42938417045,3.11165734117,1.83816023432,0.7853028544,3.01190478135,2.90000007388,1.04000015624
37,513,330.489463032,1,3.0419047619,2.06,0,2.87398420021,1.45932279275,-1.42938399385,3.11165732041,1.83760843698,0.785302852425,3.04166669126,2.90000007247,1.04000015624
37,514,330.539463032,1,3.04166666667,2.06,0,2.87343239444,1.45932294909,-1.42938417045,3.11165734117,1.83816023432,0.7853028544,3.04166668612,2.90000007388,1.04000015624
37,515,331.531526524,1,3.07166666667,2.06,0,2.87398420021,1.45932279275,-1.42938399385,3.11165732041,1.83760843698,0.785302852425,3.07142859602,2.90000007247,1.04000015624
37,516,331.581526524,1,3.07142857143,2.06,0,2.87343239444,1.45932294909,-1.42938417045,3.11165734117,1.83816023432,0.7853028544,3.07142859088,2.90000007388,1.04000015624
37,517,332.573590016,1,3.10142857143,2.06,0,2.87398420021,1.45932279275,-1.42938399385,3.11165732041,1.83760843698,0.785302852425,3.10119050078,2.90000007247,1.04000015624
37,518,332.623590016,1,3.10119047619,2.06,0,2.87343239444,1.45932294909,-1.42938417045,3.11165734117,1.83816023432,0.7853028544,3.10119049564,2.90000007388,1.04000015624
37,519,333.615653508,1,3.13119047619,2.06,0,2.87398420021,1.45932279275,-1.42938399385,3.11165732041,1.83760843698,0.785302852425,3.13095240555,2.90000007247,1.04000015624
37,520,333.665653508,1,3.13095238095,2.06,0,2.87343239444,1.45932294909,-1.42938417045,3.11165734117,1.83816023432,0.7853028544,3.1309524004,2.90000007388,1.04000015624
37,521,334.657717001,1,3.16095238095,2.06,0,2.87398420021,1.45932279275,-1.42938399385,3.11165732041,1.83760843698,0.785302852425,3.16071431031,2.90000007247,1.04000015624
37,522,334.707717001,1,3.16071428571,2.06,0,2.87343239444,1.45932294909,-1.42938417045,3.11165734117,1.83816023432,0.7853028544,3.16071430516,2.90000007388,1.04000015624
37,523,335.699780493,1,3.19071428571,2.06,0,2.87398420021,1.45932279275,-1.42938399385,3.11165732041,1.83760843698,0.785302852425,3.19047621507,2.90000007247,1.04000015624
37,524,335.749780493,1,3.19047619048,2.06,0,2.87343239444,1.45932294909,-1.42938417045,3.11165734117,1.83816023432,0.7853028544,3.19047620992,2.90000007388,1.04000015624
37,525,336.741843985,1,3.22047619048,2.06,0,2.87398420021,1.45932279275,-1.42938399385,3.11165732041,1.83760843698,0.785302852425,3.22023811983,2.90000007247,1.04000015624
37,526,336.791843985,1,3.22023809524,2.06,0,2.87343239444,1.45932294909,-1.42938417045,3.11165734117,1.83816023432,0.7853028544,3.22023811469,2.90000007388,1.04000015624
37,527,337.783907477,1,3.25023809524,2.06,0,2.87398420021,1.45932279275,-1.42938399385,3.11165732041,1.83760843698,0.785302852425,3.25000002459,2.90000007247,1.04000015624
37,528,337.833907477,1,3.25,2.06,0,2.87343239444,1.45932294909,-1.42938417045,3.11165734117,1.83816023432,0.7853028544,3.25000001945,2.90000007388,1.04000015624
37,529,339.66724081,1,3.25,2.06,0,2.87343245733,1.45493120169,-1.34959649668,3.03626235092,1.83816017565,0.785303101709,3.25000002203,2.89999980632,1.06749969613
37,530,341.500574143,1,3.25,2.06,0,2.8734326724,1.44544412346,-1.26334107825,2.95949409222,1.83815996059,0.785303123245,3.25000002203,2.89999976276,1.0949996404
37,531,343.378007942,1,3.25,2.06,0,2.8734328804,1.43046212505,-1.16946938833,2.88060451206,1.83815975259,0.78530315266,3.25000002203,2.89999970807,1.12249956498
37,532,345.442574581,1,3.25,2.06,0,2.87343307685,1.40930756864,-1.06624105638,2.79853089391,1.83815955613,0.785303194238,3.25000002203,2.89999963519,1.14999945866
37,533,347.7498153,1,3.25,2.06,0,2.87343325284,1.38081639712,-0.950879020428,2.71166026491,1.83815938015,0.785303256436,3.25000002203,2.89999953006,1.17749929904
37,534,350.396613875,1,3.25,2.06,0,2.87343338771,1.34286015657,-0.818539091652,2.61727696377,1.83815924528,0.7853033587,3.25000002203,2.89999936017,1.20499903411
37,535,353.580012208,1,3.25,2.06,0,2.87343341986,1.29098494145,-0.659369175013,2.50998301781,1.83815921313,0.785303558308,3.25000002203,2.89999902848,1.23249850871
37,536,357.84978787,1,3.25,2.06,0,2.8734330387,1.21257265727,-0.445880391916,2.37490871583,1.8381595943,0.785304138716,3.25000002203,2.8999980457,1.25999694211
37,537,358.841851362,1,3.22,2.06,0,2.87288258131,1.21254735802,-0.445821528936,2.37487035664,1.83871004745,0.785302873697,3.2202381147,2.9000000555,1.26000014609
37,538,358.891851362,1,3.22023809524,2.06,0,2.87343430407,1.21254762136,-0.445821936471,2.37487049895,1.83815833313,0.785302871311,3.22023811985,2.90000005467,1.260000147
37,539,359.883914854,1,3.19023809524,2.06,0,2.8728825817,1.21254735097,-0.4458215125,2.3748703459,1.83871004706,0.785302873329,3.19047620993,2.90000005607,1.26000014699
37,540,359.933914854,1,3.19047619048,2.06,0,2.87343430407,1.21254762136,-0.445821936466,2.37487049895,1.83815833313,0.785302871311,3.19047621509,2.90000005467,1.260000147
37,541,360.925978346,1,3.16047619048,2.06,0,2.8728825817,1.21254735097,-0.4458215125,2.3748703459,1.83871004706,0.785302873329,3.16071430517,2.90000005607,1.26000014699
37,542,360.975978346,1,3.16071428571,2.06,0,2.87343430407,1.21254762137,-0.445821936473,2.37487049895,1.83815833313,0.785302871311,3.16071431032,2.90000005467,1.260000147
37,543,361.968041838,1,3.13071428571,2.06,0,2.8728825817,1.21254735097,-0.445821512507,2.37487034591,1.83871004706,0.785302873329,3.13095240041,2.90000005607,1.26000014699
37,544,362.018041838,1,3.13095238095,2.06,0,2.87343430407,1.21254762137,-0.445821936473,2.37487049895,1.83815833313,0.785302871311,3.13095240556,2.90000005467,1.260000147
37,545,363.01010533,1,3.10095238095,2.06,0,2.8728825817,1.21254735097,-0.445821512507,2.37487034591,1.83871004706,0.785302873329,3.10119049565,2.90000005607,1.26000014699
37,546,363.06010533,1,3.10119047619,2.06,0,2.87343430407,1.21254762137,-0.445821936473,2.37487049895,1.83815833313,0.785302871311,3.1011905008,2.90000005467,1.260000147
37,547,364.052168822,1,3.07119047619,2.06,0,2.8728825817,1.21254735097,-0.445821512507,2.37487034591,1.83871004706,0.785302873329,3.07142859089,2.90000005607,1.26000014699
37,548,364.102168822,1,3.07142857143,2.06,0,2.87343430407,1.21254762136,-0.445821936466,2.37487049895,1.83815833313,0.785302871311,3.07142859604,2.90000005467,1.260000147
37,549,365.094232314,1,3.04142857143,2.06,0,2.8728825817,1.21254735097,-0.445821512507,2.37487034591,1.83871004706,0.785302873329,3.04166668612,2.90000005607,1.26000014699
37,550,365.144232314,1,3.04166666667,2.06,0,2.87343430407,1.21254762136,-0.445821936466,2.37487049895,1.83815833313,0.785302871311,3.04166669128,2.90000005467,1.260000147
37,551,366.136295807,1,3.01166666667,2.06,0,2.8728825817,1.21254735097,-0.4458215125,2.3748703459,1.83871004706,0.785302873329,3.01190478136,2.90000005607,1.26000014699
37,552,366.186295807,1,3.0119047619,2.06,0,2.87343430407,1.21254762136,-0.445821936466,2.37487049895,1.83815833313,0.785302871311,3.01190478652,2.90000005467,1.260000147
37,553,367.178359299,1,2.9819047619,2.06,0,2.8728825817,1.21254735097,-0.445821512507,2.37487034591,1.83871004706,0.785302873329,2.9821428766,2.90000005607,1.26000014699
37,554,367.228359299,1,2.98214285714,2.06,0,2.87343430407,1.21254762136,-0.445821936466,2.37487049895,1.83815833313,0.785302871311,2.98214288175,2.90000005467,1.260000147
37,555,368.220422791,1,2.95214285714,2.06,0,2.8728825817,1.21254735097,-0.445821512507,2.37487034591,1.83871004706,0.785302873329,2.95238097184,2.90000005607,1.26000014699
37,556,368.270422791,1,2.95238095238,2.06,0,2.87343430407,1.21254762137,-0.445821936473,2.37487049895,1.83815833313,0.785302871311,2.95238097699,2.90000005467,1.260000147
37,557,369.262486283,1,2.92238095238,2.06,0,2.8728825817,1.21254735097,-0.445821512507,2.37487034591,1.83871004706,0.785302873329,2.92261906708,2.90000005607,1.26000014699
37,558,369.312486283,1,2.92261904762,2.06,0,2.87343430407,1.21254762136,-0.445821936466,2.37487049895,1.83815833313,0.785302871311,2.92261907223,2.90000005467,1.260000147
37,559,370.304549775,1,2.89261904762,2.06,0,2.8728825817,1.21254735097,-0.445821512507,2.37487034591,1.83871004706,0.785302873329,2.89285716231,2.90000005607,1.26000014699
37,560,370.354549775,1,2.89285714286,2.06,0,2.87343430407,1.21254762137,-0.445821936473,2.37487049895,1.83815833313,0.785302871311,2.89285716747,2.90000005467,1.260000147
37,561,371.346613267,1,2.86285714286,2.06,0,2.8728825817,1.21254735097,-0.4458215125,2.3748703459,1.83871004706,0.785302873329,2.86309525755,2.90000005607,1.26000014699
37,562,371.396613267,1,2.8630952381,2.06,0,2.87343430407,1.21254762137,-0.445821936473,2.37487049895,1.83815833313,0.785302871311,2.86309526271,2.90000005467,1.260000147
37,563,372.388676759,1,2.8330952381,2.06,0,2.8728825817,1.21254735097,-0.445821512507,2.37487034591,1.83871004706,0.785302873329,2.83333335279,2.90000005607,1.26000014699
37,564,372.438676759,1,2.83333333333,2.06,0,2.87343430407,1.21254762137,-0.445821936473,2.37487049895,1.83815833313,0.785302871311,2.83333335794,2.90000005467,1.260000147
37,565,373.430740251,1,2.80333333333,2.06,0,2.8728825817,1.21254735097,-0.445821512507,2.37487034591,1.83871004706,0.785302873329,2.80357144803,2.90000005607,1.26000014699
37,566,373.480740251,1,2.80357142857,2.06,0,2.87343430407,1.21254762137,-0.445821936473,2.37487049895,1.83815833313,0.785302871311,2.80357145318,2.90000005467,1.260000147
37,567,374.472803743,1,2.77357142857,2.06,0,2.8728825817,1.21254735097,-0.4458215125,2.3748703459,1.83871004706,0.785302873329,2.77380954327,2.90000005607,1.26000014699
37,568,374.522803743,1,2.77380952381,2.06,0,2.87343430407,1.21254762136,-0.445821936466,2.37487049895,1.83815833313,0.785302871311,2.77380954842,2.90000005467,1.260000147
37,569,375.514867235,1,2.74380952381,2.06,0,2.8728825817,1.21254735097,-0.445821512507,2.37487034591,1.83871004706,0.785302873329,2.7440476385,2.90000005607,1.26000014699
37,570,375.564867235,1,2.74404761905,2.06,0,2.87343430407,1.21254762137,-0.445821936473,2.37487049895,1.83815833313,0.785302871311,2.74404764366,2.90000005467,1.260000147
37,571,376.556930727,1,2.71404761905,2.06,0,2.8728825817,1.21254735097,-0.445821512507,2.37487034591,1.83871004706,0.785302873329,2.71428573374,2.90000005607,1.26000014699
37,572,376.606930727,1,2.71428571429,2.06,0,2.87343430407,1.21254762137,-0.445821936473,2.37487049895,1.83815833313,0.785302871311,2.7142857389,2.90000005467,1.260000147
37,573,377.598994219,1,2.68428571429,2.06,0,2.8728825817,1.21254735097,-0.445821512507,2.37487034591,1.83871004706,0.785302873329,2.68452382898,2.90000005607,1.26000014699
37,574,377.648994219,1,2.68452380952,2.06,0,2.87343430407,1.21254762137,-0.445821936473,2.37487049895,1.83815833313,0.785302871311,2.68452383413,2.90000005467,1.260000147
37,575,378.641057711,1,2.65452380952,2.06,0,2.8728825817,1.21254735097,-0.4458215125,2.3748703459,1.83871004706,0.785302873329,2.65476192422,2.90000005607,1.26000014699
37,576,378.691057711,1,2.65476190476,2.06,0,2.87343430407,1.21254762137,-0.445821936473,2.37487049895,1.83815833313,0.785302871311,2.65476192937,2.90000005467,1.260000147
37,577,379.683121203,1,2.62476190476,2.06,0,2.8728825817,1.21254735097,-0.445821512507,2.37487034591,1.83871004706,0.785302873329,2.62500001946,2.90000005607,1.26000014699
37,578,379.733121203,1,2.625,2.06,0,2.87343430407,1.21254762136,-0.445821936466,2.37487049895,1.83815833313,0.785302871311,2.62500002461,2.90000005467,1.260000147
37,579,380.725184695,1,2.595,2.06,0,2.8728825817,1.21254735097,-0.445821512507,2.37487034591,1.83871004706,0.785302873329,2.59523811469,2.90000005607,1.26000014699
37,580,380.775184695,1,2.59523809524,2.06,0,2.87343430407,1.21254762136,-0.445821936466,2.37487049895,1.83815833313,0.785302871311,2.59523811985,2.90000005467,1.260000147
37,581,381.767248187,1,2.56523809524,2.06,0,2.8728825817,1.21254735097,-0.445821512507,2.37487034591,1.83871004706,0.785302873329,2.56547620993,2.90000005607,1.26000014699
37,582,381.817248187,1,2.56547619048,2.06,0,2.87343430407,1.21254762136,-0.445821936466,2.37487049895,1.83815833313,0.785302871311,2.56547621509,2.90000005467,1.260000147
37,583,382.80931168,1,2.53547619048,2.06,0,2.8728825817,1.21254735097,-0.445821512507,2.37487034591,1.83871004706,0.785302873329,2.53571430517,2.90000005607,1.26000014699
37,584,382.85931168,1,2.53571428571,2.06,0,2.87343430407,1.21254762136,-0.445821936466,2.37487049895,1.83815833313,0.785302871311,2.53571431032,2.90000005467,1.260000147
37,585,383.851375172,1,2.50571428571,2.06,0,2.8728825817,1.21254735097,-0.445821512507,2.37487034591,1.83871004706,0.785302873329,2.50595240041,2.90000005607,1.26000014699
37,586,383.901375172,1,2.50595238095,2.06,0,2.87343430407,1.21254762137,-0.445821936473,2.37487049895,1.83815833313,0.785302871311,2.50595240556,2.90000005467,1.260000147
37,587,384.893438664,1,2.47595238095,2.06,0,2.8728825817,1.21254735097,-0.4458215125,2.3748703459,1.83871004706,0.785302873329,2.47619049565,2.90000005607,1.26000014699
37,588,384.943438664,1,2.47619047619,2.06,0,2.87343430407,1.21254762136,-0.445821936466,2.37487049895,1.83815833313,0.785302871311,2.4761905008,2.90000005467,1.260000147
37,589,385.935502156,1,2.44619047619,2.06,0,2.8728825817,1.21254735097,-0.445821512507,2.37487034591,1.83871004706,0.785302873329,2.44642859089,2.90000005607,1.26000014699
37,590,385.985502156,1,2.44642857143,2.06,0,2.87343430407,1.21254762136,-0.445821936466,2.37487049895,1.83815833313,0.785302871311,2.44642859604,2.90000005467,1.260000147
37,591,386.977565648,1,2.41642857143,2.06,0,2.8728825817,1.21254735097,-0.445821512507,2.37487034591,1.83871004706,0.785302873329,2.41666668612,2.90000005607,1.26000014699
37,592,387.027565648,1,2.41666666667,2.06,0,2.87343430407,1.21254762136,-0.445821936466,2.37487049895,1.83815833313,0.785302871311,2.41666669128,2.90000005467,1.260000147
37,593,388.01962914,1,2.38666666667,2.06,0,2.8728825817,1.21254735097,-0.445821512507,2.37487034591,1.83871004706,0.785302873329,2.38690478136,2.90000005607,1.26000014699
37,594,388.06962914,1,2.3869047619,2.06,0,2.87343430407,1.21254762137,-0.445821936473,2.37487049895,1.83815833313,0.785302871311,2.38690478652,2.90000005467,1.260000147
37,595,389.061692632,1,2.3569047619,2.06,0,2.8728825817,1.21254735097,-0.445821512507,2.37487034591,1.83871004706,0.785302873329,2.3571428766,2.90000005607,1.26000014699
37,596,389.111692632,1,2.35714285714,2.06,0,2.87343430407,1.21254762136,-0.445821936466,2.37487049895,1.83815833313,0.785302871311,2.35714288175,2.90000005467,1.260000147
37,597,390.103756124,1,2.32714285714,2.06,0,2.8728825817,1.21254735097,-0.445821512507,2.37487034591,1.83871004706,0.785302873329,2.32738097184,2.90000005607,1.26000014699
37,598,390.153756124,1,2.32738095238,2.06,0,2.87343430407,1.21254762137,-0.445821936473,2.37487049895,1.83815833313,0.785302871311,2.32738097699,2.90000005467,1.260000147
37,599,391.145819616,1,2.29738095238,2.06,0,2.8728825817,1.21254735097,-0.445821512507,2.37487034591,1.83871004706,0.785302873329,2.29761906708,2.90000005607,1.26000014699
37,600,391.195819616,1,2.29761904762,2.06,0,2.87343430407,1.21254762136,-0.445821936466,2.37487049895,1.83815833313,0.785302871311,2.29761907223,2.90000005467,1.260000147
37,601,392.187883108,1,2.26761904762,2.06,0,2.8728825817,1.21254735097,-0.4458215125,2.3748703459,1.83871004706,0.785302873329,2.26785716231,2.90000005607,1.26000014699
37,602,392.237883108,1,2.26785714286,2.06,0,2.87343430407,1.21254762136,-0.445821936466,2.37487049895,1.83815833313,0.785302871311,2.26785716747,2.90000005467,1.260000147
37,603,393.2299466,1,2.23785714286,2.06,0,2.8728825817,1.21254735097,-0.445821512507,2.37487034591,1.83871004706,0.785302873329,2.23809525755,2.90000005607,1.26000014699
37,604,393.2799466,1,2.2380952381,2.06,0,2.87343430407,1.21254762136,-0.445821936466,2.37487049895,1.83815833313,0.785302871311,2.23809526271,2.90000005467,1.260000147
37,605,394.272010092,1,2.2080952381,2.06,0,2.8728825817,1.21254735097,-0.445821512507,2.37487034591,1.83871004706,0.785302873329,2.20833335279,2.90000005607,1.26000014699
37,606,394.322010092,1,2.20833333333,2.06,0,2.87343430407,1.21254762136,-0.445821936466,2.37487049895,1.83815833313,0.785302871311,2.20833335794,2.90000005467,1.260000147
37,607,395.314073584,1,2.17833333333,2.06,0,2.8728825817,1.21254735097,-0.445821512507,2.37487034591,1.83871004706,0.785302873329,2.17857144803,2.90000005607,1.26000014699
37,608,395.364073584,1,2.17857142857,2.06,0,2.87343430407,1.21254762136,-0.445821936466,2.37487049895,1.83815833313,0.785302871311,2.17857145318,2.90000005467,1.260000147
37,609,396.356137076,1,2.14857142857,2.06,0,2.8728825817,1.21254735097,-0.445821512507,2.37487034591,1.83871004706,0.785302873329,2.14880954327,2.90000005607,1.26000014699
37,610,396.406137076,1,2.14880952381,2.06,0,2.87343430407,1.21254762136,-0.445821936466,2.37487049895,1.83815833313,0.785302871311,2.14880954842,2.90000005467,1.260000147
37,611,397.398200568,1,2.11880952381,2.06,0,2.8728825817,1.21254735097,-0.4458215125,2.3748703459,1.83871004706,0.785302873329,2.1190476385,2.90000005607,1.26000014699
37,612,397.448200568,1,2.11904761905,2.06,0,2.87343430407,1.21254762136,-0.445821936466,2.37487049895,1.83815833313,0.785302871311,2.11904764366,2.90000005467,1.260000147
37,613,398.44026406,1,2.08904761905,2.06,0,2.8728825817,1.21254735097,-0.445821512507,2.37487034591,1.83871004706,0.785302873329,2.08928573374,2.90000005607,1.26000014699
37,614,398.49026406,1,2.08928571429,2.06,0,2.87343430407,1.21254762136,-0.445821936466,2.37487049895,1.83815833313,0.785302871311,2.0892857389,2.90000005467,1.260000147
37,615,399.482327553,1,2.05928571429,2.06,0,2.8728825817,1.21254735097,-0.4458215125,2.3748703459,1.83871004706,0.785302873329,2.05952382898,2.90000005607,1.26000014699
37,616,399.532327553,1,2.05952380952,2.06,0,2.87343430407,1.21254762137,-0.445821936473,2.37487049895,1.83815833313,0.785302871311,2.05952383413,2.90000005467,1.260000147
37,617,400.524391045,1,2.02952380952,2.06,0,2.8728825817,1.21254735097,-0.4458215125,2.3748703459,1.83871004706,0.785302873329,2.02976192422,2.90000005607,1.26000014699
37,618,400.574391045,1,2.02976190476,2.06,0,2.87343430407,1.21254762137,-0.445821936473,2.37487049895,1.83815833313,0.785302871311,2.02976192937,2.90000005467,1.260000147
37,619,401.566454537,1,1.99976190476,2.06,0,2.8728825817,1.21254735097,-0.445821512507,2.37487034591,1.83871004706,0.785302873329,2.00000001946,2.90000005607,1.26000014699
37,620,401.616454537,1,2,2.06,0,2.87343430407,1.21254762137,-0.445821936473,2.37487049895,1.83815833313,0.785302871311,2.00000002461,2.90000005467,1.260000147
37,621,402.608518029,1,1.97,2.06,0,2.8728825817,1.21254735097,-0.445821512507,2.37487034591,1.83871004706,0.785302873329,1.97023811469,2.90000005607,1.26000014699
37,622,402.658518029,1,1.97023809524,2.06,0,2.87343430407,1.21254762136,-0.445821936466,2.37487049895,1.83815833313,0.785302871311,1.97023811985,2.90000005467,1.260000147
37,623,403.650581521,1,1.94023809524,2.06,0,2.8728825817,1.21254735097,-0.445821512507,2.37487034591,1.83871004706,0.785302873329,1.94047620993,2.90000005607,1.26000014699
37,624,403.700581521,1,1.94047619048,2.06,0,2.87343430407,1.21254762136,-0.445821936466,2.37487049895,1.83815833313,0.785302871311,1.94047621509,2.90000005467,1.260000147
37,625,404.692645013,1,1.91047619048,2.06,0,2.8728825817,1.21254735097,-0.445821512507,2.37487034591,1.83871004706,0.785302873329,1.91071430517,2.90000005607,1.26000014699
37,626,404.742645013,1,1.91071428571,2.06,0,2.87343430407,1.21254762136,-0.445821936466,2.37487049895,1.83815833313,0.785302871311,1.91071431032,2.90000005467,1.260000147
37,627,405.734708505,1,1.88071428571,2.06,0,2.8728825817,1.21254735097,-0.4458215125,2.3748703459,1.83871004706,0.785302873329,1.88095240041,2.90000005607,1.26000014699
37,628,405.784708505,1,1.88095238095,2.06,0,2.87343430407,1.21254762137,-0.445821936473,2.37487049895,1.83815833313,0.785302871311,1.88095240556,2.90000005467,1.260000147
37,629,406.776771997,1,1.85095238095,2.06,0,2.8728825817,1.21254735097,-0.445821512507,2.37487034591,1.83871004706,0.785302873329,1.85119049565,2.90000005607,1.26000014699
37,630,406.826771997,1,1.85119047619,2.06,0,2.87343430407,1.21254762137,-0.445821936473,2.37487049895,1.83815833313,0.785302871311,1.8511905008,2.90000005467,1.260000147
37,631,407.818835489,1,1.82119047619,2.06,0,2.8728825817,1.21254735097,-0.445821512507,2.37487034591,1.83871004706,0.785302873329,1.82142859089,2.90000005607,1.26000014699
37,632,407.868835489,1,1.82142857143,2.06,0,2.87343430407,1.21254762136,-0.445821936466,2.37487049895,1.83815833313,0.785302871311,1.82142859604,2.90000005467,1.260000147
37,633,408.860898981,1,1.79142857143,2.06,0,2.8728825817,1.21254735097,-0.445821512507,2.37487034591,1.83871004706,0.785302873329,1.79166668612,2.90000005607,1.26000014699
37,634,408.910898981,1,1.79166666667,2.06,0,2.87343430407,1.21254762136,-0.445821936466,2.37487049895,1.83815833313,0.785302871311,1.79166669128,2.90000005467,1.260000147
37,635,409.902962473,1,1.76166666667,2.06,0,2.8728825817,1.21254735097,-0.445821512507,2.37487034591,1.83871004706,0.785302873329,1.76190478136,2.90000005607,1.26000014699
37,636,409.952962473,1,1.7619047619,2.06,0,2.87343430407,1.21254762136,-0.445821936466,2.37487049895,1.83815833313,0.785302871311,1.76190478652,2.90000005467,1.260000147
37,637,410.945025965,1,1.7319047619,2.06,0,2.8728825817,1.21254735097,-0.445821512507,2.37487034591,1.83871004706,0.785302873329,1.7321428766,2.90000005607,1.26000014699
37,638,410.995025965,1,1.73214285714,2.06,0,2.87343430407,1.21254762136,-0.445821936466,2.37487049895,1.83815833313,0.785302871311,1.73214288175,2.90000005467,1.260000147
37,639,411.987089457,1,1.70214285714,2.06,0,2.8728825817,1.21254735097,-0.445821512507,2.37487034591,1.83871004706,0.785302873329,1.70238097184,2.90000005607,1.26000014699
37,640,412.037089457,1,1.70238095238,2.06,0,2.87343430407,1.21254762136,-0.445821936466,2.37487049895,1.83815833313,0.785302871311,1.70238097699,2.90000005467,1.260000147
37,641,413.029152949,1,1.67238095238,2.06,0,2.8728825817,1.21254735097,-0.4458215125,2.3748703459,1.83871004706,0.785302873329,1.67261906708,2.90000005607,1.26000014699
37,642,413.079152949,1,1.67261904762,2.06,0,2.87343430407,1.21254762136,-0.445821936466,2.37487049895,1.83815833313,0.785302871311,1.67261907223,2.90000005467,1.260000147
37,643,414.071216441,1,1.64261904762,2.06,0,2.8728825817,1.21254735097,-0.4458215125,2.3748703459,1.83871004706,0.785302873329,1.64285716231,2.90000005607,1.26000014699
37,644,414.121216441,1,1.64285714286,2.06,0,2.87343430407,1.21254762137,-0.445821936473,2.37487049895,1.83815833313,0.785302871311,1.64285716747,2.90000005467,1.260000147
37,645,415.113279933,1,1.61285714286,2.06,0,2.8728825817,1.21254735097,-0.4458215125,2.3748703459,1.83871004706,0.785302873329,1.61309525755,2.90000005607,1.26000014699
37,646,415.163279933,1,1.6130952381,2.06,0,2.87343430407,1.21254762137,-0.445821936473,2.37487049895,1.83815833313,0.785302871311,1.61309526271,2.90000005467,1.260000147
37,647,416.155343426,1,1.5830952381,2.06,0,2.8728825817,1.21254735097,-0.445821512507,2.37487034591,1.83871004706,0.785302873329,1.58333335279,2.90000005607,1.26000014699
37,648,416.205343426,1,1.58333333333,2.06,0,2.87343430407,1.21254762137,-0.445821936473,2.37487049895,1.83815833313,0.785302871311,1.58333335794,2.90000005467,1.260000147
37,649,417.197406918,1,1.55333333333,2.06,0,2.8728825817,1.21254735097,-0.4458215125,2.3748703459,1.83871004706,0.785302873329,1.55357144803,2.90000005607,1.26000014699
37,650,417.247406918,1,1.55357142857,2.06,0,2.87343430407,1.21254762136,-0.445821936466,2.37487049895,1.83815833313,0.785302871311,1.55357145318,2.90000005467,1.260000147
37,651,418.23947041,1,1.52357142857,2.06,0,2.8728825817,1.21254735097,-0.4458215125,2.3748703459,1.83871004706,0.785302873329,1.52380954327,2.90000005607,1.26000014699
37,652,418.28947041,1,1.52380952381,2.06,0,2.87343430407,1.21254762136,-0.445821936466,2.37487049895,1.83815833313,0.785302871311,1.52380954842,2.90000005467,1.260000147
37,653,419.281533902,1,1.49380952381,2.06,0,2.8728825817,1.21254735097,-0.445821512507,2.37487034591,1.83871004706,0.785302873329,1.4940476385,2.90000005607,1.26000014699
37,654,419.331533902,1,1.49404761905,2.06,0,2.87343430407,1.21254762136,-0.445821936466,2.37487049895,1.83815833313,0.785302871311,1.49404764366,2.90000005467,1.260000147
37,655,420.323597394,1,1.46404761905,2.06,0,2.8728825817,1.21254735097,-0.4458215125,2.3748703459,1.83871004706,0.785302873329,1.46428573374,2.90000005607,1.26000014699
37,656,420.373597394,1,1.46428571429,2.06,0,2.87343430407,1.21254762136,-0.445821936466,2.37487049895,1.83815833313,0.785302871311,1.4642857389,2.90000005467,1.260000147
37,657,421.365660886,1,1.43428571429,2.06,0,2.8728825817,1.21254735097,-0.445821512507,2.37487034591,1.83871004706,0.785302873329,1.43452382898,2.90000005607,1.26000014699
37,658,421.415660886,1,1.43452380952,2.06,0,2.87343430407,1.21254762136,-0.445821936466,2.37487049895,1.83815833313,0.785302871311,1.43452383413,2.90000005467,1.260000147
37,659,422.407724378,1,1.40452380952,2.06,0,2.8728825817,1.21254735097,-0.445821512507,2.37487034591,1.83871004706,0.785302873329,1.40476192422,2.90000005607,1.26000014699
37,660,422.457724378,1,1.40476190476,2.06,0,2.87343430407,1.21254762136,-0.445821936466,2.37487049895,1.83815833313,0.785302871311,1.40476192937,2.90000005467,1.260000147
37,661,423.44978787,1,1.37476190476,2.06,0,2.8728825817,1.21254735097,-0.4458215125,2.3748703459,1.83871004706,0.785302873329,1.37500001946,2.90000005607,1.26000014699
37,662,423.49978787,1,1.375,2.06,0,2.87343430407,1.21254762136,-0.445821936466,2.37487049895,1.83815833313,0.785302871311,1.37500002461,2.90000005467,1.260000147
37,663,424.491851362,1,1.345,2.06,0,2.8728825817,1.21254735097,-0.4458215125,2.3748703459,1.83871004706,0.785302873329,1.34523811469,2.90000005607,1.26000014699
37,664,424.541851362,1,1.34523809524,2.06,0,2.87343430407,1.21254762137,-0.445821936473,2.37487049895,1.83815833313,0.785302871311,1.34523811985,2.90000005467,1.260000147
37,665,425.533914854,1,1.31523809524,2.06,0,2.8728825817,1.21254735097,-0.445821512507,2.37487034591,1.83871004706,0.785302873329,1.31547620993,2.90000005607,1.26000014699
37,666,425.583914854,1,1.31547619048,2.06,0,2.87343430407,1.21254762136,-0.445821936466,2.37487049895,1.83815833313,0.785302871311,1.31547621509,2.90000005467,1.260000147
37,667,426.575978346,1,1.28547619048,2.06,0,2.8728825817,1.21254735097,-0.4458215125,2.3748703459,1.83871004706,0.785302873329,1.28571430517,2.90000005607,1.26000014699
37,668,426.625978346,1,1.28571428571,2.06,0,2.87343430407,1.21254762137,-0.445821936473,2.37487049895,1.83815833313,0.785302871311,1.28571431032,2.90000005467,1.260000147
37,669,427.618041838,1,1.25571428571,2.06,0,2.8728825817,1.21254735097,-0.4458215125,2.3748703459,1.83871004706,0.785302873329,1.25595240041,2.90000005607,1.26000014699
37,670,427.668041838,1,1.25595238095,2.06,0,2.87343430407,1.21254762136,-0.445821936466,2.37487049895,1.83815833313,0.785302871311,1.25595240556,2.90000005467,1.260000147
37,671,428.66010533,1,1.22595238095,2.06,0,2.8728825817,1.21254735097,-0.445821512507,2.37487034591,1.83871004706,0.785302873329,1.22619049565,2.90000005607,1.26000014699
37,672,428.71010533,1,1.22619047619,2.06,0,2.87343430407,1.21254762136,-0.445821936466,2.37487049895,1.83815833313,0.785302871311,1.2261905008,2.90000005467,1.260000147
37,673,429.702168822,1,1.19619047619,2.06,0,2.8728825817,1.21254735097,-0.445821512507,2.37487034591,1.83871004706,0.785302873329,1.19642859089,2.90000005607,1.26000014699
37,674,429.752168822,1,1.19642857143,2.06,0,2.87343430407,1.21254762136,-0.445821936466,2.37487049895,1.83815833313,0.785302871311,1.19642859604,2.90000005467,1.260000147
37,675,430.744232314,1,1.16642857143,2.06,0,2.8728825817,1.21254735097,-0.445821512507,2.37487034591,1.83871004706,0.785302873329,1.16666668612,2.90000005607,1.26000014699
37,676,430.794232314,1,1.16666666667,2.06,0,2.87343430407,1.21254762136,-0.445821936466,2.37487049895,1.83815833313,0.785302871311,1.16666669128,2.90000005467,1.260000147
37,677,431.786295807,1,1.13666666667,2.06,0,2.8728825817,1.21254735097,-0.445821512507,2.37487034591,1.83871004706,0.785302873329,1.13690478136,2.90000005607,1.26000014699
37,678,431.836295807,1,1.1369047619,2.06,0,2.87343430407,1.21254762136,-0.445821936466,2.37487049895,1.83815833313,0.785302871311,1.13690478652,2.90000005467,1.260000147
37,679,432.828359299,1,1.1069047619,2.06,0,2.8728825817,1.21254735097,-0.445821512507,2.37487034591,1.83871004706,0.785302873329,1.1071428766,2.90000005607,1.26000014699
37,680,432.878359299,1,1.10714285714,2.06,0,2.87343430407,1.21254762136,-0.445821936466,2.37487049895,1.83815833313,0.785302871311,1.10714288175,2.90000005467,1.260000147
37,681,433.870422791,1,1.07714285714,2.06,0,2.8728825817,1.21254735097,-0.445821512507,2.37487034591,1.83871004706,0.785302873329,1.07738097184,2.90000005607,1.26000014699
37,682,433.920422791,1,1.07738095238,2.06,0,2.87343430407,1.21254762136,-0.445821936466,2.37487049895,1.83815833313,0.785302871311,1.07738097699,2.90000005467,1.260000147
37,683,434.912486283,1,1.04738095238,2.06,0,2.8728825817,1.21254735097,-0.445821512507,2.37487034591,1.83871004706,0.785302873329,1.04761906708,2.90000005607,1.26000014699
37,684,434.962486283,1,1.04761904762,2.06,0,2.87343430407,1.21254762136,-0.445821936466,2.37487049895,1.83815833313,0.785302871311,1.04761907223,2.90000005467,1.260000147
37,685,435.954549775,1,1.01761904762,2.06,0,2.8728825817,1.21254735097,-0.445821512507,2.37487034591,1.83871004706,0.785302873329,1.01785716231,2.90000005607,1.26000014699
37,686,436.004549775,1,1.01785714286,2.06,0,2.87343430407,1.21254762136,-0.445821936466,2.37487049895,1.83815833313,0.785302871311,1.01785716747,2.90000005467,1.260000147
37,687,436.996613267,1,0.987857142857,2.06,0,2.8728825817,1.21254735097,-0.4458215125,2.3748703459,1.83871004706,0.785302873329,0.988095257552,2.90000005607,1.26000014699
37,688,437.046613267,1,0.988095238095,2.06,0,2.87343430407,1.21254762136,-0.445821936466,2.37487049895,1.83815833313,0.785302871311,0.988095262705,2.90000005467,1.260000147
37,689,438.038676759,1,0.958095238095,2.06,0,2.8728825817,1.21254735097,-0.4458215125,2.3748703459,1.83871004706,0.785302873329,0.95833335279,2.90000005607,1.26000014699
37,690,438.088676759,1,0.958333333333,2.06,0,2.87343430407,1.21254762137,-0.445821936473,2.37487049895,1.83815833313,0.785302871311,0.958333357944,2.90000005467,1.260000147
37,691,439.080740251,1,0.928333333333,2.06,0,2.8728825817,1.21254735097,-0.4458215125,2.3748703459,1.83871004706,0.785302873329,0.928571448028,2.90000005607,1.26000014699
37,692,439.130740251,1,0.928571428571,2.06,0,2.87343430407,1.21254762137,-0.445821936473,2.37487049895,1.83815833313,0.785302871311,0.928571453182,2.90000005467,1.260000147
37,693,440.122803743,1,0.898571428571,2.06,0,2.8728825817,1.21254735097,-0.445821512507,2.37487034591,1.83871004706,0.785302873329,0.898809543266,2.90000005607,1.26000014699
37,694,440.172803743,1,0.89880952381,2.06,0,2.87343430407,1.21254762136,-0.445821936466,2.37487049895,1.83815833313,0.785302871311,0.89880954842,2.90000005467,1.260000147
37,695,441.164867235,1,0.86880952381,2.06,0,2.8728825817,1.21254735097,-0.445821512507,2.37487034591,1.83871004706,0.785302873329,0.869047638504,2.90000005607,1.26000014699
37,696,441.214867235,1,0.869047619048,2.06,0,2.87343430407,1.21254762137,-0.445821936473,2.37487049895,1.83815833313,0.785302871311,0.869047643658,2.90000005467,1.260000147
37,697,442.206930727,1,0.839047619048,2.06,0,2.8728825817,1.21254735097,-0.445821512507,2.37487034591,1.83871004706,0.785302873329,0.839285733742,2.90000005607,1.26000014699
37,698,442.256930727,1,0.839285714286,2.06,0,2.87343430407,1.21254762136,-0.445821936466,2.37487049895,1.83815833313,0.785302871311,0.839285738896,2.90000005467,1.260000147
37,699,443.248994219,1,0.809285714286,2.06,0,2.8728825817,1.21254735097,-0.445821512507,2.37487034591,1.83871004706,0.785302873329,0.809523828981,2.90000005607,1.26000014699
37,700,443.298994219,1,0.809523809524,2.06,0,2.87343430407,1.21254762136,-0.445821936466,2.37487049895,1.83815833313,0.785302871311,0.809523834134,2.90000005467,1.260000147
37,701,444.291057711,1,0.779523809524,2.06,0,2.8728825817,1.21254735097,-0.4458215125,2.3748703459,1.83871004706,0.785302873329,0.779761924219,2.90000005607,1.26000014699
37,702,444.341057711,1,0.779761904762,2.06,0,2.87343430407,1.21254762136,-0.445821936466,2.37487049895,1.83815833313,0.785302871311,0.779761929372,2.90000005467,1.260000147
37,703,445.333121203,1,0.749761904762,2.06,0,2.8728825817,1.21254735097,-0.445821512507,2.37487034591,1.83871004706,0.785302873329,0.750000019457,2.90000005607,1.26000014699
37,704,445.383121203,1,0.75,2.06,0,2.87343430407,1.21254762136,-0.445821936466,2.37487049895,1.83815833313,0.785302871311,0.75000002461,2.90000005467,1.260000147
