# time_s,command_v,reported_v,command_w,reported_w
2.003171550000000245e+00,0.000000000000000000e+00,0.000000000000000000e+00,0.000000000000000000e+00,0.000000000000000000e+00
2.023108340000000283e+00,0.000000000000000000e+00,0.000000000000000000e+00,0.000000000000000000e+00,0.000000000000000000e+00
2.043153350999999951e+00,0.000000000000000000e+00,0.000000000000000000e+00,0.000000000000000000e+00,0.000000000000000000e+00
2.063139105999999945e+00,0.000000000000000000e+00,0.000000000000000000e+00,0.000000000000000000e+00,0.000000000000000000e+00
2.083129031999999992e+00,0.000000000000000000e+00,0.000000000000000000e+00,0.000000000000000000e+00,0.000000000000000000e+00
2.103151308000000164e+00,0.000000000000000000e+00,0.000000000000000000e+00,0.000000000000000000e+00,0.000000000000000000e+00
2.123138605999999928e+00,0.000000000000000000e+00,0.000000000000000000e+00,0.000000000000000000e+00,0.000000000000000000e+00
2.143198872000000144e+00,0.000000000000000000e+00,0.000000000000000000e+00,0.000000000000000000e+00,0.000000000000000000e+00
2.163247783000000091e+00,0.000000000000000000e+00,0.000000000000000000e+00,0.000000000000000000e+00,0.000000000000000000e+00
2.183138200000000140e+00,0.000000000000000000e+00,0.000000000000000000e+00,0.000000000000000000e+00,0.000000000000000000e+00
2.203667913999999950e+00,0.000000000000000000e+00,0.000000000000000000e+00,0.000000000000000000e+00,0.000000000000000000e+00
2.223138051999999920e+00,0.000000000000000000e+00,0.000000000000000000e+00,0.000000000000000000e+00,0.000000000000000000e+00
2.243171784999999918e+00,0.000000000000000000e+00,0.000000000000000000e+00,0.000000000000000000e+00,0.000000000000000000e+00
2.263129567000000009e+00,0.000000000000000000e+00,0.000000000000000000e+00,0.000000000000000000e+00,0.000000000000000000e+00
2.283135439000000044e+00,0.000000000000000000e+00,0.000000000000000000e+00,0.000000000000000000e+00,0.000000000000000000e+00
2.303113592000000320e+00,0.000000000000000000e+00,0.000000000000000000e+00,0.000000000000000000e+00,0.000000000000000000e+00
2.323163426000000253e+00,0.000000000000000000e+00,0.000000000000000000e+00,0.000000000000000000e+00,0.000000000000000000e+00
2.343134747000000129e+00,0.000000000000000000e+00,0.000000000000000000e+00,0.000000000000000000e+00,0.000000000000000000e+00
2.363167586999999958e+00,0.000000000000000000e+00,0.000000000000000000e+00,0.000000000000000000e+00,0.000000000000000000e+00
2.383113704000000332e+00,0.000000000000000000e+00,0.000000000000000000e+00,0.000000000000000000e+00,0.000000000000000000e+00
2.403130321999999985e+00,0.000000000000000000e+00,0.000000000000000000e+00,0.000000000000000000e+00,0.000000000000000000e+00
2.423240736999999978e+00,0.000000000000000000e+00,0.000000000000000000e+00,0.000000000000000000e+00,0.000000000000000000e+00
2.443219476000000334e+00,1.384373407795784321e-02,0.000000000000000000e+00,-1.925594686517362319e-02,0.000000000000000000e+00
2.463220925999999977e+00,1.382904563350522906e-02,0.000000000000000000e+00,-1.918380845642014484e-02,0.000000000000000000e+00
2.483123854000000019e+00,1.385055200916529908e-02,0.000000000000000000e+00,-1.919502005325682964e-02,0.000000000000000000e+00
2.503106065999999963e+00,1.393169334582227727e-02,0.000000000000000000e+00,-1.894079392640292750e-02,0.000000000000000000e+00
2.523144226999999962e+00,1.413539080759750217e-02,0.000000000000000000e+00,-1.909947705984053196e-02,0.000000000000000000e+00
2.543119098000000022e+00,1.439717402986855424e-02,0.000000000000000000e+00,-1.943595411105770304e-02,0.000000000000000000e+00
2.563108415999999945e+00,1.525842944104481395e-02,0.000000000000000000e+00,-2.040485279374322503e-02,0.000000000000000000e+00
2.583156767000000187e+00,1.547154368271859252e-02,0.000000000000000000e+00,-2.053130570735171856e-02,0.000000000000000000e+00
2.603121950000000240e+00,1.590977578383207663e-02,3.000000026077032089e-03,-2.092945215352312940e-02,-1.799999922513961792e-02
2.623161744000000350e+00,1.618237929226344976e-02,3.000000026077032089e-03,-2.053810152761832014e-02,-1.799999922513961792e-02
2.643166316000000293e+00,1.712706895309271116e-02,3.000000026077032089e-03,-1.742960053211104268e-02,-1.799999922513961792e-02
2.663144914000000085e+00,1.728134582610016401e-02,3.000000026077032089e-03,-1.653185664315285838e-02,-1.799999922513961792e-02
2.683189093000000192e+00,1.763548102194998149e-02,3.000000026077032089e-03,-1.524812298077023696e-02,-1.799999922513961792e-02
2.703153477000000304e+00,1.869469391167649999e-02,6.000000052154064178e-03,-1.029612021916080818e-02,-3.700000047683715820e-02
2.723119579000000012e+00,1.867967653146289722e-02,6.000000052154064178e-03,-1.125859536021906783e-02,-3.700000047683715820e-02
2.743155568000000155e+00,1.998717092283760002e-02,1.200000010430812836e-02,-8.667230320579601436e-04,-3.700000047683715820e-02
2.763131824000000236e+00,1.978136898227961585e-02,1.200000010430812836e-02,-3.094598718492485613e-03,-3.700000047683715820e-02
2.783201216000000144e+00,2.056320406631203385e-02,1.200000010430812836e-02,6.090577332446725327e-03,-3.700000047683715820e-02
2.803232864000000379e+00,2.014631655591268486e-02,6.000000052154064178e-03,3.212065619638080488e-03,-3.700000047683715820e-02
2.823133214000000279e+00,2.049828532219393970e-02,6.000000052154064178e-03,7.312672912283626342e-03,-3.700000047683715820e-02
2.843193546000000183e+00,2.190119210951784953e-02,8.999999612569808960e-03,1.654146241758316926e-02,-5.499999970197677612e-02
2.863112300000000054e+00,2.123420886531340521e-02,8.999999612569808960e-03,1.221970786351210710e-02,-5.499999970197677612e-02
2.883126987000000252e+00,2.315025738882651660e-02,8.999999612569808960e-03,2.853868355641519736e-02,-5.499999970197677612e-02
2.903281232000000323e+00,2.298465675929737412e-02,8.999999612569808960e-03,2.862141750814524779e-02,-5.499999970197677612e-02
2.923164927000000191e+00,2.321351407166964698e-02,8.999999612569808960e-03,3.075683135363167439e-02,-5.499999970197677612e-02
2.943134226000000186e+00,2.497347519447179476e-02,8.999999612569808960e-03,4.713792577698235758e-02,-1.799999922513961792e-02
2.963137085000000059e+00,2.528739086463180352e-02,8.999999612569808960e-03,4.723120891675604976e-02,-1.799999922513961792e-02
2.983144036000000110e+00,2.468274064720620692e-02,8.999999612569808960e-03,4.364878087148234276e-02,-1.799999922513961792e-02
3.003159888999999971e+00,2.464547414818541934e-02,1.499999966472387314e-02,4.129309922665189841e-02,-5.499999970197677612e-02
3.023102550000000388e+00,2.349542245467245438e-02,1.499999966472387314e-02,3.779043354681314165e-02,-5.499999970197677612e-02
3.043177686000000381e+00,2.555788088104277503e-02,8.999999612569808960e-03,5.397164501390251667e-02,-1.799999922513961792e-02
3.063251092000000231e+00,2.415663622769477492e-02,8.999999612569808960e-03,4.508327191608237083e-02,-1.799999922513961792e-02
3.083129608000000133e+00,2.517213052255737327e-02,8.999999612569808960e-03,5.298565898448027306e-02,-1.799999922513961792e-02
3.103113509000000381e+00,2.425098586579402596e-02,6.000000052154064178e-03,4.641655970670099940e-02,0.000000000000000000e+00
3.123121772000000185e+00,2.509775911487198419e-02,6.000000052154064178e-03,5.059466499690862262e-02,0.000000000000000000e+00
3.143109490000000061e+00,2.293196303021948282e-02,6.000000052154064178e-03,3.616528993901065026e-02,0.000000000000000000e+00
3.163139469000000314e+00,2.461748506474464859e-02,6.000000052154064178e-03,4.389780890486826709e-02,0.000000000000000000e+00
3.183120033000000237e+00,2.386546582082696433e-02,6.000000052154064178e-03,3.738004362560606864e-02,0.000000000000000000e+00
3.203109546000000307e+00,2.271094581208222413e-02,6.000000052154064178e-03,2.861992389193931952e-02,3.700000047683715820e-02
3.223279410000000400e+00,2.124655143907607305e-02,6.000000052154064178e-03,1.970358257546074923e-02,3.700000047683715820e-02
3.243114066000000406e+00,2.210049370873855973e-02,3.000000026077032089e-03,1.856222262547296831e-02,1.799999922513961792e-02
3.263204250000000251e+00,2.089016688233218816e-02,3.000000026077032089e-03,1.092082968233981828e-02,1.799999922513961792e-02
3.283123105000000042e+00,2.112640597840713050e-02,3.000000026077032089e-03,9.181425765368733671e-03,1.799999922513961792e-02
3.303135151000000214e+00,2.081390579632016666e-02,6.000000052154064178e-03,4.754732708760817626e-03,0.000000000000000000e+00
3.323251351000000131e+00,2.104993934935155478e-02,6.000000052154064178e-03,9.230037704429461341e-04,0.000000000000000000e+00
3.343120466000000235e+00,2.079512284135367692e-02,8.999999612569808960e-03,-9.386644023720993680e-04,1.799999922513961792e-02
3.363235042000000341e+00,2.063587834135827484e-02,8.999999612569808960e-03,-3.077862647493640087e-03,1.799999922513961792e-02
3.383135857000000080e+00,1.965051909307348466e-02,8.999999612569808960e-03,-8.751109296572138346e-03,1.799999922513961792e-02
3.403139736000000415e+00,1.892682151642003860e-02,1.200000010430812836e-02,-1.499223698099150931e-02,0.000000000000000000e+00
3.423120886000000418e+00,1.853058975554285059e-02,1.200000010430812836e-02,-1.693991761432867005e-02,0.000000000000000000e+00
3.443211200000000360e+00,1.827385609937708794e-02,1.200000010430812836e-02,-1.919866686166787559e-02,0.000000000000000000e+00
3.463137351000000308e+00,1.694814275201062675e-02,1.200000010430812836e-02,-2.423922776863492862e-02,0.000000000000000000e+00
3.483143980000000361e+00,1.654721759241183088e-02,1.200000010430812836e-02,-2.647910687211394928e-02,0.000000000000000000e+00
3.503110314000000169e+00,1.632340933776083719e-02,1.499999966472387314e-02,-2.707728992329348772e-02,-1.799999922513961792e-02
3.523167228000000151e+00,1.606996309316710211e-02,1.499999966472387314e-02,-2.820981050213762498e-02,-1.799999922513961792e-02
3.543212777000000369e+00,1.524281614997687224e-02,1.899999938905239105e-02,-2.824458018555668290e-02,0.000000000000000000e+00
3.563135273000000325e+00,1.432132733056550380e-02,1.899999938905239105e-02,-3.119334145614321638e-02,0.000000000000000000e+00
3.583178037000000149e+00,1.396425835371835865e-02,1.899999938905239105e-02,-3.208083601936819601e-02,0.000000000000000000e+00
3.603162438000000023e+00,1.352851341925157339e-02,1.499999966472387314e-02,-3.186364027680082395e-02,-1.799999922513961792e-02
3.623204077000000023e+00,1.181195034659424624e-02,1.499999966472387314e-02,-3.715581831175748112e-02,-1.799999922513961792e-02
3.643232114000000355e+00,1.242536313977021627e-02,6.000000052154064178e-03,-3.552334300899617076e-02,-3.700000047683715820e-02
3.663128271000000158e+00,1.207256614612081148e-02,6.000000052154064178e-03,-3.387302744729078774e-02,-3.700000047683715820e-02
3.683241155000000155e+00,1.299475136559776443e-02,6.000000052154064178e-03,-2.778139152096218562e-02,-3.700000047683715820e-02
3.703246673000000211e+00,1.358555321320115659e-02,8.999999612569808960e-03,-2.410302269386333310e-02,-1.799999922513961792e-02
3.723117784000000263e+00,1.424442148224722149e-02,8.999999612569808960e-03,-1.947352330958532565e-02,-1.799999922513961792e-02
3.743110003000000408e+00,1.459782276187618529e-02,6.000000052154064178e-03,-1.811562340138319141e-02,0.000000000000000000e+00
3.763879310000000089e+00,1.461586586458562924e-02,6.000000052154064178e-03,-1.710488057835880468e-02,0.000000000000000000e+00
3.783122390000000390e+00,1.473389990861207789e-02,6.000000052154064178e-03,-1.808794334274167748e-02,0.000000000000000000e+00
3.803137716000000168e+00,1.464293219779777729e-02,3.000000026077032089e-03,-1.870066215416858399e-02,1.799999922513961792e-02
3.823123948000000105e+00,1.412089577132167283e-02,3.000000026077032089e-03,-2.349565198487629791e-02,1.799999922513961792e-02
3.843170579000000142e+00,1.426346097326549461e-02,3.000000026077032089e-03,-2.649439458657202109e-02,1.799999922513961792e-02
3.863196295000000280e+00,1.413342464915777127e-02,3.000000026077032089e-03,-2.771664092661462256e-02,1.799999922513961792e-02
3.883115376000000118e+00,1.424014765600677135e-02,3.000000026077032089e-03,-2.939017933699384494e-02,1.799999922513961792e-02
3.903115909000000272e+00,1.393803266193914016e-02,3.000000026077032089e-03,-3.327788536744787085e-02,1.799999922513961792e-02
3.923170386000000232e+00,1.392898967663814408e-02,3.000000026077032089e-03,-3.480268088157650180e-02,1.799999922513961792e-02
3.943225415000000122e+00,1.366164706529298355e-02,0.000000000000000000e+00,-3.873396689766799017e-02,0.000000000000000000e+00
3.963128468000000293e+00,1.367672534532122890e-02,0.000000000000000000e+00,-3.997369990468582074e-02,0.000000000000000000e+00
3.983126743000000136e+00,1.409846068489109365e-02,0.000000000000000000e+00,-4.132559270264279938e-02,0.000000000000000000e+00
4.003112759000000409e+00,1.454822087577721003e-02,3.000000026077032089e-03,-4.072768913837084698e-02,1.799999922513961792e-02
4.023227986000000200e+00,1.424523851549060888e-02,3.000000026077032089e-03,-4.301136410729741039e-02,1.799999922513961792e-02
4.043138512000000517e+00,1.431613850654759636e-02,3.000000026077032089e-03,-4.519161881287782345e-02,1.799999922513961792e-02
4.063221255000000198e+00,1.442063031799744287e-02,3.000000026077032089e-03,-4.375470122579201010e-02,1.799999922513961792e-02
4.083112174000000039e+00,1.443961198643210417e-02,3.000000026077032089e-03,-4.559727802740390357e-02,1.799999922513961792e-02
4.103215129000000516e+00,1.364175530003128474e-02,3.000000026077032089e-03,-5.258138355849796552e-02,1.799999922513961792e-02
4.123152381000000588e+00,1.422661755253407101e-02,3.000000026077032089e-03,-4.698745082992999977e-02,1.799999922513961792e-02
4.143397880000000200e+00,1.305375689766494554e-02,6.000000052154064178e-03,-5.852323094659398622e-02,0.000000000000000000e+00
4.163096480000000099e+00,1.370469682974957172e-02,6.000000052154064178e-03,-5.402969538844822062e-02,0.000000000000000000e+00
4.183281119000000103e+00,1.389266213426194711e-02,6.000000052154064178e-03,-5.250676415867068514e-02,0.000000000000000000e+00
4.203142946999999907e+00,1.335161634757072932e-02,1.200000010430812836e-02,-5.617779833828766278e-02,0.000000000000000000e+00
4.223149584000000623e+00,1.388470428997253328e-02,1.200000010430812836e-02,-5.179656493586744931e-02,0.000000000000000000e+00
4.244355717000000361e+00,1.238202792694072067e-02,8.999999612569808960e-03,-5.895944471321709623e-02,-1.799999922513961792e-02
4.263120602999999953e+00,1.244945340859590806e-02,8.999999612569808960e-03,-5.591610841733528348e-02,-1.799999922513961792e-02
4.283151979000000331e+00,1.329482901489469591e-02,8.999999612569808960e-03,-4.927914217770126837e-02,-1.799999922513961792e-02
4.303117730000000307e+00,1.267621089147621775e-02,8.999999612569808960e-03,-5.173040432209589923e-02,-5.499999970197677612e-02
4.323150563000000446e+00,1.324843317144207104e-02,8.999999612569808960e-03,-4.769888288430661899e-02,-5.499999970197677612e-02
4.343156846000000293e+00,1.463138623229775191e-02,1.200000010430812836e-02,-3.421919531215729393e-02,0.000000000000000000e+00
4.363128007000000252e+00,1.485826633648020326e-02,1.200000010430812836e-02,-3.125584091752356408e-02,0.000000000000000000e+00
4.383129821999999898e+00,1.384648652372745710e-02,1.200000010430812836e-02,-3.644218892475569599e-02,0.000000000000000000e+00
4.403137859000000098e+00,1.361667587397485599e-02,8.999999612569808960e-03,-3.700504331304535488e-02,-1.799999922513961792e-02
4.423114978000000086e+00,1.356815374396333658e-02,8.999999612569808960e-03,-3.542620856547733926e-02,-1.799999922513961792e-02
4.443120815000000334e+00,1.367016427833434196e-02,8.999999612569808960e-03,-3.379311929334570530e-02,-1.799999922513961792e-02
4.463116888000000060e+00,1.372045988067882583e-02,8.999999612569808960e-03,-3.175296774034488956e-02,-1.799999922513961792e-02
4.483192677999999987e+00,1.389125921854643918e-02,8.999999612569808960e-03,-3.005604117704763559e-02,-1.799999922513961792e-02
4.503166242000000707e+00,1.399879949191494208e-02,1.499999966472387314e-02,-2.837559907639153681e-02,-1.799999922513961792e-02
4.523241951000000149e+00,1.412039122842655842e-02,1.499999966472387314e-02,-2.666157371534872561e-02,-1.799999922513961792e-02
4.543150522000000358e+00,1.331837246883074873e-02,1.200000010430812836e-02,-2.658522061666749106e-02,0.000000000000000000e+00
4.563245101000000581e+00,1.285212017273715604e-02,1.200000010430812836e-02,-2.823154590311120413e-02,0.000000000000000000e+00
4.583109426000000042e+00,1.286103775138353056e-02,1.200000010430812836e-02,-2.784452250321921632e-02,0.000000000000000000e+00
4.603172107000000679e+00,1.201635109446431635e-02,8.999999612569808960e-03,-3.185554984162387165e-02,1.799999922513961792e-02
4.623102428000000153e+00,1.174279726431132383e-02,8.999999612569808960e-03,-3.263484250122713343e-02,1.799999922513961792e-02
4.643123097000000143e+00,1.143562222687162337e-02,8.999999612569808960e-03,-3.456495112561819988e-02,1.799999922513961792e-02
4.663116650000000085e+00,1.081722099541059315e-02,8.999999612569808960e-03,-3.918870473236425733e-02,1.799999922513961792e-02
4.683129187000000471e+00,9.467295990430182884e-03,8.999999612569808960e-03,-4.815372620277597743e-02,1.799999922513961792e-02
4.703114440000000229e+00,9.862760608727422565e-03,6.000000052154064178e-03,-4.459568493750230150e-02,0.000000000000000000e+00
4.724512339000000338e+00,8.641827099067671963e-03,6.000000052154064178e-03,-5.321033607315243247e-02,0.000000000000000000e+00
4.743140098000000471e+00,8.946005848969661861e-03,3.000000026077032089e-03,-5.086257964587485164e-02,1.799999922513961792e-02
4.763133565000000402e+00,9.370891263317799105e-03,3.000000026077032089e-03,-4.929287838993223064e-02,1.799999922513961792e-02
4.783100655000000145e+00,9.051921372530085871e-03,3.000000026077032089e-03,-5.251839583253267718e-02,1.799999922513961792e-02
4.803168077000000480e+00,9.202490425892728004e-03,3.000000026077032089e-03,-5.406850004656717917e-02,1.799999922513961792e-02
4.823292390000000651e+00,8.321284929976947853e-03,3.000000026077032089e-03,-6.121888947133900805e-02,1.799999922513961792e-02
4.843160635000000269e+00,8.185214180730530920e-03,0.000000000000000000e+00,-6.352900808343524275e-02,0.000000000000000000e+00
4.863123809000000186e+00,8.594772737921479652e-03,0.000000000000000000e+00,-6.111939127659902354e-02,0.000000000000000000e+00
4.883137314999999923e+00,9.327213049363569652e-03,0.000000000000000000e+00,-5.818832578921578902e-02,0.000000000000000000e+00
4.903108696000000322e+00,9.743831677372258651e-03,0.000000000000000000e+00,-5.691657970145545115e-02,0.000000000000000000e+00
4.923146390000000316e+00,1.031341779578933901e-02,0.000000000000000000e+00,-5.477054592406087330e-02,0.000000000000000000e+00
4.943108064000000468e+00,1.086322947417775464e-02,3.000000026077032089e-03,-5.260982424234145888e-02,-1.799999922513961792e-02
4.963145826999999954e+00,1.123357698936492538e-02,3.000000026077032089e-03,-5.242845159344623751e-02,-1.799999922513961792e-02
4.983202119000000430e+00,1.170568987897721742e-02,3.000000026077032089e-03,-4.823398467822609392e-02,-1.799999922513961792e-02
5.003130797000000740e+00,1.241873629905129554e-02,0.000000000000000000e+00,-4.350414112614909429e-02,0.000000000000000000e+00
5.023161395000000695e+00,1.282784072291890190e-02,0.000000000000000000e+00,-4.369660009289511038e-02,0.000000000000000000e+00
5.043179971000000705e+00,1.313902000058374264e-02,0.000000000000000000e+00,-3.917335267486389550e-02,0.000000000000000000e+00
5.063099860000000341e+00,1.357804700480616522e-02,0.000000000000000000e+00,-3.981279351964347318e-02,0.000000000000000000e+00
5.083127863000000524e+00,1.384044235288395611e-02,0.000000000000000000e+00,-3.958712768112871566e-02,0.000000000000000000e+00
5.103129277000000741e+00,1.422088426867701427e-02,3.000000026077032089e-03,-4.007606026009831457e-02,-1.799999922513961792e-02
5.123129661000000112e+00,1.448911764935640993e-02,3.000000026077032089e-03,-3.737628674934793255e-02,-1.799999922513961792e-02
5.143129501000000658e+00,1.506745988939594584e-02,8.999999612569808960e-03,-3.380778970124399818e-02,-5.499999970197677612e-02
5.163128335000000568e+00,1.602916254178157057e-02,8.999999612569808960e-03,-2.676404840609413610e-02,-5.499999970197677612e-02
5.183118117000000247e+00,1.645537948044734425e-02,8.999999612569808960e-03,-2.185118863025053981e-02,-5.499999970197677612e-02
5.203135657000000691e+00,1.769679009091153221e-02,8.999999612569808960e-03,-1.048245827080407366e-02,-5.499999970197677612e-02
5.223117821000000660e+00,1.788103521126921738e-02,8.999999612569808960e-03,-6.373232384410416201e-03,-5.499999970197677612e-02
5.243126243999999936e+00,1.847347733581447549e-02,3.000000026077032089e-03,-9.423393221489376713e-04,-1.799999922513961792e-02
5.263127220000000328e+00,1.843622880679541415e-02,3.000000026077032089e-03,4.119473401056934422e-03,-1.799999922513961792e-02
5.283152174000000478e+00,1.932794795849195404e-02,3.000000026077032089e-03,8.230357333571343068e-03,-1.799999922513961792e-02
5.303126232000000329e+00,2.042641340005066711e-02,8.999999612569808960e-03,1.448989570826737447e-02,-5.499999970197677612e-02
5.323141668999999965e+00,1.989127695011122174e-02,8.999999612569808960e-03,1.135306447279475946e-02,-5.499999970197677612e-02
5.343163510000000116e+00,2.075610148584924528e-02,6.000000052154064178e-03,2.041802907202135489e-02,0.000000000000000000e+00
5.363143996000000691e+00,2.100880723087321378e-02,6.000000052154064178e-03,2.393279455235376371e-02,0.000000000000000000e+00
5.383149136000000112e+00,2.087866171202475488e-02,6.000000052154064178e-03,2.312408096273728050e-02,0.000000000000000000e+00
5.403129909000000453e+00,2.086390140048581879e-02,6.000000052154064178e-03,2.184351956512329759e-02,0.000000000000000000e+00
5.423117755000000706e+00,2.033823101723307089e-02,6.000000052154064178e-03,1.906964129588956808e-02,0.000000000000000000e+00
5.443136029000000597e+00,2.001483308730535662e-02,8.999999612569808960e-03,1.624111326992649235e-02,1.799999922513961792e-02
5.463151915000000081e+00,1.952593617988496524e-02,8.999999612569808960e-03,1.242487685527290942e-02,1.799999922513961792e-02
5.483117573000000355e+00,1.884614958276277161e-02,8.999999612569808960e-03,7.903919131515783209e-03,1.799999922513961792e-02
5.503181140000000582e+00,1.812794453945725318e-02,6.000000052154064178e-03,3.470409283878563705e-03,0.000000000000000000e+00
5.523098980000000324e+00,1.764777839599380657e-02,6.000000052154064178e-03,2.675008217383428952e-04,0.000000000000000000e+00
5.543252110000000066e+00,1.759581147701475348e-02,1.200000010430812836e-02,-9.584825113098216064e-04,7.400000095367431641e-02
5.563156661000000724e+00,1.559854095361517569e-02,1.200000010430812836e-02,-1.440502581596139753e-02,7.400000095367431641e-02
5.583136306000000104e+00,1.441290616395073977e-02,1.200000010430812836e-02,-2.126156032711668670e-02,7.400000095367431641e-02
5.603155563000000505e+00,1.305587123712416593e-02,1.200000010430812836e-02,-2.999597412474654112e-02,3.700000047683715820e-02
5.623155142000000772e+00,1.058294541191453879e-02,1.200000010430812836e-02,-4.521729387448999993e-02,3.700000047683715820e-02
5.643192517000000130e+00,9.912876240891954974e-03,1.200000010430812836e-02,-4.956113808570657142e-02,3.700000047683715820e-02
5.663137998000000728e+00,8.031565712622220840e-03,1.200000010430812836e-02,-5.973968753921272273e-02,3.700000047683715820e-02
5.683113450000000455e+00,7.124656147721855626e-03,1.200000010430812836e-02,-6.516729908910623426e-02,3.700000047683715820e-02
5.703108594000000586e+00,6.101298500997154144e-03,8.999999612569808960e-03,-6.848103847069592076e-02,1.799999922513961792e-02
5.723163222000000161e+00,4.840463400222580481e-03,8.999999612569808960e-03,-7.685889363379734551e-02,1.799999922513961792e-02
5.743124998000000758e+00,2.782826352016292814e-03,1.200000010430812836e-02,-8.669313586509633240e-02,3.700000047683715820e-02
5.763123711000000426e+00,1.558963257434466555e-03,1.200000010430812836e-02,-9.285691403063837945e-02,3.700000047683715820e-02
5.783153307000000076e+00,2.931625237220232376e-03,1.200000010430812836e-02,-8.405232315155593270e-02,3.700000047683715820e-02
5.803165901000000737e+00,-5.046393452348080580e-04,3.000000026077032089e-03,-1.026947424130016245e-01,-1.799999922513961792e-02
5.823107139000000210e+00,-1.532616444744126067e-04,3.000000026077032089e-03,-9.947266149141630043e-02,-1.799999922513961792e-02
5.843124475000000650e+00,2.221261963792658077e-03,8.999999612569808960e-03,-8.567490911245125018e-02,-1.799999922513961792e-02
5.863108170000000285e+00,2.759635295866329566e-03,8.999999612569808960e-03,-8.171810513034688528e-02,-1.799999922513961792e-02
5.883201695000000342e+00,2.351883536870861928e-03,8.999999612569808960e-03,-8.432576689532571279e-02,-1.799999922513961792e-02
5.903125692000000591e+00,1.642254242163512443e-03,6.000000052154064178e-03,-8.492304040966902612e-02,0.000000000000000000e+00
5.923218417000000180e+00,3.294383660824117769e-03,6.000000052154064178e-03,-7.573603674363138527e-02,0.000000000000000000e+00
5.943177230999999949e+00,3.356634141631219606e-03,3.000000026077032089e-03,-7.424511491360095972e-02,-1.799999922513961792e-02
5.963115624000000281e+00,2.788286746923092016e-03,3.000000026077032089e-03,-7.787403982832903637e-02,-1.799999922513961792e-02
5.983127253000000145e+00,4.314640900440553511e-03,3.000000026077032089e-03,-6.823683082130808930e-02,-1.799999922513961792e-02
6.003128919999999979e+00,4.611860639345817352e-03,0.000000000000000000e+00,-6.738322085579345755e-02,-3.700000047683715820e-02
6.023104125000000586e+00,5.750833385958566656e-03,0.000000000000000000e+00,-6.013097011397207370e-02,-3.700000047683715820e-02
6.043122312000000385e+00,6.845635832797649506e-03,-6.000000052154064178e-03,-5.496340063438385354e-02,-3.700000047683715820e-02
6.063108240000000038e+00,9.165823691187258496e-03,-6.000000052154064178e-03,-4.232867445843932486e-02,-3.700000047683715820e-02
6.083117783000000500e+00,9.611695107354240042e-03,-6.000000052154064178e-03,-3.810682219127854015e-02,-3.700000047683715820e-02
6.103243997999999948e+00,1.252972560815003925e-02,6.000000052154064178e-03,-2.542620452263030448e-02,-1.110000014305114746e-01
6.123202905000000307e+00,1.246449331438699223e-02,6.000000052154064178e-03,-2.383430309523448462e-02,-1.110000014305114746e-01
6.143214258000000427e+00,1.520505123637028340e-02,0.000000000000000000e+00,-2.698818946586510094e-03,-3.700000047683715820e-02
6.163113580000000091e+00,1.535529481268211281e-02,0.000000000000000000e+00,2.910902711840339212e-03,-3.700000047683715820e-02
6.183107142000000778e+00,1.636572574644653416e-02,0.000000000000000000e+00,8.230622368384541560e-03,-3.700000047683715820e-02
6.203196385000000035e+00,1.872273281685479102e-02,0.000000000000000000e+00,2.137493770178058167e-02,-3.700000047683715820e-02
6.223127476000000158e+00,2.061997746154071651e-02,0.000000000000000000e+00,3.445650555157788592e-02,-3.700000047683715820e-02
6.243112492000000735e+00,1.935852575981392848e-02,6.000000052154064178e-03,2.629011662234052860e-02,-3.700000047683715820e-02
6.263482163000000824e+00,2.181947463900979836e-02,6.000000052154064178e-03,4.228190925401680011e-02,-3.700000047683715820e-02
6.283121565000000075e+00,2.130241000952026731e-02,6.000000052154064178e-03,3.791762554108529110e-02,-3.700000047683715820e-02
6.303128796000000200e+00,2.212176850957503146e-02,6.000000052154064178e-03,4.464953924159227594e-02,-3.700000047683715820e-02
6.323132539000000385e+00,2.214141975113457020e-02,6.000000052154064178e-03,4.593348336532068060e-02,-3.700000047683715820e-02
6.343126722000000051e+00,2.149136483765785519e-02,6.000000052154064178e-03,4.478806458757379066e-02,0.000000000000000000e+00
6.363116446000000259e+00,2.271247875700016516e-02,6.000000052154064178e-03,5.201318916784682111e-02,0.000000000000000000e+00
6.383144634000000650e+00,2.293251216761902495e-02,6.000000052154064178e-03,5.302921911014613771e-02,0.000000000000000000e+00
6.403125179999999972e+00,2.180640106466737518e-02,1.499999966472387314e-02,4.564959514371601940e-02,1.799999922513961792e-02
6.423245037000000046e+00,2.080660320417158232e-02,1.499999966472387314e-02,4.022676284500305288e-02,1.799999922513961792e-02
6.443147583000000012e+00,1.978052910845432347e-02,1.499999966472387314e-02,3.422327262967971712e-02,1.799999922513961792e-02
6.463119307000000369e+00,1.840603703638349006e-02,1.499999966472387314e-02,2.669014841426951487e-02,1.799999922513961792e-02
6.483136933000000823e+00,1.712999613705821697e-02,1.499999966472387314e-02,1.980422570249443931e-02,1.799999922513961792e-02
6.503129707000000259e+00,1.601772216531629350e-02,1.899999938905239105e-02,1.371145403386606065e-02,3.700000047683715820e-02
6.523144727000000032e+00,1.501972470052091030e-02,1.899999938905239105e-02,8.289875444071012969e-03,3.700000047683715820e-02
6.543138836000000680e+00,1.317933611387723560e-02,2.199999988079071045e-02,-1.026539590949113135e-03,1.799999922513961792e-02
6.563252794000000279e+00,9.791686048085059338e-03,2.199999988079071045e-02,-1.662105413542011578e-02,1.799999922513961792e-02
6.583286804000000103e+00,8.924596273349664002e-03,2.199999988079071045e-02,-1.984833412001564198e-02,1.799999922513961792e-02
6.603144366000000431e+00,7.915922510137720844e-03,1.499999966472387314e-02,-2.461455168176578806e-02,5.499999970197677612e-02
6.623108608000000785e+00,3.749446481495554827e-03,1.499999966472387314e-02,-4.417590060110525990e-02,5.499999970197677612e-02
6.643148959000000353e+00,2.073839455682687828e-03,1.499999966472387314e-02,-5.392942832414232557e-02,5.499999970197677612e-02
6.663135636000000694e+00,-2.637227695665651296e-04,1.499999966472387314e-02,-6.730946502918914998e-02,5.499999970197677612e-02
6.683165457000000309e+00,8.326846499276947637e-04,1.499999966472387314e-02,-6.137850557763799286e-02,5.499999970197677612e-02
6.703105866000000468e+00,-3.810642335242217602e-03,1.200000010430812836e-02,-8.584197096041831787e-02,0.000000000000000000e+00
6.723117464000000432e+00,-4.284472125520125650e-03,1.200000010430812836e-02,-8.750221089062461266e-02,0.000000000000000000e+00
6.743161777000000079e+00,-3.529909242678794939e-03,6.000000052154064178e-03,-8.326136824991450802e-02,3.700000047683715820e-02
6.763175252000000803e+00,-2.232307868325449085e-03,6.000000052154064178e-03,-7.468932636107668277e-02,3.700000047683715820e-02
6.783146599000000165e+00,-6.021535414020361132e-03,6.000000052154064178e-03,-9.663301632171822364e-02,3.700000047683715820e-02
6.803149054000000362e+00,-6.429123321428560980e-03,0.000000000000000000e+00,-1.002318882790067117e-01,0.000000000000000000e+00
6.823139514000000183e+00,-3.501092885986132469e-03,0.000000000000000000e+00,-8.419953711261785045e-02,0.000000000000000000e+00
6.843167173000000325e+00,-4.242567270735119259e-03,-3.000000026077032089e-03,-9.085106255339220338e-02,-1.799999922513961792e-02
6.863218726000000380e+00,-3.684082776885135198e-03,-3.000000026077032089e-03,-8.958338732430956575e-02,-1.799999922513961792e-02
6.883121570000000133e+00,-2.855888532165443226e-03,-3.000000026077032089e-03,-8.568019935242882079e-02,-1.799999922513961792e-02
6.903171290000000404e+00,-1.056781141157628248e-03,0.000000000000000000e+00,-7.721862207128102340e-02,0.000000000000000000e+00
6.923137737000000236e+00,-7.249228712789791088e-04,0.000000000000000000e+00,-7.640506093039398094e-02,0.000000000000000000e+00
6.943157789000000690e+00,5.472882139037267037e-04,-3.000000026077032089e-03,-7.018406307644806108e-02,-1.799999922513961792e-02
6.963135355000000359e+00,1.165853138923954270e-03,-3.000000026077032089e-03,-6.716480152504099299e-02,-1.799999922513961792e-02
6.983120331000000292e+00,2.321766142935929433e-03,-3.000000026077032089e-03,-6.218346728762347980e-02,-1.799999922513961792e-02
7.003176911000000615e+00,3.248954940992208277e-03,-6.000000052154064178e-03,-5.741270989000252928e-02,-3.700000047683715820e-02
7.023118297000000787e+00,5.163762036528522087e-03,-6.000000052154064178e-03,-4.860931557008022624e-02,-3.700000047683715820e-02
7.043140735000000596e+00,6.862991946385000458e-03,-3.000000026077032089e-03,-4.052678476969093224e-02,-1.799999922513961792e-02
7.063153417000000545e+00,7.765639784529682066e-03,-3.000000026077032089e-03,-3.557047834726920210e-02,-1.799999922513961792e-02
7.083144078000000121e+00,8.471685700057171586e-03,-3.000000026077032089e-03,-3.179863872341476966e-02,-1.799999922513961792e-02
7.103108738000000422e+00,9.441763604438602187e-03,-3.000000026077032089e-03,-2.698876833989423407e-02,-1.799999922513961792e-02
7.123188367000000021e+00,1.063810038817624565e-02,-3.000000026077032089e-03,-2.212349502703084628e-02,-1.799999922513961792e-02
7.143091366000000164e+00,1.127250280005856649e-02,0.000000000000000000e+00,-1.881051643125063524e-02,0.000000000000000000e+00
7.163128190000000117e+00,1.194275737358928800e-02,0.000000000000000000e+00,-1.614092844440040420e-02,0.000000000000000000e+00
7.183130065000000286e+00,1.247218670469836532e-02,0.000000000000000000e+00,-1.527800227195734092e-02,0.000000000000000000e+00
7.203125866000000599e+00,1.241351888877106208e-02,3.000000026077032089e-03,-1.482497840733253656e-02,-1.799999922513961792e-02
7.223158033000000700e+00,1.296808995152570580e-02,3.000000026077032089e-03,-1.198804327097608043e-02,-1.799999922513961792e-02
7.243191004000000710e+00,1.323806074179964890e-02,3.000000026077032089e-03,-9.958744315377753703e-03,-1.799999922513961792e-02
7.263128215000000054e+00,1.333463778062815228e-02,3.000000026077032089e-03,-8.791439195053983233e-03,-1.799999922513961792e-02
7.283115231000000023e+00,1.354777575796413218e-02,3.000000026077032089e-03,-7.115722552016628261e-03,-1.799999922513961792e-02
7.303107493000000616e+00,1.436972476368361847e-02,6.000000052154064178e-03,-1.654136860049412175e-03,-3.700000047683715820e-02
7.323185279000000492e+00,1.411536412312668944e-02,6.000000052154064178e-03,-2.641339520485032170e-03,-3.700000047683715820e-02
7.343134179000000650e+00,1.460593384944445378e-02,3.000000026077032089e-03,3.173780886649502260e-03,-1.799999922513961792e-02
7.363149834000000560e+00,1.568298497064105415e-02,3.000000026077032089e-03,9.982029233434986520e-03,-1.799999922513961792e-02
7.383146811000000476e+00,1.547587374165552282e-02,3.000000026077032089e-03,9.601064017023437647e-03,-1.799999922513961792e-02
7.403231315000000201e+00,1.551906016649424319e-02,8.999999612569808960e-03,1.027316343576960452e-02,-1.799999922513961792e-02
7.423105708000000469e+00,1.585388374444269763e-02,8.999999612569808960e-03,1.280715092737359610e-02,-1.799999922513961792e-02
7.443125820000000559e+00,1.599242847526642641e-02,8.999999612569808960e-03,1.607281158289102993e-02,-1.799999922513961792e-02
7.463104028000000056e+00,1.555125482407617062e-02,8.999999612569808960e-03,1.423824245667919437e-02,-1.799999922513961792e-02
7.483130692000000472e+00,1.526827674699097331e-02,8.999999612569808960e-03,1.355005606841402747e-02,-1.799999922513961792e-02
7.503100353000000666e+00,1.517972769706294606e-02,6.000000052154064178e-03,1.532172648319125863e-02,0.000000000000000000e+00
7.523126281000000581e+00,1.486442555427012514e-02,6.000000052154064178e-03,1.453192869256699458e-02,0.000000000000000000e+00
7.543113887000000517e+00,1.438194962042504098e-02,6.000000052154064178e-03,1.228392654937627247e-02,0.000000000000000000e+00
7.563168189000000652e+00,1.434554805377496849e-02,6.000000052154064178e-03,1.263090041701281363e-02,0.000000000000000000e+00
7.583116856000000183e+00,1.385654605316518490e-02,6.000000052154064178e-03,9.346134337371473505e-03,0.000000000000000000e+00
7.603130236000000153e+00,1.328977883459090369e-02,8.999999612569808960e-03,6.699430416374215630e-03,-1.799999922513961792e-02
7.623121116000000086e+00,1.370529999885937607e-02,8.999999612569808960e-03,9.552275409561062844e-03,-1.799999922513961792e-02
7.643157046000000676e+00,1.338756060874420062e-02,3.000000026077032089e-03,7.298813838565045009e-03,-1.799999922513961792e-02
7.663115751000000309e+00,1.338977238854471147e-02,3.000000026077032089e-03,9.335168463454069851e-03,-1.799999922513961792e-02
7.683207188000000798e+00,1.361588633148064741e-02,3.000000026077032089e-03,1.007579273883285088e-02,-1.799999922513961792e-02
7.703134683000000038e+00,1.450816859845668189e-02,3.000000026077032089e-03,1.618580306432856192e-02,-1.799999922513961792e-02
7.723135664000000844e+00,1.479760878225432237e-02,3.000000026077032089e-03,1.782740101257652282e-02,-1.799999922513961792e-02
7.743208636000000311e+00,1.413947816207796089e-02,0.000000000000000000e+00,1.420247212679029772e-02,0.000000000000000000e+00
7.763141191000000774e+00,1.519177488368936464e-02,0.000000000000000000e+00,1.919179928596183651e-02,0.000000000000000000e+00
7.783097380000000065e+00,1.497170498918594037e-02,0.000000000000000000e+00,1.700110744133254831e-02,0.000000000000000000e+00
7.803127889000000650e+00,1.547565547126767554e-02,0.000000000000000000e+00,1.830218694572247756e-02,0.000000000000000000e+00
7.823117923000000751e+00,1.481153284716399919e-02,0.000000000000000000e+00,1.403738978617034665e-02,0.000000000000000000e+00
7.843136612000000341e+00,1.561426958715124783e-02,0.000000000000000000e+00,1.663141926035198101e-02,0.000000000000000000e+00
7.863144547000000095e+00,1.561191167766861655e-02,0.000000000000000000e+00,1.553385255669399723e-02,0.000000000000000000e+00
7.883130016000000850e+00,1.586529265453904408e-02,0.000000000000000000e+00,1.530178876846501751e-02,0.000000000000000000e+00
7.903123941000000485e+00,1.565433524833560741e-02,0.000000000000000000e+00,1.340876624178682745e-02,0.000000000000000000e+00
7.923221265000000457e+00,1.563825241771244975e-02,0.000000000000000000e+00,1.275541280557260064e-02,0.000000000000000000e+00
7.943164286000000907e+00,1.601297083340166502e-02,0.000000000000000000e+00,1.325730336398882325e-02,0.000000000000000000e+00
7.963135256000000162e+00,1.520387233570316340e-02,0.000000000000000000e+00,9.286469768630891894e-03,0.000000000000000000e+00
7.983152894000000721e+00,1.618584984715867522e-02,0.000000000000000000e+00,1.258528990077833858e-02,0.000000000000000000e+00
8.003120149000000794e+00,1.640690065387738830e-02,0.000000000000000000e+00,1.249678222551895909e-02,0.000000000000000000e+00
8.023112515000001110e+00,1.615800787310731762e-02,0.000000000000000000e+00,1.112086143566438402e-02,0.000000000000000000e+00
8.043105435000001080e+00,1.609232046714152708e-02,0.000000000000000000e+00,9.963630036299049933e-03,0.000000000000000000e+00
8.063132944000001245e+00,1.635525828204628315e-02,0.000000000000000000e+00,1.050361047091350440e-02,0.000000000000000000e+00
8.083128012000001306e+00,1.625643284265852404e-02,0.000000000000000000e+00,9.386079265371438662e-03,0.000000000000000000e+00
8.103123482000000877e+00,1.634045742242380000e-02,8.999999612569808960e-03,9.208388236383507897e-03,-1.799999922513961792e-02
8.123117441999999855e+00,1.676568227107302217e-02,8.999999612569808960e-03,1.194780563370724871e-02,-1.799999922513961792e-02
8.143143299000000113e+00,1.629363828009841933e-02,6.000000052154064178e-03,1.066901055726317965e-02,0.000000000000000000e+00
8.163133997000000974e+00,1.612104540736244290e-02,6.000000052154064178e-03,1.059970874510436645e-02,0.000000000000000000e+00
8.183155185000000387e+00,1.516651655938769383e-02,6.000000052154064178e-03,7.237880589396225757e-03,0.000000000000000000e+00
8.203190638000000590e+00,1.526657363583342093e-02,6.000000052154064178e-03,7.548110794821485774e-03,3.700000047683715820e-02
8.223109907000001328e+00,1.424359797398917077e-02,6.000000052154064178e-03,9.715658879173776161e-04,3.700000047683715820e-02
8.243111578000000605e+00,1.372469048256041123e-02,6.000000052154064178e-03,-1.403945068155228399e-03,0.000000000000000000e+00
8.263107930000000323e+00,1.280793481201765970e-02,6.000000052154064178e-03,-8.042851821616783456e-03,0.000000000000000000e+00
8.283199814999999688e+00,1.262663797515000200e-02,6.000000052154064178e-03,-9.102093528208938730e-03,0.000000000000000000e+00
8.303116153000001276e+00,1.234668636998451433e-02,8.999999612569808960e-03,-9.625357096784487726e-03,-1.799999922513961792e-02
8.323133240000000654e+00,1.209405078918958897e-02,8.999999612569808960e-03,-9.881563615604226775e-03,-1.799999922513961792e-02
8.343121384999999890e+00,1.198937892871904456e-02,6.000000052154064178e-03,-9.364912799157075127e-03,0.000000000000000000e+00
8.363142888000000497e+00,1.183828893785793084e-02,6.000000052154064178e-03,-8.618780686947087252e-03,0.000000000000000000e+00
8.383124358999999970e+00,1.152533757150932432e-02,6.000000052154064178e-03,-9.622138181656881076e-03,0.000000000000000000e+00
8.403173428000000555e+00,1.116061408631637865e-02,6.000000052154064178e-03,-1.129433684172373095e-02,0.000000000000000000e+00
8.423104538000000474e+00,1.099797366492668779e-02,6.000000052154064178e-03,-1.201027625280326125e-02,0.000000000000000000e+00
8.443148605000001083e+00,1.082273365042665282e-02,6.000000052154064178e-03,-1.284758169798818489e-02,0.000000000000000000e+00
8.463118554000001126e+00,1.001510808342410269e-02,6.000000052154064178e-03,-1.525815659831993888e-02,0.000000000000000000e+00
8.483106156999999925e+00,9.903751546061550712e-03,6.000000052154064178e-03,-1.613907017399546923e-02,0.000000000000000000e+00
8.503127577000000770e+00,9.725771895234668757e-03,3.000000026077032089e-03,-1.642648485256012481e-02,-1.799999922513961792e-02
8.523118847000000997e+00,9.577571017229682959e-03,3.000000026077032089e-03,-1.687363857312633095e-02,-1.799999922513961792e-02
8.543141825000001077e+00,1.024787195624610354e-02,3.000000026077032089e-03,-1.252191985223189384e-02,-1.799999922513961792e-02
8.563145605000000771e+00,1.020885342322621486e-02,3.000000026077032089e-03,-1.228244860461175786e-02,-1.799999922513961792e-02
8.583193995000000243e+00,1.063855201022020393e-02,3.000000026077032089e-03,-8.866892649012390187e-03,-1.799999922513961792e-02
8.603127248999999921e+00,1.096603207966780416e-02,3.000000026077032089e-03,-6.828763711701077259e-03,1.799999922513961792e-02
8.623402566000001102e+00,1.086312133295473138e-02,3.000000026077032089e-03,-7.487868745081237981e-03,1.799999922513961792e-02
8.643210985999999707e+00,1.057358809342516699e-02,0.000000000000000000e+00,-1.035188887509435815e-02,0.000000000000000000e+00
8.663138779000000511e+00,1.050219633236250047e-02,0.000000000000000000e+00,-1.082523229265580991e-02,0.000000000000000000e+00
8.683118205000001311e+00,1.084283511268093088e-02,0.000000000000000000e+00,-1.147776513760966934e-02,0.000000000000000000e+00
8.703205634999999774e+00,1.084462478201729009e-02,6.000000052154064178e-03,-1.140508575011304516e-02,-3.700000047683715820e-02
8.723115703000001275e+00,1.146118925831829047e-02,6.000000052154064178e-03,-7.060107108814021523e-03,-3.700000047683715820e-02
8.743109140000001389e+00,1.147690503837480759e-02,6.000000052154064178e-03,-4.945590527354250254e-03,-3.700000047683715820e-02
8.763118323000000487e+00,1.245918439091619860e-02,6.000000052154064178e-03,3.405310064805932256e-03,-3.700000047683715820e-02
8.783093979000000218e+00,1.244977275124909549e-02,6.000000052154064178e-03,4.874224591148012403e-03,-3.700000047683715820e-02
8.803109705000000673e+00,1.271550051658890471e-02,6.000000052154064178e-03,7.491217335123472043e-03,0.000000000000000000e+00
8.823227956000000205e+00,1.316375004867051390e-02,6.000000052154064178e-03,1.270401462863554078e-02,0.000000000000000000e+00
8.843141179999999935e+00,1.283152920117380628e-02,6.000000052154064178e-03,1.053978286509818507e-02,-3.700000047683715820e-02
8.863112141000000221e+00,1.259569924595454506e-02,6.000000052154064178e-03,1.065786543624782853e-02,-3.700000047683715820e-02
8.883191626000000340e+00,1.297924499191609009e-02,6.000000052154064178e-03,1.359238790249644134e-02,-3.700000047683715820e-02
8.903164236000000287e+00,1.390832226900983078e-02,6.000000052154064178e-03,2.326127521731534420e-02,0.000000000000000000e+00
8.923183959000001053e+00,1.388413336477286805e-02,6.000000052154064178e-03,2.230810156833602093e-02,0.000000000000000000e+00
8.943141965000000582e+00,1.325570045381955879e-02,1.200000010430812836e-02,1.919621656262750567e-02,0.000000000000000000e+00
8.963109691999999740e+00,1.300138378743645982e-02,1.200000010430812836e-02,1.916101354205726123e-02,0.000000000000000000e+00
8.983218479000001366e+00,1.234089566744611156e-02,1.200000010430812836e-02,1.585221798273104415e-02,0.000000000000000000e+00
9.003108747000000633e+00,1.187219361218407390e-02,1.200000010430812836e-02,1.340249457490967633e-02,0.000000000000000000e+00
9.023105143000000439e+00,1.048371854680843832e-02,1.200000010430812836e-02,9.340721203861203706e-03,0.000000000000000000e+00
9.043204129000001146e+00,9.960928653533979507e-03,2.199999988079071045e-02,7.462125706916394353e-03,5.499999970197677612e-02
9.063119459000001044e+00,8.876843574164022463e-03,2.199999988079071045e-02,1.834089427652737126e-03,5.499999970197677612e-02
9.083105965999999754e+00,5.039650911337805253e-03,2.199999988079071045e-02,-1.731930433211257073e-02,5.499999970197677612e-02
9.103130679000001280e+00,3.867045554603817242e-03,1.899999938905239105e-02,-2.359244203839301959e-02,7.400000095367431641e-02
9.123167269000001411e+00,2.247827204183997819e-03,1.899999938905239105e-02,-3.151305277891483514e-02,7.400000095367431641e-02
9.143130939000000623e+00,-3.514965272646147082e-03,2.199999988079071045e-02,-6.220645580763151106e-02,1.799999922513961792e-02
9.163157209000001302e+00,-1.788604829804605516e-03,2.199999988079071045e-02,-5.253578866611416376e-02,1.799999922513961792e-02
9.183139136000001201e+00,-4.891957149833168171e-03,2.199999988079071045e-02,-6.606600699934994658e-02,1.799999922513961792e-02
9.203113169999999954e+00,-5.633142601312281922e-03,8.999999612569808960e-03,-6.823097517608553431e-02,-1.799999922513961792e-02
9.223186120000001154e+00,-6.700077557196109160e-03,8.999999612569808960e-03,-7.145616715362575200e-02,-1.799999922513961792e-02
9.243149817000000823e+00,-7.145764699227214085e-03,3.000000026077032089e-03,-7.195446433767027639e-02,-1.799999922513961792e-02
9.263114225000000701e+00,-7.511083806741029878e-03,3.000000026077032089e-03,-7.121332156206564012e-02,-1.799999922513961792e-02
9.283100743000000321e+00,-6.167330013775419555e-03,3.000000026077032089e-03,-6.486188374839013671e-02,-1.799999922513961792e-02
9.303140727000000609e+00,-5.736389730007623519e-03,6.000000052154064178e-03,-6.196531912334841963e-02,0.000000000000000000e+00
9.323101497000001459e+00,-5.775793609545102313e-03,6.000000052154064178e-03,-6.227636614328781184e-02,0.000000000000000000e+00
9.343162312000000469e+00,-4.861286199258148429e-03,0.000000000000000000e+00,-5.759638635745373964e-02,0.000000000000000000e+00
9.363110408000000717e+00,-4.558654351267081052e-03,0.000000000000000000e+00,-5.579192761211725082e-02,0.000000000000000000e+00
9.383111650000000026e+00,-4.025912894868027316e-03,0.000000000000000000e+00,-5.390525918794615567e-02,0.000000000000000000e+00
9.403119508000001403e+00,-3.457080970556841455e-03,-3.000000026077032089e-03,-5.187685744319135012e-02,-1.799999922513961792e-02
9.423105145000000959e+00,-2.974076634958695842e-03,-3.000000026077032089e-03,-5.031848659812226954e-02,-1.799999922513961792e-02
9.443210717000001253e+00,-2.225737778527435429e-03,0.000000000000000000e+00,-4.814964722943920056e-02,0.000000000000000000e+00
9.463156853000000979e+00,-9.355862693275430932e-04,0.000000000000000000e+00,-4.150991064061020780e-02,0.000000000000000000e+00
9.483099483000000163e+00,-1.124899354210786087e-03,0.000000000000000000e+00,-4.399868051639751337e-02,0.000000000000000000e+00
9.503165349999999734e+00,-1.643560264353409732e-04,-3.000000026077032089e-03,-3.885359791564290538e-02,1.799999922513961792e-02
9.523103975999999804e+00,-4.248778332087021657e-04,-3.000000026077032089e-03,-4.318668606701694945e-02,1.799999922513961792e-02
9.543133479999999835e+00,-2.531954429271587132e-04,0.000000000000000000e+00,-4.523202141744225163e-02,0.000000000000000000e+00
9.563131928000000670e+00,4.717268035905454004e-04,0.000000000000000000e+00,-4.127444286174083987e-02,0.000000000000000000e+00
9.583190464000001185e+00,4.872151813339393902e-04,0.000000000000000000e+00,-4.315730741233942541e-02,0.000000000000000000e+00
9.603131754000001408e+00,7.948458178813337010e-04,0.000000000000000000e+00,-4.246645052371900847e-02,0.000000000000000000e+00
9.623193406000000394e+00,1.348650532009397973e-03,0.000000000000000000e+00,-3.933386903554430408e-02,0.000000000000000000e+00
9.643113343000001336e+00,1.725162643942226934e-03,0.000000000000000000e+00,-3.751867847872690509e-02,0.000000000000000000e+00
9.663106782999999922e+00,2.054559994322561426e-03,0.000000000000000000e+00,-3.634957393554428401e-02,0.000000000000000000e+00
9.683106256000000300e+00,2.067169389664085064e-03,0.000000000000000000e+00,-3.789336482142921514e-02,0.000000000000000000e+00
9.703190684000000843e+00,2.444638175878632250e-03,0.000000000000000000e+00,-3.569244503807415120e-02,0.000000000000000000e+00
9.723135893000000252e+00,2.819564790944865691e-03,0.000000000000000000e+00,-3.411147009203365638e-02,0.000000000000000000e+00
9.743134829000000607e+00,2.898585722795136207e-03,0.000000000000000000e+00,-3.498463752722635184e-02,0.000000000000000000e+00
9.763140417000000681e+00,3.230626997773311786e-03,0.000000000000000000e+00,-3.401436461539208284e-02,0.000000000000000000e+00
9.783410341999999815e+00,3.440250748835583551e-03,0.000000000000000000e+00,-3.315643211852081773e-02,0.000000000000000000e+00
9.803100021000000552e+00,4.075199945381995613e-03,0.000000000000000000e+00,-2.906466356650591956e-02,0.000000000000000000e+00
9.823127702000000738e+00,4.247652070085641482e-03,0.000000000000000000e+00,-2.871409022331211300e-02,0.000000000000000000e+00
9.843134167000000545e+00,4.313531285138129043e-03,0.000000000000000000e+00,-2.986280854367720505e-02,0.000000000000000000e+00
9.863112113000001457e+00,4.358073385967459884e-03,0.000000000000000000e+00,-3.076165099851550788e-02,0.000000000000000000e+00
9.883147042000000937e+00,4.768043504866190108e-03,0.000000000000000000e+00,-2.819105552420879748e-02,0.000000000000000000e+00
9.903106746000000626e+00,4.996767276896797207e-03,0.000000000000000000e+00,-2.743145889885784811e-02,0.000000000000000000e+00
9.923113285000001227e+00,5.208471781301681446e-03,0.000000000000000000e+00,-2.715248349910678177e-02,0.000000000000000000e+00
9.943286525000001319e+00,5.341344747684665523e-03,0.000000000000000000e+00,-2.742018126666332864e-02,0.000000000000000000e+00
9.963122979000001322e+00,5.475242631365089506e-03,0.000000000000000000e+00,-2.696676539210274628e-02,0.000000000000000000e+00
9.983229396000000477e+00,5.710037942296062631e-03,0.000000000000000000e+00,-2.617834000448957324e-02,0.000000000000000000e+00
1.000323494900000121e+01,5.984822169958555795e-03,0.000000000000000000e+00,-2.352829835037965542e-02,0.000000000000000000e+00
1.002310903700000111e+01,6.170934399887947723e-03,0.000000000000000000e+00,-2.467213809503926783e-02,0.000000000000000000e+00
1.004313489900000000e+01,6.348331011193033072e-03,0.000000000000000000e+00,-2.431719737943351806e-02,0.000000000000000000e+00
1.006310881100000110e+01,6.565258445830851435e-03,0.000000000000000000e+00,-2.277523486961529481e-02,0.000000000000000000e+00
1.008314802200000138e+01,6.700448691863496523e-03,0.000000000000000000e+00,-2.263050933334639567e-02,0.000000000000000000e+00
1.010319851700000093e+01,6.886917406300885509e-03,0.000000000000000000e+00,-2.311079790799519876e-02,0.000000000000000000e+00
1.012315677100000144e+01,7.020199292258978707e-03,0.000000000000000000e+00,-2.150397567841237645e-02,0.000000000000000000e+00
1.014313523300000064e+01,7.237879441852655173e-03,0.000000000000000000e+00,-2.150621086233027446e-02,0.000000000000000000e+00
1.016314772700000013e+01,7.369794484187015826e-03,0.000000000000000000e+00,-2.130014519833329373e-02,0.000000000000000000e+00
1.018311101799999996e+01,7.595507140030447780e-03,0.000000000000000000e+00,-2.079491893317744061e-02,0.000000000000000000e+00
1.020317578400000080e+01,7.738083953385311436e-03,0.000000000000000000e+00,-1.933453774006443221e-02,0.000000000000000000e+00
1.022314641200000018e+01,7.896700766822755888e-03,0.000000000000000000e+00,-1.950957877669981175e-02,0.000000000000000000e+00
1.024340441600000062e+01,8.117154415079593649e-03,0.000000000000000000e+00,-1.885649234806149530e-02,0.000000000000000000e+00
1.026315231400000094e+01,8.298112562581881971e-03,0.000000000000000000e+00,-1.866879102776598451e-02,0.000000000000000000e+00
1.028312646800000074e+01,8.304136474148527888e-03,0.000000000000000000e+00,-1.804662591132015145e-02,0.000000000000000000e+00
1.030313641600000096e+01,8.401187253191461785e-03,0.000000000000000000e+00,-1.878661272904113069e-02,0.000000000000000000e+00
1.032309858500000033e+01,8.438984633489240300e-03,0.000000000000000000e+00,-1.967650670650776534e-02,0.000000000000000000e+00
1.034317186000000000e+01,8.546848208310661374e-03,0.000000000000000000e+00,-2.068588396097077731e-02,0.000000000000000000e+00
1.036320317800000090e+01,8.382991000411971899e-03,0.000000000000000000e+00,-2.148508485473826779e-02,0.000000000000000000e+00
1.038315995700000016e+01,8.444462352514298803e-03,0.000000000000000000e+00,-2.373651440155932768e-02,0.000000000000000000e+00
1.040312400600000053e+01,8.407059523407924354e-03,0.000000000000000000e+00,-2.540222210840105410e-02,0.000000000000000000e+00
1.042325840100000001e+01,8.170424435416899500e-03,0.000000000000000000e+00,-2.808005041271579086e-02,0.000000000000000000e+00
1.044315932399999980e+01,8.070707562658201162e-03,0.000000000000000000e+00,-2.979367660315395197e-02,0.000000000000000000e+00
1.046311664100000094e+01,7.778243406042140672e-03,0.000000000000000000e+00,-3.266238684765977035e-02,0.000000000000000000e+00
1.048316525600000126e+01,7.461286534604720869e-03,0.000000000000000000e+00,-3.339781639683624126e-02,0.000000000000000000e+00
1.050312862800000069e+01,6.585438942883205422e-03,0.000000000000000000e+00,-4.025737931029021999e-02,0.000000000000000000e+00
1.052315109600000120e+01,6.153705440619198878e-03,0.000000000000000000e+00,-4.043735126734183255e-02,0.000000000000000000e+00
1.054319490900000034e+01,5.056997536534176170e-03,0.000000000000000000e+00,-4.748994414115464274e-02,0.000000000000000000e+00
1.056311182900000034e+01,4.036927210333103415e-03,0.000000000000000000e+00,-5.219567408995701152e-02,0.000000000000000000e+00
1.058318314000000093e+01,3.275935587966875492e-03,0.000000000000000000e+00,-5.394232901029417937e-02,0.000000000000000000e+00
1.060313657300000045e+01,1.185388684646219385e-03,0.000000000000000000e+00,-6.426908728475959343e-02,0.000000000000000000e+00
1.062311793300000140e+01,8.772464273875603836e-04,0.000000000000000000e+00,-6.301686277583029572e-02,0.000000000000000000e+00
1.064311655600000073e+01,3.210707707376025521e-04,0.000000000000000000e+00,-6.415125883678914065e-02,0.000000000000000000e+00
1.066441481800000091e+01,-1.426810448934640908e-03,0.000000000000000000e+00,-7.221913957064191036e-02,0.000000000000000000e+00
1.068318268600000032e+01,-3.024771770626790996e-03,0.000000000000000000e+00,-7.925612402159422365e-02,0.000000000000000000e+00
1.070310153000000142e+01,-2.997422003011188541e-03,0.000000000000000000e+00,-7.636443345522625492e-02,0.000000000000000000e+00
1.072311300700000025e+01,-5.494707511406701425e-03,0.000000000000000000e+00,-8.880660900107509304e-02,0.000000000000000000e+00
1.074332698100000094e+01,-6.844565227755839733e-03,3.000000026077032089e-03,-9.376873171569008458e-02,-1.799999922513961792e-02
1.076312369300000071e+01,-6.613028798709433623e-03,3.000000026077032089e-03,-8.901023542107755482e-02,-1.799999922513961792e-02
1.078314813000000072e+01,-8.783524219928296947e-03,3.000000026077032089e-03,-9.643396489756601853e-02,-1.799999922513961792e-02
1.080315062500000067e+01,-8.631254424603431938e-03,3.000000026077032089e-03,-9.196043820171094507e-02,-1.799999922513961792e-02
1.082310240700000037e+01,-1.057343984845766395e-02,3.000000026077032089e-03,-9.737991114346701560e-02,-1.799999922513961792e-02
1.084312111900000097e+01,-1.212972047033650247e-02,3.000000026077032089e-03,-1.012415602127294673e-01,-1.799999922513961792e-02
1.086314102200000065e+01,-1.156790451609692599e-02,3.000000026077032089e-03,-9.457903788565204251e-02,-1.799999922513961792e-02
1.088311404900000134e+01,-1.448027942373875110e-02,3.000000026077032089e-03,-1.054371053303386346e-01,-1.799999922513961792e-02
1.090322346800000020e+01,-1.441037451798882207e-02,6.000000052154064178e-03,-1.017188144549481116e-01,-3.700000047683715820e-02
1.092314268000000155e+01,-1.599894310026879485e-02,6.000000052154064178e-03,-1.057792633450566344e-01,-3.700000047683715820e-02
1.094310665700000129e+01,-1.586669911176252779e-02,3.000000026077032089e-03,-1.017450973215776183e-01,-5.499999970197677612e-02
1.096310966200000081e+01,-1.596275992314132725e-02,3.000000026077032089e-03,-9.901783941883332552e-02,-5.499999970197677612e-02
1.098311542000000074e+01,-1.664968393693554843e-02,3.000000026077032089e-03,-9.594233156850215383e-02,-5.499999970197677612e-02
1.100313395500000091e+01,-1.597633131879386617e-02,0.000000000000000000e+00,-9.046092630087548825e-02,-3.700000047683715820e-02
1.102315053200000072e+01,-1.691229026558352042e-02,0.000000000000000000e+00,-9.003988924917188941e-02,-3.700000047683715820e-02
1.104316210500000039e+01,-1.650839585630855394e-02,3.000000026077032089e-03,-8.622208239283506159e-02,-1.799999922513961792e-02
1.106318275699999987e+01,-1.822014023333441354e-02,3.000000026077032089e-03,-9.110022210719448399e-02,-1.799999922513961792e-02
1.108311688900000114e+01,-1.757108071357150331e-02,3.000000026077032089e-03,-8.632038354855910145e-02,-1.799999922513961792e-02
1.110309894700000122e+01,-1.966253269390385097e-02,-6.000000052154064178e-03,-9.417200305251711978e-02,-3.700000047683715820e-02
1.112313550800000073e+01,-1.861470507361407192e-02,-6.000000052154064178e-03,-8.789124902997233479e-02,-3.700000047683715820e-02
1.114313660300000031e+01,-1.931972985480019320e-02,-8.999999612569808960e-03,-8.991675198245602241e-02,-9.200000017881393433e-02
1.116317151900000049e+01,-1.856084750720392307e-02,-8.999999612569808960e-03,-8.490249895417929793e-02,-9.200000017881393433e-02
1.118311276000000021e+01,-1.602535458501410520e-02,-8.999999612569808960e-03,-6.647114939244903875e-02,-9.200000017881393433e-02
1.120314941900000072e+01,-1.550883003232594870e-02,-8.999999612569808960e-03,-6.356524759848092287e-02,-5.499999970197677612e-02
1.122314388200000046e+01,-1.390002931734971199e-02,-8.999999612569808960e-03,-5.199635536630524413e-02,-5.499999970197677612e-02
1.124312198600000023e+01,-1.302419974112343018e-02,-1.200000010430812836e-02,-4.696819834410646127e-02,-7.400000095367431641e-02
1.126312698300000115e+01,-1.013406132059973055e-02,-1.200000010430812836e-02,-3.026035183079649887e-02,-7.400000095367431641e-02
1.128321599500000083e+01,-8.652612232374798720e-03,-1.200000010430812836e-02,-2.367849250320764459e-02,-7.400000095367431641e-02
1.130314782600000001e+01,-6.269365298093992900e-03,-1.499999966472387314e-02,-1.225987136022105468e-02,-9.200000017881393433e-02
1.132312995800000088e+01,-6.104249942164604106e-03,-1.499999966472387314e-02,-1.486101083723962921e-02,-9.200000017881393433e-02
1.134318438900000103e+01,2.071079729651278392e-05,-1.899999938905239105e-02,1.570299453234991552e-02,-1.110000014305114746e-01
1.136310927600000120e+01,3.017080683312176048e-03,-1.899999938905239105e-02,2.859260668141491366e-02,-1.110000014305114746e-01
1.138330725399999999e+01,7.389441515410700295e-03,-1.899999938905239105e-02,4.665268321311216715e-02,-1.110000014305114746e-01
1.140313118200000098e+01,1.081618200987897668e-02,-1.899999938905239105e-02,6.132695898408095647e-02,-1.110000014305114746e-01
1.142314976500000157e+01,1.489138043306229009e-02,-1.899999938905239105e-02,7.934367317567761480e-02,-1.110000014305114746e-01
1.144316363999999986e+01,1.807223494955571483e-02,-1.499999966472387314e-02,9.257826566560523052e-02,-9.200000017881393433e-02
1.146314491400000080e+01,2.187546363961419618e-02,-1.499999966472387314e-02,1.081371930821762722e-01,-9.200000017881393433e-02
1.148314912000000021e+01,1.996441688281857391e-02,-1.499999966472387314e-02,9.302867586508213604e-02,-9.200000017881393433e-02
1.150319511800000072e+01,2.715325727819514409e-02,-6.000000052154064178e-03,1.284257564702747656e-01,-3.700000047683715820e-02
1.152316785300000035e+01,2.484659819929073768e-02,-6.000000052154064178e-03,1.114750067713405068e-01,-3.700000047683715820e-02
1.154328441800000071e+01,2.842699906904420926e-02,0.000000000000000000e+00,1.269149878068258630e-01,-3.700000047683715820e-02
1.156313604700000042e+01,2.578039493500272269e-02,0.000000000000000000e+00,1.089603673396844358e-01,-3.700000047683715820e-02
1.158310602400000100e+01,2.822531828836006076e-02,0.000000000000000000e+00,1.212558199353640787e-01,-3.700000047683715820e-02
1.160315976700000107e+01,2.513027440889793046e-02,8.999999612569808960e-03,1.013773962677986668e-01,-5.499999970197677612e-02
1.162310908500000117e+01,2.642340865604853040e-02,8.999999612569808960e-03,1.112227230927142901e-01,-5.499999970197677612e-02
1.164315974800000042e+01,2.354382475446015199e-02,1.499999966472387314e-02,9.329530445752644285e-02,-5.499999970197677612e-02
1.166310102800000159e+01,2.175606532344266653e-02,1.499999966472387314e-02,8.919073116742565199e-02,-5.499999970197677612e-02
1.168315807300000131e+01,1.980879440153191298e-02,1.499999966472387314e-02,8.157510672584969424e-02,-5.499999970197677612e-02
1.170314639300000081e+01,1.761738560727980213e-02,1.899999938905239105e-02,8.350006171316327885e-02,-3.700000047683715820e-02
1.172311319500000160e+01,1.371236320549211289e-02,1.899999938905239105e-02,6.448733646776091955e-02,-3.700000047683715820e-02
1.174314153000000083e+01,1.007557139907728008e-02,1.499999966472387314e-02,5.956216858375930345e-02,-1.799999922513961792e-02
1.176462136200000153e+01,5.446018214856183579e-03,1.499999966472387314e-02,4.005788650189407579e-02,-1.799999922513961792e-02
1.178311755400000038e+01,1.218760317991884065e-03,1.499999966472387314e-02,2.983715845741519851e-02,-1.799999922513961792e-02
1.180325402300000093e+01,-3.678111822354212038e-03,1.200000010430812836e-02,1.342746875139448973e-02,-3.700000047683715820e-02
1.182320909800000130e+01,-7.129362225844269700e-03,1.200000010430812836e-02,4.320461611324159963e-03,-3.700000047683715820e-02
1.184312031800000042e+01,-1.118511887875700550e-02,6.000000052154064178e-03,-1.026429745954447921e-02,-3.700000047683715820e-02
1.186322781299999995e+01,-1.485021537688667632e-02,6.000000052154064178e-03,-2.069073667564093680e-02,-3.700000047683715820e-02
1.188309735800000055e+01,-1.688807344825220269e-02,6.000000052154064178e-03,-2.799090804792006212e-02,-3.700000047683715820e-02
1.190314724500000132e+01,-1.786436550829498260e-02,3.000000026077032089e-03,-3.103806035798224380e-02,-1.799999922513961792e-02
1.192320730700000020e+01,-2.197231924382775023e-02,3.000000026077032089e-03,-4.594065214168577271e-02,-1.799999922513961792e-02
1.194310268700000144e+01,-2.253961618583998419e-02,0.000000000000000000e+00,-4.973977983619264076e-02,0.000000000000000000e+00
1.196313483000000133e+01,-2.651077147981341364e-02,0.000000000000000000e+00,-6.718075345267589260e-02,0.000000000000000000e+00
1.198310962200000063e+01,-2.698359067051326124e-02,0.000000000000000000e+00,-7.001304682553657899e-02,0.000000000000000000e+00
1.200315458500000076e+01,-3.063201590178596737e-02,-3.000000026077032089e-03,-8.922249111299548896e-02,1.799999922513961792e-02
1.202411999900000161e+01,-3.139604028099670513e-02,-3.000000026077032089e-03,-9.586434232705623448e-02,1.799999922513961792e-02
1.204312285399999993e+01,-3.398817229969534198e-02,-6.000000052154064178e-03,-1.111768433347892493e-01,3.700000047683715820e-02
1.206312431100000104e+01,-3.644131000995599196e-02,-6.000000052154064178e-03,-1.273491129982792791e-01,3.700000047683715820e-02
1.208313108900000010e+01,-3.545329060684012518e-02,-6.000000052154064178e-03,-1.218912113483021642e-01,3.700000047683715820e-02
1.210310643400000075e+01,-3.987890697796504097e-02,-3.000000026077032089e-03,-1.523266664018467775e-01,1.799999922513961792e-02
1.212313223600000001e+01,-3.869192277931194496e-02,-3.000000026077032089e-03,-1.452123720427392350e-01,1.799999922513961792e-02
1.214312714800000137e+01,-4.202525880330196945e-02,-8.999999612569808960e-03,-1.671702545607361423e-01,1.799999922513961792e-02
1.216312019300000102e+01,-4.164756624322131506e-02,-8.999999612569808960e-03,-1.648423117542458516e-01,1.799999922513961792e-02
1.218313301900000134e+01,-4.384155393422263514e-02,-8.999999612569808960e-03,-1.821148376333541763e-01,1.799999922513961792e-02
1.220311928600000151e+01,-4.183435349939360753e-02,-8.999999612569808960e-03,-1.694316345539622903e-01,1.799999922513961792e-02
1.222311705000000082e+01,-4.426630931944730563e-02,-8.999999612569808960e-03,-1.891025760559712499e-01,1.799999922513961792e-02
1.224316427400000151e+01,-4.180808241900329375e-02,-6.000000052154064178e-03,-1.757379127478229941e-01,0.000000000000000000e+00
1.226310464500000030e+01,-4.438051705970499222e-02,-6.000000052154064178e-03,-1.948517548195679294e-01,0.000000000000000000e+00
1.228315370700000031e+01,-4.180982289656701850e-02,-6.000000052154064178e-03,-1.819062879206556071e-01,0.000000000000000000e+00
1.230313164400000048e+01,-4.308564590654986870e-02,-6.000000052154064178e-03,-1.949884257686189670e-01,0.000000000000000000e+00
1.232312726100000155e+01,-3.957966992946054807e-02,-6.000000052154064178e-03,-1.776584272201245929e-01,0.000000000000000000e+00
1.234329900400000035e+01,-4.151685656672392255e-02,-8.999999612569808960e-03,-1.940802691584899986e-01,1.799999922513961792e-02
1.236311745000000073e+01,-3.789190132873860445e-02,-8.999999612569808960e-03,-1.775221336919966808e-01,1.799999922513961792e-02
1.238313100000000055e+01,-3.861398993063123314e-02,-8.999999612569808960e-03,-1.892780423212304386e-01,1.799999922513961792e-02
1.240321019600000163e+01,-3.864480696278681238e-02,-1.200000010430812836e-02,-1.948225862800299080e-01,0.000000000000000000e+00
1.242309950700000165e+01,-3.462839743163578093e-02,-1.200000010430812836e-02,-1.780938433522596120e-01,0.000000000000000000e+00
1.244315188500000069e+01,-3.310658431650870953e-02,-1.499999966472387314e-02,-1.750450775484582722e-01,-1.799999922513961792e-02
1.246315550100000102e+01,-3.333454291822231241e-02,-1.499999966472387314e-02,-1.869831985353910264e-01,-1.799999922513961792e-02
1.248315626400000156e+01,-2.992416292897033536e-02,-1.499999966472387314e-02,-1.733824746943670447e-01,-1.799999922513961792e-02
1.250318193300000047e+01,-2.721548726963615716e-02,-1.499999966472387314e-02,-1.666604181652347194e-01,-5.499999970197677612e-02
1.252314172700000050e+01,-2.582701325254484551e-02,-1.499999966472387314e-02,-1.665462071096188712e-01,-5.499999970197677612e-02
1.254314872500000000e+01,-2.279624675952467150e-02,-1.499999966472387314e-02,-1.604418824919580933e-01,-5.499999970197677612e-02
1.256314854100000034e+01,-1.942777229494800986e-02,-1.499999966472387314e-02,-1.478389050414162242e-01,-5.499999970197677612e-02
1.258310712200000125e+01,-1.588761297603993178e-02,-1.499999966472387314e-02,-1.406059393924444789e-01,-5.499999970197677612e-02
1.260311510200000029e+01,-1.258938042560032479e-02,-1.200000010430812836e-02,-1.284736173821055261e-01,-7.400000095367431641e-02
1.262320860800000055e+01,-8.863182979107372267e-03,-1.200000010430812836e-02,-1.152739205168251818e-01,-7.400000095367431641e-02
1.264314639100000015e+01,-5.083195448873841296e-03,-1.499999966472387314e-02,-1.052390476313251472e-01,-9.200000017881393433e-02
1.266320365300000006e+01,-7.778008112018029285e-05,-1.499999966472387314e-02,-8.570956121228111291e-02,-9.200000017881393433e-02
1.268310796899999993e+01,3.242277949278536860e-03,-1.499999966472387314e-02,-7.561973697105603409e-02,-9.200000017881393433e-02
1.270320369300000074e+01,8.182226495597138757e-03,-1.899999938905239105e-02,-5.592450577273625628e-02,-1.110000014305114746e-01
1.272322534900000157e+01,1.224040757230328465e-02,-1.899999938905239105e-02,-4.138447978919291420e-02,-1.110000014305114746e-01
1.274312726500000004e+01,1.469591163955486640e-02,-1.200000010430812836e-02,-3.182252021286625931e-02,-7.400000095367431641e-02
1.276312392300000020e+01,1.997829730978385732e-02,-1.200000010430812836e-02,-1.028486225157537043e-02,-7.400000095367431641e-02
1.278311573900000120e+01,2.138823494380398885e-02,-1.200000010430812836e-02,-4.314369008965203769e-03,-7.400000095367431641e-02
1.280313425400000149e+01,2.600412952240861372e-02,-6.000000052154064178e-03,1.331673582452860133e-02,-1.110000014305114746e-01
1.282319666100000077e+01,2.625104017620658384e-02,-6.000000052154064178e-03,1.417078914961574995e-02,-1.110000014305114746e-01
1.284311556799999998e+01,3.107632338023750759e-02,-6.000000052154064178e-03,3.972841230046802313e-02,-1.110000014305114746e-01
1.286318310200000070e+01,3.136414574670962768e-02,-6.000000052154064178e-03,3.924495547357362280e-02,-1.110000014305114746e-01
1.288317421800000062e+01,3.645809143585122120e-02,-6.000000052154064178e-03,6.964762858302867010e-02,-1.110000014305114746e-01
1.290311245000000007e+01,3.854913464180472621e-02,3.000000026077032089e-03,8.135381592007419338e-02,-9.200000017881393433e-02
1.292312508200000032e+01,3.999727508115751701e-02,3.000000026077032089e-03,8.955175064279508046e-02,-9.200000017881393433e-02
1.294311104600000029e+01,3.920641272084080670e-02,8.999999612569808960e-03,8.183538340316102999e-02,-5.499999970197677612e-02
1.296318508000000058e+01,4.227229805016365083e-02,8.999999612569808960e-03,1.005364030295878425e-01,-5.499999970197677612e-02
1.298322773000000119e+01,4.121005757740406339e-02,8.999999612569808960e-03,8.796895145760809387e-02,-5.499999970197677612e-02
1.300311181900000079e+01,4.113219424504007543e-02,1.200000010430812836e-02,8.420033767516411916e-02,-7.400000095367431641e-02
1.302311017800000137e+01,4.343645765853848539e-02,1.200000010430812836e-02,1.014159990834338498e-01,-7.400000095367431641e-02
1.304312759200000116e+01,4.206217389851729660e-02,1.200000010430812836e-02,8.536290460926168611e-02,-7.400000095367431641e-02
1.306313956400000009e+01,4.400947555342640816e-02,1.200000010430812836e-02,1.033951896710764706e-01,-7.400000095367431641e-02
1.308332800600000034e+01,4.187404515424480306e-02,1.200000010430812836e-02,8.218587344915022352e-02,-7.400000095367431641e-02
1.310318761400000120e+01,4.213291456233768384e-02,8.999999612569808960e-03,8.707460777625551651e-02,-5.499999970197677612e-02
1.312315627300000109e+01,4.220005857388006709e-02,8.999999612569808960e-03,8.532467979360010280e-02,-5.499999970197677612e-02
1.314331536200000095e+01,4.347263822020181606e-02,8.999999612569808960e-03,9.720983049034366552e-02,-5.499999970197677612e-02
1.316312323500000048e+01,4.111151107729548587e-02,8.999999612569808960e-03,7.625830544289115276e-02,-5.499999970197677612e-02
1.318310810500000052e+01,4.207530682656716869e-02,8.999999612569808960e-03,8.703303334815815084e-02,-5.499999970197677612e-02
1.320310983600000121e+01,4.160209363290046092e-02,8.999999612569808960e-03,8.244795133591684144e-02,-1.799999922513961792e-02
1.322310323900000029e+01,4.010902788849462358e-02,8.999999612569808960e-03,6.876199533232404959e-02,-1.799999922513961792e-02
1.324319050500000117e+01,3.889510817525246994e-02,1.499999966472387314e-02,5.747225429466250313e-02,-9.200000017881393433e-02
1.326312363100000091e+01,3.932548605135421926e-02,1.499999966472387314e-02,6.503736912093144307e-02,-9.200000017881393433e-02
1.328313959600000160e+01,3.744268473310501805e-02,1.499999966472387314e-02,4.908343231060751516e-02,-9.200000017881393433e-02
1.330314795700000019e+01,3.839922510568899439e-02,1.499999966472387314e-02,6.638944268442356633e-02,-5.499999970197677612e-02
1.332313838399999995e+01,3.758507599397434285e-02,1.499999966472387314e-02,5.983035731925266665e-02,-5.499999970197677612e-02
1.334311627100000130e+01,3.586231549907336474e-02,6.000000052154064178e-03,4.918375650660974929e-02,-3.700000047683715820e-02
1.336313283399999996e+01,3.594292820241387632e-02,6.000000052154064178e-03,4.930961483442306004e-02,-3.700000047683715820e-02
1.338311122300000022e+01,3.493079309032547791e-02,6.000000052154064178e-03,4.329616942315773348e-02,-3.700000047683715820e-02
1.340315070600000169e+01,3.290550905436737811e-02,6.000000052154064178e-03,2.576913823778475762e-02,-3.700000047683715820e-02
1.342325293000000030e+01,3.277695016845717790e-02,6.000000052154064178e-03,2.633611483670376258e-02,-3.700000047683715820e-02
1.344310657300000145e+01,3.257460086613320899e-02,1.200000010430812836e-02,2.157071175895580381e-02,0.000000000000000000e+00
1.346314425300000117e+01,3.103076177285469042e-02,1.200000010430812836e-02,9.573543675622275470e-03,0.000000000000000000e+00
1.348310517700000055e+01,2.954493671906849306e-02,1.200000010430812836e-02,-2.320724288008074992e-03,0.000000000000000000e+00
1.350313370000000113e+01,2.707657311523920668e-02,1.200000010430812836e-02,-1.895163252773584411e-02,-3.700000047683715820e-02
1.352316053500000059e+01,2.565456770300406780e-02,1.200000010430812836e-02,-3.019629462670940165e-02,-3.700000047683715820e-02
1.354311318000000064e+01,2.471261421109019127e-02,8.999999612569808960e-03,-3.481151647324863541e-02,-5.499999970197677612e-02
1.356315961400000170e+01,2.360309175719494529e-02,8.999999612569808960e-03,-4.389615147299944647e-02,-5.499999970197677612e-02
1.358311656200000073e+01,2.310827516170473744e-02,8.999999612569808960e-03,-4.620876121359428212e-02,-5.499999970197677612e-02
1.360312133600000095e+01,2.294500268251649377e-02,2.199999988079071045e-02,-4.560426031868347607e-02,-5.499999970197677612e-02
1.362320818100000075e+01,2.244099695312080575e-02,2.199999988079071045e-02,-4.793884465792338373e-02,-5.499999970197677612e-02
1.364312997600000088e+01,2.099722150482375219e-02,1.499999966472387314e-02,-5.313898604206874349e-02,-5.499999970197677612e-02
1.366310425800000061e+01,2.057486010291447245e-02,1.499999966472387314e-02,-5.575356787433276978e-02,-5.499999970197677612e-02
1.368320615800000084e+01,1.998064934205143542e-02,1.499999966472387314e-02,-6.040113714687270902e-02,-5.499999970197677612e-02
1.370312497100000115e+01,1.929203636788736145e-02,1.899999938905239105e-02,-6.247119853374291654e-02,-7.400000095367431641e-02
1.372318824400000103e+01,1.868622014967181999e-02,1.899999938905239105e-02,-6.724601667202846633e-02,-7.400000095367431641e-02
1.374313702200000087e+01,1.867534800360245648e-02,1.200000010430812836e-02,-6.332803734832918863e-02,-3.700000047683715820e-02
1.376311787400000064e+01,1.833474000938737150e-02,1.200000010430812836e-02,-6.645552694597776922e-02,-3.700000047683715820e-02
1.378328247500000003e+01,1.696939211892766267e-02,1.200000010430812836e-02,-7.125116057087829691e-02,-3.700000047683715820e-02
1.380311193500000044e+01,1.613112908236748536e-02,8.999999612569808960e-03,-7.893626083775909241e-02,-1.799999922513961792e-02
1.382316775300000167e+01,1.606646296112482220e-02,8.999999612569808960e-03,-7.974485944754904077e-02,-1.799999922513961792e-02
1.384342619800000129e+01,1.351480105773950231e-02,8.999999612569808960e-03,-9.677084089693172020e-02,-1.799999922513961792e-02
1.386312973500000112e+01,1.337320185558064749e-02,8.999999612569808960e-03,-9.606706157805849911e-02,-1.799999922513961792e-02
1.388312536200000125e+01,1.077775615897258628e-02,8.999999612569808960e-03,-1.130220501763085639e-01,-1.799999922513961792e-02
1.390314366600000007e+01,1.074941182474396968e-02,6.000000052154064178e-03,-1.109912645579978763e-01,-3.700000047683715820e-02
1.392311186000000056e+01,8.091780477083801090e-03,6.000000052154064178e-03,-1.261923623406596140e-01,-3.700000047683715820e-02
1.394316340400000165e+01,7.953994764827344507e-03,6.000000052154064178e-03,-1.260274791103865588e-01,-3.700000047683715820e-02
1.396323141900000131e+01,7.666576819242921365e-03,6.000000052154064178e-03,-1.270226152646748985e-01,-3.700000047683715820e-02
1.398313896200000173e+01,6.206471473860425588e-03,6.000000052154064178e-03,-1.330265703915677056e-01,-3.700000047683715820e-02
1.400318808600000153e+01,6.182085499815721287e-03,6.000000052154064178e-03,-1.318287516878340893e-01,-3.700000047683715820e-02
1.402311096400000068e+01,3.106903575495329611e-03,6.000000052154064178e-03,-1.445790980538508852e-01,-3.700000047683715820e-02
1.404312885200000061e+01,3.886700286025895554e-03,6.000000052154064178e-03,-1.408463308105120659e-01,-3.700000047683715820e-02
1.406311259300000138e+01,3.337569652212777141e-03,6.000000052154064178e-03,-1.414424249446946114e-01,-3.700000047683715820e-02
1.408311187500000017e+01,2.145873902956085301e-03,6.000000052154064178e-03,-1.470199754523801028e-01,-3.700000047683715820e-02
1.410315220600000075e+01,-1.185095820998912242e-03,8.999999612569808960e-03,-1.589533703467003456e-01,-5.499999970197677612e-02
1.412311218400000001e+01,-4.740791847092724800e-04,8.999999612569808960e-03,-1.540756138579524592e-01,-5.499999970197677612e-02
1.414310708400000038e+01,-3.388455316281821766e-04,8.999999612569808960e-03,-1.541236105699200776e-01,-5.499999970197677612e-02
1.416313037800000174e+01,-1.496432495916500370e-03,8.999999612569808960e-03,-1.553245475365928052e-01,-5.499999970197677612e-02
1.418311275400000149e+01,-3.954614613052432129e-03,8.999999612569808960e-03,-1.624877863370826347e-01,-5.499999970197677612e-02
1.420316389400000112e+01,-1.793261395576614854e-03,1.200000010430812836e-02,-1.537793814127510483e-01,-7.400000095367431641e-02
1.422312200700000062e+01,-2.133212621243050274e-03,1.200000010430812836e-02,-1.517015406748090101e-01,-7.400000095367431641e-02
1.424312318200000149e+01,-4.571322791676953219e-03,1.499999966472387314e-02,-1.597922663133526655e-01,-9.200000017881393433e-02
1.426314131100000004e+01,-3.524832874988888948e-03,1.499999966472387314e-02,-1.535456508971005940e-01,-9.200000017881393433e-02
1.428310812600000013e+01,-3.197946474950683939e-03,1.499999966472387314e-02,-1.493149655154908106e-01,-9.200000017881393433e-02
1.430311430200000089e+01,-3.151427979329378491e-03,1.499999966472387314e-02,-1.448192868467414185e-01,-9.200000017881393433e-02
1.432311003100000057e+01,-2.421060361495089991e-03,1.499999966472387314e-02,-1.409131578593822154e-01,-9.200000017881393433e-02
1.434313160500000173e+01,-2.873145570515421056e-03,1.899999938905239105e-02,-1.365274459795564610e-01,-7.400000095367431641e-02
1.436327677300000083e+01,-1.862124735442573101e-03,1.899999938905239105e-02,-1.324239799329455236e-01,-7.400000095367431641e-02
1.438315073700000113e+01,-3.537646456738736435e-03,1.899999938905239105e-02,-1.338609212684805372e-01,-7.400000095367431641e-02
1.440314037000000091e+01,-4.215052179472257750e-03,1.499999966472387314e-02,-1.354243110148752316e-01,-9.200000017881393433e-02
1.442314750700000126e+01,-3.701271109160643533e-03,1.499999966472387314e-02,-1.311114910908640907e-01,-9.200000017881393433e-02
1.444310532800000146e+01,-4.409166932334896739e-03,1.200000010430812836e-02,-1.289491452004630223e-01,-7.400000095367431641e-02
1.446316468800000088e+01,-2.940659674981033721e-03,1.200000010430812836e-02,-1.221602771472856952e-01,-7.400000095367431641e-02
1.448312237400000058e+01,-2.453990478781634208e-03,1.200000010430812836e-02,-1.191552573894712197e-01,-7.400000095367431641e-02
1.450310755900000004e+01,-2.703151569244863911e-03,8.999999612569808960e-03,-1.159986284259263423e-01,-5.499999970197677612e-02
1.452314665200000121e+01,-4.861089220631351591e-03,8.999999612569808960e-03,-1.236929859558444089e-01,-5.499999970197677612e-02
1.454312491600000179e+01,-4.600624172930512130e-03,0.000000000000000000e+00,-1.223192927149792386e-01,-3.700000047683715820e-02
1.456314042300000011e+01,-3.876076706375856246e-03,0.000000000000000000e+00,-1.216083530146537250e-01,-3.700000047683715820e-02
1.458325246000000064e+01,-4.439909721277945920e-03,0.000000000000000000e+00,-1.250617304426025478e-01,-3.700000047683715820e-02
1.460311844100000123e+01,-5.162127174672724930e-03,0.000000000000000000e+00,-1.304390789342400880e-01,0.000000000000000000e+00
1.462309979000000126e+01,-5.218480706516793154e-03,0.000000000000000000e+00,-1.296953405526808656e-01,0.000000000000000000e+00
1.464321192700000118e+01,-5.984431460572522954e-03,0.000000000000000000e+00,-1.365659714340825004e-01,0.000000000000000000e+00
1.466314933500000173e+01,-8.992712464277907713e-03,0.000000000000000000e+00,-1.550676949786821135e-01,0.000000000000000000e+00
1.468312699400000021e+01,-8.268607319471370232e-03,0.000000000000000000e+00,-1.505716646355215460e-01,0.000000000000000000e+00
1.470310669800000092e+01,-1.219302536574448127e-02,-3.000000026077032089e-03,-1.705879995936940285e-01,-1.799999922513961792e-02
1.472314434400000138e+01,-1.086397793796084130e-02,-3.000000026077032089e-03,-1.648438735082370932e-01,-1.799999922513961792e-02
1.474320746000000071e+01,-1.210975799216469986e-02,0.000000000000000000e+00,-1.735830803774287556e-01,0.000000000000000000e+00
1.476314985100000143e+01,-1.536030659547288173e-02,0.000000000000000000e+00,-1.845928712224002843e-01,0.000000000000000000e+00
1.478321381400000156e+01,-1.529472608826409029e-02,0.000000000000000000e+00,-1.858978267188805544e-01,0.000000000000000000e+00
1.480311250700000159e+01,-1.807629661736837728e-02,0.000000000000000000e+00,-1.969533188001236224e-01,0.000000000000000000e+00
1.482312453300000143e+01,-1.580496754057153855e-02,0.000000000000000000e+00,-1.870095869378348707e-01,0.000000000000000000e+00
1.484314377600000157e+01,-2.171561649407383748e-02,0.000000000000000000e+00,-2.092678534343748731e-01,0.000000000000000000e+00
1.486311574000000135e+01,-1.898170082360357488e-02,0.000000000000000000e+00,-1.978765403295894287e-01,0.000000000000000000e+00
1.488312066600000172e+01,-2.416052081282084318e-02,0.000000000000000000e+00,-2.185831369821028547e-01,0.000000000000000000e+00
1.490314161700000106e+01,-2.255651555790361834e-02,-3.000000026077032089e-03,-2.112701616583714526e-01,-1.799999922513961792e-02
1.492311827600000029e+01,-2.273688281662168686e-02,-3.000000026077032089e-03,-2.125002592175196658e-01,-1.799999922513961792e-02
1.494315220200000027e+01,-2.708257011329289268e-02,-3.000000026077032089e-03,-2.279610375123797550e-01,-1.799999922513961792e-02
1.496312552900000092e+01,-2.714681291271157232e-02,-3.000000026077032089e-03,-2.285100046316864697e-01,-1.799999922513961792e-02
1.498310606200000095e+01,-2.557548189597540905e-02,-3.000000026077032089e-03,-2.215188975715887965e-01,-1.799999922513961792e-02
1.500313438500000096e+01,-2.328764996100907841e-02,-6.000000052154064178e-03,-2.159631712798469327e-01,-3.700000047683715820e-02
1.502310561600000050e+01,-2.695711741107407328e-02,-6.000000052154064178e-03,-2.282701823058152779e-01,-3.700000047683715820e-02
1.504312714500000148e+01,-2.389765854896230488e-02,-3.000000026077032089e-03,-2.161447426161613727e-01,-1.799999922513961792e-02
1.506311398300000093e+01,-2.289135678297205337e-02,-3.000000026077032089e-03,-2.136809434316746525e-01,-1.799999922513961792e-02
1.508309848700000089e+01,-2.692622323775266044e-02,-3.000000026077032089e-03,-2.291003478773772917e-01,-1.799999922513961792e-02
1.510318118300000023e+01,-2.466836682074888265e-02,-8.999999612569808960e-03,-2.204885077974993446e-01,-5.499999970197677612e-02
1.512312430200000080e+01,-2.344141082384159497e-02,-8.999999612569808960e-03,-2.163277837490846789e-01,-5.499999970197677612e-02
1.514315509900000123e+01,-2.163898714850106056e-02,-1.499999966472387314e-02,-2.106255295363371194e-01,-9.200000017881393433e-02
1.516311373900000170e+01,-2.190699519332537162e-02,-1.499999966472387314e-02,-2.122731128095896036e-01,-9.200000017881393433e-02
1.518313084200000063e+01,-1.898644539192756442e-02,-1.499999966472387314e-02,-2.042542960644179173e-01,-9.200000017881393433e-02
1.520312999000000076e+01,-1.602340561047272544e-02,-1.499999966472387314e-02,-1.922141769382278986e-01,-1.299999952316284180e-01
1.522315194100000113e+01,-1.140140948740012150e-02,-1.499999966472387314e-02,-1.796244593318792049e-01,-1.299999952316284180e-01
1.524321584400000162e+01,-9.609123025221072423e-03,-2.199999988079071045e-02,-1.700484957064450076e-01,-1.669999957084655762e-01
1.526322496100000059e+01,-1.344256824082113149e-03,-2.199999988079071045e-02,-1.372836197417479087e-01,-1.669999957084655762e-01
1.528316090000000038e+01,-2.877729814856493139e-04,-2.199999988079071045e-02,-1.323585803775252367e-01,-1.669999957084655762e-01
1.530313393300000158e+01,6.733642996112790095e-03,-2.500000037252902985e-02,-1.000706295447547356e-01,-1.850000023841857910e-01
1.532313086100000099e+01,1.447481503636804077e-02,-2.500000037252902985e-02,-6.379241513653126361e-02,-1.850000023841857910e-01
1.534311343100000080e+01,2.166023261592087482e-02,-1.899999938905239105e-02,-2.150417379708223151e-02,-2.220000028610229492e-01
1.536449977200000028e+01,2.134412902359505981e-02,-1.899999938905239105e-02,-2.876243766323543366e-02,-2.220000028610229492e-01
1.538330447100000065e+01,3.212585900048477161e-02,-1.899999938905239105e-02,5.117787650069111072e-02,-2.220000028610229492e-01
1.540321000700000020e+01,3.630643959949710065e-02,-1.200000010430812836e-02,7.850021430165821101e-02,-2.599999904632568359e-01
1.542310948300000106e+01,3.694927855097338010e-02,-1.200000010430812836e-02,8.296894024980674964e-02,-2.599999904632568359e-01
1.544320170900000022e+01,4.018048486194222835e-02,-8.999999612569808960e-03,1.053725771787784316e-01,-2.779999971389770508e-01
1.546313048500000065e+01,4.974173229409453723e-02,-8.999999612569808960e-03,1.879830245322740012e-01,-2.779999971389770508e-01
1.548313235400000032e+01,4.731246925761267708e-02,-8.999999612569808960e-03,1.642394721509543298e-01,-2.779999971389770508e-01
1.550310908000000154e+01,5.619637692915521732e-02,-3.000000026077032089e-03,2.371237145851781969e-01,-2.779999971389770508e-01
1.552310743400000170e+01,5.313690066020759772e-02,-3.000000026077032089e-03,2.082024477545479924e-01,-2.779999971389770508e-01
1.554325074300000153e+01,6.155469533198683341e-02,3.000000026077032089e-03,2.737743097012497739e-01,-2.409999966621398926e-01
1.556313618100000085e+01,5.823670622589638413e-02,3.000000026077032089e-03,2.474207907058528222e-01,-2.409999966621398926e-01
1.558313726900000162e+01,6.407386896492664463e-02,3.000000026077032089e-03,2.891635394428107575e-01,-2.409999966621398926e-01
1.560312176800000117e+01,6.507657515143019933e-02,6.000000052154064178e-03,3.007840360285058967e-01,-1.850000023841857910e-01
1.562311013500000101e+01,6.639430254290773492e-02,6.000000052154064178e-03,3.039506322662389737e-01,-1.850000023841857910e-01
1.564312454500000094e+01,6.682654191238436570e-02,1.200000010430812836e-02,3.103823124196818939e-01,-7.400000095367431641e-02
1.566310681100000046e+01,6.485899145906898200e-02,1.200000010430812836e-02,2.920858909500281264e-01,-7.400000095367431641e-02
1.568313001300000131e+01,6.664867629148860106e-02,1.200000010430812836e-02,3.048126318142159175e-01,-7.400000095367431641e-02
1.570320018900000036e+01,6.399593863434047125e-02,2.199999988079071045e-02,2.866031166008176090e-01,1.799999922513961792e-02
1.572310685300000088e+01,6.281450291071398462e-02,2.199999988079071045e-02,2.777271846866758986e-01,1.799999922513961792e-02
1.574311950500000101e+01,6.076102313321837811e-02,2.800000086426734924e-02,2.654490005366199057e-01,1.299999952316284180e-01
1.576312421100000094e+01,5.945965771106212494e-02,2.800000086426734924e-02,2.556790834620217834e-01,1.299999952316284180e-01
1.578312751600000041e+01,5.484767745304301723e-02,2.800000086426734924e-02,2.185003563858455566e-01,1.299999952316284180e-01
1.580311606500000110e+01,5.214368670146907192e-02,2.800000086426734924e-02,1.908033603926608535e-01,2.039999961853027344e-01
1.582310655200000049e+01,4.696891405313093765e-02,2.800000086426734924e-02,1.427893033667591016e-01,2.039999961853027344e-01
1.584312407500000042e+01,4.305398299792054934e-02,2.500000037252902985e-02,1.016316211790274510e-01,2.220000028610229492e-01
1.586321588600000076e+01,3.916736416378657076e-02,2.500000037252902985e-02,6.195773785127230149e-02,2.220000028610229492e-01
1.588312089000000071e+01,3.563213308622895092e-02,2.500000037252902985e-02,1.963610476401755900e-02,2.220000028610229492e-01
1.590312154800000144e+01,2.456811280709378029e-02,2.500000037252902985e-02,-7.672111323655092519e-02,2.220000028610229492e-01
1.592313191700000097e+01,2.394491351503594961e-02,2.500000037252902985e-02,-7.941731516810013325e-02,2.220000028610229492e-01
1.594315989600000094e+01,9.349213467342510492e-03,2.500000037252902985e-02,-1.647532757599697306e-01,2.220000028610229492e-01
1.596312187400000049e+01,1.326488499362282573e-02,2.500000037252902985e-02,-1.480027945301998493e-01,2.220000028610229492e-01
1.598311752800000107e+01,-6.993883033765114186e-03,2.500000037252902985e-02,-2.324457678853050768e-01,2.220000028610229492e-01
1.600311936900000021e+01,-2.556392880585139742e-03,3.099999949336051941e-02,-2.181951263919084671e-01,1.850000023841857910e-01
1.602314773800000225e+01,-2.101173268222632923e-02,3.099999949336051941e-02,-2.717910025193673307e-01,1.850000023841857910e-01
1.604312330700000189e+01,-1.488015705754242371e-02,3.400000184774398804e-02,-2.582847147727195258e-01,1.669999957084655762e-01
1.606311869299999984e+01,-3.091155797434063171e-02,3.400000184774398804e-02,-2.935983361396685698e-01,1.669999957084655762e-01
1.608312084499999983e+01,-3.495190255141942398e-02,3.400000184774398804e-02,-3.062169584929133048e-01,1.669999957084655762e-01
1.610310912199999933e+01,-3.308595296932698854e-02,2.800000086426734924e-02,-3.047234402576179391e-01,1.669999957084655762e-01
1.612313288700000058e+01,-3.360879058801479607e-02,2.800000086426734924e-02,-2.995679731201438822e-01,1.669999957084655762e-01
1.614315455500000240e+01,-4.672687607204911026e-02,2.500000037252902985e-02,-3.228376934432483636e-01,7.400000095367431641e-02
1.616312215499999994e+01,-4.916826041762648036e-02,2.500000037252902985e-02,-3.296370355883896375e-01,7.400000095367431641e-02
1.618317520600000137e+01,-4.438516070673542702e-02,2.500000037252902985e-02,-3.188025754369159803e-01,7.400000095367431641e-02
1.620312865100000010e+01,-4.986155220065124904e-02,1.200000010430812836e-02,-3.267492658469944300e-01,0.000000000000000000e+00
1.622312171500000133e+01,-4.583221160754014784e-02,1.200000010430812836e-02,-3.213316347841115861e-01,0.000000000000000000e+00
1.624330399600000163e+01,-4.338661849393066899e-02,8.999999612569808960e-03,-3.151730807313707361e-01,-5.499999970197677612e-02
1.626311561099999992e+01,-4.522511633881398652e-02,8.999999612569808960e-03,-3.195286370078820326e-01,-5.499999970197677612e-02
1.628314338200000222e+01,-3.942495631968874481e-02,8.999999612569808960e-03,-3.071880165889849246e-01,-5.499999970197677612e-02
1.630312354100000150e+01,-3.919833424156513035e-02,-3.000000026077032089e-03,-3.094898291372079613e-01,-9.200000017881393433e-02
1.632311934100000173e+01,-3.271860300331592281e-02,-3.000000026077032089e-03,-2.950766246870624721e-01,-9.200000017881393433e-02
1.634316740100000231e+01,-2.854549427442289178e-02,-1.899999938905239105e-02,-2.872656753676790520e-01,-1.110000014305114746e-01
1.636310075100000105e+01,-2.114262877535339619e-02,-1.899999938905239105e-02,-2.697592776971171058e-01,-1.110000014305114746e-01
1.638322291000000064e+01,-1.257339603551600390e-02,-1.899999938905239105e-02,-2.558520865450292225e-01,-1.110000014305114746e-01
1.640314949400000089e+01,-3.078388685196611733e-03,-1.899999938905239105e-02,-2.260008658142532434e-01,-1.110000014305114746e-01
1.642310680299999959e+01,4.149490016231330118e-03,-1.899999938905239105e-02,-2.169515113092448100e-01,-1.110000014305114746e-01
1.644317473299999932e+01,1.022582927633301428e-02,-2.199999988079071045e-02,-1.963634286817388386e-01,-1.669999957084655762e-01
1.646312953700000037e+01,2.148519169529052031e-02,-2.199999988079071045e-02,-1.603366334037019392e-01,-1.669999957084655762e-01
1.648312674900000019e+01,2.513995116854088677e-02,-2.199999988079071045e-02,-1.388222411933328904e-01,-1.669999957084655762e-01
1.650316938899999997e+01,2.969504936537925577e-02,-1.499999966472387314e-02,-1.117634651812822871e-01,-1.669999957084655762e-01
1.652313869099999977e+01,4.085391037756059412e-02,-1.499999966472387314e-02,-4.410354549840560245e-02,-1.669999957084655762e-01
1.654311985900000082e+01,4.240492005552770616e-02,-1.899999938905239105e-02,-2.836050914876789980e-02,-1.850000023841857910e-01
1.656311634100000063e+01,4.892677569513480262e-02,-1.899999938905239105e-02,3.465175600063438721e-02,-1.850000023841857910e-01
1.658324118700000227e+01,5.019622875204815537e-02,-1.899999938905239105e-02,4.895930675771510004e-02,-1.850000023841857910e-01
1.660312240300000042e+01,5.171818192242307738e-02,-6.000000052154064178e-03,6.594511628744850751e-02,-2.220000028610229492e-01
1.662316077300000217e+01,5.558482207970603939e-02,-6.000000052154064178e-03,1.136976309760688447e-01,-2.220000028610229492e-01
1.664312310400000072e+01,5.690417365193121968e-02,6.000000052154064178e-03,1.303771579854860196e-01,-2.599999904632568359e-01
1.666313626800000236e+01,6.260065638442402491e-02,6.000000052154064178e-03,2.078459900525624904e-01,-2.599999904632568359e-01
1.668310765000000018e+01,6.047189368276478794e-02,6.000000052154064178e-03,1.798875097920599464e-01,-2.599999904632568359e-01
1.670315369300000086e+01,6.310606771184459896e-02,2.199999988079071045e-02,2.163477183271465543e-01,-2.409999966621398926e-01
1.672322488700000065e+01,6.357653221979638059e-02,2.199999988079071045e-02,2.233320931267913090e-01,-2.409999966621398926e-01
1.674313501900000034e+01,6.829909453977993372e-02,2.199999988079071045e-02,2.767008334140399484e-01,-2.409999966621398926e-01
1.676312744600000215e+01,6.908695575606604855e-02,2.199999988079071045e-02,2.919562213246025828e-01,-2.409999966621398926e-01
1.678312552300000249e+01,6.816638221462764657e-02,2.199999988079071045e-02,2.792809337311287221e-01,-2.409999966621398926e-01
1.680310793199999964e+01,6.835058188919707067e-02,2.500000037252902985e-02,2.853475036564634415e-01,-1.850000023841857910e-01
1.682321481299999988e+01,6.789791660641202042e-02,2.500000037252902985e-02,2.880368955118506880e-01,-1.850000023841857910e-01
1.684311670199999966e+01,7.217750206013699710e-02,3.400000184774398804e-02,3.236343573583211342e-01,-9.200000017881393433e-02
1.686312429800000245e+01,6.944425069736320788e-02,3.400000184774398804e-02,2.994749847773013340e-01,-9.200000017881393433e-02
1.688313303600000026e+01,6.861801883667649482e-02,3.400000184774398804e-02,2.964621803086154306e-01,-9.200000017881393433e-02
1.690315561499999930e+01,6.972692503029795374e-02,3.799999877810478210e-02,3.112771953302946315e-01,0.000000000000000000e+00
1.692313447500000123e+01,6.691849550705963878e-02,3.799999877810478210e-02,2.862044344909808746e-01,0.000000000000000000e+00
1.694312239199999937e+01,6.589711660948721628e-02,4.399999976158142090e-02,2.870634594003909079e-01,1.110000014305114746e-01
1.696312240600000010e+01,6.246075675104098557e-02,4.399999976158142090e-02,2.589059203164205125e-01,1.110000014305114746e-01
1.698328977399999928e+01,5.851820025932381181e-02,4.399999976158142090e-02,2.376813074471136600e-01,1.110000014305114746e-01
1.700313856100000010e+01,5.464641077552211818e-02,4.399999976158142090e-02,2.045422111101476426e-01,1.480000019073486328e-01
1.702310551100000069e+01,4.809953807436813389e-02,4.399999976158142090e-02,1.592493177713772412e-01,1.480000019073486328e-01
1.704312305200000210e+01,4.450553825071631303e-02,4.100000113248825073e-02,1.314066957504850808e-01,2.039999961853027344e-01
1.706306891400000225e+01,3.300701738591200335e-02,4.100000113248825073e-02,4.373681496628077647e-02,2.039999961853027344e-01
1.708312708800000124e+01,3.028161673011663807e-02,4.100000113248825073e-02,2.454475543960785502e-02,2.039999961853027344e-01
1.710312452700000208e+01,1.139444652997438287e-02,3.099999949336051941e-02,-8.704155932913743010e-02,1.850000023841857910e-01
1.712309497800000102e+01,1.164138096135836770e-02,3.099999949336051941e-02,-8.669349459290236204e-02,1.850000023841857910e-01
1.714335135099999974e+01,-2.263049957354011654e-03,2.500000037252902985e-02,-1.456641049454145131e-01,1.480000019073486328e-01
1.716312158400000243e+01,-1.912624648959485377e-02,2.500000037252902985e-02,-2.083072782477484175e-01,1.480000019073486328e-01
1.718312253899999931e+01,-1.902915275303908652e-02,2.500000037252902985e-02,-2.051976667932114973e-01,1.480000019073486328e-01
1.720312204200000039e+01,-2.436894318992873301e-02,1.899999938905239105e-02,-2.275473853205747521e-01,1.110000014305114746e-01
1.722310936799999936e+01,-4.014955659428565832e-02,1.899999938905239105e-02,-2.717792218469453625e-01,1.110000014305114746e-01
1.724314798400000015e+01,-3.713762730874245466e-02,1.499999966472387314e-02,-2.596668466007624465e-01,9.200000017881393433e-02
1.726317884300000216e+01,-4.795828835941882279e-02,1.499999966472387314e-02,-2.934132949461457640e-01,9.200000017881393433e-02
1.728312234600000252e+01,-4.447494752679198582e-02,1.499999966472387314e-02,-2.802689814533016466e-01,9.200000017881393433e-02
1.730313740900000141e+01,-5.358057841255629838e-02,1.200000010430812836e-02,-3.079578874889590812e-01,7.400000095367431641e-02
1.732310708199999993e+01,-5.041442400449936551e-02,1.200000010430812836e-02,-2.958513791762379941e-01,7.400000095367431641e-02
1.734319483000000162e+01,-5.751885544250474880e-02,3.000000026077032089e-03,-3.173771271181135001e-01,1.799999922513961792e-02
1.736312145300000154e+01,-5.377735309491939869e-02,3.000000026077032089e-03,-3.045407717716857587e-01,1.799999922513961792e-02
1.738311166400000118e+01,-5.773475467336929706e-02,3.000000026077032089e-03,-3.174813450485980404e-01,1.799999922513961792e-02
1.740315217800000269e+01,-5.380344638072598329e-02,-3.000000026077032089e-03,-3.035585466400385068e-01,1.799999922513961792e-02
1.742311907500000245e+01,-5.316624600070772588e-02,-3.000000026077032089e-03,-3.039346899144158565e-01,1.799999922513961792e-02
1.744313179000000247e+01,-5.755123414764074657e-02,-1.200000010430812836e-02,-3.185920474836339000e-01,0.000000000000000000e+00
1.746315689400000082e+01,-5.394151791892157904e-02,-1.200000010430812836e-02,-3.059559986864230363e-01,0.000000000000000000e+00
1.748324917300000081e+01,-5.150022686432752933e-02,-1.200000010430812836e-02,-3.003603738624562869e-01,0.000000000000000000e+00
1.750325228300000191e+01,-5.370413629533626887e-02,-1.899999938905239105e-02,-3.077874141197667890e-01,-7.400000095367431641e-02
1.752311640799999992e+01,-4.829139219142756373e-02,-1.899999938905239105e-02,-2.902928571255293799e-01,-7.400000095367431641e-02
1.754322020000000037e+01,-4.820280416513944566e-02,-2.199999988079071045e-02,-2.927773483638707597e-01,-9.200000017881393433e-02
1.756316144000000179e+01,-4.286489193372634843e-02,-2.199999988079071045e-02,-2.745948793143590527e-01,-9.200000017881393433e-02
1.758314161900000272e+01,-3.967930514252203389e-02,-2.199999988079071045e-02,-2.664656434914542960e-01,-9.200000017881393433e-02
1.760313426600000142e+01,-3.544710985845950235e-02,-2.199999988079071045e-02,-2.501045559596977164e-01,-1.299999952316284180e-01
1.762312970800000045e+01,-3.131509258599728118e-02,-2.199999988079071045e-02,-2.378310051143801562e-01,-1.299999952316284180e-01
1.764314453000000071e+01,-2.741635551086462133e-02,-2.500000037252902985e-02,-2.216913503894456516e-01,-1.480000019073486328e-01
1.766314000300000231e+01,-2.172126103649379275e-02,-2.500000037252902985e-02,-2.009269851423561848e-01,-1.480000019073486328e-01
1.768312659900000128e+01,-1.817732934942912007e-02,-2.500000037252902985e-02,-1.858162554131023714e-01,-1.480000019073486328e-01
1.770311672100000067e+01,-1.041356353257232720e-02,-2.800000086426734924e-02,-1.514665402031781516e-01,-1.669999957084655762e-01
1.772316128699999993e+01,-5.885047144162553444e-03,-2.800000086426734924e-02,-1.296971031466688240e-01,-1.669999957084655762e-01
1.774319085300000154e+01,7.895399752037636802e-04,-2.800000086426734924e-02,-9.508680540216109256e-02,-1.669999957084655762e-01
1.776311683600000180e+01,1.668795952713102897e-03,-2.800000086426734924e-02,-9.089113204551901859e-02,-1.669999957084655762e-01
1.778311922099999975e+01,8.607437451023818020e-03,-2.800000086426734924e-02,-5.200915674832054525e-02,-1.669999957084655762e-01
1.780317231700000136e+01,1.664587109844153229e-02,-2.500000037252902985e-02,-3.832448640292474007e-03,-1.850000023841857910e-01
1.782318964100000258e+01,1.645443194869107909e-02,-2.500000037252902985e-02,-4.935962984821871957e-03,-1.850000023841857910e-01
1.784341707700000157e+01,2.678817975538741805e-02,-3.099999949336051941e-02,6.236532345318490655e-02,-1.850000023841857910e-01
1.786310563500000015e+01,2.802412654629635180e-02,-3.099999949336051941e-02,7.052857192291979438e-02,-1.850000023841857910e-01
1.788314567900000185e+01,3.050721599483574228e-02,-3.099999949336051941e-02,8.574528144626997195e-02,-1.850000023841857910e-01
1.790315172600000082e+01,3.999670761245845835e-02,-2.199999988079071045e-02,1.557355513548135117e-01,-2.039999961853027344e-01
1.792322160400000186e+01,3.665854699713196052e-02,-2.199999988079071045e-02,1.294086427419783580e-01,-2.039999961853027344e-01
1.794332969000000233e+01,4.512226007290270902e-02,-1.200000010430812836e-02,1.909496697308817603e-01,-1.850000023841857910e-01
1.796311172500000097e+01,4.698540378289710329e-02,-1.200000010430812836e-02,2.055873018386541462e-01,-1.850000023841857910e-01
1.798311057800000157e+01,4.468799539307028584e-02,-1.200000010430812836e-02,1.903156549713004297e-01,-1.850000023841857910e-01
1.800311800700000120e+01,5.008746019967821178e-02,-1.200000010430812836e-02,2.303542025640694102e-01,-1.480000019073486328e-01
1.802320847900000089e+01,4.844999909538668520e-02,-1.200000010430812836e-02,2.205485255010804779e-01,-1.480000019073486328e-01
1.804314796000000243e+01,5.152030140829392396e-02,6.000000052154064178e-03,2.439686574874695701e-01,-1.110000014305114746e-01
1.806311830499999971e+01,4.841059531792141907e-02,6.000000052154064178e-03,2.263321991139745082e-01,-1.110000014305114746e-01
1.808313307000000236e+01,4.730593890800170037e-02,6.000000052154064178e-03,2.218691590894766308e-01,-1.110000014305114746e-01
1.810324033200000216e+01,4.881903011267420267e-02,1.899999938905239105e-02,2.407662323336910437e-01,-3.700000047683715820e-02
1.812312076200000277e+01,4.421259836635037938e-02,1.899999938905239105e-02,2.123595146948574486e-01,-3.700000047683715820e-02
1.814326401099999941e+01,4.207383707583273874e-02,1.899999938905239105e-02,2.151640556907194746e-01,0.000000000000000000e+00
1.816314260800000113e+01,3.611207029337604180e-02,1.899999938905239105e-02,1.834130822384005544e-01,0.000000000000000000e+00
1.818312060500000271e+01,3.220372764015919098e-02,1.899999938905239105e-02,1.742215885865025238e-01,0.000000000000000000e+00
1.820314595400000002e+01,2.689319009449364639e-02,2.199999988079071045e-02,1.546298962412366307e-01,5.499999970197677612e-02
1.822311033600000130e+01,1.930889003595524442e-02,2.199999988079071045e-02,1.172524823496493007e-01,5.499999970197677612e-02
1.824325423000000157e+01,1.125551432789894009e-02,2.500000037252902985e-02,8.605534517148032136e-02,7.400000095367431641e-02
1.826320176500000159e+01,1.615082952853408478e-03,2.500000037252902985e-02,4.192505006052910793e-02,7.400000095367431641e-02
1.828319954200000197e+01,-3.091558194783763230e-03,2.500000037252902985e-02,2.122994128445077067e-02,7.400000095367431641e-02
1.830311641400000155e+01,-1.667891869838230429e-02,1.499999966472387314e-02,-4.394444248585102630e-02,9.200000017881393433e-02
1.832310763499999950e+01,-1.854426440274750329e-02,1.499999966472387314e-02,-5.587818836756842933e-02,9.200000017881393433e-02
1.834312891400000112e+01,-3.202456810799868270e-02,8.999999612569808960e-03,-1.240558385109624129e-01,5.499999970197677612e-02
1.836313501200000076e+01,-3.167558175496854728e-02,8.999999612569808960e-03,-1.237611781150473184e-01,5.499999970197677612e-02
1.838311680700000039e+01,-4.099539485568075986e-02,8.999999612569808960e-03,-1.709676907996120487e-01,5.499999970197677612e-02
1.840311297600000273e+01,-4.614530567444148634e-02,6.000000052154064178e-03,-1.968106466309847702e-01,3.700000047683715820e-02
1.842315031700000105e+01,-4.742964025112042514e-02,6.000000052154064178e-03,-2.014949719006792206e-01,3.700000047683715820e-02
1.844313420900000011e+01,-4.904714900850316861e-02,0.000000000000000000e+00,-2.072442852260488466e-01,3.700000047683715820e-02
1.846310533600000170e+01,-5.614562676947799924e-02,0.000000000000000000e+00,-2.464722369900727295e-01,3.700000047683715820e-02
1.848313355600000207e+01,-5.445355730901778324e-02,0.000000000000000000e+00,-2.336708384424542040e-01,3.700000047683715820e-02
1.850310976700000154e+01,-5.452852898521174524e-02,-3.000000026077032089e-03,-2.298094732574161025e-01,1.799999922513961792e-02
1.852314354399999985e+01,-5.869177105096125974e-02,-3.000000026077032089e-03,-2.541613296735693028e-01,1.799999922513961792e-02
1.854314095900000225e+01,-6.243464710913839560e-02,-3.000000026077032089e-03,-2.747988637690219615e-01,1.799999922513961792e-02
1.856318729700000247e+01,-6.412748426707359783e-02,-3.000000026077032089e-03,-2.829037277874382195e-01,1.799999922513961792e-02
1.858322628700000223e+01,-6.367257608683862813e-02,-3.000000026077032089e-03,-2.777970731677108507e-01,1.799999922513961792e-02
1.860319824400000144e+01,-6.445523626288736374e-02,-6.000000052154064178e-03,-2.798872274775686675e-01,0.000000000000000000e+00
1.862312065900000135e+01,-6.710436463341502844e-02,-6.000000052154064178e-03,-2.970607423031301764e-01,0.000000000000000000e+00
1.864310919000000055e+01,-6.551620933827628779e-02,-1.899999938905239105e-02,-2.831306671461943925e-01,-3.700000047683715820e-02
1.866311781799999991e+01,-6.724480948288664994e-02,-1.899999938905239105e-02,-2.930937097107396139e-01,-3.700000047683715820e-02
1.868313725800000213e+01,-6.746188937396126184e-02,-1.899999938905239105e-02,-2.952951214051845463e-01,-3.700000047683715820e-02
1.870312042000000119e+01,-6.681396179323786932e-02,-2.199999988079071045e-02,-2.889026650602127266e-01,-9.200000017881393433e-02
1.872311307400000047e+01,-6.634705346782755753e-02,-2.199999988079071045e-02,-2.871074645179088058e-01,-9.200000017881393433e-02
1.874314678800000067e+01,-6.432789242265317398e-02,-2.500000037252902985e-02,-2.705477436863518714e-01,-7.400000095367431641e-02
1.876313318500000094e+01,-6.455178195805572061e-02,-2.500000037252902985e-02,-2.759437494083453735e-01,-7.400000095367431641e-02
1.878310721300000097e+01,-6.244655704899126913e-02,-2.500000037252902985e-02,-2.576432794114241753e-01,-7.400000095367431641e-02
1.880311379300000141e+01,-6.195446329804945446e-02,-3.099999949336051941e-02,-2.553264142412919879e-01,-1.110000014305114746e-01
1.882311624100000103e+01,-5.893647757678154020e-02,-3.099999949336051941e-02,-2.343670758943520449e-01,-1.110000014305114746e-01
1.884317194400000162e+01,-5.638831283205873041e-02,-3.799999877810478210e-02,-2.175556927600748591e-01,-1.480000019073486328e-01
1.886315660200000011e+01,-5.359756388386455184e-02,-3.799999877810478210e-02,-1.963294296223319080e-01,-1.480000019073486328e-01
1.888311248700000178e+01,-5.070931469319017032e-02,-3.799999877810478210e-02,-1.767553830754444166e-01,-1.480000019073486328e-01
1.890324451300000064e+01,-4.594084827843319258e-02,-4.100000113248825073e-02,-1.384726287345593998e-01,-2.039999961853027344e-01
1.892320252900000099e+01,-4.341818196459827639e-02,-4.100000113248825073e-02,-1.248924362092748708e-01,-2.039999961853027344e-01
1.894510056600000070e+01,-3.483666972386761235e-02,-5.000000074505805969e-02,-6.205122794791170099e-02,-1.850000023841857910e-01
1.896341342400000229e+01,-2.778532843884946174e-02,-5.000000074505805969e-02,-1.050280272240711882e-02,-1.850000023841857910e-01
1.898314072700000210e+01,-2.484352697377501321e-02,-5.000000074505805969e-02,-3.738973342787214448e-03,-1.850000023841857910e-01
1.900313922200000150e+01,-1.935658307158320823e-02,-5.700000002980232239e-02,2.607062231046589074e-02,-2.220000028610229492e-01
1.902313155800000288e+01,-8.258580579468779992e-03,-5.700000002980232239e-02,8.356604905070404155e-02,-2.220000028610229492e-01
1.904311104800000010e+01,-2.355137436038535342e-03,-4.699999839067459106e-02,1.077882365676504500e-01,-2.779999971389770508e-01
1.906314598200000177e+01,6.012556446103093331e-03,-4.699999839067459106e-02,1.416379925412281637e-01,-2.779999971389770508e-01
1.908312400800000219e+01,2.872782447379454082e-02,-4.699999839067459106e-02,2.285732400926199503e-01,-2.779999971389770508e-01
1.910310878399999979e+01,3.060849849221464886e-02,-4.699999839067459106e-02,2.294054795764849664e-01,-2.409999966621398926e-01
1.912311352900000117e+01,3.473673145428773229e-02,-4.699999839067459106e-02,2.452421831026961874e-01,-2.409999966621398926e-01
1.914329837900000086e+01,5.013947017376672172e-02,-4.399999976158142090e-02,2.976851301811919148e-01,-1.850000023841857910e-01
1.916312823200000182e+01,5.408022628139637356e-02,-4.399999976158142090e-02,3.082643529221235079e-01,-1.850000023841857910e-01
1.918313587700000156e+01,5.342661950935196497e-02,-4.399999976158142090e-02,3.003838847938792300e-01,-1.850000023841857910e-01
1.920311871900000256e+01,5.507491447687326569e-02,-2.199999988079071045e-02,3.022659632122718376e-01,-1.299999952316284180e-01
1.922312313000000117e+01,6.217022240141698713e-02,-2.199999988079071045e-02,3.262274651486915533e-01,-1.299999952316284180e-01
1.924322733200000002e+01,6.312703927792351344e-02,0.000000000000000000e+00,3.271702365804275425e-01,0.000000000000000000e+00
1.926314376900000269e+01,6.002705940973804971e-02,0.000000000000000000e+00,3.115312337226096018e-01,0.000000000000000000e+00
1.928312121400000123e+01,5.979506652714079717e-02,0.000000000000000000e+00,3.119052270923938219e-01,0.000000000000000000e+00
1.930311713300000065e+01,6.154490806782483142e-02,1.499999966472387314e-02,3.185817048509672067e-01,9.200000017881393433e-02
1.932329592600000012e+01,5.732255593574357710e-02,1.499999966472387314e-02,2.972621433034981497e-01,9.200000017881393433e-02
1.934320833399999984e+01,5.547978065839552497e-02,2.800000086426734924e-02,2.901979762967393239e-01,1.669999957084655762e-01
1.936311275100000273e+01,5.142556873354608982e-02,2.800000086426734924e-02,2.729007272382085736e-01,1.669999957084655762e-01
1.938329175600000198e+01,4.661256544650857481e-02,2.800000086426734924e-02,2.483331444861663628e-01,1.669999957084655762e-01
1.940310312300000106e+01,4.161327930038379724e-02,3.400000184774398804e-02,2.178970703596377623e-01,2.039999961853027344e-01
1.942319698600000066e+01,3.500531977391548727e-02,3.400000184774398804e-02,1.810668184252489654e-01,2.039999961853027344e-01
1.944317017600000241e+01,2.972250108456436432e-02,3.799999877810478210e-02,1.480660118644521739e-01,2.220000028610229492e-01
1.946310427500000273e+01,2.093760518434183843e-02,3.799999877810478210e-02,9.197671905045357033e-02,2.220000028610229492e-01
1.948315648700000224e+01,1.547036915203041721e-02,3.799999877810478210e-02,5.809272461799751958e-02,2.220000028610229492e-01
1.950310532499999994e+01,-2.242200990495011280e-03,3.799999877810478210e-02,-4.976688464307737342e-02,2.220000028610229492e-01
1.952311845400000223e+01,-1.020858445185920949e-02,3.799999877810478210e-02,-9.621061280655693326e-02,2.220000028610229492e-01
1.954314727999999945e+01,-1.969038276683792582e-02,4.100000113248825073e-02,-1.467530457054276316e-01,2.409999966621398926e-01
1.956310899700000050e+01,-2.722424597728346357e-02,4.100000113248825073e-02,-1.857514736845072845e-01,2.409999966621398926e-01
1.958316626100000235e+01,-2.761238282848992379e-02,4.100000113248825073e-02,-1.879752150587931381e-01,2.409999966621398926e-01
1.960317032400000059e+01,-4.073994202706276990e-02,4.399999976158142090e-02,-2.474069165637290957e-01,2.599999904632568359e-01
1.962311014800000208e+01,-4.112038949517850261e-02,4.399999976158142090e-02,-2.495559017082295550e-01,2.599999904632568359e-01
1.964312613899999960e+01,-4.335565271689821587e-02,3.799999877810478210e-02,-2.621105356049465707e-01,2.599999904632568359e-01
1.966311426500000081e+01,-5.140515296541486173e-02,3.799999877810478210e-02,-2.928273707462413222e-01,2.599999904632568359e-01
1.968313014699999997e+01,-6.127779242181688457e-02,3.799999877810478210e-02,-3.219880212745996895e-01,2.599999904632568359e-01
1.970323540000000051e+01,-6.061403918179467110e-02,3.099999949336051941e-02,-3.197352062585058774e-01,1.850000023841857910e-01
1.972312472500000169e+01,-6.241394732574067489e-02,3.099999949336051941e-02,-3.243159971569893885e-01,1.850000023841857910e-01
1.974313437200000010e+01,-6.314882483352964038e-02,1.200000010430812836e-02,-3.277385082916047798e-01,1.110000014305114746e-01
1.976312190700000215e+01,-7.040692828678289661e-02,1.200000010430812836e-02,-3.476657704866848442e-01,1.110000014305114746e-01
1.978317582500000071e+01,-6.490047301599784213e-02,1.200000010430812836e-02,-3.316399283027121059e-01,1.110000014305114746e-01
1.980312344600000074e+01,-7.112088274590985804e-02,-8.999999612569808960e-03,-3.514808505704787867e-01,1.799999922513961792e-02
1.982309844000000254e+01,-6.696014819276902008e-02,-8.999999612569808960e-03,-3.388876931394153580e-01,1.799999922513961792e-02
1.984311459799999966e+01,-6.679732892397884092e-02,-2.500000037252902985e-02,-3.384514039640471039e-01,-7.400000095367431641e-02
1.986311950099999990e+01,-6.111224553027877482e-02,-2.500000037252902985e-02,-3.243518338900058251e-01,-7.400000095367431641e-02
1.988311012700000191e+01,-5.771153011911804576e-02,-2.500000037252902985e-02,-3.182660021872328882e-01,-7.400000095367431641e-02
1.990311512300000274e+01,-5.295553228574535060e-02,-3.099999949336051941e-02,-3.093693035019403625e-01,-1.480000019073486328e-01
1.992312156100000209e+01,-4.588020535593625993e-02,-3.099999949336051941e-02,-2.897882400679767101e-01,-1.480000019073486328e-01
1.994312242100000176e+01,-3.524791756194381454e-02,-4.100000113248825073e-02,-2.652131299486357174e-01,-1.669999957084655762e-01
1.996324573000000058e+01,-2.583890745234617564e-02,-4.100000113248825073e-02,-2.367209935338202009e-01,-1.669999957084655762e-01
1.998316748999999959e+01,-9.579461337298809595e-03,-4.100000113248825073e-02,-1.920338402489626950e-01,-1.669999957084655762e-01
2.000312285100000054e+01,3.430271504312463245e-03,-3.799999877810478210e-02,-1.507849784258031567e-01,-2.220000028610229492e-01
2.002314893200000157e+01,1.401841332329903378e-02,-3.799999877810478210e-02,-1.076651693401438209e-01,-2.220000028610229492e-01
2.004312061200000272e+01,2.368303119550237146e-02,-3.400000184774398804e-02,-6.203699557444761203e-02,-1.669999957084655762e-01
2.006311437000000097e+01,4.125538659036125100e-02,-3.400000184774398804e-02,5.402301817454453758e-02,-1.669999957084655762e-01
2.008461772100000076e+01,4.337546886925302408e-02,-3.400000184774398804e-02,6.211545063254828719e-02,-1.669999957084655762e-01
2.010311578700000013e+01,5.332555804359651735e-02,-3.400000184774398804e-02,1.496774996495362775e-01,-2.039999961853027344e-01
2.012312868600000115e+01,5.873988282835258812e-02,-3.400000184774398804e-02,1.945855046891806495e-01,-2.039999961853027344e-01
2.014313238900000158e+01,5.976795758144362591e-02,-3.400000184774398804e-02,1.996037884027905829e-01,-2.039999961853027344e-01
2.016312909400000208e+01,6.676126200485500706e-02,-3.400000184774398804e-02,2.593450608292525716e-01,-2.039999961853027344e-01
2.018316619400000178e+01,6.748066291632399960e-02,-3.400000184774398804e-02,2.622217334747478645e-01,-2.039999961853027344e-01
2.020310374800000019e+01,6.887814217900921354e-02,-2.800000086426734924e-02,2.719909581254615349e-01,-2.039999961853027344e-01
2.022311014100000293e+01,7.181770171765330946e-02,-2.800000086426734924e-02,2.989239644109429883e-01,-2.039999961853027344e-01
2.024311549600000149e+01,7.350278000038107384e-02,-1.499999966472387314e-02,3.107524066543350116e-01,-2.039999961853027344e-01
2.026312990100000277e+01,7.521373844172829504e-02,-1.499999966472387314e-02,3.193961725160853193e-01,-2.039999961853027344e-01
2.028318263899999963e+01,7.722099696149310744e-02,-1.499999966472387314e-02,3.379871706699750789e-01,-2.039999961853027344e-01
2.030311292500000064e+01,7.953367367332886406e-02,6.000000052154064178e-03,3.536378893856022554e-01,-7.400000095367431641e-02
2.032310368799999978e+01,8.173886334545084342e-02,6.000000052154064178e-03,3.717289129037733009e-01,-7.400000095367431641e-02
2.034314445800000115e+01,8.009911683593849696e-02,1.899999938905239105e-02,3.566501711978760647e-01,-3.700000047683715820e-02
2.036310586100000108e+01,8.049579288488327433e-02,1.899999938905239105e-02,3.572740895022843977e-01,-3.700000047683715820e-02
2.038314224100000160e+01,8.111156019177939713e-02,1.899999938905239105e-02,3.600064011771079153e-01,-3.700000047683715820e-02
2.040312978400000077e+01,8.149310254526756503e-02,3.400000184774398804e-02,3.592175911411760736e-01,5.499999970197677612e-02
2.042310644500000194e+01,8.042060378675694454e-02,3.400000184774398804e-02,3.496226267812070354e-01,5.499999970197677612e-02
2.044312729800000028e+01,7.973378900123673230e-02,5.000000074505805969e-02,3.419792047821046399e-01,1.480000019073486328e-01
2.046315785100000184e+01,7.750898264705746721e-02,5.000000074505805969e-02,3.266832744468182170e-01,1.480000019073486328e-01
2.048313025900000284e+01,7.579046686969204139e-02,5.000000074505805969e-02,3.175147584159042080e-01,1.480000019073486328e-01
2.050314924899999980e+01,7.362222796896934762e-02,5.299999937415122986e-02,2.986912569219838942e-01,2.409999966621398926e-01
2.052314057999999974e+01,7.156691215546580331e-02,5.299999937415122986e-02,2.820352287087054544e-01,2.409999966621398926e-01
2.054461727099999990e+01,6.675296165095580270e-02,5.999999865889549255e-02,2.304082517810615571e-01,2.409999966621398926e-01
2.056310771800000126e+01,6.383357162752602287e-02,5.999999865889549255e-02,1.943818532672475508e-01,2.409999966621398926e-01
2.058319661200000183e+01,6.070434689445056153e-02,5.999999865889549255e-02,1.555991956273144183e-01,2.409999966621398926e-01
2.060313013800000093e+01,5.753503848589498065e-02,5.999999865889549255e-02,1.168874242549352294e-01,2.409999966621398926e-01
2.062312773000000021e+01,5.162458115463459951e-02,5.999999865889549255e-02,4.379265890731037780e-02,2.409999966621398926e-01
2.064312720200000228e+01,4.794581674708674190e-02,5.700000002980232239e-02,2.656005546233210918e-03,2.599999904632568359e-01
2.066316492300000007e+01,3.353187283691676929e-02,5.700000002980232239e-02,-1.190646400242484776e-01,2.599999904632568359e-01
2.068320181500000032e+01,3.411678256096922074e-02,5.700000002980232239e-02,-1.048988527322650688e-01,2.599999904632568359e-01
2.070313540100000083e+01,2.206653562268445778e-02,5.700000002980232239e-02,-1.764989368561754313e-01,2.969999909400939941e-01
2.072309413099999986e+01,1.415580646671900540e-02,5.700000002980232239e-02,-1.987825364294502073e-01,2.969999909400939941e-01
2.074315253099999978e+01,-2.092464116052490143e-03,6.300000101327896118e-02,-2.427092331593197483e-01,2.969999909400939941e-01
2.076311912500000290e+01,-2.536049047312886884e-02,6.300000101327896118e-02,-2.935526867434833376e-01,2.969999909400939941e-01
2.078314057200000065e+01,-1.472857279053681190e-02,6.300000101327896118e-02,-2.682294306309003229e-01,2.969999909400939941e-01
2.080311092700000231e+01,-3.106882292158323622e-02,6.300000101327896118e-02,-3.148022938769017842e-01,2.599999904632568359e-01
2.082314498900000288e+01,-5.456253008297971135e-02,6.300000101327896118e-02,-3.420905577244284790e-01,2.599999904632568359e-01
2.084313011700000118e+01,-4.654743061464982484e-02,5.299999937415122986e-02,-3.255025391823205827e-01,2.039999961853027344e-01
2.086312600800000183e+01,-5.384099053357109532e-02,5.299999937415122986e-02,-3.352305827779460401e-01,2.039999961853027344e-01
2.088311818800000097e+01,-5.762251299279971123e-02,5.299999937415122986e-02,-3.401679781471140807e-01,2.039999961853027344e-01
2.090322559300000194e+01,-6.586253673922232155e-02,3.799999877810478210e-02,-3.519860390735612965e-01,1.110000014305114746e-01
2.092312957100000048e+01,-6.641765086743374458e-02,3.799999877810478210e-02,-3.523770812953780918e-01,1.110000014305114746e-01
2.094312448700000218e+01,-6.298906351518004931e-02,8.999999612569808960e-03,-3.476508351816663400e-01,-1.799999922513961792e-02
2.096307627100000204e+01,-6.114937665386045718e-02,8.999999612569808960e-03,-3.453976017281607525e-01,-1.799999922513961792e-02
2.098314802700000214e+01,-6.007512562116744392e-02,8.999999612569808960e-03,-3.441892347598383695e-01,-1.799999922513961792e-02
2.100318092500000233e+01,-5.940418881501949300e-02,-8.999999612569808960e-03,-3.442610978440400205e-01,-9.200000017881393433e-02
2.102310659500000156e+01,-5.516869750168485603e-02,-8.999999612569808960e-03,-3.372204596745352334e-01,-9.200000017881393433e-02
2.104311469900000020e+01,-4.674132781583956869e-02,-2.199999988079071045e-02,-3.250124223034591142e-01,-1.299999952316284180e-01
2.106315042800000015e+01,-3.768352710040612230e-02,-2.199999988079071045e-02,-3.136710983469724323e-01,-1.299999952316284180e-01
2.108312188300000045e+01,-2.687416829851535169e-02,-2.199999988079071045e-02,-2.994002362124454364e-01,-1.299999952316284180e-01
2.110312348400000104e+01,-1.228501675289455503e-02,-2.500000037252902985e-02,-2.750605282269961704e-01,-1.480000019073486328e-01
2.112310015899999982e+01,3.012607819527510569e-04,-2.500000037252902985e-02,-2.548706905466699979e-01,-1.480000019073486328e-01
2.114316357600000273e+01,1.536747455321407253e-02,-3.099999949336051941e-02,-2.184417897062095049e-01,-1.850000023841857910e-01
2.116311235100000232e+01,2.747881489191045939e-02,-3.099999949336051941e-02,-1.780924351537447603e-01,-1.850000023841857910e-01
2.118311554399999963e+01,3.810949994540475949e-02,-3.099999949336051941e-02,-1.239126620987062305e-01,-1.850000023841857910e-01
2.120320633000000043e+01,4.603092858118477265e-02,-3.099999949336051941e-02,-6.431293353851472161e-02,-1.850000023841857910e-01
2.122310806100000136e+01,4.883638225076381706e-02,-3.099999949336051941e-02,-3.348669283811039898e-02,-1.850000023841857910e-01
2.124313472000000047e+01,5.680080045177067494e-02,-2.500000037252902985e-02,5.658301513420711804e-02,-2.599999904632568359e-01
2.126311624700000280e+01,5.873866995406350905e-02,-2.500000037252902985e-02,8.532934096399527601e-02,-2.599999904632568359e-01
2.128312353200000118e+01,6.105788847914572076e-02,-2.500000037252902985e-02,1.211915849357446257e-01,-2.599999904632568359e-01
2.130314376400000143e+01,6.789547650590362082e-02,-1.200000010430812836e-02,2.213257034811098312e-01,-2.599999904632568359e-01
2.132310760000000016e+01,6.684434345538717293e-02,-1.200000010430812836e-02,2.038123805165406588e-01,-2.599999904632568359e-01
2.134314197200000152e+01,7.277352955846522198e-02,0.000000000000000000e+00,2.814646455150264792e-01,-2.969999909400939941e-01
2.136322374600000273e+01,7.127052191071839293e-02,0.000000000000000000e+00,2.624641659637061974e-01,-2.969999909400939941e-01
2.138311983000000183e+01,7.609888560497864163e-02,0.000000000000000000e+00,3.193850806635818440e-01,-2.969999909400939941e-01
2.140320468200000192e+01,7.712827809507795396e-02,1.899999938905239105e-02,3.357677605082516892e-01,-2.969999909400939941e-01
2.142314165500000200e+01,7.676039085363851877e-02,1.899999938905239105e-02,3.257598489362944494e-01,-2.969999909400939941e-01
2.144313622700000010e+01,7.815801679977135707e-02,2.800000086426734924e-02,3.400989355360203303e-01,-2.409999966621398926e-01
2.146316465000000306e+01,7.861594093342341716e-02,2.800000086426734924e-02,3.485364912514740121e-01,-2.409999966621398926e-01
2.148314806900000207e+01,7.888732900726536101e-02,2.800000086426734924e-02,3.543761035129648906e-01,-2.409999966621398926e-01
2.150316036899999972e+01,8.114411293202278275e-02,3.400000184774398804e-02,3.677252714380868093e-01,-2.039999961853027344e-01
2.152312791000000303e+01,8.022076119487589474e-02,3.400000184774398804e-02,3.527478127828715948e-01,-2.039999961853027344e-01
2.154312935500000137e+01,8.068564931603124102e-02,4.100000113248825073e-02,3.510200233778490997e-01,-9.200000017881393433e-02
2.156313457500000297e+01,8.083842400221337432e-02,4.100000113248825073e-02,3.527530072165797614e-01,-9.200000017881393433e-02
2.158312838500000197e+01,8.143967010531380502e-02,4.100000113248825073e-02,3.562033051682597651e-01,-9.200000017881393433e-02
2.160314627200000004e+01,8.122244026478032952e-02,5.299999937415122986e-02,3.549756546234338894e-01,5.499999970197677612e-02
2.162313416799999999e+01,7.967286965059186543e-02,5.299999937415122986e-02,3.486770805419645014e-01,5.499999970197677612e-02
2.164311939500000292e+01,7.981429915461550617e-02,5.299999937415122986e-02,3.557651559959332799e-01,1.669999957084655762e-01
2.166315054600000067e+01,7.773086315186522599e-02,5.299999937415122986e-02,3.429419961726594690e-01,1.669999957084655762e-01
2.168312253700000269e+01,7.583065110233884465e-02,5.299999937415122986e-02,3.296491448461528750e-01,1.669999957084655762e-01
2.170312739400000268e+01,7.246093342001462545e-02,5.000000074505805969e-02,3.099176457405333762e-01,2.599999904632568359e-01
2.172312774100000254e+01,7.059308013781492863e-02,5.000000074505805969e-02,2.950368229638167805e-01,2.599999904632568359e-01
2.174315336500000129e+01,6.564328725101331585e-02,5.299999937415122986e-02,2.550897851336885180e-01,2.409999966621398926e-01
2.176311788599999986e+01,6.327956460252091853e-02,5.299999937415122986e-02,2.281023856718907561e-01,2.409999966621398926e-01
2.178314215800000042e+01,5.859274555586480721e-02,5.299999937415122986e-02,1.796682527517126371e-01,2.409999966621398926e-01
2.180311200600000276e+01,5.623412505265892175e-02,4.699999839067459106e-02,1.505549135598714672e-01,2.779999971389770508e-01
2.182311726800000073e+01,4.742699710838606947e-02,4.699999839067459106e-02,4.230644141956951126e-02,2.779999971389770508e-01
2.184313306800000021e+01,4.252902438880840769e-02,4.699999839067459106e-02,-1.377989064417349530e-02,2.779999971389770508e-01
2.186315534200000243e+01,4.079616186048408422e-02,4.699999839067459106e-02,-2.393624963849366391e-02,2.779999971389770508e-01
2.188312310800000304e+01,2.865843255483296881e-02,4.699999839067459106e-02,-1.343639456311860880e-01,2.779999971389770508e-01
2.190311574700000108e+01,2.446178285110177028e-02,4.399999976158142090e-02,-1.500538123548312286e-01,2.599999904632568359e-01
2.192311963400000252e+01,1.939337196813716371e-02,4.399999976158142090e-02,-1.733397022193320647e-01,2.599999904632568359e-01
2.194316863700000297e+01,-1.046298693783945634e-03,4.699999839067459106e-02,-2.436226438797822469e-01,2.409999966621398926e-01
2.196311331400000100e+01,-9.589342881055520906e-03,4.699999839067459106e-02,-2.639905515132670022e-01,2.409999966621398926e-01
2.198310797700000307e+01,-1.038133731470591847e-02,4.699999839067459106e-02,-2.629370143568974250e-01,2.409999966621398926e-01
2.200311748100000031e+01,-1.406498113191473852e-02,5.000000074505805969e-02,-2.697260548024407179e-01,2.220000028610229492e-01
2.202310959200000084e+01,-2.402340358571867368e-02,5.000000074505805969e-02,-2.923968566963208171e-01,2.220000028610229492e-01
2.204312767200000067e+01,-4.055496429643370287e-02,5.000000074505805969e-02,-3.198279311613625442e-01,1.850000023841857910e-01
2.206310962300000256e+01,-3.786456348032971042e-02,5.000000074505805969e-02,-3.132166539782934023e-01,1.850000023841857910e-01
2.208312274100000039e+01,-3.966672627737798107e-02,5.000000074505805969e-02,-3.155578166608503099e-01,1.850000023841857910e-01
2.210323969400000266e+01,-5.235668784136972981e-02,4.699999839067459106e-02,-3.352124563136440472e-01,9.200000017881393433e-02
2.212313453000000152e+01,-4.562632182496321326e-02,4.699999839067459106e-02,-3.225234140166128860e-01,9.200000017881393433e-02
2.214316882700000022e+01,-4.918958397692057422e-02,3.099999949336051941e-02,-3.278675970533578843e-01,3.700000047683715820e-02
2.216311728200000175e+01,-5.010563112431413307e-02,3.099999949336051941e-02,-3.286016211572433954e-01,3.700000047683715820e-02
2.218340990900000165e+01,-5.338173236103812419e-02,3.099999949336051941e-02,-3.331797438170669978e-01,3.700000047683715820e-02
2.220326479800000286e+01,-5.256366247942254738e-02,6.000000052154064178e-03,-3.317721885630078305e-01,0.000000000000000000e+00
2.222319582400000115e+01,-4.839960038700881484e-02,6.000000052154064178e-03,-3.236642816481666851e-01,0.000000000000000000e+00
2.224314847000000128e+01,-4.695948858474540549e-02,-8.999999612569808960e-03,-3.232127249805928360e-01,-5.499999970197677612e-02
2.226327812600000300e+01,-4.188396789677439891e-02,-8.999999612569808960e-03,-3.132705698839155506e-01,-5.499999970197677612e-02
2.228311879800000028e+01,-3.599946244526354422e-02,-8.999999612569808960e-03,-3.049723391732447331e-01,-5.499999970197677612e-02
2.230312725599999979e+01,-2.853244372631261183e-02,-2.500000037252902985e-02,-2.874729482808652814e-01,-7.400000095367431641e-02
2.232310632800000150e+01,-2.207963587775928563e-02,-2.500000037252902985e-02,-2.784827836411711277e-01,-7.400000095367431641e-02
2.234313331999999974e+01,-1.316925812620874450e-02,-3.400000184774398804e-02,-2.562515256822938126e-01,-9.200000017881393433e-02
2.236313219400000207e+01,-3.513569187642921407e-03,-3.400000184774398804e-02,-2.408278460577621682e-01,-9.200000017881393433e-02
2.238311084800000117e+01,5.176591369374250289e-03,-3.400000184774398804e-02,-2.163008898787120715e-01,-9.200000017881393433e-02
2.240311548000000030e+01,1.640230899254743052e-02,-3.099999949336051941e-02,-1.877508929554999317e-01,-1.480000019073486328e-01
2.242329154700000160e+01,2.413442582924156879e-02,-3.099999949336051941e-02,-1.546253236941387832e-01,-1.480000019073486328e-01
2.244311798000000024e+01,3.472986226230027895e-02,-2.500000037252902985e-02,-1.034685211822148898e-01,-1.850000023841857910e-01
2.246310865200000251e+01,3.982731019689043916e-02,-2.500000037252902985e-02,-6.645592727428285829e-02,-1.850000023841857910e-01
2.248311690000000240e+01,4.942143897480553993e-02,-2.500000037252902985e-02,1.854750277314171081e-02,-1.850000023841857910e-01
2.250310072799999972e+01,5.203061283468481818e-02,-2.199999988079071045e-02,4.900901563488245516e-02,-1.669999957084655762e-01
2.252320682700000276e+01,5.513381171777542028e-02,-2.199999988079071045e-02,8.272711654758921340e-02,-1.669999957084655762e-01
2.254320578300000122e+01,6.253451178454265402e-02,-3.000000026077032089e-03,1.728491510699811939e-01,-1.669999957084655762e-01
2.256320004900000242e+01,6.498321908536529301e-02,-3.000000026077032089e-03,1.991439614550915005e-01,-1.669999957084655762e-01
2.258319435399999975e+01,6.545738931475704458e-02,-3.000000026077032089e-03,1.996996417132821944e-01,-1.669999957084655762e-01
2.260311603100000255e+01,6.679942303100309953e-02,0.000000000000000000e+00,2.139372822923765738e-01,-1.480000019073486328e-01
2.262309572700000260e+01,7.083224440687882484e-02,0.000000000000000000e+00,2.627778623918310963e-01,-1.480000019073486328e-01
2.264317940800000173e+01,7.271111391602065599e-02,1.200000010430812836e-02,2.814071117782576681e-01,-7.400000095367431641e-02
2.266314820300000221e+01,7.243080176016364335e-02,1.200000010430812836e-02,2.716552189413458662e-01,-7.400000095367431641e-02
2.268310985400000135e+01,7.318289587324176837e-02,1.200000010430812836e-02,2.779981859934891886e-01,-7.400000095367431641e-02
2.270318272900000167e+01,7.614696189121254732e-02,6.000000052154064178e-03,3.115615638067687487e-01,0.000000000000000000e+00
2.272310008200000198e+01,7.546495089104353349e-02,6.000000052154064178e-03,2.946250995045751053e-01,0.000000000000000000e+00
2.274322240900000125e+01,7.722436341072111410e-02,2.800000086426734924e-02,3.121285134476923795e-01,1.799999922513961792e-02
2.276311639600000092e+01,7.628618025900921196e-02,2.800000086426734924e-02,2.933190352969999304e-01,1.799999922513961792e-02
2.278319797500000021e+01,7.695607445270949420e-02,2.800000086426734924e-02,2.991168123104072651e-01,1.799999922513961792e-02
2.280318845700000097e+01,7.635239743341981633e-02,3.799999877810478210e-02,2.864880496634547025e-01,0.000000000000000000e+00
2.282311667300000124e+01,7.692628268075045461e-02,3.799999877810478210e-02,2.943150502467236085e-01,0.000000000000000000e+00
2.284311136300000200e+01,7.693281507176910616e-02,5.000000074505805969e-02,2.963922520733424659e-01,0.000000000000000000e+00
2.286314308400000073e+01,7.612803970094932093e-02,5.000000074505805969e-02,2.855729375515180246e-01,0.000000000000000000e+00
2.288313012100000066e+01,7.546663598106292947e-02,5.000000074505805969e-02,2.719176722561000847e-01,0.000000000000000000e+00
2.290312860000000228e+01,7.491050552628586434e-02,6.300000101327896118e-02,2.669863730536342072e-01,3.700000047683715820e-02
2.292310368600000103e+01,7.469444624907381480e-02,6.300000101327896118e-02,2.655882363139111524e-01,3.700000047683715820e-02
2.294327343100000149e+01,7.390843655251355671e-02,7.599999755620956421e-02,2.522361637810815460e-01,3.700000047683715820e-02
2.296323309100000287e+01,7.286213337930033673e-02,7.599999755620956421e-02,2.362728202025990709e-01,3.700000047683715820e-02
2.298313202799999999e+01,7.146316297302930665e-02,7.599999755620956421e-02,2.197177395745029405e-01,3.700000047683715820e-02
2.300323073100000215e+01,7.030705715453525184e-02,7.900000363588333130e-02,2.036105228163722636e-01,5.499999970197677612e-02
2.302311955700000112e+01,6.902001054528141000e-02,7.900000363588333130e-02,1.875819447474425528e-01,5.499999970197677612e-02
2.304318815000000242e+01,6.731401403401557348e-02,8.200000226497650146e-02,1.689231676602974686e-01,1.110000014305114746e-01
2.306323092400000263e+01,6.518246765947370569e-02,8.200000226497650146e-02,1.376241898745101944e-01,1.110000014305114746e-01
2.308315696000000017e+01,6.352891891362942578e-02,8.200000226497650146e-02,1.144813830734126431e-01,1.110000014305114746e-01
2.310312782700000156e+01,6.021177955394419606e-02,7.599999755620956421e-02,6.862977935070736779e-02,1.480000019073486328e-01
2.312311001800000199e+01,5.665033616717450593e-02,7.599999755620956421e-02,1.682226861726887623e-02,1.480000019073486328e-01
2.314313646800000157e+01,5.413885134026263923e-02,7.599999755620956421e-02,-1.244123128894022295e-02,1.850000023841857910e-01
2.316313930800000165e+01,5.151378573242429426e-02,7.599999755620956421e-02,-4.124938463942282724e-02,1.850000023841857910e-01
2.318311650500000098e+01,4.081983095556215857e-02,7.599999755620956421e-02,-1.378938780751505222e-01,1.850000023841857910e-01
2.320312818900000096e+01,3.414112008287022160e-02,7.199999690055847168e-02,-1.711757492605819608e-01,1.669999957084655762e-01
2.322324354700000271e+01,3.155706839716811152e-02,7.199999690055847168e-02,-1.770552861251190324e-01,1.669999957084655762e-01
2.324311415200000042e+01,1.758336911926338536e-02,6.599999964237213135e-02,-2.288769355488246005e-01,1.669999957084655762e-01
2.326310220300000253e+01,1.549178782065415219e-02,6.599999964237213135e-02,-2.295210808772148448e-01,1.669999957084655762e-01
2.328319407700000099e+01,1.156249806905989067e-02,6.599999964237213135e-02,-2.361081964503540243e-01,1.669999957084655762e-01
2.330319662100000144e+01,-1.073880810541044499e-02,5.700000002980232239e-02,-2.826743371203018218e-01,1.480000019073486328e-01
2.332312553400000255e+01,-1.648407182937907528e-02,5.700000002980232239e-02,-2.902302766327572447e-01,1.480000019073486328e-01
2.334311009299999995e+01,-1.408030452732255029e-02,4.399999976158142090e-02,-2.808571954385450375e-01,1.110000014305114746e-01
2.336311005900000026e+01,-2.845677373045740408e-02,4.399999976158142090e-02,-3.059152580527912391e-01,1.110000014305114746e-01
2.338313585800000283e+01,-2.333447033626043568e-02,4.399999976158142090e-02,-2.939867124940130361e-01,1.110000014305114746e-01
2.340313073100000096e+01,-2.597593044952915819e-02,2.800000086426734924e-02,-2.987082086142650583e-01,5.499999970197677612e-02
2.342313530300000224e+01,-3.661082253925643931e-02,2.800000086426734924e-02,-3.177869887208693012e-01,5.499999970197677612e-02
2.344314429699999991e+01,-3.676890852945272070e-02,1.499999966472387314e-02,-3.196286559203185274e-01,1.799999922513961792e-02
2.346312614200000013e+01,-3.504245180358207812e-02,1.499999966472387314e-02,-3.116073561259090074e-01,1.799999922513961792e-02
2.348313056900000007e+01,-3.397916190353855032e-02,1.499999966472387314e-02,-3.094343543186001688e-01,1.799999922513961792e-02
2.350315272899999997e+01,-2.834877628704979974e-02,-3.000000026077032089e-03,-2.988562783810516099e-01,-1.799999922513961792e-02
2.352311934200000110e+01,-3.102129428644552489e-02,-3.000000026077032089e-03,-3.034491854101100117e-01,-1.799999922513961792e-02
2.354312161100000012e+01,-2.187343582761197558e-02,-1.499999966472387314e-02,-2.844018097137006595e-01,-9.200000017881393433e-02
2.356306995200000287e+01,-1.962299293400872682e-02,-1.499999966472387314e-02,-2.840575102874184910e-01,-9.200000017881393433e-02
2.358311581999999973e+01,-8.112565921266095062e-03,-1.499999966472387314e-02,-2.567700799474296747e-01,-9.200000017881393433e-02
2.360312401400000226e+01,-1.588742937146508591e-03,-2.800000086426734924e-02,-2.483169051389270965e-01,-9.200000017881393433e-02
2.362310870100000315e+01,7.110265192559854508e-03,-2.800000086426734924e-02,-2.247999482382910807e-01,-9.200000017881393433e-02
2.364311898100000064e+01,1.344003243935225529e-02,-2.500000037252902985e-02,-2.083016123954663790e-01,-1.850000023841857910e-01
2.366313095799999999e+01,2.843390148646050830e-02,-2.500000037252902985e-02,-1.576226353330411889e-01,-1.850000023841857910e-01
2.368313113199999975e+01,3.204274611289075619e-02,-2.500000037252902985e-02,-1.388819614091005572e-01,-1.850000023841857910e-01
2.370315942400000253e+01,4.521730720695768535e-02,-2.800000086426734924e-02,-4.810675315424085136e-02,-2.039999961853027344e-01
2.372312010000000271e+01,5.122572736702111357e-02,-2.800000086426734924e-02,1.198078333001747001e-02,-2.039999961853027344e-01
2.374314573800000261e+01,5.370076064798031540e-02,-2.199999988079071045e-02,4.226978778159093397e-02,-2.409999966621398926e-01
2.376438807300000278e+01,6.188105798072342234e-02,-2.199999988079071045e-02,1.468835714108251145e-01,-2.409999966621398926e-01
2.378311028700000307e+01,6.301167085975224735e-02,-2.199999988079071045e-02,1.582548249452231937e-01,-2.409999966621398926e-01
2.380312250300000088e+01,6.489145682022644246e-02,-1.499999966472387314e-02,1.792713726400767815e-01,-2.409999966621398926e-01
2.382313661200000254e+01,7.093032065998437774e-02,-1.499999966472387314e-02,2.580354187871558569e-01,-2.409999966621398926e-01
2.384310408800000047e+01,7.382886465669580289e-02,-8.999999612569808960e-03,2.953649581072475550e-01,-1.299999952316284180e-01
2.386314530699999992e+01,7.383626981748461771e-02,-8.999999612569808960e-03,2.836437145948150773e-01,-1.299999952316284180e-01
2.388315939200000315e+01,7.753155350908358390e-02,-8.999999612569808960e-03,3.197236843148801855e-01,-1.299999952316284180e-01
2.390320769000000212e+01,7.750021573973864264e-02,0.000000000000000000e+00,3.171590736768951091e-01,-3.700000047683715820e-02
2.392311792500000323e+01,7.909969865334982864e-02,0.000000000000000000e+00,3.281355416565056582e-01,-3.700000047683715820e-02
2.394312740100000170e+01,7.886857212585887678e-02,3.000000026077032089e-03,3.219598798740095358e-01,1.799999922513961792e-02
2.396313126000000082e+01,7.890821003227865837e-02,3.000000026077032089e-03,3.179668586817391285e-01,1.799999922513961792e-02
2.398315191200000029e+01,7.995137113081558777e-02,3.000000026077032089e-03,3.298015087498604725e-01,1.799999922513961792e-02
2.400311322900000022e+01,7.910079123088541164e-02,2.800000086426734924e-02,3.137147816261659505e-01,5.499999970197677612e-02
2.402328915800000075e+01,7.921393675801750855e-02,2.800000086426734924e-02,3.156992285311517321e-01,5.499999970197677612e-02
2.404311722100000281e+01,7.893881913712821885e-02,4.699999839067459106e-02,3.168889727156411484e-01,1.799999922513961792e-02
2.406310218400000167e+01,7.787255282566715731e-02,4.699999839067459106e-02,3.049421131434546517e-01,1.799999922513961792e-02
2.408312035000000151e+01,7.699145028800363777e-02,4.699999839067459106e-02,2.984832913769121521e-01,1.799999922513961792e-02
2.410311810800000032e+01,7.632718403826088682e-02,5.999999865889549255e-02,2.957687341650667157e-01,1.799999922513961792e-02
2.412312147000000095e+01,7.507684958939665754e-02,5.999999865889549255e-02,2.723765919121041712e-01,1.799999922513961792e-02
2.414314416800000274e+01,7.274433793685934624e-02,7.199999690055847168e-02,2.531794650635381116e-01,5.499999970197677612e-02
2.416312349200000043e+01,7.069522125670732460e-02,7.199999690055847168e-02,2.314861970346333564e-01,5.499999970197677612e-02
2.418314945700000251e+01,6.718869266721710920e-02,7.199999690055847168e-02,1.902674221857857950e-01,5.499999970197677612e-02
2.420310660100000177e+01,6.446213893721226829e-02,7.900000363588333130e-02,1.628383035717265725e-01,1.799999922513961792e-02
2.422311269100000075e+01,6.073342273032689836e-02,7.900000363588333130e-02,1.209163088377814138e-01,1.799999922513961792e-02
2.424321019600000326e+01,5.725463712052366455e-02,7.599999755620956421e-02,9.124542951675541913e-02,7.400000095367431641e-02
2.426310560400000327e+01,4.793247101623678008e-02,7.599999755620956421e-02,1.725717702040026336e-02,7.400000095367431641e-02
2.428313253199999977e+01,4.350374010824639703e-02,7.599999755620956421e-02,-1.130806900839167843e-02,7.400000095367431641e-02
2.430319866800000028e+01,2.793397860103664920e-02,6.899999827146530151e-02,-9.696152091980596299e-02,1.110000014305114746e-01
2.432311340800000110e+01,1.299466737653037600e-02,6.899999827146530151e-02,-1.519575841806737604e-01,1.110000014305114746e-01
2.434313133400000240e+01,2.111132659665297152e-03,6.599999964237213135e-02,-1.781040158668733275e-01,1.299999952316284180e-01
2.436312716200000139e+01,-7.503607153549953813e-03,6.599999964237213135e-02,-1.993749666171679147e-01,1.299999952316284180e-01
2.438312842100000211e+01,-3.542737932023098946e-02,6.599999964237213135e-02,-2.688734663673790770e-01,1.299999952316284180e-01
2.440323753000000195e+01,-3.495755849523782266e-02,6.300000101327896118e-02,-2.589869528857794423e-01,1.110000014305114746e-01
2.442321663800000309e+01,-5.258000156294681537e-02,6.300000101327896118e-02,-3.031566322690317228e-01,1.110000014305114746e-01
2.444313070900000184e+01,-6.000599558236668213e-02,5.000000074505805969e-02,-3.224753821458701264e-01,7.400000095367431641e-02
2.446311275400000085e+01,-6.022060488503167691e-02,5.000000074505805969e-02,-3.170920164306593181e-01,7.400000095367431641e-02
2.448313041800000178e+01,-6.368540055972481129e-02,5.000000074505805969e-02,-3.251316461122417123e-01,7.400000095367431641e-02
2.450322719400000082e+01,-7.122792983649109400e-02,3.099999949336051941e-02,-3.440098144403830882e-01,1.110000014305114746e-01
2.452313618200000178e+01,-7.681763552062127742e-02,3.099999949336051941e-02,-3.595999010498041604e-01,1.110000014305114746e-01
2.454315501200000327e+01,-7.540363777882967689e-02,1.200000010430812836e-02,-3.522503598747306341e-01,7.400000095367431641e-02
2.456309844900000172e+01,-7.459122084302378941e-02,1.200000010430812836e-02,-3.477085902332366363e-01,7.400000095367431641e-02
2.458311929000000262e+01,-7.515453436493382822e-02,1.200000010430812836e-02,-3.494770776084119568e-01,7.400000095367431641e-02
2.460312435600000214e+01,-7.865126796794875974e-02,-3.000000026077032089e-03,-3.578878192796617341e-01,1.799999922513961792e-02
2.462312127400000250e+01,-7.687351560592450839e-02,-3.000000026077032089e-03,-3.535760992836176064e-01,1.799999922513961792e-02
2.464313268700000137e+01,-7.643936402712701861e-02,-1.899999938905239105e-02,-3.529044981844807749e-01,0.000000000000000000e+00
2.466316214800000139e+01,-7.773763017041351864e-02,-1.899999938905239105e-02,-3.560097598936557972e-01,0.000000000000000000e+00
2.468310875700000295e+01,-7.482185817920061766e-02,-1.899999938905239105e-02,-3.478864521648418195e-01,0.000000000000000000e+00
2.470310564200000059e+01,-7.421735092149532587e-02,-4.100000113248825073e-02,-3.474361557347547258e-01,1.799999922513961792e-02
2.472322195400000311e+01,-7.457087560680501770e-02,-4.100000113248825073e-02,-3.539857484194496862e-01,1.799999922513961792e-02
2.474314175300000329e+01,-7.149073605496870931e-02,-5.700000002980232239e-02,-3.417609978110242586e-01,0.000000000000000000e+00
2.476340644500000110e+01,-6.768481257427906572e-02,-5.700000002980232239e-02,-3.333224607976424392e-01,0.000000000000000000e+00
2.478317151300000276e+01,-6.340552811946231770e-02,-5.700000002980232239e-02,-3.224413017720395014e-01,0.000000000000000000e+00
2.480311479800000285e+01,-5.674479561262227995e-02,-6.899999827146530151e-02,-3.110379257821762056e-01,0.000000000000000000e+00
2.482324723500000019e+01,-4.823597381204938750e-02,-6.899999827146530151e-02,-2.951550272171201694e-01,0.000000000000000000e+00
2.484311150500000309e+01,-3.655758503414890948e-02,-5.299999937415122986e-02,-2.665003494983160803e-01,-1.669999957084655762e-01
2.486311964100000083e+01,-1.884364606473308904e-02,-5.299999937415122986e-02,-2.325656460673132253e-01,-1.669999957084655762e-01
2.488319148000000069e+01,-4.182555292239925095e-03,-5.299999937415122986e-02,-1.989656766008806865e-01,-1.669999957084655762e-01
2.490310348200000234e+01,2.429093244026728909e-02,-5.999999865889549255e-02,-1.115193631467033958e-01,-2.039999961853027344e-01
2.492311857600000025e+01,3.480167520436974055e-02,-5.999999865889549255e-02,-6.981665658988185641e-02,-2.039999961853027344e-01
2.494319132800000105e+01,5.330511349724240122e-02,-5.299999937415122986e-02,7.716814435427210572e-02,-3.149999976158142090e-01
2.496312241800000109e+01,6.197731622949899377e-02,-5.299999937415122986e-02,1.662903135274673705e-01,-3.149999976158142090e-01
2.498317653300000174e+01,6.593038549518806524e-02,-5.299999937415122986e-02,2.008414696507430652e-01,-3.149999976158142090e-01
2.500310582600000231e+01,6.984845291857098848e-02,-5.299999937415122986e-02,2.396577490901145580e-01,-3.149999976158142090e-01
2.502314679700000255e+01,7.874692857214800334e-02,-5.299999937415122986e-02,3.391961241291304718e-01,-3.149999976158142090e-01
2.504320201000000168e+01,7.879395497885434418e-02,-4.100000113248825073e-02,3.260259355545640503e-01,-3.529999852180480957e-01
2.506310803000000220e+01,8.490196962703949746e-02,-4.100000113248825073e-02,3.714665461281774217e-01,-3.529999852180480957e-01
2.508310347700000165e+01,8.408841086255756936e-02,-4.100000113248825073e-02,3.532967462653900936e-01,-3.529999852180480957e-01
2.510316664900000205e+01,8.782929763832772463e-02,-3.400000184774398804e-02,3.738232889733472120e-01,-2.409999966621398926e-01
2.512311058200000247e+01,9.117051068303481942e-02,-3.400000184774398804e-02,3.876749238159243327e-01,-2.409999966621398926e-01
2.514319345200000200e+01,9.484989271936127009e-02,-8.999999612569808960e-03,3.913685694909194712e-01,-5.499999970197677612e-02
2.516321173600000094e+01,9.288748624726865522e-02,-8.999999612569808960e-03,3.911050120000092445e-01,-5.499999970197677612e-02
2.518311949900000002e+01,9.513160477299004159e-02,-8.999999612569808960e-03,3.921222893040926527e-01,-5.499999970197677612e-02
2.520318828300000291e+01,9.325123384249711656e-02,1.499999966472387314e-02,3.918678341858304881e-01,-1.799999922513961792e-02
2.522311498000000185e+01,9.373347585746771848e-02,1.499999966472387314e-02,3.904434725944992968e-01,-1.799999922513961792e-02
2.524330865300000326e+01,9.301433914106418954e-02,4.399999976158142090e-02,3.913279323592760983e-01,3.700000047683715820e-02
2.526323774100000108e+01,9.341453525310736139e-02,4.399999976158142090e-02,3.905279480663984004e-01,3.700000047683715820e-02
2.528324056300000322e+01,9.387248868062986196e-02,4.399999976158142090e-02,3.905714733809524941e-01,3.700000047683715820e-02
2.530346244300000080e+01,9.153756344305105652e-02,6.599999964237213135e-02,3.875675463183702041e-01,5.499999970197677612e-02
2.532315651300000070e+01,9.175231023310571887e-02,6.599999964237213135e-02,3.870671723340462500e-01,5.499999970197677612e-02
2.534340509400000130e+01,8.743045453807372913e-02,8.500000089406967163e-02,3.795753026032780975e-01,1.299999952316284180e-01
2.536311115400000205e+01,8.524691045277993373e-02,8.500000089406967163e-02,3.705370342874958478e-01,1.299999952316284180e-01
2.538311965900000189e+01,8.230217335062024742e-02,8.500000089406967163e-02,3.358481855308631525e-01,1.299999952316284180e-01
2.540312798100000080e+01,8.028683955435704511e-02,8.799999952316284180e-02,3.109652231815252521e-01,1.110000014305114746e-01
2.542311893800000178e+01,7.549379541521100689e-02,8.799999952316284180e-02,2.676997154521391642e-01,1.110000014305114746e-01
2.544311135900000309e+01,7.180194596781594440e-02,9.099999815225601196e-02,2.215994890857801436e-01,1.669999957084655762e-01
2.546323173400000073e+01,6.348449963568622567e-02,9.099999815225601196e-02,1.278708362666074738e-01,1.669999957084655762e-01
2.548322779700000140e+01,5.991130787960799453e-02,9.099999815225601196e-02,9.157371138908163011e-02,1.669999957084655762e-01
2.550316975200000158e+01,4.182305750137160771e-02,7.599999755620956421e-02,-6.214565119573261381e-02,1.110000014305114746e-01
2.552323246800000334e+01,3.308180572643835970e-02,7.599999755620956421e-02,-1.056505572541959342e-01,1.110000014305114746e-01
2.554315136100000316e+01,2.005274244346106141e-02,5.999999865889549255e-02,-1.583889942515088467e-01,5.499999970197677612e-02
2.556313637400000260e+01,7.268928385549669469e-03,5.999999865889549255e-02,-1.891669543789990526e-01,5.499999970197677612e-02
2.558311633200000301e+01,-8.157611890635354038e-03,5.999999865889549255e-02,-2.210079814163358747e-01,5.499999970197677612e-02
2.560314419200000202e+01,-1.063389655112285254e-02,5.000000074505805969e-02,-2.159733661659450910e-01,3.700000047683715820e-02
2.562319249300000124e+01,-3.182016730007226901e-02,5.000000074505805969e-02,-2.617642680747391815e-01,3.700000047683715820e-02
2.564311462500000260e+01,-3.292559097327413947e-02,4.699999839067459106e-02,-2.558337549527167076e-01,5.499999970197677612e-02
2.566314334500000172e+01,-5.048465012230037019e-02,4.699999839067459106e-02,-2.967156823505833207e-01,5.499999970197677612e-02
2.568317245100000079e+01,-4.991165305688334553e-02,4.699999839067459106e-02,-2.895182994911048580e-01,5.499999970197677612e-02
2.570340502800000237e+01,-6.015492382367333690e-02,4.100000113248825073e-02,-3.157513789034036011e-01,1.799999922513961792e-02
2.572313025700000111e+01,-6.477640163790658601e-02,4.100000113248825073e-02,-3.269072743719378948e-01,1.799999922513961792e-02
2.574310974800000196e+01,-6.614933428210943711e-02,2.500000037252902985e-02,-3.264863007060863631e-01,7.400000095367431641e-02
2.576312624900000259e+01,-6.720973793283742392e-02,2.500000037252902985e-02,-3.276691600489010647e-01,7.400000095367431641e-02
2.578313690100000244e+01,-7.435305973749255226e-02,2.500000037252902985e-02,-3.480280949356177600e-01,7.400000095367431641e-02
2.580312179100000236e+01,-7.376700425889511081e-02,8.999999612569808960e-03,-3.428380798360885495e-01,5.499999970197677612e-02
2.582312294500000149e+01,-7.419221135949982671e-02,8.999999612569808960e-03,-3.475418875461341872e-01,5.499999970197677612e-02
2.584312355300000164e+01,-7.605124640593796670e-02,-6.000000052154064178e-03,-3.533634666738930674e-01,3.700000047683715820e-02
2.586311853800000193e+01,-7.818855710730468478e-02,-6.000000052154064178e-03,-3.545151424547842711e-01,3.700000047683715820e-02
2.588312388800000008e+01,-7.584736867448453601e-02,-6.000000052154064178e-03,-3.473502759868918321e-01,3.700000047683715820e-02
2.590313056900000177e+01,-7.819787788767124104e-02,-2.199999988079071045e-02,-3.544006640725522739e-01,1.799999922513961792e-02
2.592312500400000275e+01,-7.561919534633582130e-02,-2.199999988079071045e-02,-3.466376396900173185e-01,1.799999922513961792e-02
2.594314901800000328e+01,-7.511822398522159661e-02,-4.399999976158142090e-02,-3.460990400189322691e-01,3.700000047683715820e-02
2.596310039600000152e+01,-7.469126724177609089e-02,-4.399999976158142090e-02,-3.453166112496968143e-01,3.700000047683715820e-02
2.598311457900000221e+01,-7.256706035116185227e-02,-4.399999976158142090e-02,-3.436499973400208297e-01,3.700000047683715820e-02
2.600311410200000140e+01,-7.281005207526715373e-02,-4.699999839067459106e-02,-3.446142250263833917e-01,5.499999970197677612e-02
2.602311139500000081e+01,-7.010604050393268172e-02,-4.699999839067459106e-02,-3.374579587166887662e-01,5.499999970197677612e-02
2.604318501600000246e+01,-6.720066818869087355e-02,-5.700000002980232239e-02,-3.325552798423359047e-01,3.700000047683715820e-02
2.606312883000000014e+01,-6.174702538462607110e-02,-5.700000002980232239e-02,-3.206558977336250171e-01,3.700000047683715820e-02
2.608315711100000200e+01,-5.642078067102226230e-02,-5.700000002980232239e-02,-3.126639684944092501e-01,3.700000047683715820e-02
2.610313657100000029e+01,-4.690306021277828447e-02,-5.299999937415122986e-02,-2.911780741890294677e-01,-5.499999970197677612e-02
2.612311921000000225e+01,-3.719135841231119982e-02,-5.299999937415122986e-02,-2.791709889289744617e-01,-5.499999970197677612e-02
2.614318894000000171e+01,-2.268617616386989916e-02,-4.699999839067459106e-02,-2.494108623876234165e-01,-1.669999957084655762e-01
2.616312068000000224e+01,-1.361552180477247978e-03,-4.699999839067459106e-02,-2.080203289380508636e-01,-1.669999957084655762e-01
2.618314507100000199e+01,1.308324586433079473e-02,-4.699999839067459106e-02,-1.675493682920810579e-01,-1.669999957084655762e-01
2.620325739500000140e+01,2.819089367628803411e-02,-4.399999976158142090e-02,-1.181068534354577093e-01,-2.220000028610229492e-01
2.622311920799999996e+01,5.049281736533533377e-02,-4.399999976158142090e-02,2.726688896739006690e-02,-2.220000028610229492e-01
2.624310340900000327e+01,5.358851908570250178e-02,-4.399999976158142090e-02,4.882607702373194941e-02,-2.599999904632568359e-01
2.626322632200000129e+01,6.569140246690902130e-02,-4.399999976158142090e-02,1.892549164144133877e-01,-2.599999904632568359e-01
2.628310082700000194e+01,7.076183682071082726e-02,-4.399999976158142090e-02,2.401383625512267250e-01,-2.599999904632568359e-01
2.630310931500000038e+01,7.239380664689813727e-02,-3.099999949336051941e-02,2.507276551939355280e-01,-2.969999909400939941e-01
2.632310951700000246e+01,7.905781622515475893e-02,-3.099999949336051941e-02,3.219931558236085456e-01,-2.969999909400939941e-01
2.634318188599999999e+01,7.998766907344899424e-02,-2.199999988079071045e-02,3.309665923114680774e-01,-2.779999971389770508e-01
2.636343520900000215e+01,8.110081439242214363e-02,-2.199999988079071045e-02,3.470715561902368296e-01,-2.779999971389770508e-01
2.638312379999999990e+01,8.404748200560220595e-02,-2.199999988079071045e-02,3.625524842785420310e-01,-2.779999971389770508e-01
2.640312964600000001e+01,8.669505631839466431e-02,-1.899999938905239105e-02,3.642363136590021089e-01,-1.480000019073486328e-01
2.642313724300000288e+01,8.670743773446656921e-02,-1.899999938905239105e-02,3.649052298000961536e-01,-1.480000019073486328e-01
2.644312826600000221e+01,8.897728195361466474e-02,0.000000000000000000e+00,3.829667348067458676e-01,-3.700000047683715820e-02
2.646311937600000164e+01,9.315928059908423764e-02,0.000000000000000000e+00,3.890354944527851244e-01,-3.700000047683715820e-02
2.648314924400000336e+01,9.347882361324219569e-02,0.000000000000000000e+00,3.895031729774641183e-01,-3.700000047683715820e-02
2.650313038500000218e+01,9.257098806752117603e-02,2.800000086426734924e-02,3.897940232925640180e-01,1.799999922513961792e-02
2.652311780400000174e+01,9.180699866967823031e-02,2.800000086426734924e-02,3.893422477746621979e-01,1.799999922513961792e-02
2.654321089000000100e+01,9.256175877519265405e-02,4.699999839067459106e-02,3.875281826352943715e-01,1.799999922513961792e-02
2.656316100900000166e+01,9.003041467688810418e-02,4.699999839067459106e-02,3.862317884299023008e-01,1.799999922513961792e-02
2.658314752100000078e+01,9.001498019664792849e-02,4.699999839067459106e-02,3.839380216808124247e-01,1.799999922513961792e-02
2.660312615000000136e+01,8.673944779942803496e-02,6.899999827146530151e-02,3.780602485038679350e-01,7.400000095367431641e-02
2.662316296000000193e+01,8.437865329729030139e-02,6.899999827146530151e-02,3.744272416972668216e-01,7.400000095367431641e-02
2.664314014000000341e+01,8.318880366943069704e-02,8.200000226497650146e-02,3.596485044184217217e-01,1.110000014305114746e-01
2.666311254400000053e+01,8.113536045830727073e-02,8.200000226497650146e-02,3.245842895517397908e-01,1.110000014305114746e-01
2.668311044400000043e+01,7.926734272635393985e-02,8.200000226497650146e-02,3.015105971619522762e-01,1.110000014305114746e-01
2.670312169200000341e+01,7.601688274289838954e-02,8.799999952316284180e-02,2.728557104729449900e-01,1.480000019073486328e-01
2.672313694200000000e+01,7.336673371903029706e-02,8.799999952316284180e-02,2.442568758198515322e-01,1.480000019073486328e-01
2.674314144900000301e+01,7.012092173596014277e-02,9.499999880790710449e-02,1.988607915703221318e-01,1.850000023841857910e-01
2.676312186700000240e+01,6.760117627587734768e-02,9.499999880790710449e-02,1.690025337432538577e-01,1.850000023841857910e-01
2.678313250300000092e+01,5.938695786632682688e-02,9.499999880790710449e-02,5.871009727010902818e-02,1.850000023841857910e-01
2.680310292900000135e+01,5.368095212608064992e-02,9.799999743700027466e-02,-4.081337433057052877e-03,2.409999966621398926e-01
2.682310173100000128e+01,4.847750389959065015e-02,9.799999743700027466e-02,-4.951891193993814000e-02,2.409999966621398926e-01
2.684313866200000120e+01,4.116099100101625052e-02,9.499999880790710449e-02,-1.040540443629730111e-01,2.969999909400939941e-01
2.686312918600000188e+01,3.419957899697131237e-02,9.499999880790710449e-02,-1.540413457546793152e-01,2.969999909400939941e-01
2.688311167300000193e+01,-1.317402790997814627e-03,9.499999880790710449e-02,-2.555342660684588041e-01,2.969999909400939941e-01
2.690331910500000134e+01,-7.752963321017720955e-03,9.099999815225601196e-02,-2.613460314033232423e-01,3.149999976158142090e-01
2.692312081900000109e+01,-3.407172973929111642e-02,9.099999815225601196e-02,-3.084366274685411136e-01,3.149999976158142090e-01
2.694312934700000284e+01,-3.738540151440607195e-02,8.500000089406967163e-02,-3.128014555793640628e-01,2.779999971389770508e-01
2.696311698900000309e+01,-4.332419773050742023e-02,8.500000089406967163e-02,-3.214676420796092060e-01,2.779999971389770508e-01
2.698310080500000296e+01,-4.985618249296108057e-02,8.500000089406967163e-02,-3.316797499200057620e-01,2.779999971389770508e-01
2.700311969500000231e+01,-5.022028108781781408e-02,7.199999690055847168e-02,-3.343893005837514920e-01,2.409999966621398926e-01
2.702318498500000032e+01,-7.428934768097708585e-02,7.199999690055847168e-02,-3.589800188943180759e-01,2.409999966621398926e-01
2.704311696100000262e+01,-7.370588855241864967e-02,3.099999949336051941e-02,-3.606591279084651047e-01,1.110000014305114746e-01
2.706321633800000015e+01,-7.279934926413961227e-02,3.099999949336051941e-02,-3.618496742252866327e-01,1.110000014305114746e-01
2.708312600200000020e+01,-6.684769347542046658e-02,3.099999949336051941e-02,-3.567831886970664890e-01,1.110000014305114746e-01
2.710313166800000317e+01,-7.608509041838411313e-02,3.000000026077032089e-03,-3.701632115777938048e-01,1.799999922513961792e-02
2.712313208300000156e+01,-7.718924856782609367e-02,3.000000026077032089e-03,-3.800328168858294609e-01,1.799999922513961792e-02
2.714311690100000263e+01,-7.917071348773807582e-02,-1.899999938905239105e-02,-3.760243216280943490e-01,-7.400000095367431641e-02
2.716314706800000067e+01,-7.424056011029904478e-02,-1.899999938905239105e-02,-3.790914625811183103e-01,-7.400000095367431641e-02
2.718322174400000080e+01,-7.016587061897081035e-02,-1.899999938905239105e-02,-3.715533254980839528e-01,-7.400000095367431641e-02
2.720312128900000204e+01,-6.535073102767383069e-02,-3.400000184774398804e-02,-3.667426787648714326e-01,-1.299999952316284180e-01
2.722314908500000286e+01,-5.867205690262287249e-02,-3.400000184774398804e-02,-3.554366229046644898e-01,-1.299999952316284180e-01
2.724312165800000329e+01,-5.433311486412559232e-02,-5.000000074505805969e-02,-3.403409834799661637e-01,-2.220000028610229492e-01
2.726310671400000274e+01,-4.529979917703403497e-02,-5.000000074505805969e-02,-3.164189446439701348e-01,-2.220000028610229492e-01
2.728311209200000320e+01,-3.555660210133739646e-02,-5.000000074505805969e-02,-2.956565655468906262e-01,-2.220000028610229492e-01
2.730310728700000311e+01,-2.271864322986243134e-02,-6.899999827146530151e-02,-2.674437042132184472e-01,-2.220000028610229492e-01
2.732313773300000292e+01,-7.664459480064807553e-03,-6.899999827146530151e-02,-2.380043023452120543e-01,-2.220000028610229492e-01
2.734320509700000201e+01,3.046326583110593907e-03,-8.500000089406967163e-02,-2.051620291490690584e-01,-2.779999971389770508e-01
2.736321529400000330e+01,1.349647988350013809e-02,-8.500000089406967163e-02,-1.718020630397124049e-01,-2.779999971389770508e-01
2.738314255100000238e+01,2.943005952431940880e-02,-8.500000089406967163e-02,-9.608891017881730778e-02,-2.779999971389770508e-01
2.740312785400000095e+01,3.654750431791940063e-02,-8.500000089406967163e-02,-5.179709942616622653e-02,-3.529999852180480957e-01
2.742314108900000136e+01,5.336144854078475608e-02,-8.500000089406967163e-02,1.060549738617578563e-01,-3.529999852180480957e-01
2.744321795900000183e+01,5.907668200887751520e-02,-7.199999690055847168e-02,1.696071497507244397e-01,-4.269999861717224121e-01
2.746313955100000115e+01,6.023573310240949719e-02,-7.199999690055847168e-02,1.820420808842780069e-01,-4.269999861717224121e-01
2.748314354100000045e+01,6.367551585989195129e-02,-7.199999690055847168e-02,2.195555991306621102e-01,-4.269999861717224121e-01
2.750314765700000308e+01,7.402945711229727555e-02,-6.599999964237213135e-02,3.357233434683781770e-01,-3.899999856948852539e-01
2.752312391900000321e+01,7.653791927431057018e-02,-6.599999964237213135e-02,3.370329073346545190e-01,-3.899999856948852539e-01
2.754316817700000186e+01,7.638699829474307479e-02,-4.699999839067459106e-02,3.289508776491396613e-01,-2.779999971389770508e-01
2.756311760400000210e+01,8.130458132096028689e-02,-4.699999839067459106e-02,3.534991976810254455e-01,-2.779999971389770508e-01
2.758316086800000022e+01,8.018397079614757172e-02,-4.699999839067459106e-02,3.493829177055126078e-01,-2.779999971389770508e-01
2.760312277200000253e+01,8.254463073474810342e-02,-3.000000026077032089e-03,3.608542209080546903e-01,-1.299999952316284180e-01
2.762312300800000031e+01,8.135314736686957704e-02,-3.000000026077032089e-03,3.532637231259933563e-01,-1.299999952316284180e-01
2.764313221700000156e+01,8.291041429876259972e-02,3.099999949336051941e-02,3.595152235240064997e-01,0.000000000000000000e+00
2.766312921000000102e+01,8.123538022950912985e-02,3.099999949336051941e-02,3.531698462396010707e-01,0.000000000000000000e+00
2.768320705600000053e+01,8.169283359869980443e-02,3.099999949336051941e-02,3.541101759114356207e-01,0.000000000000000000e+00
2.770314318000000142e+01,8.022884492141324486e-02,4.399999976158142090e-02,3.471350254596209939e-01,3.700000047683715820e-02
2.772312000000000154e+01,7.940642965769227624e-02,4.399999976158142090e-02,3.448642779117871981e-01,3.700000047683715820e-02
2.774320566500000140e+01,7.809862842292093765e-02,5.700000002980232239e-02,3.381430649207113337e-01,1.110000014305114746e-01
2.776313660500000324e+01,7.630024707055989286e-02,5.700000002980232239e-02,3.315343953813090772e-01,1.110000014305114746e-01
2.778310178900000338e+01,7.301464584013472869e-02,5.700000002980232239e-02,3.097080916501898096e-01,1.110000014305114746e-01
2.780310852400000243e+01,7.163944407183425733e-02,6.899999827146530151e-02,3.042452639826723759e-01,1.850000023841857910e-01
2.782314828500000203e+01,6.800777003509396457e-02,6.899999827146530151e-02,2.751998278709349988e-01,1.850000023841857910e-01
2.784317102200000349e+01,6.428872945016030072e-02,6.899999827146530151e-02,2.497491277020438272e-01,1.850000023841857910e-01
2.786329958400000351e+01,6.062224090777940111e-02,6.899999827146530151e-02,2.146611073331685104e-01,1.850000023841857910e-01
2.788323125900000221e+01,5.727609048853613688e-02,6.899999827146530151e-02,1.826977137529646189e-01,1.850000023841857910e-01
2.790311310100000242e+01,4.928861648793203543e-02,7.900000363588333130e-02,1.083582951981328091e-01,2.409999966621398926e-01
2.792311434800000214e+01,4.367105149366407729e-02,7.900000363588333130e-02,5.635420374642475388e-02,2.409999966621398926e-01
2.794310506200000077e+01,3.892904526006184945e-02,8.500000089406967163e-02,1.403401109075114520e-02,2.779999971389770508e-01
2.796314083400000072e+01,2.441730641161203932e-02,8.500000089406967163e-02,-8.634024647181116896e-02,2.779999971389770508e-01
2.798310120700000070e+01,1.937850748208167634e-02,8.500000089406967163e-02,-1.126806010337061265e-01,2.779999971389770508e-01
2.800312569800000162e+01,1.163292897722921493e-02,8.799999952316284180e-02,-1.495622657403783418e-01,2.969999909400939941e-01
2.802337538600000144e+01,-6.650956173948368265e-03,8.799999952316284180e-02,-2.163051567628903604e-01,2.969999909400939941e-01
2.804311956900000169e+01,-1.342744625201430092e-02,8.500000089406967163e-02,-2.311428933276917230e-01,3.149999976158142090e-01
2.806321071900000064e+01,-4.275032816568553884e-02,8.500000089406967163e-02,-3.100072888701943530e-01,3.149999976158142090e-01
2.808322354900000306e+01,-3.698156445329323083e-02,8.500000089406967163e-02,-2.909176948938729246e-01,3.149999976158142090e-01
2.810313513100000193e+01,-5.896785845333797627e-02,7.900000363588333130e-02,-3.346080897085473294e-01,2.779999971389770508e-01
2.812314654500000088e+01,-6.428494464817346987e-02,7.900000363588333130e-02,-3.448567299008813980e-01,2.779999971389770508e-01
2.814312602700000099e+01,-6.473050834202942472e-02,5.999999865889549255e-02,-3.426317064029651416e-01,2.039999961853027344e-01
2.816323759900000212e+01,-6.565194811854159485e-02,5.999999865889549255e-02,-3.437039008994724476e-01,2.039999961853027344e-01
2.818322683900000314e+01,-7.230416542507950295e-02,5.999999865889549255e-02,-3.586839629202145385e-01,2.039999961853027344e-01
2.820310739900000030e+01,-6.948174069992080204e-02,2.500000037252902985e-02,-3.523531023643112214e-01,1.110000014305114746e-01
2.822310318300000276e+01,-7.164240724899470503e-02,2.500000037252902985e-02,-3.569542802408920412e-01,1.110000014305114746e-01
2.824314851200000120e+01,-7.155045228430903514e-02,-3.000000026077032089e-03,-3.594901270322990450e-01,-1.799999922513961792e-02
2.826325017300000297e+01,-6.885458349188595950e-02,-3.000000026077032089e-03,-3.570264827102401228e-01,-1.799999922513961792e-02
2.828327556700000045e+01,-7.227578984086847902e-02,-3.000000026077032089e-03,-3.580030598777980133e-01,-1.799999922513961792e-02
2.830312237600000103e+01,-6.796886036564044054e-02,-1.899999938905239105e-02,-3.527271445786823167e-01,-1.110000014305114746e-01
2.832311029200000263e+01,-6.664025269919864047e-02,-1.899999938905239105e-02,-3.513731858732643820e-01,-1.110000014305114746e-01
2.834316655900000015e+01,-6.358650614891094011e-02,-3.400000184774398804e-02,-3.400139588265583268e-01,-1.299999952316284180e-01
2.836311562900000283e+01,-6.193235022008797275e-02,-3.400000184774398804e-02,-3.337884121309298013e-01,-1.299999952316284180e-01
2.838312210700000193e+01,-5.330536842214269461e-02,-3.400000184774398804e-02,-3.176115020470033357e-01,-1.299999952316284180e-01
2.840312138200000192e+01,-4.892742876235465360e-02,-5.000000074505805969e-02,-3.095257482589293119e-01,-1.850000023841857910e-01
2.842310794500000171e+01,-4.153477680755190277e-02,-5.000000074505805969e-02,-2.944244015934098790e-01,-1.850000023841857910e-01
2.844318046100000075e+01,-3.227143610957493997e-02,-6.899999827146530151e-02,-2.694485125219202581e-01,-2.220000028610229492e-01
2.846310616600000287e+01,-2.020171162240136375e-02,-6.899999827146530151e-02,-2.382518881565015845e-01,-2.220000028610229492e-01
2.848310578500000290e+01,-1.075807779462575019e-02,-6.899999827146530151e-02,-2.124236899662777511e-01,-2.220000028610229492e-01
2.850323620800000057e+01,1.127271601808572249e-02,-8.500000089406967163e-02,-1.401727068394331421e-01,-2.779999971389770508e-01
2.852311931600000250e+01,2.303943683323635486e-02,-8.500000089406967163e-02,-8.139192457119957813e-02,-2.779999971389770508e-01
2.854312517100000335e+01,3.002153420269068271e-02,-8.799999952316284180e-02,-3.658800295915844158e-02,-3.339999914169311523e-01
2.856322696700000208e+01,4.528652394828235755e-02,-8.799999952316284180e-02,8.048913151814932054e-02,-3.339999914169311523e-01
2.858313302300000203e+01,4.845478210399193492e-02,-8.799999952316284180e-02,1.100164114993029962e-01,-3.339999914169311523e-01
2.860319194400000242e+01,5.231266609689620012e-02,-7.599999755620956421e-02,1.448266285037977108e-01,-3.709999918937683105e-01
2.862314356900000334e+01,5.979786891057261439e-02,-7.599999755620956421e-02,2.124290314013926873e-01,-3.709999918937683105e-01
2.864326278900000133e+01,6.320610247467725595e-02,-5.999999865889549255e-02,2.426606855212439795e-01,-3.529999852180480957e-01
2.866323666000000259e+01,7.305562366321419199e-02,-5.999999865889549255e-02,3.330894826981674606e-01,-3.529999852180480957e-01
2.868315731300000238e+01,7.114166654646686405e-02,-5.999999865889549255e-02,3.070504444883226935e-01,-3.529999852180480957e-01
2.870313057400000289e+01,7.413311859290699912e-02,-4.699999839067459106e-02,3.247436712521221125e-01,-2.779999971389770508e-01
2.872310689900000114e+01,7.740389794686440561e-02,-4.699999839067459106e-02,3.506883306210580309e-01,-2.779999971389770508e-01
2.874326813300000083e+01,8.125019153803564320e-02,-6.000000052154064178e-03,3.690820266461217747e-01,-1.480000019073486328e-01
2.876315689400000153e+01,8.083181955110793626e-02,-6.000000052154064178e-03,3.551075879907180655e-01,-1.480000019073486328e-01
2.878311834900000221e+01,8.115735365954336589e-02,-6.000000052154064178e-03,3.540719875715090392e-01,-1.480000019073486328e-01
2.880311217200000229e+01,8.122162450116704457e-02,2.500000037252902985e-02,3.551419320908680288e-01,-3.700000047683715820e-02
2.882316293000000229e+01,7.983008129424103150e-02,2.500000037252902985e-02,3.494043066196272362e-01,-3.700000047683715820e-02
2.884315155700000233e+01,7.919642204236933269e-02,4.399999976158142090e-02,3.472888877882954750e-01,3.700000047683715820e-02
2.886310653200000331e+01,7.754664597736478371e-02,4.399999976158142090e-02,3.408033940559319075e-01,3.700000047683715820e-02
2.888312401700000009e+01,7.544773992791267703e-02,4.399999976158142090e-02,3.368497223345999769e-01,3.700000047683715820e-02
2.890322286300000343e+01,7.526901658852752641e-02,6.300000101327896118e-02,3.387703537695812006e-01,1.110000014305114746e-01
2.892311839900000336e+01,7.385462050995744709e-02,6.300000101327896118e-02,3.252497334605842783e-01,1.110000014305114746e-01
2.894310370700000234e+01,6.999565094917910291e-02,6.899999827146530151e-02,3.013634118534908590e-01,1.110000014305114746e-01
2.896312713900000091e+01,6.798627884310107228e-02,6.899999827146530151e-02,2.927735301023931536e-01,1.110000014305114746e-01
2.898320219100000017e+01,6.418721610722860627e-02,6.899999827146530151e-02,2.732098655923131947e-01,1.110000014305114746e-01
2.900312097900000197e+01,6.136994554494733939e-02,8.200000226497650146e-02,2.497275088756022721e-01,1.480000019073486328e-01
2.902311285300000065e+01,5.470061123715730389e-02,8.200000226497650146e-02,2.061565728882855109e-01,1.480000019073486328e-01
2.904323226900000066e+01,5.038526139747904337e-02,9.099999815225601196e-02,1.743481304366863438e-01,2.039999961853027344e-01
2.906310568300000341e+01,4.294123129915663334e-02,9.099999815225601196e-02,1.197478796554737740e-01,2.039999961853027344e-01
2.908312876100000111e+01,4.121608148951744904e-02,9.099999815225601196e-02,1.033002390736952464e-01,2.039999961853027344e-01
2.910311379600000237e+01,3.130051365101420291e-02,9.099999815225601196e-02,3.470924812984464702e-02,2.779999971389770508e-01
2.912320188000000343e+01,2.411844315409377923e-02,9.099999815225601196e-02,-1.151551993465967615e-02,2.779999971389770508e-01
2.914337066800000287e+01,1.057598482713100266e-03,9.099999815225601196e-02,-1.404029980261983779e-01,3.149999976158142090e-01
2.916314262800000279e+01,-1.396911413069411301e-02,9.099999815225601196e-02,-1.924926358073913435e-01,3.149999976158142090e-01
2.918310533600000056e+01,-1.685361153366132098e-02,9.099999815225601196e-02,-2.002154823320562438e-01,3.149999976158142090e-01
2.920314690900000087e+01,-3.761116175213721768e-02,8.200000226497650146e-02,-2.683747747399658490e-01,3.339999914169311523e-01
2.922317163100000315e+01,-4.028063116271711486e-02,8.200000226497650146e-02,-2.802182276257590421e-01,3.339999914169311523e-01
2.924323976600000208e+01,-4.508449293027978755e-02,6.899999827146530151e-02,-2.905502615648128395e-01,3.339999914169311523e-01
2.926309790800000243e+01,-6.421744775280315010e-02,6.899999827146530151e-02,-3.379350550705777501e-01,3.339999914169311523e-01
2.928312466400000247e+01,-5.963339904995041546e-02,6.899999827146530151e-02,-3.250716760511593861e-01,3.339999914169311523e-01
2.930316363900000098e+01,-6.527769049379342214e-02,4.699999839067459106e-02,-3.395602789303127089e-01,2.779999971389770508e-01
2.932317095000000151e+01,-7.244611135368694832e-02,4.699999839067459106e-02,-3.637945594135485461e-01,2.779999971389770508e-01
2.934312698100000105e+01,-7.631984124024926430e-02,1.899999938905239105e-02,-3.620389445331986256e-01,1.110000014305114746e-01
2.936311745900000147e+01,-7.541285663896910019e-02,1.899999938905239105e-02,-3.620548366911353066e-01,1.110000014305114746e-01
2.938315853900000008e+01,-7.265331367589776546e-02,1.899999938905239105e-02,-3.609745511827525677e-01,1.110000014305114746e-01
2.940312423300000333e+01,-7.582999987285074517e-02,-8.999999612569808960e-03,-3.642610041004452626e-01,1.799999922513961792e-02
2.942310901800000167e+01,-7.350684501922973013e-02,-8.999999612569808960e-03,-3.661497029785232282e-01,1.799999922513961792e-02
2.944314184400000300e+01,-7.787735857802544071e-02,-1.899999938905239105e-02,-3.714270820829185804e-01,-1.110000014305114746e-01
2.946313835800000192e+01,-7.478417448719516802e-02,-1.899999938905239105e-02,-3.748962124639881321e-01,-1.110000014305114746e-01
2.948310285000000164e+01,-6.885548541398087141e-02,-1.899999938905239105e-02,-3.617063831606991964e-01,-1.110000014305114746e-01
2.950313539100000071e+01,-6.379114143031251738e-02,-3.099999949336051941e-02,-3.635593137361168847e-01,-1.480000019073486328e-01
2.952342126700000335e+01,-6.300253494805024834e-02,-3.099999949336051941e-02,-3.527886188838954551e-01,-1.480000019073486328e-01
2.954311863900000290e+01,-5.873426787566608798e-02,-5.700000002980232239e-02,-3.241499874778945856e-01,-2.220000028610229492e-01
2.956312567000000158e+01,-5.104792795143934386e-02,-5.700000002980232239e-02,-3.040505239872798859e-01,-2.220000028610229492e-01
2.958311492800000053e+01,-3.762638097362661083e-02,-5.700000002980232239e-02,-2.718085108009323791e-01,-2.220000028610229492e-01
2.960315433100000249e+01,-2.840621401093614690e-02,-7.599999755620956421e-02,-2.469097877834978416e-01,-2.599999904632568359e-01
2.962329169900000281e+01,-1.166784993495975989e-02,-7.599999755620956421e-02,-1.942902052305497396e-01,-2.599999904632568359e-01
2.964312117300000082e+01,-2.012012281631270910e-04,-8.799999952316284180e-02,-1.529903405955098661e-01,-2.969999909400939941e-01
2.966311370900000099e+01,8.945019660021067548e-03,-8.799999952316284180e-02,-1.108354208948638953e-01,-2.969999909400939941e-01
2.968326288800000157e+01,1.885260549330272303e-02,-8.799999952316284180e-02,-6.225709964569794974e-02,-2.969999909400939941e-01
2.970315486100000157e+01,3.380282087389677170e-02,-9.499999880790710449e-02,3.123343272143129512e-02,-3.709999918937683105e-01
2.972313071100000315e+01,3.974338927568722007e-02,-9.499999880790710449e-02,7.206296295994014944e-02,-3.709999918937683105e-01
2.974319871900000223e+01,5.210126681822151856e-02,-8.500000089406967163e-02,1.758267459149156220e-01,-3.899999856948852539e-01
2.976314788900000252e+01,5.573551813226889501e-02,-8.500000089406967163e-02,2.039626375119321655e-01,-3.899999856948852539e-01
2.978319996600000152e+01,6.925699918039765479e-02,-8.500000089406967163e-02,3.108033035662766674e-01,-3.899999856948852539e-01
2.980310939000000303e+01,6.689997657680184229e-02,-6.899999827146530151e-02,2.870301153566044428e-01,-3.709999918937683105e-01
2.982311016700000295e+01,7.150787934276657543e-02,-6.899999827146530151e-02,3.163574207519528336e-01,-3.709999918937683105e-01
2.984320867600000327e+01,7.555526834794262792e-02,-4.100000113248825073e-02,3.476842330428323025e-01,-2.779999971389770508e-01
2.986314491200000276e+01,8.070392194323529333e-02,-4.100000113248825073e-02,3.615550978693239936e-01,-2.779999971389770508e-01
2.988316988200000068e+01,7.859061829017592593e-02,-4.100000113248825073e-02,3.461186189583116413e-01,-2.779999971389770508e-01
2.990312220600000259e+01,8.251840068459888322e-02,-3.000000026077032089e-03,3.629995106661612625e-01,-1.299999952316284180e-01
2.992311426700000254e+01,8.051116367629410076e-02,-3.000000026077032089e-03,3.572403870223881395e-01,-1.299999952316284180e-01
2.994334961900000280e+01,8.191637278335739403e-02,3.799999877810478210e-02,3.646358957126598632e-01,0.000000000000000000e+00
2.996312150100000338e+01,8.132401671525117670e-02,3.799999877810478210e-02,3.646891698164091422e-01,0.000000000000000000e+00
2.998311932500000054e+01,7.993767065553257500e-02,3.799999877810478210e-02,3.687648384117709344e-01,0.000000000000000000e+00
3.000312043900000347e+01,8.120679837341925056e-02,5.299999937415122986e-02,3.750182697895430017e-01,5.499999970197677612e-02
3.002316902600000148e+01,7.737746855497229514e-02,5.299999937415122986e-02,3.631659210647754099e-01,5.499999970197677612e-02
3.004329730200000270e+01,7.573029161939014153e-02,5.999999865889549255e-02,3.599679623672915607e-01,9.200000017881393433e-02
3.006311989100000304e+01,7.371184295892108107e-02,5.999999865889549255e-02,3.351094333005749104e-01,9.200000017881393433e-02
3.008313701000000151e+01,7.118511486605440253e-02,5.999999865889549255e-02,3.184481044003134587e-01,9.200000017881393433e-02
3.010323202000000364e+01,6.706148039434908781e-02,6.599999964237213135e-02,2.949877592523480474e-01,1.299999952316284180e-01
3.012324892900000251e+01,6.527165298483447731e-02,6.599999964237213135e-02,2.915473062023340445e-01,1.299999952316284180e-01
