time,solve_ms,error_m,sigma,v_cmd,w_cmd,v_actual,w_actual,base_x,base_y,yaw,target_x
0,58.202550000000002,0,0.091754758612154014,-0.00076037259200267826,0.00027711473255997987,0,0,0,0,0,0.20008053426432076
0.02,15.729867,1.8844117318836006e-05,0.091752283613058525,-0.00081759275051052072,0.00013952574480757818,0,0,0,0,0,0.20008053426432076
0.040000000000000001,11.388287,3.4746173397650516e-05,0.091750083366872848,-0.00087527777383655803,-2.0592796936114155e-05,0,0,0,0,0,0.20008053426432076
0.059999999999999998,12.067482999999999,4.8123459135285496e-05,0.091748094190910762,-0.00092641844480523261,-0.0001007508765606957,0,0,0,0,0,0.20008053426432076
0.080000000000000002,12.669743,5.9064922991608526e-05,0.091746310945295742,-0.00096728772003729091,-0.00015631959847706156,0,0,0,0,0,0.20008053426432076
0.10000000000000001,10.716813999999999,6.8019197261541669e-05,0.091744700804368765,-0.0010022159377944817,-0.00018783200498262431,0,0,0,0,0,0.20008053426432076
0.12,11.807214,7.5360915560701509e-05,0.091743226228857416,-0.0010269101708835215,-0.0002101542976680193,0,0,0,0,0,0.20008053426432076
0.14000000000000001,12.141059,8.022023239846465e-05,0.091741873151455627,-0.0010472395971108384,-0.00021879820656955928,-6.2377096444938505e-05,0,-1.2475419288987701e-06,0,0,0.20008053426432076
0.16,11.945124,8.3089599611041052e-05,0.091740604064807885,-0.0010580356007925396,-0.00015183117561612391,-0.00012319414972721188,2.0246402115140687e-05,-3.7114249234429576e-06,-4.9884765872199291e-13,4.0492804230281375e-07,0.20008053426432076
0.17999999999999999,12.206973,8.4407154116159593e-05,0.09173938955160095,-0.0010622790725118847,-0.00012635080399991949,-0.00018264570906837088,2.9150814295151948e-05,-7.3643391048094902e-06,-3.0428692762547671e-12,9.8794432820585269e-07,0.20008053426432076
0.20000000000000001,11.995523,8.4124673074654737e-05,0.091738229473032645,-0.0010580508379658404,-6.4507339920361062e-05,-0.00024033181717370103,2.5789592302468333e-05,-1.2170975448279781e-05,-9.0311703059807165e-12,1.5037361742552193e-06,0.20008053426432076
0.22,21.002555999999998,8.258530268909213e-05,0.091737107475166876,-0.001048132609736907,-1.8013949972583987e-05,-0.00029558686986634407,1.6785989354512136e-05,-1.8082712845598404e-05,-1.8913207293215952e-11,1.8394559613454621e-06,0.20008053426432076
0.23999999999999999,9.8620059999999992,7.9926218262254726e-05,0.091736023531639732,-0.0010287372777955106,0.00017188299962622722,-0.00034816723712080539,4.2959156432783248e-06,-2.5046057588002174e-05,-3.2021112706633958e-11,1.9253742742110288e-06,0.20008053426432076
0.26000000000000001,11.882452000000001,7.6938413560393817e-05,0.091734932939870409,-0.0010118339133069476,0.00027289074934877533,-0.00039750154601424963,-9.7009783669809061e-06,-3.2996088508273878e-05,-4.6556666939979672e-11,1.7313547068714106e-06,0.20008053426432076
0.28000000000000003,9.5305879999999998,7.3433515032811687e-05,0.091733855774631889,-0.00098395931811046111,0.00041360236971232922,-0.00044355718846106817,-2.4437276845883942e-05,-4.1867232277485438e-05,-5.9747897497868192e-11,1.2426091699537319e-06,0.20008053426432076
0.29999999999999999,10.758863,6.9856935134621759e-05,0.091732778313680513,-0.00095409653496458802,0.00053636659215072768,-0.00048588081883142877,-3.8866522967700182e-05,-5.1584848654110473e-05,-6.8046197116623066e-11,4.6527871059972821e-07,0.20008053426432076
0.32000000000000001,10.113254,6.6349722455772233e-05,0.091731710969079422,-0.00092935350559608665,0.00067053934676675198,-0.00052430908222255866,-4.7484029265637969e-05,-6.2071030298561643e-05,-6.7945932630368689e-11,-4.8440187471303116e-07,0.20008053426432076
0.34000000000000002,11.300248,6.3187189779572282e-05,0.091730634379781892,-0.00090136946004504281,0.00079794390067533527,-0.00055853756283945192,-5.3691034020698949e-05,-7.3241781555344855e-05,-5.6537107921978855e-11,-1.55822255512701e-06,0.20008053426432076
0.35999999999999999,11.393501000000001,6.0546859531155187e-05,0.091729557625619476,-0.00086281344424810058,0.00094508859574737869,-0.00058852056396346808,-5.4984327640016999e-05,-8.5012192834588065e-05,-3.1724306081147367e-11,-2.65790910792735e-06,0.20008053426432076
0.38,12.189462000000001,5.8636839223613494e-05,0.09172847860848464,-0.00082851853623777671,0.0011044398782988907,-0.00061390629532365008,-5.2798374269214618e-05,-9.7290318740998749e-05,7.3924874632248209e-12,-3.7138765933116423e-06,0.20008053426432076
0.40000000000000002,12.750184000000001,5.7516807836327444e-05,0.091727379084498767,-0.00079211082536589927,0.0012352876529071466,-0.0006353601197423603,-3.6877504231042221e-05,-0.00010999752113574005,5.9271568104584264e-11,-4.4514266779324871e-06,0.20008053426432076
0.41999999999999998,10.088400999999999,5.709000885128785e-05,0.09172626618912251,-0.00076014270386037808,0.0013465617694414789,-0.0006523762367580694,-1.4590899191822324e-05,-0.00012304504587076355,1.1925541897258985e-10,-4.7432446617689338e-06,0.20008053426432076
0.44,9.4774499999999993,5.7242413446694739e-05,0.091725135013213902,-0.00073075150729318139,0.001443260311439154,-0.00066523648190523375,1.6556814580222467e-05,-0.00013634977550872884,1.8016016738801515e-10,-4.4121083701644846e-06,0.20008053426432076
0.46000000000000002,10.679087000000001,5.7802113339557378e-05,0.091723986609526784,-0.00070256675708124661,0.0015268678588045148,-0.00067477753249095161,5.468998986636725e-05,-0.00014984532615844705,2.3232328408713408e-10,-3.3183085728371398e-06,0.20008053426432076
0.47999999999999998,11.595369,5.8575652960934346e-05,0.091722824298491198,-0.00067687238296088026,0.0015970262833038262,-0.00068106630332585188,0.00010019723034275189,-0.00016346665222492755,2.6387485569243398e-10,-1.3143639659821022e-06,0.20008053426432076
0.5,10.012119,5.9389841638802993e-05,0.091721648443923984,-0.00064996688292939808,0.0016467617234328102,-0.00068356160601361219,0.00015211437029623331,-0.00017713788434519951,2.6104792191040845e-10,1.7279234399425639e-06,0.20008053426432076
0.52000000000000002,10.404097999999999,6.006151611958621e-05,0.091720469324676493,-0.00063270694495365376,0.0016940629719277567,-0.00068299334335416152,0.00021147539164684574,-0.00019079775121218188,2.0855746080880775e-10,5.9574312728794784e-06,0.20008053426432076
0.54000000000000004,12.5565,6.0497512918252895e-05,0.091719268073821872,-0.00061470640380090202,0.0017207738201019396,-0.00067949535297012992,0.00027869800732351779,-0.0002043876582710649,8.9721723327438458e-11,1.1531391419349835e-05,0.20008053426432076
0.56000000000000005,10.458879,6.0579659282452e-05,0.091718055469074702,-0.00059923230822978013,0.0017330111222007005,-0.00067372557846859997,0.00035119898685779838,-0.00021786216983891223,-1.1298049187157381e-10,1.8555371156505803e-05,0.20008053426432076
0.57999999999999996,10.052198000000001,6.0267215856218375e-05,0.091716832955879748,-0.00058643077859610315,0.0017295035670246151,-0.00066612319277296525,0.00042721205939626466,-0.0002311846336909004,-4.1709892560157284e-10,2.7099612344431094e-05,0.20008053426432076
0.59999999999999998,12.442748,5.9546677767818142e-05,0.09171560159401479,-0.00057312466576675547,0.0017062360168225155,-0.00065697090907482106,0.00050544861913988468,-0.0002443240518656045,-8.3958507244008391e-10,3.7208584727228788e-05,0.20008053426432076
0.62,10.707680999999999,5.8430075280197374e-05,0.091714370983912857,-0.00057007558220023569,0.0016810769675092985,-0.00064662842204810003,0.00058481060011203933,-0.00025725662029457881,-1.3964186719537434e-09,4.8904796729469574e-05,0.20008053426432076
0.64000000000000001,10.703514,5.7011598042339114e-05,0.091713121408691367,-0.00056546060722606484,0.0016379404051392044,-0.00063511571004143277,0.00066424370932333977,-0.00026995893447581101,-2.1019970885937703e-09,6.218967091593637e-05,0.20008053426432076
0.66000000000000003,10.380611999999999,5.5339016714775512e-05,0.091711865434487574,-0.00056344810582142912,0.0015849206363984791,-0.00062334137573122957,0.00074225128375286266,-0.00028242576196022939,-2.9698401756636638e-09,7.7034696590993622e-05,0.20008053426432076
0.68000000000000005,17.704806999999999,5.3514876579576615e-05,0.09171060312789997,-0.00055092578093729472,0.0015611469235290443,-0.0006112708947514856,0.00081874627344384002,-0.00029465117981086362,-4.0117166860727142e-09,9.3409622059870424e-05,0.20008053426432076
0.70000000000000007,10.057033000000001,5.1437542598112636e-05,0.091709353083084519,-0.00056802320381876825,0.0014309925785918054,-0.00059914121628883914,0.0008923206540538104,-0.0003066340040738983,-5.2379529918110429e-09,0.00011125603514094664,0.20008053426432076
0.71999999999999997,10.093575,4.9743349982927508e-05,0.091708078577760394,-0.00057516246948408067,0.001329910516305155,-0.00058717751934410335,0.00096210298775064489,-0.0003183775543749863,-6.6574788920168213e-09,0.00013049809489595952,0.20008053426432076
0.73999999999999999,11.645636,4.8296297160159536e-05,0.091706799451801102,-0.00058071608077980841,0.0012441422632276655,-0.0005753217687320723,0.001027184456755851,-0.00032988398963562096,-8.2772390977964045e-09,0.00015104178403107653,0.20008053426432076
0.76000000000000001,11.210793000000001,4.7133139434875454e-05,0.091705518531184707,-0.00058419347252147702,0.0011798146270454168,-0.00056440457592911854,0.0010864207762334992,-0.00034117208100625286,-1.0104848742582591e-08,0.00017277019955574651,0.20008053426432076
0.78000000000000003,13.067171999999999,4.6298907703027267e-05,0.09170423798387084,-0.00059204745330232456,0.0010865327476077269,-0.00055420338087274282,0.0011400460415738303,-0.0003522561484357284,-1.2146208779317724e-08,0.0001955711203872231,0.20008053426432076
0.80000000000000004,11.022377000000001,4.5913738254927608e-05,0.091702956467900179,-0.00060251204380934453,0.0009817397274582973,-0.00054485988940637881,0.001187104170708296,-0.00036315334598939052,-1.4406747033043523e-08,0.00021931320380138902,0.20008053426432076
0.82000000000000006,15.503662,4.5992362764050288e-05,0.091701673372262246,-0.00060723246655314256,0.00088540437835149532,-0.00053542593347241782,0.001227291358361651,-0.00037386186437167853,-1.6886691272478464e-08,0.00024385903096862203,0.20008053426432076
0.83999999999999997,13.402412999999999,4.645112480298972e-05,0.091700401084974681,-0.00062587635912514372,0.0007620650945971974,-0.00052834043659374399,0.0012631819896624255,-0.00038442867275597113,-1.9596981005330144e-08,0.00026912267076187053,0.20008053426432076
0.85999999999999999,14.057819,4.7222998725716151e-05,0.091699116514221662,-0.00063655953425278966,0.000664585021702635,-0.00052255101949494039,0.0012872773997471847,-0.00039487969273032991,-2.2544121109308479e-08,0.0002948682187568142,0.20008053426432076
0.88,10.92403,4.8158718863894289e-05,0.091697832871331264,-0.00064474237053069317,0.00058120885140322542,-0.00051779765475663461,0.001302452916346882,-0.00040523564533460107,-2.5732643914724877e-08,0.00032091727708375182,0.20008053426432076
0.90000000000000002,11.659338999999999,4.9163624297623e-05,0.091696552255328523,-0.00064717881651299436,0.00053678951359970029,-0.00051380614253010112,0.0013103955170258883,-0.00041551176761194864,-2.9165087068250174e-08,0.00034712518742426957,0.20008053426432076
0.92000000000000004,12.601737999999999,5.0228002826963735e-05,0.091695276005986232,-0.0006537442531544535,0.00045514423405101923,-0.00051085913053923817,0.0013131323652675864,-0.00042572894955971612,-3.2845893549028768e-08,0.00037338783472962129,0.20008053426432076
0.94000000000000006,13.695133,5.117420615354076e-05,0.091694007944386716,-0.00065955081501245516,0.00041893619640109847,-0.00050906605554271167,0.0013088795886612265,-0.00043591026991020797,-3.6780736129219547e-08,0.00039956542650284579,0.20008053426432076
0.95999999999999996,11.803475000000001,5.2041393999556158e-05,0.091692735371671441,-0.00066363194671392733,0.00035594067697619636,-0.0005078399984669241,0.0012972413519754819,-0.0004460670690152664,-4.0970800331262654e-08,0.00042551025354235544,0.20008053426432076
0.97999999999999998,12.058120000000001,5.266035371499552e-05,0.091691471514945638,-0.00066533715178040964,0.00031736328869857999,-0.00050826631916772573,0.0012793059818300948,-0.00045623239442219157,-4.5426296423822029e-08,0.00045109637317895736,0.20008053426432076
1,12.073587,5.3026538460409287e-05,0.091690213703187362,-0.0006611127845630449,0.00032503169306430379,-0.0005095262891208934,0.00125350161074711,-0.000466422919109362,-5.015094388061989e-08,0.00047616640539389958,0.20008053426432076
1.02,15.290817000000001,5.3232282792752494e-05,0.091688960374100598,-0.00066559909667862627,0.00031237297607589198,-0.00051133120936402163,0.0012222187447796604,-0.00047664954207699776,-5.5145510278413124e-08,0.00050061078028949282,0.20008053426432076
1.04,11.850987,5.3197802327908998e-05,0.09168769879345523,-0.00066450497623904425,0.00030650931304698759,-0.00051315503712564669,0.0011868367733617598,-0.00048691264147178665,-6.040513517278468e-08,0.000524347515756728,0.20008053426432076
1.0600000000000001,14.441238,5.2932527796675465e-05,0.091686439745105208,-0.00066085544905947202,0.0002816041872089059,-0.00051533459806093345,0.0011504630203458476,-0.00049721933195328639,-6.5927997913650774e-08,0.000547356776163645,0.20008053426432076
1.0800000000000001,10.904806000000001,5.2367108174169548e-05,0.091685194753756499,-0.00065614548838777154,0.00033431188248123078,-0.00051777197119149678,0.001110440873583007,-0.00050757476976229482,-7.1711108583832541e-08,0.00056956559363530515,0.20008053426432076
1.1000000000000001,12.705264,5.1752659488672441e-05,0.091683941641768643,-0.00064848260969174731,0.00034391394804611508,-0.00052029976207465111,0.0010703224181179349,-0.00051798076325187666,-7.774938280195785e-08,0.00059097204199766386,0.20008053426432076
1.1200000000000001,14.530293,5.0973269841043696e-05,0.09168270040235986,-0.00064307014749953595,0.00036119786326782588,-0.00052271399626047706,0.0010281566560128262,-0.00052843504128744433,-8.4035055953145369e-08,0.00061153517511792035,0.20008053426432076
1.1400000000000001,15.192686,5.0099114955950083e-05,0.091681462668989161,-0.00063701487631639964,0.00038606233645666066,-0.00052453962732246641,0.00098585800883193436,-0.00053892583180848786,-9.0553968509148296e-08,0.00063125233529455905,0.20008053426432076
1.1599999999999999,17.502814999999998,4.9196249744663624e-05,0.091680227794925254,-0.00062907991184690815,0.00042546080602434699,-0.00052655024996299733,0.00094681372465477696,-0.00054945683464613945,-9.7301398546944639e-08,0.00065018860978765462,0.20008053426432076
1.1799999999999999,15.921582000000001,4.8342501468315263e-05,0.091678995123923676,-0.00062056192569492907,0.00050980047327175981,-0.00052826952615693957,0.00090933139679257491,-0.00056002222287314081,-1.0426696903166791e-07,0.00066837523772350616,0.20008053426432076
1.2,15.971754000000001,4.7655989303234233e-05,0.091677752165830559,-0.00060779892785500778,0.00058210736679242814,-0.00052951703451469001,0.00087380799709255619,-0.00057061256113569202,-1.114378292040348e-07,0.00068585139766535726,0.20008053426432076
1.22,15.546226000000001,4.7099014617521939e-05,0.091676511875518438,-0.0005995138070735706,0.00060858111631478806,-0.00053025308316968507,0.00083872756016433814,-0.00058121762024343916,-1.188002725517344e-07,0.00070262594886864405,0.20008053426432076
1.24,16.373080000000002,4.6640742059812009e-05,0.091675278610980696,-0.00059478794020906278,0.00065325484587575033,-0.00053028671007099857,0.00080973237735953898,-0.00059182335176623485,-1.2633801403755445e-07,0.0007188205964158348,0.20008053426432076
1.26,11.711717999999999,4.6345762249011507e-05,0.091674039958745915,-0.00058652716412144201,0.00070088194714479357,-0.00052987295460592396,0.00078328550533038224,-0.00060242080806049048,-1.3403869358595312e-07,0.00073448630652244243,0.20008053426432076
1.28,13.052213,4.6212117940357043e-05,0.091672802186661947,-0.00057799453616924623,0.00072996153859961055,-0.00052900393974379234,0.00075978588330828439,-0.00061300088394220041,-1.4189000180723948e-07,0.00074968202418860814,0.20008053426432076
1.3,11.695033,4.6225702296998204e-05,0.091671571569553592,-0.00056724573738131667,0.00081227571714670432,-0.00052757111053528189,0.00073959964064866527,-0.00062355230312904203,-1.4987825088588327e-07,0.00076447401700158147,0.20008053426432076
1.3200000000000001,11.207065999999999,4.6368559038071593e-05,0.091670336750099862,-0.00055638962659543267,0.00087248061831513013,-0.00052558316837625146,0.00072357761532563668,-0.00063406396336653024,-1.5799020364378924e-07,0.00077894556930809423,0.20008053426432076
1.3400000000000001,10.235341,4.6576452440981845e-05,0.091669105154845873,-0.00054312063019690271,0.00092163999015326681,-0.00052274753122034251,0.00071473804747315239,-0.0006445189107606601,-1.6620876577353034e-07,0.00079324033025755727,0.20008053426432076
1.3600000000000001,11.108086999999999,4.6781545356552531e-05,0.091667885088046561,-0.00053943850990245679,0.00097457375842235905,-0.00051951653346081678,0.00071174433801606126,-0.0006549092381019962,-1.7452474680747239e-07,0.00080747521701787848,0.20008053426432076
1.3800000000000001,11.622577,4.7018768845606893e-05,0.091666654005703299,-0.00053349062639274081,0.0010099433200005947,-0.00051622179807520605,0.00071087551514351555,-0.00066523367063812597,-1.829348659333171e-07,0.00082169272732074883,0.20008053426432076
1.4000000000000001,16.651734999999999,4.7240907951533817e-05,0.091665423126504234,-0.00052476200488404956,0.0010318295468136895,-0.00051257972961080308,0.00071332595672818279,-0.00067548526170916289,-1.9143165296557163e-07,0.00083595924645531248,0.20008053426432076
1.4199999999999999,12.765610000000001,4.7398430301261876e-05,0.091664203566853134,-0.00052483905748212933,0.0010602259004466319,-0.00050860285126328201,0.00071910002876474956,-0.00068565731511875921,-2.0000822434012364e-07,0.00085034124703060746,0.20008053426432076
1.4399999999999999,13.147819999999999,4.7553093599765366e-05,0.091662972224673261,-0.00051826083007000534,0.0010783814407693271,-0.00050414292858939327,0.00072663093374733241,-0.00069574016998262284,-2.0865535898109829e-07,0.00086487386570555406,0.20008053426432076
1.46,12.726398,4.7611138575165301e-05,0.091661749553731089,-0.00051992229086295083,0.0010878166253007748,-0.00049923958956859095,0.00073969617066386192,-0.00070572495797549854,-2.173648004740575e-07,0.00087966778911883125,0.20008053426432076
1.48,9.8206980000000001,4.7640558501745033e-05,0.091660517564789296,-0.0005194069036384974,0.0010921954109921472,-0.00049373935145182932,0.00075632790946005511,-0.00071559974111792303,-2.2612601716876875e-07,0.00089479434730803235,0.20008053426432076
1.5,15.007277999999999,4.7609961280746617e-05,0.09165928759911425,-0.00051280001021014598,0.0010986467928999488,-0.00048848851944017395,0.00077549198910528781,-0.00072536950752752284,-2.3494371507674416e-07,0.0009103041870901381,0.20008053426432076
1.52,11.984987,4.745104920438898e-05,0.09165807184859627,-0.00052141769265956484,0.0010796880614751814,-0.00048327621573456496,0.00079730288182299196,-0.00073503502776706966,-2.4381934458736274e-07,0.00092625024472659792,0.20008053426432076
1.54,22.237494000000002,4.7337248201216162e-05,0.09165684237080661,-0.00051552227801066053,0.0010778452380275638,-0.00047787045979562587,0.00082030873971061108,-0.00074459243279020317,-2.5275029615719714e-07,0.00094265641952081018,0.20008053426432076
1.5600000000000001,15.471803,4.7119806312051192e-05,0.091655629407247891,-0.00052768324147711709,0.0010426144364421575,-0.000473013020333666,0.00084344834079416145,-0.00075405268891812443,-2.6174786241282707e-07,0.00095952538633669346,0.20008053426432076
1.5800000000000001,14.855492999999999,4.6998885008927355e-05,0.091654400698004984,-0.00053201663650304098,0.0010188066373126858,-0.00046810295638926165,0.00086718880591797425,-0.00076341474365788497,-2.7081218112692386e-07,0.00097686916245505288,0.20008053426432076
1.6000000000000001,16.069474,4.6889867250039026e-05,0.091653173525014703,-0.00053714067636656537,0.00098977211072615034,-0.00046382148630572155,0.00089074365607317641,-0.0007726911688767889,-2.7995666699230762e-07,0.00099468403557651636,0.20008053426432076
1.6200000000000001,12.817337,4.681072615624449e-05,0.091651947822152122,-0.00054266497152477555,0.00095948707017257107,-0.00045992700806082111,0.00091348759173114438,-0.00078188970440354018,-2.8919033401355084e-07,0.0010129537874111391,0.20008053426432076
1.6400000000000001,10.461150999999999,4.6774131128777124e-05,0.091650723528749339,-0.00054599162463553341,0.00091858524885779502,-0.00045588100466556681,0.00093510283411159798,-0.00079100731973240704,-2.9851131931957098e-07,0.0010316558440933712,0.20008053426432076
1.6600000000000001,14.480623,4.6765357827118004e-05,0.091649509414613611,-0.00054919180826962233,0.0008881403251717046,-0.0004529476151324879,0.000955812699159936,-0.00080006626712453201,-3.0794362531617983e-07,0.0010507720980765698,0.20008053426432076
1.6799999999999999,10.788168000000001,4.6797869184475621e-05,0.091648301200936186,-0.0005593608165876951,0.00085882795798397638,-0.00044982470523451579,0.00097381835290927439,-0.00080906275617012504,-3.1748449802420033e-07,0.0010702484651347554,0.20008053426432076
1.7,9.7733270000000001,4.6920798501968185e-05,0.091647082219213014,-0.00056550636047614233,0.00082243015186023172,-0.00044801253012455479,0.0009905425457367742,-0.00081802300154550913,-3.271629456911348e-07,0.0010900593160494908,0.20008053426432076
1.72,10.607271000000001,4.7089646420194569e-05,0.091645865730838924,-0.00057223147768636906,0.00079257465325444088,-0.00044673753817988353,0.0010036275229948785,-0.00082695774690264359,-3.3699202363280702e-07,0.0011101318665093884,0.20008053426432076
1.74,10.581186000000001,4.7301695419007705e-05,0.091644648560523748,-0.00057846148543072573,0.00075575131075389379,-0.00044601073046437014,0.0010141396557477706,-0.00083587795591444261,-3.4698509947017118e-07,0.0011304146596243438,0.20008053426432076
1.76,17.800643999999998,4.7536592379905085e-05,0.091643433558882118,-0.00058149329986534326,0.00070749491807919895,-0.00044580997947529251,0.0010218609421433827,-0.00084479414970376398,-3.5715521115011927e-07,0.0011508518784672116,0.20008053426432076
1.78,9.9272480000000005,4.7744259104427078e-05,0.09164223204749572,-0.00058837026543567816,0.0007011826133265231,-0.00044590225799999054,0.0010268777732635058,-0.00085371218885210492,-3.6751013527156427e-07,0.0011713894339324816,0.20008053426432076
1.8,12.273719,4.7994357443662297e-05,0.091641019801435047,-0.00059058288075464205,0.00069265273186402965,-0.00044624781120769979,0.0010285867247794666,-0.00086263713884504926,-3.7805653315133991e-07,0.001191961168428071,0.20008053426432076
1.8200000000000001,9.7290919999999996,4.8246131994342023e-05,0.091639808268449433,-0.00059732961846092891,0.00065599640413527283,-0.00044739293200406855,0.0010279624791918979,-0.00087158499101859033,-3.8881401122896538e-07,0.0012125204180119091,0.20008053426432076
1.8400000000000001,11.716472,4.8456203717435382e-05,0.091638597473308714,-0.0005958491336155447,0.00066597822176639454,-0.00044892738907652984,0.0010252363894128617,-0.0008805635320878794,-3.9979273234141497e-07,0.0012330251458001662,0.20008053426432076
1.8600000000000001,11.298944000000001,4.865585327974201e-05,0.091637389750099815,-0.0005987801194624609,0.00065308502508898414,-0.00045085969177884668,0.0010200246543529072,-0.00088958071895492755,-4.1100313379767178e-07,0.0012534256388872244,0.20008053426432076
1.8800000000000001,10.083429000000001,4.8817287438155414e-05,0.091636183149043191,-0.00060056804218300286,0.00064494386592084396,-0.00045310933478956726,0.0010129635809132159,-0.00089864289841650336,-4.2245370455047821e-07,0.0012736849105054887,0.20008053426432076
1.9000000000000001,15.499997,4.8934564702308077e-05,0.091634977929165806,-0.00060196980100712949,0.00063948613590092407,-0.00045538213722763464,0.0010036618769906258,-0.00090775053365662825,-4.341453784114107e-07,0.0012937581480453012,0.20008053426432076
1.9199999999999999,15.30683,4.9002261626273125e-05,0.09163377381163286,-0.00060261310803344514,0.00063793507711107367,-0.00045799121369102265,0.0009914269383656854,-0.00091691035014660621,-4.4608678528315954e-07,0.0013135866868126149,0.20008053426432076
1.9399999999999999,14.979813,4.902367630288483e-05,0.091632570973909075,-0.00060282898117103301,0.00063861754084193478,-0.00046052020890244701,0.00097951008508679531,-0.00092612074625938469,-4.5827566287159826e-07,0.0013331768885143508,0.20008053426432076
1.96,15.331348999999999,4.9003223638942724e-05,0.091631369145753969,-0.00060259679665453092,0.00064283684011545716,-0.00046334910833907051,0.0009677290382118154,-0.00093538772007079052,-4.7071986486000251e-07,0.001352531469278587,0.20008053426432076
1.98,22.104972,4.8945848553663329e-05,0.091630167998619796,-0.00060086803837267055,0.00061764259954699696,-0.00046577292335135559,0.0009540201891796397,-0.00094470316989661693,-4.8340818301859262e-07,0.0013716118730621799,0.20008053426432076
2,15.107557,4.8804681348022743e-05,0.091628980255512665,-0.00060312020595487681,0.0006430925126963416,-0.000468194163378649,0.00094191377433065445,-0.00095406704423457386,-4.9633999208198096e-07,0.0013904501485487929,0.20008053426432076
2.02,13.595993,4.8690453170480779e-05,0.091627779837556531,-0.00059828478966705845,0.00067294002116558005,-0.00047051931551616314,0.00092963644939489355,-0.00096347742132605935,-5.0951214320489542e-07,0.0014090428775366908,0.20008053426432076
2.04,11.588569,4.8581331489821034e-05,0.091626580389090634,-0.00059934933231620136,0.00066899824553612319,-0.00047272633487126952,0.00091754629074517705,-0.00097293193851533707,-5.2292072187252609e-07,0.0014273938033515943,0.20008053426432076
2.0600000000000001,11.676906000000001,4.8449501292693448e-05,0.09162538181066153,-0.00059389200140014253,0.00070120750042779179,-0.00047476484622679266,0.00090582743253398465,-0.00098242722564360245,-5.3656025617731037e-07,0.001445510352002274,0.20008053426432076
2.0800000000000001,18.427555999999999,4.8336874804328734e-05,0.09162418315541436,-0.00059173823206837284,0.00068649279000609909,-0.00047661668014294209,0.00089474165281637518,-0.00099195954916388791,-5.5042462794998602e-07,0.0014634051850586016,0.20008053426432076
2.1000000000000001,15.403708999999999,4.8193643293737504e-05,0.091622994532748248,-0.00059120984023808276,0.00071961187079949696,-0.00047826379702758996,0.00088441181374147686,-0.0010015248147379877,-5.6450709370100675e-07,0.0014810934213334312,0.20008053426432076
2.1200000000000001,15.134931999999999,4.80978071266452e-05,0.091621795857832103,-0.00058847013236373868,0.00073555494981114578,-0.00047960395106226778,0.00087504817401448643,-0.0010111168831137786,-5.7879778886192018e-07,0.0014985943848137208,0.20008053426432076
2.1400000000000001,13.370153,4.8015304718698306e-05,0.091620597820372518,-0.00058545736585013941,0.00075506480863918313,-0.00048099449405035851,0.00086444019852065549,-0.0010207367620677051,-5.9329725452540172e-07,0.0015158831887841339,0.20008053426432076
2.1600000000000001,12.52563,4.7953545442538622e-05,0.091619398790305118,-0.00058204384059479253,0.0007761656947709028,-0.00048184894456300805,0.00085636727680041323,-0.0010303737297610955,-6.0798831106084131e-07,0.0015330105343201422,0.20008053426432076
2.1800000000000002,12.511692,4.7906692948749215e-05,0.091618200756519594,-0.00057886733656520306,0.00077613090125439044,-0.0004827050552531574,0.00085098924009460199,-0.0010400278193957121,-6.2287029922195042e-07,0.0015500303191220341,0.20008053426432076
2.2000000000000002,11.380012000000001,4.7864137603101108e-05,0.091617009268670266,-0.00057483085230680686,0.00081902481398810068,-0.00048302763836209986,0.00084566575112685169,-0.0010496883604307868,-6.3792613880196541e-07,0.0015669436341445712,0.20008053426432076
2.2200000000000002,10.072614,4.7846955668229857e-05,0.091615811260919736,-0.00057092147577142427,0.00084068144883442386,-0.00048314119415891754,0.0008430345820658791,-0.0010593511723233542,-6.5314869382394512e-07,0.0015838043257858888,0.20008053426432076
2.2400000000000002,12.117076000000001,4.7833350849633919e-05,0.091614614038562775,-0.00056739112477188769,0.00086357773803147353,-0.00048320001797364474,0.00083949592025583779,-0.0010690151604332329,-6.6853570178516042e-07,0.0016005942441910056,0.20008053426432076
2.2600000000000002,11.162044,4.7820321444250503e-05,0.091613415913425034,-0.00056474939212280972,0.00087867658784457348,-0.00048302819226983605,0.00083860237179051909,-0.001078675711773914,-6.8407935168266377e-07,0.0016173662916268161,0.20008053426432076
2.2800000000000002,9.669397,4.7808563882294706e-05,0.09161221821295544,-0.00056263022893432435,0.00089129309224311726,-0.000482626442241291,0.00083893055983761181,-0.0010883282278625335,-6.9977199756669174e-07,0.0016341449028235684,0.20008053426432076
2.3000000000000003,12.318921,4.7797524543175066e-05,0.091611020088407671,-0.00055943154801774142,0.00089072948505553029,-0.00048198494450565291,0.00084066326326175252,-0.0010979679137488134,-7.1560569266015967e-07,0.0016509581680888034,0.20008053426432076
2.3199999999999998,11.478467999999999,4.7769582956892668e-05,0.091609828595402495,-0.00055975383895656705,0.00090679626743117581,-0.00048114718082065979,0.00084382726799174697,-0.0011075908441163776,-7.3157396371858877e-07,0.0016678347134486383,0.20008053426432076
2.3399999999999999,11.548467,4.7763096411795251e-05,0.091608629022417065,-0.00055861821579616944,0.00091259508257834909,-0.00048006228093274648,0.00084678720790434662,-0.0011171920762453318,-7.4766854903581891e-07,0.0016847704576067252,0.20008053426432076
2.3599999999999999,16.412413999999998,4.7752329542711973e-05,0.091607429331548543,-0.00055399840969139191,0.00090145288479970276,-0.00047876545064569874,0.0008526925135638767,-0.0011267673715308179,-7.6388238697812883e-07,0.0017018243078780028,0.20008053426432076
2.3799999999999999,11.063288,4.7700001425132765e-05,0.091606243949113653,-0.00055816413389919717,0.00091285848580557882,-0.000477309031990608,0.00085980396167967255,-0.0011363135382067449,-7.8021037971630455e-07,0.0017190203871115962,0.20008053426432076
2.3999999999999999,9.9217279999999999,4.7692614066390398e-05,0.091605042677209869,-0.00055851308270371547,0.00091089573324154571,-0.00047578192344746643,0.00086813530119420751,-0.0011458291624738296,-7.9665055667863182e-07,0.0017363830931354804,0.20008053426432076
2.4199999999999999,13.533559,4.7682903769835258e-05,0.091603841330806374,-0.00055933947213437918,0.0009050262200469561,-0.00047423408151072495,0.00087703914224332837,-0.0011553138296609611,-8.132027734737233e-07,0.001753923875980347,0.20008053426432076
2.4399999999999999,11.048332,4.7674395312492299e-05,0.091602640218522449,-0.0005604716245981578,0.00089813407782468602,-0.00047257902682692847,0.0008862976571480174,-0.0011647653955125,-8.2986388675052599e-07,0.0017716498291233073,0.20008053426432076
2.46,10.524129,4.7669797768583406e-05,0.091601439072406907,-0.00056192633716278806,0.00088933920359757224,-0.00047111635143736862,0.00089492529794747764,-0.0011741877076043516,-8.4664126474364384e-07,0.0017895483350822568,0.20008053426432076
2.48,13.532387999999999,4.7670425889359887e-05,0.091600238014018773,-0.00056370220143575622,0.00087834571682954277,-0.00046970716703155849,0.00090417728671916256,-0.0011835818357503057,-8.6353746891909601e-07,0.00180763188081664,0.20008053426432076
2.5,12.484721,4.7680054790038071e-05,0.091599037113333143,-0.00056323063245944383,0.0008598393949190708,-0.0004680602858301096,0.00091326366480401575,-0.0011929430260179585,-8.8054456595000427e-07,0.0018258971541127204,0.20008053426432076
2.52,12.670715,4.7676484250487131e-05,0.091597844424509564,-0.00056755976497813165,0.00085372739777955786,-0.00046692026012654992,0.00092095724548557265,-0.0012022814154964093,-8.9768152653412638e-07,0.0018443162990224317,0.20008053426432076
2.54,11.276648,4.770631638439841e-05,0.091596643798028191,-0.00056739043400932943,0.00082290439056009745,-0.0004659231624168646,0.00092899411394595569,-0.0012115998627363019,-9.1495427826884474e-07,0.0018628961813013508,0.20008053426432076
2.5600000000000001,13.053592,4.7718514757986629e-05,0.091595454267794016,-0.00057305272012397879,0.00081967019512330097,-0.00046509382915843687,0.00093637569419895064,-0.001220901723016275,-9.3236979897138753e-07,0.0018816236951853299,0.20008053426432076
2.5800000000000001,13.827164,4.7768935194773334e-05,0.091594253524024977,-0.00057438156210087854,0.00081196110996195614,-0.0004644405230836139,0.00094285828949323524,-0.0012301905168691936,-9.4993541468624686e-07,0.0019004808609751945,0.20008053426432076
2.6000000000000001,13.293073,4.7821396489264226e-05,0.091593053743251149,-0.00057645137336193031,0.00079766412365067652,-0.00046397205642713667,0.00094842444350062816,-0.0012394699410721954,-9.6765881266373963e-07,0.001919449349845207,0.20008053426432076
2.6200000000000001,17.206875,4.7876741324537029e-05,0.091591855036439032,-0.0005785601300090093,0.00078818430719351795,-0.0004636962423482916,0.00095299351013360719,-0.0012487438486652098,-9.8554801048951475e-07,0.0019385092200478792,0.20008053426432076
2.6400000000000001,15.741647,4.7937572512563899e-05,0.091590656124653169,-0.00058016604672728178,0.00077899201239617355,-0.00046340939700478665,0.00095646836238102745,-0.0012580120190189619,-1.003603114130106e-06,0.0019576385872954998,0.20008053426432076
2.6600000000000001,15.335703000000001,4.7997551741742322e-05,0.091589457980917485,-0.00058157032781469553,0.00077038755846903229,-0.00046350645153118752,0.00095836979470557244,-0.0012672821301120609,-1.0218395067838554e-06,0.0019768059831896112,0.20008053426432076
2.6800000000000002,13.562056999999999,4.8056118322658327e-05,0.091588260753018694,-0.00058391361782605955,0.00075663103600831505,-0.00046357988406189968,0.00095970356909547713,-0.001276553709501384,-1.040256624296006e-06,0.0019960000545715209,0.20008053426432076
2.7000000000000002,13.03434,4.8110843105755544e-05,0.091587063539803421,-0.00058488099383735559,0.00073245533968879784,-0.0004641104591782416,0.00095870041894927246,-0.0012858359000166714,-1.0588728904309895e-06,0.0020151740629505061,0.20008053426432076
2.7200000000000002,15.94633,4.8137386997429047e-05,0.091585873430504214,-0.00058509257004102366,0.00070673546495481077,-0.00046469684885240656,0.000957524866763568,-0.0012951298179429685,-1.0776907700698233e-06,0.0020343245602857775,0.20008053426432076
2.7400000000000002,15.316106,4.8131373721442936e-05,0.09158469173537577,-0.0005873516179559779,0.00073517323421157244,-0.00046539424231616529,0.0009558609513230028,-0.0013044376833476477,-1.0967149860081658e-06,0.0020534417793122376,0.20008053426432076
2.7600000000000002,15.860353,4.816901505164427e-05,0.091583494975929741,-0.00058825277652729824,0.00073005164350803398,-0.00046619470491541506,0.0009532584560472912,-0.0013137615576053539,-1.1159499268608868e-06,0.0020725069484331836,0.20008053426432076
2.7800000000000002,16.235802,4.819591002606207e-05,0.091582298701221435,-0.00058893039788454615,0.00070733726674987452,-0.00046704665223654785,0.00095012911062773871,-0.0013231024704047486,-1.1353978123746821e-06,0.0020915095306457384,0.20008053426432076
2.8000000000000003,15.415893000000001,4.819108875108275e-05,0.091581109348180312,-0.00058927593046753657,0.00072515841410147885,-0.00046792838112371391,0.00094652747811139635,-0.0013324610173724267,-1.155059912699313e-06,0.0021104400802079665,0.20008053426432076
2.8199999999999998,13.963053,4.8201261564482436e-05,0.091579913603099458,-0.00058904615685273498,0.00072599241894799604,-0.00046891393710955277,0.00094252658805384396,-0.0013418392750424348,-1.1749405859207766e-06,0.0021292906119690434,0.20008053426432076
2.8399999999999999,17.093558999999999,4.8200195026753196e-05,0.091578718773569143,-0.00058875664879121103,0.0007277873799402812,-0.00046988003723300286,0.00093777545252876843,-0.0013512368542952489,-1.195038922033012e-06,0.0021480461210196186,0.20008053426432076
2.8599999999999999,15.882319000000001,4.8191813589087722e-05,0.091577524573423968,-0.0005884087548437833,0.00073090278382537122,-0.00047076663022210103,0.00093156061652658532,-0.0013606521649892336,-1.2153511844862882e-06,0.0021666773333501505,0.20008053426432076
2.8799999999999999,15.294191,4.8176616065871427e-05,0.091576330564535513,-0.00058798016332728409,0.00071400584032854653,-0.00047174965182935095,0.00092386248660133541,-0.0013700871356903221,-1.2358809202001979e-06,0.0021851545830821771,0.20008053426432076
2.8999999999999999,11.023909,4.813763395937709e-05,0.09157514345253974,-0.00058609095328243654,0.00074484918037409642,-0.00047270803953608563,0.00091873237275686857,-0.001379541273719516,-1.2566265647681354e-06,0.0022035292305373146,0.20008053426432076
2.9199999999999999,10.958019,4.8116338728145466e-05,0.091573950141161597,-0.00058477959470071283,0.00075375721660186912,-0.00047362592534768631,0.00091355481688080585,-0.0013890137690382965,-1.2775860557315597e-06,0.0022218003268749307,0.20008053426432076
2.9399999999999999,18.590350999999998,4.8093534430307004e-05,0.091572756955331278,-0.00058427380863124156,0.00071900883318765096,-0.00047448012721952712,0.00090704748633769279,-0.0013985033479688434,-1.2987561154081277e-06,0.0022399412766016843,0.20008053426432076
2.96,13.949598999999999,4.8039424170846774e-05,0.091571576338243921,-0.00058127853550260511,0.00077356488271362878,-0.0004752298350812352,0.00090225666140695529,-0.0014080079206341212,-1.320131591715468e-06,0.0022579864098298233,0.20008053426432076
2.98,10.947317999999999,4.8019300157649558e-05,0.091570383249729062,-0.00057896973871862656,0.00078689342698545772,-0.00047588062547039935,0.00089783190875397949,-0.0014175255086874201,-1.3417076650974164e-06,0.0022759430480049029,0.20008053426432076
3,10.525399999999999,0.00048800376095586303,0.091569190903108819,0.0014501008406129223,0.0068268154567130424,-0.00047643762643517583,0.0008938201212340054,-0.0014270542363428395,-1.3634797141345123e-06,0.0022938194504295828,0.20058053426432076
3.02,11.438119,0.00093706099634826255,0.091565628949856578,0.003404434857019023,0.012626272530888549,-0.00047690362153506813,0.00089029146960857488,-0.0014365922834855931,-1.3854432274304991e-06,0.0023116252798217542,0.20108053426432076
3.04,12.767735999999999,0.0013398787765968923,0.091559940001352272,0.0053004042808226792,0.017607390320998562,-0.00047716791355207814,0.00088575305087043815,-0.0014461356160628696,-1.4075884063772924e-06,0.0023293403408391629,0.20158053426432077
3.0600000000000001,17.45701,0.0017042628874408714,0.091552266803035534,0.0069986481704731318,0.022061873171997703,-0.0004772981297662221,0.00088375715339784487,-0.0014556815525639548,-1.4299085449323583e-06,0.0023470154839071197,0.20208053426432077
3.0800000000000001,14.494301,0.0020345762794922871,0.091542866890352168,0.0085695775923726458,0.026037402851494029,-0.00047737379804203758,0.00088253921321211073,-0.0014652290020306278,-1.4524008582585572e-06,0.0023646662681713619,0.20258053426432077
3.1000000000000001,13.024248999999999,0.0023352259780905086,0.091531911326663842,0.010020978919469847,0.029600571925396224,-0.00047719616265643107,0.00087886007942478952,-0.0014747728984019347,-1.4750529081051286e-06,0.0023822434697598578,0.20308053426432077
3.1200000000000001,12.188958,0.0026098693986549952,0.091519552764327342,0.011373398402306556,0.032802765474008844,-0.00047684693553300177,0.00087940122182584093,-0.0014843098098509813,-1.4978560642977941e-06,0.0023998314941963746,0.20358053426432077
3.1400000000000001,12.834838,0.0028584415475681382,0.091505901730888101,0.012626864382016212,0.035650160772184414,-0.00031007810237630625,0.00088088170029198447,-0.0014905113539091857,-1.5127933821945978e-06,0.0024174491282022144,0.20408053426432077
3.1600000000000001,12.567068000000001,0.0030766213547153902,0.091491069703049932,0.013774212313724554,0.038059206334050799,2.9365715873113773e-07,0.0013235533001076153,-0.0014905054807833611,-1.5127791064496277e-06,0.0024439201942043666,0.20458053426432077
3.1800000000000002,14.255331,0.0032614237805775079,0.09147514950542357,0.014788507668097584,0.039984416587658167,0.00043508239752688971,0.0021617468254658333,-0.0014818038592809292,-1.4913248874383889e-06,0.0024871551307136834,0.20508053426432077
3.2000000000000002,12.113476,0.003411378530412513,0.091458258638455525,0.01567721181805215,0.041388583529998968,0.00096559334496522766,0.0033104815248290904,-0.0014624920537132831,-1.4426540143342411e-06,0.0025533647612102652,0.20558053426432077
3.2200000000000002,12.55508,0.0035262595501210654,0.091440478137080769,0.016479124092149799,0.042240764066898251,0.0015717849055093761,0.0047115016068114308,-0.0014310564618949125,-1.3609062092506645e-06,0.002647594793346494,0.20608053426432077
3.2400000000000002,14.387200999999999,0.0036071081886027709,0.091421860527557006,0.017049153786871329,0.042633698995938829,0.0022362636631294455,0.0063137454243593393,-0.0013863313529544272,-1.2396681172132641e-06,0.002773869701833681,0.20658053426432077
3.2600000000000002,14.493121,0.003653892045879902,0.091402594697307576,0.017622858927033747,0.04243250990812264,0.0029450656217621428,0.008074268913323664,-0.0013274302805068793,-1.0715279292487507e-06,0.0029353550801001541,0.20708053426432077
3.2800000000000002,13.696334,0.0036699356652397873,0.09138257898071124,0.018040626136499149,0.041775122354049898,0.0036856291777072597,0.0099566174840610682,-0.0012537180364264535,-8.4781638608911919e-07,0.0031344874297813755,0.20758053426432077
3.3000000000000003,13.617915,0.0036567046710965206,0.091361959699498577,0.018349015699459681,0.040657642134402927,0.0044460644442882585,0.011927109744366133,-0.0011647972182426505,-5.5848849464224114e-07,0.0033730296246686983,0.20808053426432077
3.3200000000000003,13.379922000000001,0.00361667581975831,0.091340802341766419,0.018562919864533178,0.039110140358826762,0.0052134640748386831,0.013948105155437984,-0.0010605285799684019,-1.9224228329168607e-07,0.0036519917277774579,0.20858053426432077
3.3399999999999999,15.211043,0.0035528004472839187,0.091319160734020771,0.018685985710479525,0.037176110620285918,0.0059768269406615688,0.015981037349634519,-0.00094099290957722721,2.6340624311737894e-07,0.0039716124747701479,0.20908053426432077
3.3599999999999999,13.985528,0.0034681982401340932,0.091297089294827105,0.018728106913922016,0.034900219496110552,0.0067294378148855302,0.017987077869772744,-0.00080640531308388786,8.2214760602199653e-07,0.0043313540321656026,0.20958053426432077
3.3799999999999999,13.847075,0.003366446572067775,0.091274637595045158,0.018697901195692257,0.03233547204793652,0.0074533522544829867,0.019927610585492434,-0.00065733979791211914,1.4975129425919244e-06,0.004729906243875451,0.21008053426432077
3.3999999999999999,14.478497000000001,0.0032509791398211097,0.091251851510754919,0.01860599381436856,0.029533131401752399,0.0081517489551777567,0.021773254693224591,-0.00049430681428168518,2.3041478385004374e-06,0.005165371337739943,0.21058053426432077
3.4199999999999999,12.924391999999999,0.0031254778261765545,0.091228772373216818,0.018462178086651182,0.026549009359387199,0.0088143940394045245,0.023486646309357859,-0.00031802150399103026,3.2561396890574796e-06,0.0056351042639270999,0.21108053426432077
3.4399999999999999,12.287917,0.0029935859038490763,0.091205437900618622,0.01826008176079652,0.023449980391556657,0.0094358992740730466,0.025042878381827914,-0.00012930678704839313,4.3668392169407252e-06,0.0061359618315636579,0.21158053426432077
3.46,11.778295999999999,0.0028586320694557925,0.091181911008987732,0.018041639952378397,0.020272844680443214,0.010012638348940972,0.026418345730296406,7.0941878581551624e-05,5.6484772703478825e-06,0.0066643287461695859,0.21208053426432077
3.48,15.797439000000001,0.00272422083143864,0.091158177575842284,0.017790907983389559,0.017088702563621716,0.010541647725054197,0.027593143681410252,0.0002817697554852712,7.1117010830981023e-06,0.0072161916197977906,0.21258053426432078
3.5,16.495578999999999,0.0025933210708825997,0.091134283480453895,0.017529764230281852,0.013944578203277658,0.011021072622621721,0.028551813040977769,0.00050218500578662697,8.7652233331739452e-06,0.0077872278806173463,0.21308053426432078
3.52,11.384119,0.002468750422295884,0.091110250222998942,0.017260109510385035,0.0108943124818488,0.011449951180954421,0.02928314265108586,0.00073117655407572101,1.0615528891543585e-05,0.0083728907336390636,0.21358053426432078
3.54,10.726939,0.0023527816063581208,0.091086100299357806,0.016963644898413399,0.0079966860646623061,0.011828289620196513,0.029780508044571722,0.00096773345391297809,1.2666693215851374e-05,0.0089685008945304973,0.21408053426432078
3.5600000000000001,10.283472,0.0022469789311996176,0.09106186331456137,0.01673646028561615,0.0052431958040575211,0.012156896930689011,0.030041452039787416,0.0012108609482718417,1.492028593395834e-05,0.009569329935326245,0.21458053426432078
3.5800000000000001,11.95707,0.0021532556201927415,0.091037511922911193,0.016421801748896847,0.0027710789278243553,0.012435978244156409,0.030067751649400318,0.0014595683984905349,1.7375110035362795e-05,0.010170684968314251,0.21508053426432078
3.6000000000000001,11.092934,0.0020711905576008497,0.09101316148365754,0.01628555470365578,0.00044651312826093914,0.012669158268663668,0.029865956649346645,0.0017129376776841712,2.0027817233065738e-05,0.010768004101301184,0.21558053426432078
3.6200000000000001,11.796763,0.0020025729642977382,0.090988629814169622,0.016109191012947832,-0.0015558009881759816,0.01285839026919002,0.029444888319635563,0.0019700897474048294,2.2872665964002512e-05,0.011356901867693895,0.21608053426432078
3.6400000000000001,13.997657,0.0019459515916174905,0.090963956524612546,0.015936319385692066,-0.0032969491619745384,0.013007226461793468,0.028818000785852949,0.0022302166380092272,2.590200183835254e-05,0.011933261883410954,0.21658053426432078
3.6600000000000001,15.437879000000001,0.0019019447267064828,0.090939303406185529,0.015973224955740939,-0.0048456740539837284,0.013119018841275093,0.028001326902444685,0.0024925774462129105,2.9106445909071761e-05,0.012493288421459848,0.21708053426432078
3.6800000000000002,15.235226000000001,0.0018660670270832893,0.090913968284991542,0.015788915144402615,-0.0059242532120205027,0.013195282171846304,0.027013812046947895,0.0027564615941596941,3.2474694750546482e-05,0.013033564662398805,0.21758053426432078
3.7000000000000002,11.298335,0.0018446463735290282,0.090889075794992738,0.01564555779738086,-0.0065780353430540117,0.013245262068919444,0.025877489522347006,0.0030213434333203853,3.5995801478856546e-05,0.013551114452845745,0.21808053426432078
3.7200000000000002,17.024080000000001,0.0018356494096478332,0.090864487093682375,0.015587568746601832,-0.0069363173077130469,0.013264417864077107,0.024612368027547956,0.0032866065403552376,3.9655931989588801e-05,0.014043361813396703,0.21858053426432078
3.7400000000000002,14.332363000000001,0.0018369400893464309,0.09084000343947414,0.015668066571895789,-0.0070501719451021572,0.013270476034274893,0.02324720861114726,0.0035519890163450639,4.344474552617435e-05,0.014508305985619648,0.21908053426432078
3.7600000000000002,11.780196999999999,0.0018482391788206551,0.090815456479817383,0.015738351928905825,-0.0068475841577946284,0.013261458816878405,0.021799163213427553,0.0038171894338933335,4.7350448142649169e-05,0.014944289249888198,0.21958053426432078
3.7800000000000002,11.956984,0.0018679928274958877,0.090790834298593845,0.015831865542703216,-0.0061923373706340712,0.013239164181468284,0.020297055206390857,0.0040819423422340908,5.1361035962361478e-05,0.015350230354016016,0.22008053426432078
3.8000000000000003,9.404007,0.0018977377723264014,0.090766428852815842,0.01613057396300599,-0.0056462012206663914,0.013222132410609235,0.018763409122731407,0.0043463530695247088,5.5469744654842326e-05,0.015725498536470643,0.22058053426432078
3.8200000000000003,11.957072999999999,0.0019323823305747263,0.090741366155717276,0.016233624738910546,-0.0043946035838127173,0.013191688451800729,0.01721429241778008,0.0046101534992485623,5.966390264655627e-05,0.016069784384826244,0.22108053426432078
3.8399999999999999,11.349297999999999,0.0019770606752378054,0.090716697472333491,0.016360620189831643,-0.0030656245033169327,0.013152536578380235,0.015685039976596819,0.0048731696004636806,6.3932143484518833e-05,0.016383485184358181,0.22158053426432078
3.8599999999999999,12.064398000000001,0.0020308411720394892,0.09069229920423752,0.016550208561474378,-0.0016576793231548592,0.013112553049456627,0.014205422882031448,0.0051353848527438658,6.8265786474503305e-05,0.01666759364199881,0.22208053426432078
3.8799999999999999,11.461387,0.0020917705410028733,0.090667983111298825,0.016778833101478874,-0.000156553582338681,0.013083182007309679,0.012793869412902021,0.0053970115874217408,7.2660359986162609e-05,0.016923471030256852,0.22258053426432078
3.8999999999999999,13.568008000000001,0.0021584250473511233,0.090643664229903623,0.017017423187732472,0.0014386429642376797,0.013062521636870343,0.011463902653179071,0.0056582241009426638,7.7111358252181028e-05,0.017152749083320432,0.22308053426432078
3.9199999999999999,12.001084000000001,0.0022293168566903374,0.090619312667453614,0.017286682481211013,0.0030896782442857429,0.013051604110949237,0.010233445897354325,0.0059192173245527563,8.1615265133022766e-05,0.01735741800126752,0.22358053426432078
3.9399999999999999,12.228714999999999,0.0023028482452936228,0.090594888026048551,0.017552195538463433,0.0047760292980996155,0.01306628572332464,0.0091292330434694056,0.0061805032587427056,8.617483045311817e-05,0.017540002662136907,0.22408053426432079
3.96,12.296298,0.0023777186648302837,0.090570390880003862,0.017819479337233712,0.0064662221600455538,0.013087949079209389,0.0081352515459215055,0.0064422216017053129,9.0787139733540029e-05,0.017702707693055337,0.22458053426432079
3.98,12.422888,0.0024524165910688668,0.090545817617660895,0.018080901263046734,0.0081313632103103828,0.01311785846965989,0.0072960225494925288,0.0067045373231192527,9.54504680616326e-05,0.017848628144045187,0.22508053426432079
4,13.119389,0.0025254502474333033,0.090521167331437266,0.018337356966125373,0.0097380985370625339,0.01316032192986937,0.006607343110649826,0.0069677015265653544,0.00010016548064902138,0.017980775006258182,0.22558053426432079
4.0200000000000005,11.678304000000001,0.0025954837838067994,0.090496429603846129,0.018659179220025468,0.011219704053424095,0.01321728308392189,0.006065393758275358,0.0072320041680585534,0.00010493439540279346,0.018102082881423689,0.22608053426432079
4.04,10.649661999999999,0.0026621141874764516,0.0904715433649175,0.018836601542738585,0.012682816956218979,0.013288105877137595,0.0056676368211937521,0.0074977224705335514,0.00010976004050092166,0.018215435617847563,0.22658053426432079
4.0600000000000005,12.350612,0.0027226407168865459,0.090446633670305546,0.019061010327723782,0.013974909810837488,0.013373916450316835,0.0054117613009466879,0.0077651561617811896,0.00011464647823047627,0.018323670843866498,0.22708053426432079
4.0800000000000001,12.418653000000001,0.0027769995419199083,0.09042160213898548,0.019246679356610841,0.015137291451664758,0.013472904766612734,0.0052928101015400752,0.0080345687604767672,0.00011959792288656318,0.018429527045897301,0.22758053426432079
4.0999999999999996,10.12926,0.0028242294479542507,0.090396478930231616,0.019429253439797733,0.016134573375748751,0.013583894853056413,0.0053046424188059162,0.0083062002555239194,0.00012461894369972766,0.018535619894273419,0.22808053426432079
4.1200000000000001,12.033505999999999,0.0028639518718556354,0.090371260237083417,0.019558758936165876,0.016987842999278691,0.013705202502023447,0.0054392090372132633,0.0085802569433184022,0.00012971424778339879,0.018644404075017683,0.22858053426432079
4.1399999999999997,12.936268999999999,0.0028954731202656563,0.090345962567856361,0.019695012423845526,0.017649688754968196,0.01383538584361178,0.0056868624047739262,0.008856916274054388,0.00013488873262360292,0.01875814132311316,0.22908053426432079
4.1600000000000001,12.667927000000001,0.0029187961491643571,0.090320560577828043,0.019778908635168069,0.018157426466304472,0.013978917316315625,0.0060361325594057921,0.0091364451174571343,0.00014014966794716744,0.018878863974301278,0.22958053426432079
4.1799999999999997,12.990479000000001,0.0029337518073878363,0.090295102550938991,0.019851378079811521,0.01848027744866787,0.014122612765767798,0.0064714051293042326,0.0094188466940001575,0.00014550000426798499,0.019008292076887364,0.23008053426432079
4.2000000000000002,11.496248,0.0029405720019585156,0.090269551094425249,0.019882548604843731,0.018641898270654877,0.014270310281383253,0.0069858513254194739,0.0097042009607229453,0.00015094469653488681,0.019148009103395754,0.23058053426432079
4.2199999999999998,11.388396,0.0029394613479320529,0.090243912927668965,0.019924813212576886,0.018616095845708003,0.014418430592990802,0.0075619334256112804,0.0099925162912175534,0.00015648784615776646,0.019299247771907981,0.23108053426432079
4.2400000000000002,12.167546,0.0029311937353170511,0.090218178532665019,0.019910560381104503,0.018459357042602598,0.014566677416350206,0.0081862488087098336,0.010283795124820555,0.00016213386029853558,0.019462972748082178,0.23158053426432079
4.2599999999999998,11.688266,0.0029159946261862759,0.090192397872628435,0.019891992841109651,0.018143867896387,0.014710684590362406,0.008843662962299069,0.01057795258570793,0.00016788578616233751,0.019639846007328158,0.23208053426432079
4.2800000000000002,11.902545,0.0028947387898917505,0.090166516960704643,0.019844973382940889,0.017700285006864824,0.014851430764405484,0.0095215460029836902,0.010874923360612219,0.00017374728364316278,0.019830276927387831,0.23258053426432079
4.2999999999999998,12.393420000000001,0.0028680619783613337,0.090140577493308172,0.019773683394843644,0.017140495339450723,0.014984947770608074,0.010204608516248232,0.01117456278317247,0.00017972058448104551,0.020034369097712796,0.23308053426432079
4.3200000000000003,11.203184,0.0028367885929272952,0.090114564928871779,0.019711625994628612,0.016459557598346386,0.015111023030807779,0.010881261253517314,0.011476721933222838,0.00018580785446693462,0.020251994322783143,0.23358053426432079
4.3399999999999999,11.212179000000001,0.0028020280409534093,0.090088471785420593,0.019607532495172109,0.015715203084219809,0.015227014721144851,0.011538404377067046,0.011781199063588682,0.00019201011303662796,0.020482762410324484,0.23408053426432079
4.3600000000000003,16.466529999999999,0.0027643343150627296,0.090062344887589005,0.019510690633141703,0.014885671792948862,0.01533484394922973,0.012165500791055163,0.012087830842020657,0.00019832897642611556,0.020726072426145589,0.23458053426432079
4.3799999999999999,16.708352000000001,0.0027248179150139748,0.090036142958074827,0.019394364574088385,0.014011703501905615,0.0154306927022604,0.012750770826867985,0.012396377594765834,0.00020476421372116389,0.02098108784268295,0.2350805342643208
4.4000000000000004,16.375876000000002,0.0026842339810241229,0.090009879261740908,0.019291379263284281,0.013090972864294947,0.015515408217822197,0.013287312102251132,0.012706616594103203,0.00021131556140036698,0.021246834084727974,0.2355805342643208
4.4199999999999999,16.282478000000001,0.0026436047738733269,0.089983550997812217,0.019109115907717023,0.012202058367760671,0.015587772693406839,0.013766629735180298,0.013018300768293193,0.00021798178792154565,0.021522166679431579,0.2360805342643208
4.4400000000000004,16.533103000000001,0.0026028998300483197,0.089957253691087341,0.019025711431896131,0.011242022609008195,0.015647033446430363,0.014183009717649856,0.013331168004066415,0.00022476080327097465,0.021805826873784576,0.2365805342643208
4.46,15.485035,0.0025639924700264151,0.089930847577319992,0.018900140196929982,0.010328817896209763,0.015695261685490607,0.014531970458833168,0.013644997612749413,0.00023165082970695298,0.02209646628296124,0.2370805342643208
4.4800000000000004,16.596437000000002,0.0025269755287684764,0.089904397034299005,0.018796516546314646,0.0094375683853487047,0.01573011513221393,0.01480895479255229,0.013959522082805957,0.00023864844106601558,0.022392645378812286,0.2375805342643208
4.5,17.110533,0.0024925812455498858,0.08987789413486956,0.018668476459835048,0.0086084772676926491,0.015753529666284617,0.015013913741153016,0.014274512623686283,0.00024575040801355706,0.022692923653635347,0.2380805342643208
4.5200000000000005,16.565465,0.0024609234079581458,0.089851366127956939,0.018582824468444059,0.0078162624591930907,0.015765053799190847,0.015145211629189555,0.014589731430870449,0.00025295263780330483,0.02299582788621914,0.2385805342643208
4.54,16.887132999999999,0.0024327694768540489,0.089824780840903617,0.018485972395086314,0.00710431889945351,0.015766974101260971,0.015204293468059099,0.014904986433448692,0.00026025142354653625,0.023299913755580322,0.2390805342643208
4.5600000000000005,16.586842999999998,0.0024082328859226865,0.089798158335528538,0.018404486626407479,0.0064681520756781907,0.015753749910935082,0.015192342339861539,0.015219974791799266,0.00026763983380348455,0.023603760602377552,0.2395805342643208
4.5800000000000001,13.519963000000001,0.0023874832270535462,0.089771496649766622,0.018337893276501038,0.0059133659726962051,0.015735009534528187,0.01511620703113269,0.015534586194580509,0.0002751148094352214,0.023906084743000204,0.2400805342643208
4.6000000000000005,11.997628000000001,0.0023707138517935684,0.089744794691402147,0.018282056757542353,0.0054494042634969375,0.015707846893281974,0.014974779358232508,0.015848652238177472,0.00028267138726289489,0.024205580330164855,0.2405805342643208
4.6200000000000001,12.684328000000001,0.0023579502025858311,0.089718055661337351,0.018240387039297978,0.0050782867681293808,0.015674906893965782,0.014775639486079069,0.016162057415128338,0.00029030535832615502,0.024501093119886436,0.2410805342643208
4.6399999999999997,11.529472,0.0023492077826735031,0.089691278504644464,0.018210681085583325,0.0048028182628732097,0.015634765789776173,0.014524067316369158,0.016474657763633306,0.00029801137124046273,0.024791574466213818,0.2415805342643208
4.6600000000000001,10.433761000000001,0.0023443699699484915,0.089664466742388552,0.01819383404953534,0.0046228589551402521,0.015591622886174777,0.01422794376484213,0.016786393293715868,0.00030578575057391502,0.02507613334151066,0.2420805342643208
4.6799999999999997,11.392576999999999,0.0023433417529185978,0.089637621808131437,0.018191871332478904,0.0045340194067833295,0.015544860353852092,0.013892800648020396,0.01709719167191312,0.00031362421204692123,0.025353989354471067,0.2425805342643208
4.7000000000000002,12.601784,0.0023459749250484196,0.089610742170523533,0.01820405161197991,0.00453459619532115,0.015496101679821935,0.013526987945170842,0.017407013032425717,0.00032152303972426331,0.025624529113374483,0.2430805342643208
4.7199999999999998,12.077996000000001,0.0023520785509562893,0.08958382811143481,0.018225979676596005,0.0046216803049636823,0.015446768700783077,0.013137995430549379,0.017715845943362535,0.00032947907142916779,0.02588728902198547,0.2435805342643208
4.7400000000000002,14.537426,0.0023613800434228215,0.089556883728551751,0.018260528348403415,0.0047871545132185389,0.015397801433732497,0.012733245272644628,0.018023697771671277,0.00033748952734791811,0.026141953927438361,0.2440805342643208
4.7599999999999998,12.542718000000001,0.0023736151472988731,0.089529903993544227,0.018306793070180127,0.0050228366733300334,0.015350325383621584,0.012320376873301007,0.018330598389905525,0.00034555217459676923,0.026388361464904381,0.2445805342643208
4.7800000000000002,13.051515,0.0023884826753070723,0.089502887834512462,0.018361794157444766,0.0053232803815275176,0.015305172483407471,0.011906690634220505,0.018636594305031198,0.00035366523968605721,0.026626495277588792,0.2450805342643208
4.7999999999999998,12.006427,0.0024056378600589541,0.089475839118264122,0.018423129524565596,0.0056796281318813868,0.01526316468804159,0.011499226898697559,0.018941748457313303,0.00036182746136290036,0.026856479815562745,0.2455805342643208
4.8200000000000003,12.540293,0.0024246934729593122,0.089448751975166579,0.018497320477163459,0.0060777243815621773,0.015225207694698401,0.011104567380889148,0.019246141892985649,0.00037003818960504016,0.027078571163180527,0.2460805342643208
4.8399999999999999,10.146806,0.0024453134633270952,0.089421622303299017,0.018570931290743165,0.0065152457951098697,0.015192055578625291,0.010728553891726595,0.019549870731425823,0.0003782973530856287,0.027293142241015058,0.24658053426432081
4.8600000000000003,11.538074,0.0024670463287624639,0.089394454231077239,0.018654098321760237,0.0069757848814768764,0.01516402624870788,0.010376531709236445,0.019853037443772065,0.0003866052621951659,0.027500672875199788,0.24708053426432081
4.8799999999999999,16.606470000000002,0.0024895540714605425,0.089367242273628883,0.018735318100782994,0.0074556094887903157,0.015141641411138818,0.010053293121479177,0.020155754926271717,0.00039496275215791733,0.027701738737629371,0.24758053426432081
4.9000000000000004,16.363937,0.0025123722348320706,0.089339987429801634,0.018829666578830118,0.0079367786440620591,0.015125296259190268,0.0097627321286597266,0.020458143969974588,0.00040337114200216732,0.027896993380202566,0.24808053426432081
4.9199999999999999,15.912494000000001,0.002535241154788107,0.089312682341575939,0.018929150282346097,0.0084120598858907769,0.015115101924859901,0.0095078969136908314,0.020760327580899646,0.00041183209749521578,0.028087151318476382,0.24858053426432081
4.9400000000000004,15.713578,0.0025577768732308816,0.08928532613081068,0.018995659515027796,0.0089011246731551807,0.015110961342879222,0.0092912435915745543,0.021062426817137336,0.00042034752743158989,0.028272976190307872,0.24908053426432081
4.96,16.822803,0.0025793195173744723,0.089257953935124687,0.019043935900100895,0.0093719036095318842,0.015113322154715458,0.0091144246995275326,0.021364571678180875,0.00042891989967420026,0.028455264684298421,0.24958053426432081
4.9800000000000004,16.515989000000001,0.0025993968958984049,0.089230547088964815,0.019146687020918041,0.0097800811104038488,0.015121484921673978,0.0089779532964833781,0.021666878172165182,0.0004375515964646066,0.028634823750228088,0.25008053426432081
5,16.595238999999999,0.0026183830142232673,0.089203059366768533,0.019224841195301323,0.010170209595225188,0.015135651867724883,0.0088821400172295929,0.021969466341743845,0.00044624542274653527,0.02881246655057268,0.25058053426432081
5.0200000000000005,15.297359,0.0026357404679602592,0.089175514816688867,0.019287806714932465,0.01053118766159411,0.01515506125525613,0.0088260769565434768,0.022272440992701203,0.00045500404920810461,0.02898898808970355,0.25108053426432081
5.04,11.369256999999999,0.0026511256465538953,0.089147937872640498,0.019336960714904983,0.010850818546781937,0.015180264474766466,0.0088086413593786023,0.022575917945706445,0.00046383075891207065,0.029165160916891121,0.25158053426432081
5.0600000000000005,13.468546999999999,0.0026642888027547263,0.089120318603553045,0.019410001957957057,0.011104038069999156,0.015211101888999806,0.0088274711881774839,0.022880009821711827,0.00047272902944855055,0.029341710340654671,0.25208053426432081
5.0800000000000001,16.417783,0.0026755018896745942,0.089092629943806831,0.019464326408188626,0.011318385226154248,0.015244303540885172,0.0088798264349348923,0.023184763862787346,0.00048170068630774539,0.029519306869353369,0.25258053426432081
5.1000000000000005,16.221083,0.0026845522758702487,0.089064887590594236,0.019517680548296834,0.011480176860567681,0.015278136655669124,0.0089645788342328728,0.023490192663777817,0.00049074675690453007,0.029698598446038026,0.25308053426432081
5.1200000000000001,16.271460000000001,0.0026913830819350368,0.089037093805451939,0.019526828707291166,0.011617454315930864,0.015317006751194674,0.0090783289461207201,0.023796396884622525,0.00049987109048794942,0.02988016502496044,0.25358053426432081
5.1399999999999997,12.907107,0.0026956678913820993,0.089009292912083066,0.019535519369521914,0.011688413002897136,0.015358390998106118,0.0092146560882724344,0.024103426744426001,0.00050907624172743626,0.030064458146725887,0.25408053426432081
5.1600000000000001,12.036507,0.0026975754525699622,0.088981437380296458,0.019573971950212599,0.011689455389412906,0.01540079132098434,0.0093708035904509993,0.024411302508956612,0.00051836402616155111,0.030251874218534907,0.25458053426432081
5.1799999999999997,13.613405,0.0026976539256855,0.088953512520461686,0.019590799498403921,0.011653428558430434,0.015442972818590004,0.0095433792766258033,0.024720019752779213,0.00052773564058276044,0.030442741804067423,0.25508053426432081
5.2000000000000002,14.48512,0.002695773978059019,0.088925535928803257,0.019585215348761231,0.011582665132573666,0.015486917018741175,0.0097283159131955847,0.025029613658970353,0.00053719358684296164,0.030637308122331335,0.25558053426432081
5.2199999999999998,17.035589999999999,0.0026919282510233433,0.088897529137631687,0.019588530834066198,0.01146128171266092,0.0155309117577933,0.0099199740928352844,0.025340085180041761,0.00054673940346342713,0.03083570760418804,0.25608053426432081
5.2400000000000002,16.669295000000002,0.0026864901064212144,0.088869483059703588,0.019557280075786831,0.011316294545115291,0.015574872369278958,0.010115085633763357,0.0256514335738929,0.00055637461877227126,0.031038009316863308,0.25658053426432081
5.2599999999999998,17.489429000000001,0.0026793865655365132,0.088841409263369364,0.019570515420883172,0.011107041097224268,0.015615175841277702,0.010309590801207996,0.025963585671909491,0.00056609852361800292,0.031244201132887468,0.25708053426432081
5.2800000000000002,15.671332,0.0026714292268137617,0.088813267812607469,0.01955625556972862,0.010887230191342745,0.015652151317620027,0.010501737175209226,0.02627647488566396,0.00057591057049824186,0.031454235876391651,0.25758053426432082
5.2999999999999998,16.934031999999998,0.0026624930669520066,0.088785080983507653,0.019533656757314777,0.010648675207770353,0.015688573988280226,0.010686829647869631,0.026590090103998567,0.00058581190087524646,0.031667972469349041,0.25808053426432082
5.3200000000000003,16.130887999999999,0.0026527626181463513,0.088756867926121891,0.019486129919128015,0.010401462363566871,0.015722725271452159,0.010860209312652443,0.026904385862459128,0.00059580250637862749,0.031885176655602088,0.25858053426432082
5.3399999999999999,15.930374,0.0026422836264652404,0.088728633678919727,0.019485436041443815,0.010109967591406033,0.015752994360895185,0.011019913854779287,0.027219284499389016,0.00060588124605461999,0.032105574932697674,0.25908053426432082
5.3600000000000003,15.815179000000001,0.0026318480681042696,0.088700338835475706,0.019449311476703368,0.0098361213510758105,0.015780500576426017,0.011164276368596139,0.027534730731518246,0.00061604756360348365,0.032328860460069594,0.25958053426432082
5.3799999999999999,16.560597999999999,0.002621288778548309,0.088672034347458309,0.019427063664645861,0.0095480704666366378,0.0158026852924852,0.011290575653454612,0.027850618133717794,0.0006262991055827438,0.032554671973138688,0.26008053426432082
5.4000000000000004,15.741621,0.0026109274304311021,0.08864366978905909,0.019409539538164822,0.0092614119431297937,0.01582373147021458,0.011398237674182979,0.028166923900794609,0.00063663606696083759,0.03278263672662235,0.26058053426432082
5.4199999999999999,16.359666000000001,0.0026010249463452938,0.08861526604780158,0.019342628975217213,0.0090108977961111947,0.015841497696572202,0.01148375409393442,0.028483582426558744,0.0006470570922984312,0.033012311808501039,0.26108053426432082
5.4400000000000004,16.723877000000002,0.0025912157953078326,0.088586870042421786,0.019347360618122256,0.0087256234628734219,0.015855628742281261,0.011547764073960444,0.028800521009651105,0.0006575604095186131,0.033243267089980245,0.26158053426432082
5.46,16.466992000000001,0.002582514077325545,0.088558409951602551,0.019324508086424164,0.0084774514609753382,0.015864444111898492,0.01159026793961448,0.029117633363299634,0.00066814294018524632,0.033475072448772535,0.26208053426432082
5.4800000000000004,16.666661000000001,0.0025746053760865987,0.088529915434104198,0.019308164641817172,0.0082468761276004443,0.015872318706909187,0.01161200290909579,0.029434900656079101,0.00067880433717943604,0.033707312506954454,0.26258053426432082
5.5,16.038377000000001,0.0025676672186718324,0.088501387330859757,0.019259471727216759,0.0080576820256634818,0.015876440298687636,0.011611056499728899,0.029752247849088819,0.00068954220065262572,0.033939533636949029,0.26308053426432082
5.5200000000000005,11.378447,0.0025614277462140344,0.088472862268439784,0.019269396511713666,0.0078557337656981474,0.015878323551468461,0.011590162767997798,0.030069630185458242,0.00070035497470617486,0.034171336892308987,0.26358053426432082
5.54,10.932437999999999,0.0025566041237467972,0.088444281815898015,0.019261010616328456,0.0076956734724404896,0.015878580394192092,0.011549554393043997,0.030387015145120651,0.00071124136593650239,0.034402327980169865,0.26408053426432082
5.5600000000000005,12.84562,0.0025529832816972202,0.088415666382471753,0.019240644801918894,0.0075735934554179707,0.015873322483233556,0.011490588773826173,0.03070429249253823,0.00072219725377621646,0.034632139755646392,0.26458053426432082
5.5800000000000001,11.323506,0.0025503385754268209,0.088387035428557331,0.019250958159545473,0.0074619151661945438,0.01586897990431347,0.011417075885823464,0.031021480522737586,0.00073322280499390168,0.034860481273362859,0.26508053426432082
5.6000000000000005,14.030548,0.0025490232733899219,0.088358363071327189,0.019223329197294969,0.0074030138106309096,0.015863198018550777,0.011327402648761019,0.031338550470028044,0.00074431645522848899,0.03508702932633808,0.26558053426432082
5.6200000000000001,14.394602000000001,0.0025485385143772239,0.088329690133540195,0.019252195175558651,0.0073378612534646948,0.015856655107046883,0.011225309102362895,0.031655487130163619,0.00075547700788690538,0.035311535508385339,0.26608053426432082
5.6399999999999997,14.388959,0.0025495065961598598,0.088300963518667189,0.01926278139323534,0.0073164193551065182,0.01584677368643814,0.011112871962740543,0.031972223784890758,0.00076670135909030735,0.035533792947640148,0.26658053426432082
5.6600000000000001,11.794499999999999,0.0025515193502372948,0.088272202628507837,0.019244620069845286,0.0073419088822586076,0.015838697182145919,0.010993773409647545,0.032288796523064184,0.00077798997355207509,0.035753668415833099,0.26708053426432082
5.6799999999999997,12.493409,0.0025541841850535603,0.088243455350431238,0.019284530755460771,0.0073538335693568158,0.015830742513498638,0.010867505886675285,0.032605207794759034,0.00078934209035571863,0.035971018533566608,0.26758053426432082
5.7000000000000002,11.117165,0.002558076914250672,0.088214645849150369,0.019294022646180853,0.0074103062838721812,0.015821914693362516,0.010737586397310202,0.032921440164926055,0.0008007561993514002,0.03618577026151281,0.26808053426432082
5.7199999999999998,12.742566999999999,0.0025626562856335203,0.08818581461148689,0.019318411422629023,0.0074796535229104677,0.015814818029317463,0.010607022437478547,0.033237528251771363,0.00081223265675964957,0.036397910710262382,0.26858053426432082
5.7400000000000002,11.297553000000001,0.0025680200507347817,0.088156951336268399,0.01934141080261309,0.0075694879470358245,0.015806166356286466,0.010476615020227663,0.033553440993742044,0.00082376944199667637,0.036607443010666936,0.26908053426432083
5.7599999999999998,10.45302,0.0025739579818411613,0.088128056410910677,0.019368840227060868,0.0076730678096570415,0.015800750140916076,0.010350210133906834,0.033869243074793567,0.00083536804578289187,0.036814447213345071,0.26958053426432083
5.7800000000000002,13.826826000000001,0.0025803920895982385,0.088099133750604672,0.01939254410340352,0.0077920877009534095,0.015796745409114729,0.010227096126290251,0.034184962722414981,0.00084702867672495092,0.037018989135870879,0.27008053426432083
5.7999999999999998,10.688024,0.0025871885971460464,0.088070181796711389,0.019427005234216033,0.0079145142016034953,0.015791652339866687,0.010110256957516928,0.034500578200827955,0.00085874973620923302,0.03722119427502122,0.27058053426432083
5.8200000000000003,10.630369999999999,0.0025942732406305426,0.088041194881938512,0.019451136597630203,0.0080501908739396555,0.01579034398475854,0.010002721846289331,0.034816165166522368,0.0008705332987687639,0.037421248711947006,0.27108053426432083
5.8399999999999999,10.574462,0.0026014247567256949,0.088012183606504826,0.019486336605984977,0.0081835691361344942,0.01578994547520695,0.0099029071289582129,0.035131741815790651,0.00088237938169129064,0.03761930685452617,0.27158053426432083
5.8600000000000003,12.015371,0.0026086472344274271,0.08798313705666673,0.019511453628896724,0.0083227587374379297,0.015791587652341635,0.0098135758189904568,0.035447348943477931,0.0008942889234801459,0.037815578370905982,0.27208053426432083
5.8799999999999999,11.122820000000001,0.0026157040191535051,0.087954063289978804,0.01955578597197638,0.008449811510403471,0.015794951932472961,0.0097350008353453716,0.035763020974239494,0.00090626271212547926,0.038010278387612888,0.27258053426432083
5.9000000000000004,12.098288,0.0026227174967085247,0.087924948569362685,0.019597745702114366,0.0085731264210302527,0.015800229071267068,0.0096679939061073139,0.03607879614193904,0.00091830177131340058,0.038203638265735036,0.27308053426432083
5.9199999999999999,10.81067,0.0026295063358207291,0.087895796449193916,0.019584551599440392,0.0087284717163251813,0.015806921655424633,0.0096128224967969578,0.036394702736063732,0.00093040683954248268,0.038395894715670974,0.27358053426432083
5.9400000000000004,12.03004,0.0026354701877133492,0.087866670389198917,0.019628845776227255,0.0088270391538030069,0.015815770239019582,0.0095698608466426183,0.036710783842886466,0.00094257931714974237,0.038587291932603823,0.27408053426432083
5.96,11.209804,0.0026412008734805633,0.087837468795042312,0.019669366610329142,0.0089225157191377136,0.015825711254282383,0.0095385801797391642,0.037027061289539399,0.00095481988169019143,0.038778063536198608,0.27458053426432083
5.9800000000000004,10.011391,0.0026465436984590631,0.087808223645491332,0.019707165918849245,0.0090066630647340773,0.015837543186388508,0.0095192045840013749,0.037343572857537081,0.00096712991808082518,0.038968447627878634,0.27508053426432083
6,11.913565,0.0026514052680060738,0.087778940177100709,0.019696035008072155,0.0091127053513764267,0.0158502492901899,0.0095108078728502621,0.037660336005412666,0.00097951011082639912,0.03915866378533564,0.27558053426432083
6.0200000000000005,15.257306,0.0026552885744317973,0.087749674141920253,0.019714774331545559,0.0091735494112521465,0.015865318245949136,0.009513115360643495,0.03797739793931134,0.00099196239136175473,0.03934892609254851,0.27608053426432083
6.04,11.309119000000001,0.0026585206077825844,0.087720356014695119,0.019754174494447163,0.0092083969887539752,0.015882318510754903,0.0095245585380954005,0.03829479723767281,0.0010044884406380378,0.039539417263310415,0.27658053426432083
6.0600000000000005,10.470375000000001,0.0026614028816111155,0.087690984829297935,0.019743675502008617,0.0092595884384980565,0.015896531906763718,0.009544282438463331,0.038612478186359253,0.0010170862780232493,0.039730302912079685,0.27708053426432083
6.0800000000000001,9.9375459999999993,0.0026633273542843706,0.087661609579151076,0.019781556422878044,0.0092628075098479812,0.015912953898634691,0.0095740998295309274,0.038930484900137556,0.0010297579276378316,0.039921784908670301,0.27758053426432083
6.1000000000000005,11.190394,0.0026648890059522892,0.087632181183090782,0.019788033554406059,0.0092700404560108751,0.015931053500845983,0.0096092195614169706,0.039248850879451895,0.0010425050635494908,0.04011396929989864,0.27808053426432083
6.1200000000000001,11.583788999999999,0.0026657279512620501,0.087602722498582142,0.019788982809467281,0.0092650103955600471,0.015950439251617442,0.0096490780922376396,0.039567601799594176,0.0010553290970905516,0.040306950861743393,0.27858053426432083
6.1400000000000006,12.159518,0.0026659443915740557,0.087573250673207925,0.019805603568710861,0.0092353257092616658,0.015966968212181371,0.0096925458678307989,0.039886680542815051,0.001068228135043491,0.04050080177910001,0.27908053426432083
6.1600000000000001,9.8418609999999997,0.0026657424247482206,0.087543730948729109,0.019808256662541268,0.0091994279975189386,0.015983377213876007,0.0097409926830567348,0.040206084682886667,0.0010812025009058282,0.040695621632761143,0.27958053426432083
6.1799999999999997,9.781155,0.0026649823921855603,0.087514181892387272,0.019817276684664709,0.0091480269418076077,0.016001373194180591,0.0097907991637580759,0.040525845902914019,0.0010942539301913392,0.040891437616036308,0.28008053426432084
6.2000000000000002,10.061228,0.0026638798193889201,0.087484601453648239,0.01981368607765166,0.0090932314620522092,0.016016703565726004,0.0098399793692035744,0.040845910904574095,0.0011073806951116122,0.041088237203420377,0.28058053426432084
6.2199999999999998,11.494386,0.0026623088349444811,0.08745499440866833,0.019822292538431707,0.0090198803302081743,0.016033604431328185,0.0098897672951905793,0.041166311040776907,0.0011205845258187746,0.041286032549324191,0.28108053426432084
6.2400000000000002,11.389737999999999,0.0026605126260414993,0.087425351095370377,0.01981504095493225,0.0089485571522756047,0.016049342122071122,0.0099366193034288175,0.041487023037145812,0.0011338649025296836,0.041484764935392764,0.28158053426432084
6.2599999999999998,10.307874,0.002658396348395571,0.08739568845203069,0.019820981728690068,0.0088629019518382535,0.016063579782117872,0.009981015648769789,0.041808016889044113,0.0011472209951497664,0.041684385248368157,0.28208053426432084
6.2800000000000002,10.247118,0.0026561805838230734,0.087365987463439446,0.019814376141568779,0.0087792269419573188,0.016077753418957931,0.010022216785089331,0.042129291288177939,0.0011606531379990837,0.041884829584069944,0.28258053426432084
6.2999999999999998,10.783431999999999,0.0026537907727971362,0.087336261966273337,0.01981905849298693,0.0086858953884298984,0.016090723615566252,0.010058624920083394,0.042450822158877251,0.0011741606831631364,0.04208600208247161,0.28308053426432084
6.3200000000000003,10.491495,0.0026514265228481989,0.087306502539245726,0.019809340618064386,0.0085999217372041414,0.016103133342446167,0.010090091398450528,0.042772598275163144,0.0011877434798489364,0.042287803910440618,0.28358053426432084
6.3399999999999999,11.820187000000001,0.0026489954915920474,0.087276721680849739,0.019814206373205856,0.0085048868221520024,0.016114004281969411,0.010115798269014809,0.043094588863843493,0.0012014005073811521,0.042490119875820916,0.28408053426432084
6.3600000000000003,16.556021999999999,0.0026467151921926871,0.087246907044405117,0.019804916678441753,0.0084200038404773636,0.016124491302398115,0.010135864372953236,0.043416786230345027,0.0012151316735341334,0.042692837163279977,0.28458053426432084
6.3799999999999999,9.8789459999999991,0.0026444841851166342,0.087217071191011769,0.019809226698983107,0.0083303894789814592,0.016133331983261719,0.010149293280982468,0.043739157456566626,0.0012289357619588946,0.042895823028899625,0.28508053426432084
6.4000000000000004,8.9070289999999996,0.0026425012287724001,0.087187203416649192,0.019802178639955592,0.0082511605135699995,0.016141773624773641,0.010156655896643982,0.044061694549878148,0.0012428125677703321,0.043098956146832505,0.28558053426432084
6.4199999999999999,9.6788760000000007,0.0026406709374632554,0.087157312979087714,0.019808591014282673,0.0081694561354686002,0.016148826996107157,0.010157291477839817,0.04438436975341889,0.0012567609856024597,0.043302101976389298,0.28608053426432084
6.4400000000000004,9.3103879999999997,0.0026391712571858625,0.087127389408178851,0.019800750031019554,0.0081031814430883031,0.016155557293935953,0.010151773160476529,0.044707176596698095,0.0012707807760136745,0.043505137439598829,0.28658053426432084
6.46,9.7325370000000007,0.0026378716960520476,0.087097447280486198,0.019809520435404959,0.008034344544986638,0.01616081558921079,0.010139787379526422,0.045030085654430597,0.0012848706531493729,0.043707933187189359,0.28708053426432084
6.4800000000000004,10.775741999999999,0.0026369681482002905,0.087067471735981491,0.019802017995584009,0.0079829611912138887,0.016165945835590664,0.010122283641606352,0.04535309435711516,0.0012990304516555804,0.043910378860021484,0.28758053426432084
6.5,8.2981390000000008,0.002636286390767423,0.087037479061503095,0.019823999606563447,0.0079224377514783839,0.016169799630552636,0.01009895136910563,0.045676177191172979,0.0013132589573415013,0.0441123578874036,0.28808053426432084
6.5200000000000005,9.6020819999999993,0.0026361466397341396,0.087007443784758012,0.019841813390291563,0.007874165544192735,0.016173620605920726,0.010070903509721216,0.045999333493617275,0.0013275560057164335,0.044313775957598021,0.28858053426432084
6.54,8.304214,0.0026364315001651717,0.086977372100767641,0.019800480301225498,0.007877495320559369,0.016176480293250091,0.010038094728614043,0.046322544051879792,0.0013419205766740001,0.044514537852170299,0.28908053426432084
6.5600000000000005,10.326781,0.0026365645293529275,0.086947338776980979,0.019827319974572433,0.0078341570139803807,0.016179579299263593,0.01000158703187993,0.046645813643484212,0.0013563526820081486,0.044714569592807896,0.28958053426432084
6.5800000000000001,9.1525870000000005,0.0026372886239944631,0.086917232999923932,0.01983741097581726,0.0078159137865743133,0.016181724356339314,0.0099614351547574666,0.046969123205632055,0.0013708512433707762,0.044913798295903043,0.29008053426432084
6.6000000000000005,10.249404,0.0026383485422632807,0.086887100775156254,0.019842340068109809,0.0078096681548354141,0.016184373823611313,0.0099189985185908266,0.047292482814685753,0.0013854164641929224,0.045112178266274859,0.29058053426432084
6.6200000000000001,10.995987,0.0026396720011429031,0.086856944797251145,0.019856729369045922,0.0078055742051574839,0.016186142186276384,0.0098742354465027587,0.047615874865590713,0.0014000472864947157,0.045309662975204917,0.29108053426432084
6.6400000000000006,8.1361460000000001,0.0026413000144518244,0.0868267595834738,0.019861662868472241,0.0078143933607677241,0.016189536507653316,0.0098285692956849424,0.047939331843988964,0.0014147449073406593,0.045506234361118614,0.29158053426432085
6.6600000000000001,9.6841860000000004,0.0026430793273342253,0.086796553492601375,0.019877916600122614,0.0078228282616201739,0.016194051857465714,0.0097813897974373207,0.048262876147075993,0.0014295100746219949,0.045701862157067362,0.29208053426432085
6.6799999999999997,10.211478,0.0026451882417029247,0.086766318258542835,0.019883993033670055,0.0078437535654103385,0.0161947237300883,0.0097336884330612057,0.048586430985930129,0.0014443389967550636,0.045896535925728586,0.29258053426432085
6.7000000000000002,10.217003999999999,0.0026474004881672231,0.086736062590458698,0.019904958883071977,0.0078602676740908706,0.016197530029136532,0.009689268556777526,0.048910039005093144,0.0014592333430414868,0.046090321296864134,0.29308053426432085
6.7199999999999998,10.338407999999999,0.0026498582289622864,0.086705773591167323,0.019911240604077118,0.0078904105735180252,0.016200882775544725,0.0096445115255858315,0.049233711121987378,0.0014741933506612101,0.046283211527375849,0.29358053426432085
6.7400000000000002,8.5043009999999999,0.0026523541413838174,0.086675465315613445,0.019932016906520467,0.0079152507448103648,0.016204303724315052,0.0096012722963447084,0.049557448699119371,0.0014892188233209082,0.04647523697330274,0.29408053426432085
6.7599999999999998,9.7140839999999997,0.0026550136886350139,0.086645124921464464,0.019938129251025227,0.0079512795164919936,0.016208562104653074,0.0095603307583967418,0.049881268466452522,0.0015043102939072965,0.046666443588470677,0.29458053426432085
6.7800000000000002,8.5124510000000004,0.0026576349587344927,0.086614766138006366,0.019963018024901302,0.007976969895117314,0.016212798247624522,0.0095216977714836105,0.050205169978378011,0.0015194675159368519,0.046856877543900347,0.29508053426432085
6.7999999999999998,9.8507890000000007,0.0026603878745899948,0.086584371241666569,0.019966790219931863,0.0080168860323261981,0.016217943037028105,0.0094861697487699827,0.050529171385781349,0.0015346911338238987,0.047046600938875749,0.29558053426432085
6.8200000000000003,7.9001580000000002,0.0026630066376130391,0.086553961026124365,0.020000938510809529,0.0080380713104428736,0.01622307047583034,0.0094535208537235068,0.050853272338918176,0.0015499809487771355,0.047235671355950221,0.29608053426432085
6.8399999999999999,7.8719770000000002,0.0026657893852704093,0.086523507148865322,0.020031642518616888,0.0080602223160530784,0.016229403755524428,0.0094244802749247156,0.05117749692361568,0.0015653379400730597,0.047424160961448712,0.29658053426432085
6.8600000000000003,8.0707229999999992,0.0026686042559978564,0.086493010139985019,0.019997979329040572,0.0081279130633173935,0.016235617364156227,0.0093984959021180987,0.051501842743824029,0.001580761862774101,0.047612130879491073,0.29708053426432085
6.8799999999999999,8.4711599999999994,0.0026708145534599967,0.086462553604477715,0.020032758231760983,0.0081363819836477447,0.016242912361935171,0.0093763688176130931,0.051826331396458938,0.0015962536383400104,0.047799658255843334,0.29758053426432085
6.9000000000000004,8.0450660000000003,0.0026731639152885603,0.086432025065417764,0.020048884049355564,0.0081591587557685585,0.016249977369451885,0.0093574659168613947,0.052150958279323027,0.0016118129675358377,0.047986807574180564,0.29808053426432085
6.9199999999999999,7.7772779999999999,0.0026753837047649026,0.086401469306945644,0.02005905883291037,0.0081829225912084524,0.016258375768818174,0.0093423992994540912,0.052475750020815885,0.0016274410740773691,0.048173655560169643,0.29858053426432085
6.9400000000000004,7.779928,0.0026774228046910265,0.08637088845508914,0.020076176436079951,0.0081980024703476317,0.016266241573993825,0.0093301692857536075,0.052800695971367162,0.0016431374175284756,0.048360258945884714,0.29908053426432085
6.96,7.9895940000000003,0.0026793152399405026,0.086340277432679968,0.020083740304964959,0.0082142177211679268,0.016276120084550264,0.0093216345603763448,0.053125836326949824,0.0016589039382054827,0.048546691637092243,0.29958053426432085
6.9800000000000004,7.9227790000000002,0.0026809386284642844,0.086309643805164149,0.020099172442856972,0.0082205992996522426,0.016287526949842108,0.0093151912583073464,0.053451201605998436,0.0016747421466380081,0.048732995462258392,0.30008053426432085
7,8.0979810000000008,0.0026824761028490908,0.086278980806409583,0.020105977062341296,0.0082277818346323528,0.016295028575772415,0.0093107767294200987,0.053776713783099783,0.0016906482798211026,0.048919210996846797,0.30058053426432085
7.0200000000000005,8.1985299999999999,0.0026837650393720302,0.086248294200277603,0.020122246644009412,0.0082240133361324297,0.016304631152848841,0.0093115889556942364,0.054102414813372406,0.0017066244399207735,0.049105442775960684,0.30108053426432085
7.04,7.6092769999999996,0.0026849362966546038,0.086217575897375151,0.020126596419925757,0.0082229145324985708,0.016314593829977062,0.009312968200941402,0.054428311874951764,0.0017226710591531919,0.049291702139979514,0.30158053426432085
7.0600000000000005,7.8158940000000001,0.002685868783052949,0.086186835524071748,0.020140802113738587,0.0082113858922836513,0.016324392310031396,0.0093159237027082061,0.054754401672246891,0.0017387880631163433,0.049478020614033676,0.30208053426432085
7.0800000000000001,7.6451330000000004,0.0026866888677664837,0.086156064985594971,0.020143277098722656,0.0082020507299471745,0.016334612609423163,0.0093204271818543259,0.055080692615153047,0.0017549759665439443,0.049664429157670761,0.30258053426432086
7.1000000000000005,8.0225369999999998,0.002687282978314979,0.08612527349552182,0.020158627385054473,0.0081804881593399159,0.016344428695699891,0.0093257455817586203,0.055407176612708865,0.0017712344749472426,0.049850944069305937,0.30308053426432086
7.1200000000000001,8.6455959999999994,0.0026878134587588289,0.086094448849481239,0.020158023183708629,0.0081652123285529399,0.016354526569076561,0.0093319099501328311,0.055733859276761187,0.0017875639797508703,0.050037582268308595,0.30358053426432086
7.1400000000000006,7.9949690000000002,0.0026881251038438784,0.086063605907404431,0.020173678097554326,0.008136438887676789,0.016364170219140668,0.0093381479430090092,0.056060731517088076,0.001803964140972149,0.050224345227168773,0.30408053426432086
7.1600000000000001,7.9319069999999998,0.0026884195807804195,0.086032729258795543,0.020169988302144226,0.0081165408320700294,0.01637418164484224,0.0093445133901099622,0.056387800662814021,0.0018204354411459668,0.050411235494970973,0.30458053426432086
7.1799999999999997,8.0953510000000009,0.0026885055552409529,0.08600183711666759,0.020188082992165679,0.0080797154114033987,0.016383546131836294,0.0093501980752788254,0.056715053774490543,0.0018369773406631104,0.050598239456476547,0.30508053426432086
7.2000000000000002,7.7142780000000002,0.0026886449627629774,0.085970907064591873,0.020181139120148295,0.0080573887809318734,0.016393137073247473,0.0093554404095700164,0.05704249535860046,0.0018535901741511254,0.050785348264667948,0.30558053426432086
7.2199999999999998,7.6722720000000004,0.0026885868942524396,0.085939964873479532,0.020208018081361523,0.0080117921864868435,0.016401969436521256,0.0093595065484240927,0.057370110246567442,0.0018702732716156852,0.050972538395636431,0.30608053426432086
7.2400000000000002,8.7381609999999998,0.0026887153875968105,0.085908978041894554,0.020163095077820881,0.0080111980939285843,0.016411175502895455,0.0093626316650970744,0.057697905886668288,0.0018870271035836925,0.051159791028938376,0.30658053426432086
7.2599999999999998,8.5003820000000001,0.0026883011204389125,0.085878020795692081,0.020209156569890308,0.0079471580010483933,0.016419408978956957,0.0093639823433732967,0.058025862836878259,0.0019038507564650984,0.051347070675805843,0.30708053426432086
7.2800000000000002,7.7341360000000003,0.0026883577587532839,0.085846991665027295,0.020209167269260142,0.0079167480264814571,0.016428101194234702,0.0093641309196038081,0.058353990244931556,0.0019207447679316317,0.051534353294197921,0.30758053426432086
7.2999999999999998,7.7468349999999999,0.0026883562680104873,0.085815942233086182,0.020211043337865942,0.0078871511177052156,0.016435619212849452,0.0093621678035740036,0.058682264643636468,0.001937707984573656,0.051721596650269402,0.30808053426432086
7.3200000000000003,7.7676769999999999,0.0026883244515150087,0.085784877209316601,0.020221617357302879,0.0078505292597395027,0.016443867851164477,0.0093588759422815072,0.059010700612252845,0.0019547412015818283,0.051908774169115032,0.30858053426432086
7.3399999999999999,8.1241179999999993,0.0026884119722259399,0.085753775790806633,0.020229512222424972,0.0078164827917799329,0.01645071981914447,0.0093531032288642745,0.05933927024197503,0.0019718429983126193,0.052095836233692315,0.30908053426432086
7.3600000000000003,7.7576330000000002,0.0026885500179840431,0.085722645607031855,0.020237390875845751,0.0077843537691659748,0.016459089803722085,0.0093460669770384121,0.059668003839826914,0.0019890149670451582,0.052282757573233085,0.30958053426432086
7.3799999999999999,7.9802989999999996,0.0026888335107793132,0.085691488105296462,0.020242810516624576,0.0077571613283105023,0.016462935336864402,0.0093361475273408684,0.059996811029032038,0.0020062523766340829,0.0524694805237799,0.31008053426432086
7.4000000000000004,7.8726799999999999,0.0026891500522098566,0.085660305441860832,0.02025064797692222,0.0077301366787594361,0.016470173956935241,0.0093268164649951916,0.060325759567955141,0.0020235587572215814,0.052656016853079801,0.31058053426432086
7.4199999999999999,8.3369940000000007,0.0026895648730471244,0.085629096708411151,0.020257224653312811,0.0077058820672508688,0.016476687691419051,0.0093134008579468588,0.060654834968705322,0.0020409333229234983,0.052842284870238738,0.31108053426432086
7.4400000000000004,7.9457139999999997,0.0026900657368276156,0.085597862180838952,0.020264279186325229,0.0076841977303274689,0.016482702244669221,0.0092986179252184439,0.060984027252566367,0.0020583755005662342,0.05302825722874311,0.31158053426432086
7.46,7.8297140000000001,0.002690649977630093,0.085566604739132884,0.020270555031495441,0.0076656236591130522,0.016488981201529997,0.0092826141586931574,0.061313341691769198,0.0020758855136526594,0.053213909511916971,0.31208053426432086
7.4800000000000004,7.6335819999999996,0.002691312871679992,0.085535322140223843,0.020281265714391594,0.0076461329175483428,0.016495278268011247,0.0092649540631673209,0.061642778640061249,0.0020934633165777023,0.053399208593180314,0.31258053426432086
7.5,7.8254349999999997,0.0026920948949770303,0.085504011509291766,0.020287772913976099,0.0076321815614033284,0.016501590298468795,0.0092459312957610847,0.061972338388944635,0.0021111088504978991,0.053584127219095536,0.31308053426432086
7.5200000000000005,8.5187530000000002,0.002692946604560389,0.085472677140544157,0.020297457498313687,0.0076191200224258182,0.016507714067696071,0.0092257727395098476,0.062302017171766547,0.0021288218302976869,0.05376864267388573,0.31358053426432086
7.54,9.077731,0.00269389860136451,0.085441317632720962,0.020305349554150531,0.0076091278123531225,0.01651386679686933,0.0092049114092072233,0.062631815560503221,0.0021466021964523943,0.053952740902069876,0.31408053426432087
7.5600000000000005,10.505046999999999,0.0026949206401973916,0.085409933440931132,0.02031646148685029,0.0075995354947320237,0.016519942154094153,0.0091834043252268776,0.062961732003891976,0.0021644497702808714,0.054136408988574414,0.31458053426432087
7.5800000000000001,8.6014370000000007,0.0026960403426422755,0.085378522890612388,0.020323367312161,0.0075951129085591873,0.016525987097812483,0.0091614950000840478,0.063291765888765422,0.0021823644195423809,0.054319638888576098,0.31508053426432087
7.6000000000000005,7.7177809999999996,0.0026972043797852258,0.08534709046142408,0.020334245856814093,0.0075902103985701075,0.016531940797777075,0.0091393968414143264,0.063621915387351402,0.0022003459433907425,0.054502426825404383,0.31558053426432087
7.6200000000000001,8.2209520000000005,0.0026984438417994106,0.085315632575723818,0.020343277294183615,0.0075876361072886311,0.016538176213839056,0.0091173491169596593,0.063952186120117424,0.0022183945463891217,0.054684773807743579,0.31608053426432087
7.6400000000000006,10.643910999999999,0.0026997273788381139,0.085284149918428157,0.020355516199037194,0.0075847042500569728,0.016544320268021655,0.0090952816411905175,0.064282576257065252,0.0022365100276121666,0.05486667944056739,0.31658053426432087
7.6600000000000001,9.6732379999999996,0.0027010765841534411,0.085252640951325953,0.020363688124288792,0.0075858753342679108,0.016550642776979298,0.0090736003876032909,0.064613089356446829,0.0022546924826074319,0.055048151448319455,0.31708053426432087
7.6799999999999997,9.232488,0.0027024376396598154,0.085221108819891311,0.020375383921547474,0.0075860858525143016,0.016556978798448842,0.0090523457681430126,0.064943725682502729,0.0022729418295867085,0.055229198363682314,0.31758053426432087
7.7000000000000002,11.28002,0.0027038386808330072,0.085189551880024084,0.020384663497097666,0.0075879474558586679,0.016563591119935554,0.0090317148590964066,0.06527449074705706,0.0022912582808185381,0.055409832660864244,0.31808053426432087
7.7199999999999998,9.338139,0.0027052424278732712,0.085157970637092448,0.020397416418908243,0.0075883116076056467,0.016570106991227334,0.0090116971516292325,0.065605382618086974,0.0023096416419533766,0.055590066603896829,0.31858053426432087
7.7400000000000002,15.900608999999999,0.0027066750260784089,0.08512636312563418,0.020405864012400077,0.0075917674275274294,0.016576861984347373,0.0089926312975569887,0.065936406064447201,0.0023280920961223153,0.055769919229847968,0.31908053426432087
7.7599999999999998,16.089162999999999,0.0027080807412043074,0.085094732495212752,0.020417928453866807,0.0075930933343641982,0.016583680597026865,0.008974421607217016,0.066267562350009218,0.0023466096388980798,0.055949407661992308,0.31958053426432087
7.7800000000000002,11.229639000000001,0.0027094906714666294,0.085063076949569771,0.020427078219061201,0.0075955682805091129,0.016590819574902903,0.0089571836525854983,0.066598857865180591,0.002365194560047296,0.056128551335044019,0.32008053426432087
7.7999999999999998,9.6846169999999994,0.0027108660255045795,0.08503139727645008,0.020439891472240124,0.007595292969492462,0.016597913163006607,0.0089408294172916136,0.066930291696345207,0.0023838467477536171,0.056307367923389855,0.32058053426432087
7.8200000000000003,9.2494370000000004,0.002712238000129629,0.08499969130676141,0.020448262122195526,0.0075973206073971511,0.016605254992757005,0.0089256023820346933,0.067261868792883789,0.0024025664272604827,0.05648587997103055,0.32108053426432087
7.8399999999999999,9.2824690000000007,0.0027135540242671425,0.084967962171085473,0.020460110154911781,0.0075964984045295836,0.016612621960257923,0.0089113605725116441,0.06759358964874157,0.0024213535810298794,0.056664107182480786,0.32158053426432087
7.8600000000000003,9.5318159999999992,0.0027148476501887555,0.084936208057281359,0.020468940393054247,0.007596032225224647,0.016620296480776252,0.0088981618680840091,0.067925460396723328,0.0024402085187806674,0.056842070419842468,0.32208053426432087
7.8799999999999999,9.3313020000000009,0.0027160827258887995,0.084904429889124014,0.020481271855068872,0.0075923426919537462,0.016627894531010979,0.0088858304250104998,0.068257479501104862,0.0024591311227097879,0.057019787028342678,0.32258053426432087
7.9000000000000004,9.3066689999999994,0.0027172938113094662,0.08487262550186768,0.020489089743399358,0.0075903373101304794,0.016635720485870954,0.0088745368871535803,0.068589651503458082,0.0024781216278706815,0.057197277766085748,0.32308053426432087
7.9199999999999999,9.6813660000000006,0.00271843257299099,0.08484079800125581,0.020500514410412229,0.0075849637357183752,0.016643512389829068,0.0088640595334155779,0.068921975714380232,0.002497179977828925,0.057374558956754057,0.32358053426432087
7.9400000000000004,9.5856100000000009,0.0027195385346248744,0.084808945396203969,0.020508618605540541,0.0075798212315980606,0.016651574190823037,0.0088544303296184245,0.069254457513125797,0.0025163064703433045,0.057551647563346423,0.32408053426432087
7.96,10.282128,0.0027205766395106868,0.084777068952581303,0.020520287643069679,0.007571184700271516,0.016659514379706426,0.0088453943173821444,0.06958709446135504,0.0025355009596512925,0.057728555449694068,0.32458053426432087
7.9800000000000004,9.7483640000000005,0.0027215867641008223,0.084745166405469266,0.020527417118822555,0.0075640828201617438,0.016667630416411616,0.0088370819717395136,0.069919890059830042,0.0025547636467665581,0.057905297089128858,0.32508053426432082
8,11.370549,0.002280785208774692,0.084713240884926044,0.018677739910434088,0.0018823421827587339,0.01667565710546464,0.0088292389872195679,0.070252842514002253,0.0025740944310319487,0.058081881868873253,0.32508053426432082
8.0199999999999996,15.369075,0.0019090246976386576,0.084684335761154861,0.016930711451378144,-0.0030151728402518785,0.016683890627680834,0.0088218614807258015,0.070585955942811765,0.0025934935582631858,0.058258319098487769,0.32508053426432082
8.0400000000000009,9.5339700000000001,0.0016068028287692044,0.084658091214786957,0.01511110787877934,-0.0089270190144681294,0.016691939974810149,0.0088146843019993766,0.070919226658100215,0.0026129608225854075,0.058434612784527759,0.32508053426432082
8.0600000000000005,10.973663,0.0013830737745504883,0.084634215059735271,0.013484125004989522,-0.013226739476317917,0.016700119494498102,0.0088078177382373765,0.07125265724792762,0.0026324963855297754,0.058610769139292508,0.32508053426432082
8.0800000000000001,9.6769859999999994,0.0012358027198813622,0.084612438883840235,0.011726989463848092,-0.017600701545260833,0.016708143740688474,0.0088009959206475277,0.071586244601128862,0.0026521000762025747,0.058786789057705457,0.32508053426432082
8.0999999999999996,11.497439,0.0011659454815603192,0.084592949123589764,0.010290317098532231,-0.020954877132515648,0.016716320723037491,0.008794232881571858,0.071919991756147592,0.0026717720848210618,0.058962673715336894,0.32508053426432082
8.120000000000001,10.085934999999999,0.0011611820763469073,0.084575110248197791,0.0088862299731364836,-0.023927519093172478,0.016724262725273949,0.0087872695986033148,0.072253894010563632,0.002691512145040873,0.059138419107308958,0.32508053426432082
8.1400000000000006,11.696759,0.0012063506439479036,0.084558900934346523,0.0075674234316029931,-0.026589351134180816,0.016579670339633406,0.0087802309495686286,0.0725849060147295,0.0027111396901361167,0.059314023726300333,0.32508053426432082
8.1600000000000001,26.532509999999998,0.0012784772279979034,0.084544163045119136,0.0063146846828678882,-0.028765671309809449,0.016306257850526452,0.0083585244410980634,0.072910456043699348,0.002730499356271599,0.059481194215122296,0.32508053426432082
8.1799999999999997,29.383797000000001,0.0013578666902504465,0.084530825693275288,0.0052153021149061729,-0.030857256653689547,0.015910987411451548,0.0076058578794644593,0.073228111585449035,0.0027494404480737449,0.059633311372711585,0.32508053426432082
8.1999999999999993,30.900763000000001,0.0014269170075024468,0.084518579694250029,0.0042685187231401578,-0.0321534985098193,0.015421878446224724,0.0064692023760310547,0.073535999704719135,0.0027678426201295215,0.059762695420232208,0.32508053426432082
8.2200000000000006,22.373422000000001,0.0014784184940658245,0.084507354544650554,0.0034528999818870254,-0.032536166616003115,0.014837662392932495,0.0050907993015576886,0.073832222268649883,0.0027855819192405622,0.059864511406263358,0.32508053426432082
8.2400000000000002,25.594016,0.0015095411058291368,0.084497120154325284,0.0027376511851291419,-0.032835141128940037,0.014194164108775163,0.0034806219170531601,0.074115596426653593,0.0028025761675154045,0.05993412384460442,0.32508053426432082
8.2599999999999998,20.464013999999999,0.0015152970832048251,0.084487731559040352,0.0021564395994522201,-0.032403632893160506,0.013500000515151636,0.0017279395339149096,0.074385111369197607,0.0028187533523487789,0.059968682635282718,0.32508053426432082
8.2799999999999994,25.067316999999999,0.0014965423877855014,0.084479128273778945,0.0016895619558923158,-0.031613709578413918,0.012767247435742172,-0.00013029597893904473,0.074639997334205177,0.0028340565440532618,0.059966076715703934,0.32508053426432082
8.3000000000000007,16.587029999999999,0.0014530381290221246,0.084471217121274048,0.0013250214557412043,-0.030161255038692047,0.012005193820445506,-0.0020646534783326492,0.074879669938594129,0.0028484410555847496,0.059924783646137278,0.32508053426432082
8.3200000000000003,16.232741999999998,0.0013874482280020856,0.084463948457428301,0.001042143501775783,-0.02833327716715317,0.011229357979297914,-0.004034812382251559,0.075103854517382024,0.0028618822937934219,0.059844087398492243,0.32508053426432082
8.3399999999999999,14.187530000000001,0.001301334608985325,0.084457255075609347,0.00088268040293026928,-0.026312989577515822,0.010453640214478539,-0.0060323015676926051,0.075312553809542507,0.0028743740088566657,0.059723441367138391,0.32508053426432082
8.3599999999999994,13.010733999999999,0.0011965878856873826,0.084451035822601633,0.00081237744750550789,-0.023922252826830359,0.0096887887675186739,-0.0079972713634965907,0.07550598502357142,0.0028859246171497291,0.059563495939868462,0.32508053426432082
8.3800000000000008,14.049192,0.0010772708275094604,0.084445242554973196,0.0007588687422592777,-0.021726118308704301,0.0089419479917466869,-0.0098650459884773861,0.075684507883220883,0.0028965529819072714,0.059366195020098912,0.32508053426432082
8.4000000000000004,12.949092,0.00094444335174740052,0.084439818478143025,0.0009169717818569012,-0.018286062280756354,0.0082223078197695334,-0.011635701252401109,0.075848665476372312,0.0029062906902591976,0.059133480995050891,0.32508053426432082
8.4199999999999999,13.934158,0.00080968019541013806,0.0844347162519299,0.0010529349572205859,-0.015231494816356772,0.0075365204212205208,-0.01326205278780514,0.075999133606966474,0.002915178755250302,0.058868239939294791,0.32508053426432082
8.4399999999999995,13.162234,0.00067567264276197222,0.084429898686556232,0.0011730387652111318,-0.012507208927701186,0.0068895868452142194,-0.014727105309011081,0.076136687848686352,0.0029232653703623488,0.058573697833114571,0.32508053426432082
8.4600000000000009,14.418447,0.00054934192075161217,0.084425327961176869,0.0014630506147299549,-0.0088091185884380252,0.0062843106836708807,-0.015992726834919223,0.076262159692050455,0.0029306030014768563,0.05825384329641619,0.32508053426432082
8.4800000000000004,12.771191999999999,0.00044935842149876554,0.084420959925954928,0.0017219702808364268,-0.0055139613230341666,0.0057266395797919388,-0.017044183308883382,0.076376499339374515,0.0029372517156791614,0.057912959630238521,0.32508053426432082
8.5,20.252704000000001,0.0003923105083693452,0.08441676843922552,0.0019165330414621096,-0.002811330258868594,0.0052191147680864403,-0.017881064971195366,0.076480707717851676,0.0029432747913174769,0.057555338330814616,0.32508053426432082
8.5199999999999996,12.539489,0.0003933682231664473,0.084412740510216216,0.0022918704900649622,0.0009852753833516914,0.0047580861626578654,-0.018489973036008578,0.076575712877965635,0.0029487312667579768,0.057185538870094442,0.32508053426432082
8.5400000000000009,12.611554999999999,0.00044340735390059426,0.084408851916803918,0.0025876280088823478,0.0039529875810213611,0.004356251480394137,-0.018899645586962128,0.076662696428440258,0.0029536944039717876,0.056807545958355202,0.32508053426432082
8.5600000000000005,14.980442,0.00051886132558889777,0.084404956902556227,0.0028310484785740719,0.006565645363675543,0.0040058595393059702,-0.019031889693146033,0.076742685245279732,0.0029582279941695214,0.056426908164492279,0.32508053426432082
8.5800000000000001,16.095576999999999,0.00060259199341804149,0.084401133770039716,0.0030544073750271572,0.0089311639109705965,0.0037004515315236072,-0.018932539762100485,0.076816577273839712,0.0029623878896193083,0.056048257369250266,0.32508053426432082
8.5999999999999996,12.216298,0.00068407229180752127,0.084397374411295814,0.0032392167175689934,0.010932256770198379,0.0034494556389375063,-0.018640477400153056,0.07688545877273753,0.0029662397452226551,0.055675447821247205,0.32508053426432082
8.620000000000001,19.084199000000002,0.00075729246616184959,0.084393549631771883,0.0034258438329599628,0.012889952174184316,0.0032448657136589982,-0.018096829348213307,0.076950256182560295,0.0029698393396627707,0.055313511234282936,0.32508053426432082
8.6400000000000006,14.741816,0.00081729924849519107,0.084389805929531797,0.0035397106626287034,0.014286136337650746,0.0030767494570393796,-0.017347058550301574,0.077011697649168903,0.0029732306623456778,0.054966570063276904,0.32508053426432082
8.6600000000000001,16.150811999999998,0.00086372198385229718,0.084386075127913435,0.003630783702749607,0.015472540049360717,0.0029562797571001053,-0.016447584258147085,0.077070734481479941,0.0029764692471561552,0.054637618378113963,0.32508053426432082
8.6799999999999997,15.204205,0.00089400752128816405,0.084382377174189532,0.0036356278592806213,0.016064231986247179,0.0028721511109863753,-0.015328014071503212,0.07712809226374534,0.0029795974439741175,0.054331058096683899,0.32508053426432082
8.7000000000000011,16.337040999999999,0.00090946120856275818,0.08437864254245156,0.0036837467266801482,0.016874657003551619,0.0028164264028791093,-0.014062926555900246,0.077184338104790473,0.002982648417303876,0.054049799565565895,0.32508053426432082
8.7200000000000006,19.168952000000001,0.00090647447898071847,0.084374975931239937,0.0036583219808878908,0.017154227790106447,0.0027846120290399802,-0.012687530833120679,0.077239949397332322,0.0029856500506484033,0.053796048948903483,0.32508053426432082
8.7400000000000002,16.30753,0.00088701793137772205,0.084371353702118318,0.0034850728163640099,0.016476427468813171,0.0027711482665846872,-0.011226909036139515,0.077295292518784128,0.0029886239360073516,0.053571510768180695,0.32508053426432082
8.7599999999999998,19.903417000000001,0.00085652745142966724,0.08436768119507855,0.0034039459463381938,0.016344121229556308,0.0027743443552188736,-0.0097131148765068048,0.077350700092156888,0.0029915896489866381,0.053377248470650562,0.32508053426432082
8.7799999999999994,20.549565999999999,0.0008103113050723223,0.084364073184308344,0.0032517040285480192,0.015720232734729223,0.0027865610505204926,-0.0081527057052219881,0.077406352181475346,0.0029945584786889965,0.053214194356546125,0.32508053426432082
8.8000000000000007,13.111605000000001,0.00075143899902058002,0.084360508393283254,0.0030275436531166378,0.014619476421414035,0.0028050240360100519,-0.0065896753610495632,0.077462373446166147,0.0029975387202027916,0.053082400849325133,0.32508053426432082
8.8200000000000003,15.401199,0.00068325520323333502,0.084356965020027791,0.0027899962181598958,0.013417681684169125,0.0028220332633885651,-0.0050395176549573603,0.077518734763349417,0.0030005304790892504,0.052981610496225982,0.32508053426432082
8.8399999999999999,21.133531999999999,0.00060702216019019165,0.084353458609892545,0.0024904619210683876,0.011826405761098613,0.0028412845272835813,-0.0035448631991356417,0.077575480822883042,0.0030035377757821071,0.052910713232243271,0.32508053426432082
8.8599999999999994,21.356186999999998,0.00052602153570463126,0.084349973100949896,0.0022487401118849171,0.010568951466778387,0.0028565198915273997,-0.0020861959092735262,0.077632531332869181,0.0030065579854764639,0.052868989314057799,0.32508053426432082
8.8800000000000008,17.708677000000002,0.00043965985346338548,0.084346563569955027,0.0019197482002510924,0.008751441822477446,0.0028560152381554701,-0.00070000865572355598,0.077689571848013658,0.0030095760723345645,0.052854989140943325,0.32508053426432082
8.9000000000000004,20.131817000000002,0.00035440654495796155,0.084343193201126945,0.0016500506838563744,0.0072942259428518952,0.0028489059472676208,0.00054836806785791745,0.077746470380520613,0.0030125865601862874,0.052865956502300485,0.32508053426432082
8.9199999999999999,26.337312000000001,0.00027226584626158289,0.084339906393110245,0.0013714255428234345,0.0057602201737587677,0.0028300203009179307,0.001707566316257884,0.077802991660207224,0.0030155783663348475,0.052900107828625642,0.32508053426432082
8.9399999999999995,12.096455000000001,0.00020337249620705903,0.084336701172701825,0.00098490200317868926,0.0035713129420713585,0.0027946392037064781,0.0027473503633493592,0.077858806175520587,0.0030185352552221296,0.052955054835892627,0.32508053426432082
8.9600000000000009,22.059439000000001,0.00016785167226685604,0.084333528531275417,0.00069319724256899917,0.0019375022655570007,0.0027433183272169565,0.0036404853240820413,0.077913595525110735,0.0030214413435321937,0.053027864542374271,0.32508053426432082
8.9800000000000004,29.463315999999999,0.00017937291049557714,0.084330440225211592,0.00043838984267186021,0.00052185419428596447,0.0026725707495336183,0.0043889296037213157,0.077966971681845132,0.0030242767723833329,0.053115643134448699,0.32508053426432082
9,18.725071,0.00022737406539077357,0.084327451056271069,2.4831256260959833e-05,-0.0018628920981171859,0.0025890868855975237,0.0049734428279081862,0.078018680254767006,0.0030270284712862359,0.053215111991006862,0.32508053426432082
9.0199999999999996,17.305965,0.00028363645801832989,0.084324478321418928,-0.00023727640864512622,-0.0033513282113517562,0.0024869845144380293,0.005428855633106933,0.078068349390347472,0.0030296768218504781,0.053323689103669004,0.32508053426432082
9.0400000000000009,26.845510999999998,0.00034062340411332599,0.084321588316254373,-0.00047965665194249496,-0.0047395780863279668,0.0023729945874514293,0.0057224722707399636,0.078115741679149892,0.0030322090712255182,0.053438138549083802,0.32508053426432082
9.0600000000000005,18.597688999999999,0.0003934348477025875,0.084318750870299483,-0.00069342584552201103,-0.0059217715119466163,0.0022475766057400053,0.0058909214937803833,0.07816062890244245,0.0030346126985993402,0.053555956978959408,0.32508053426432082
9.0800000000000001,18.219137,0.00043982396057892645,0.084315989759694634,-0.00089916838793646647,-0.0070590374950434409,0.0021030249411592822,0.0059365651232207656,0.078202628962131648,0.0030368667055556647,0.053674688281423827,0.32508053426432082
9.0999999999999996,12.922895,0.00047712753897727437,0.084313313486544902,-0.0010264723212531912,-0.0077051513553811901,0.0019490364375810948,0.0058193768847391147,0.078241553431400587,0.003038960244697539,0.053791075819118607,0.32508053426432082
9.120000000000001,12.353268999999999,0.00050697702118439997,0.084310703899198286,-0.0011563311924152053,-0.0083743050673348307,0.0017895841292239296,0.0055902840703393073,0.078277293237581383,0.0030408865874466608,0.053902881500525392,0.32508053426432082
9.1400000000000006,12.294484000000001,0.00052744002983346556,0.084308164928564661,-0.001254481372518601,-0.0088529827740337907,0.0016121926925424953,0.0052723534150036664,0.078309490168545826,0.0030426254800903552,0.054008328568825467,0.32508053426432082
9.1600000000000001,12.346371,0.00053777428129508388,0.084305691903577715,-0.0013172417700624273,-0.0091439311642851351,0.001431085014849461,0.0048004394915362562,0.078338070061473614,0.0030441719108605246,0.05410433735865619,0.32508053426432082
9.1799999999999997,13.768046999999999,0.0005381989377288163,0.084303286798865132,-0.0013542638168368981,-0.0092377991688934458,0.0012482520335947175,0.0042498355638180448,0.07836299851383674,0.0030455230283714598,0.054189334069932552,0.32508053426432082
9.2000000000000011,15.635092,0.00052905679113537224,0.084300932735265038,-0.0013583610264196189,-0.0091576387484924027,0.0010662138371660857,0.0036328733306571688,0.07838429144706982,0.0030466787848152589,0.054261991536545692,0.32508053426432082
9.2200000000000006,18.971181000000001,0.00051092913229312624,0.084298631716946973,-0.0013607028423283651,-0.0090834483263417809,0.00088554920392060134,0.0029688340868924729,0.078401976335230356,0.0030476398715830119,0.054321368218283539,0.32508053426432082
9.2400000000000002,18.913314,0.00048326132697625382,0.084296380170784474,-0.0012782741658030616,-0.0084691757680595003,0.00071255512092371757,0.0022639987395821552,0.07841620639914193,0.0030484139524666635,0.054366648193075184,0.32508053426432082
9.2599999999999998,22.242659,0.00044985118138518164,0.084294174311771136,-0.0012496624459665817,-0.0082284192943316015,0.00054625292430384885,0.0015568499691826533,0.078427115306585818,0.0030490077885592772,0.054397785192458838,0.32508053426432082
9.2799999999999994,15.406186,0.00040796291026132134,0.084292009212499269,-0.0011030978421353588,-0.0072166431135638476,0.00038857288731477971,0.00084585179814653671,0.078434875265258622,0.0030494303958223641,0.05441470222842177,0.32508053426432082
9.3000000000000007,13.761704,0.00036329774581774236,0.084289880964358729,-0.00099522599203849538,-0.0064813779321006848,0.00024155372688435119,0.00014516585538827274,0.078439699188870712,0.0030496931545964199,0.054417605545529532,0.32508053426432082
9.3200000000000003,9.9717540000000007,0.00031419927915317988,0.084287782832464006,-0.00087188398450610549,-0.005648565072787548,0.00010623799842727593,-0.00053214889400603758,0.078441820804230358,0.0030498087105986335,0.05440696256764941,0.32508053426432082
9.3399999999999999,13.495813999999999,0.00026202238439361676,0.084285710572237604,-0.00077922957012388494,-0.0050416482493300663,-1.584672926144905e-05,-0.0011731820379268891,0.078441504338409074,0.0030497914793690844,0.054383498926890872,0.32508053426432082
9.3599999999999994,10.196113,0.00020611361828617235,0.084283662311449445,-0.00057509067494621036,-0.0037055635620539817,-0.00012588302796354736,-0.0017675296676625347,0.078438990397586103,0.0030496546720946427,0.05434814833353762,0.32508053426432082
9.3800000000000008,11.179124,0.00015295927895367863,0.084281635068588864,-0.00040157227153603259,-0.002589936863051534,-0.00021812476558901977,-0.0023186014678851698,0.078434634337992748,0.0030494177962527335,0.054301776304179913,0.32508053426432082
9.4000000000000004,11.027488999999999,0.00010394345277815148,0.084279624367539954,-0.00023933115462648757,-0.0015623036684022651,-0.00029877094132771094,-0.0027896945959421096,0.078428667717764203,0.003049093646285873,0.054245982412261071,0.32508053426432082
9.4199999999999999,10.536792999999999,6.6675493423446383e-05,0.084277632187776563,-9.7278767986264114e-05,-0.00062696606361178908,-0.00035930790295476376,-0.0032131927017355756,0.078421492117686772,0.003048704247802268,0.054181718558226358,0.32508053426432082
9.4399999999999995,13.225946,6.2972526957249733e-05,0.084275648018672628,2.9910261904575464e-05,0.00016774103642802629,-0.00040492601031801506,-0.0035357954098814027,0.078413405466315839,0.003048265956645833,0.054111002650028731,0.32508053426432082
9.4600000000000009,11.581559,9.4051406540687085e-05,0.084273679614411803,0.00024712508772317676,0.0015593772286095486,-0.00043585197448358422,-0.0037841312732676785,0.078404701167626725,0.00304779482843063,0.054035320024563377,0.32508053426432082
9.4800000000000004,13.258639000000001,0.00013158850803187002,0.084271720384505047,0.00039591844287256706,0.0024986290699420266,-0.00045607632273508201,-0.0039558035443274285,0.078395592935039823,0.0030473025439533008,0.053956203953676826,0.32508053426432082
9.5,11.139854,0.00016811326893757477,0.084269759420701931,0.00052229746581966552,0.0033039268895311835,-0.00045752640831409872,-0.0040721993941795877,0.078386455703392102,0.0030468094278029221,0.053874759965793231,0.32508053426432082
9.5199999999999996,15.450701,0.00020103364232885562,0.084267800109689719,0.00064707024987153972,0.0040755842654380814,-0.00044459653800868747,-0.0040835654494804649,0.078377576654334508,0.0030463309714552646,0.053793088656803621,0.32508053426432082
9.5400000000000009,15.772074999999999,0.00022868509818715742,0.084265859930311576,0.00074705987572842858,0.0046939755226311775,-0.00041965361563072958,-0.0040126982785392111,0.078369195704493966,0.0030458800361880985,0.053712834691232836,0.32508053426432082
9.5600000000000005,13.518038000000001,0.00025088395208300437,0.084263931665694666,0.00082108797132107725,0.005152470447825408,-0.00038555828239731168,-0.0038712644374103034,0.078361495643772039,0.0030454663448434534,0.053635409402484631,0.32508053426432082
9.5800000000000001,9.2158560000000005,0.00026780936785881539,0.08426201035283061,0.00086164140042610526,0.0054105097804058033,-0.00034444749749300941,-0.003670501728879904,0.078354616586813863,0.0030450972828190061,0.05356199936790703,0.32508053426432082
9.5999999999999996,11.454630999999999,0.00028004317445396706,0.084260085722924691,0.0008702171388379476,0.0055226183539947016,-0.00028963939078612797,-0.0034244636127845098,0.07834883209582412,0.0030447873559445548,0.053493510095651342,0.32508053426432082
9.620000000000001,8.8651180000000007,0.0002875592506189478,0.084258140586400673,0.00089881956104331806,0.0057251710723598137,-0.00022812024133134575,-0.0030924212835945378,0.078344276209687036,0.0030445435541644147,0.053431661669979452,0.32508053426432082
9.6400000000000006,8.9255469999999999,0.00028886101791928483,0.084256213504262448,0.00090615211274380769,0.0057981115194607469,-0.00016240167383544518,-0.0027129044011077841,0.078341032806876959,0.0030443701768953376,0.053377403581957299,0.32508053426432082
9.6600000000000001,10.119903000000001,0.00028432607612409856,0.084254305241441438,0.00091880648715969571,0.0058857135673680006,-9.3036500786778374e-05,-0.0022987236030967231,0.078339174724697244,0.0030442709458270881,0.053331429109895363,0.32508053426432082
9.6799999999999997,11.448997,0.00027333189180316336,0.084252430920126395,0.00089478401626452708,0.0057675479853198652,-2.2423424689988213e-05,-0.0018545445335698581,0.078338726893385335,0.0030442470480028586,0.053294338219223969,0.32508053426432082
9.7000000000000011,11.378174,0.00025715772936996193,0.084250577698654336,0.00084730675988797799,0.0055066196136337453,4.7182684600325251e-05,-0.0013934756953014227,0.07833966920797146,0.0030442973024673464,0.05326646870531794,0.32508053426432082
9.7200000000000006,9.9675019999999996,0.00023676885961639794,0.084248744646570173,0.00075204298855791052,0.0049552873146012644,0.00011313669703403159,-0.00092827509326172939,0.078341928733742877,0.0030444177523515164,0.053247903203452705,0.32508053426432082
9.7400000000000002,15.036084000000001,0.00021440153509704309,0.084246923027776283,0.00072663916537818452,0.0048221534896875085,0.00017318149461118025,-0.00047385146377261532,0.07834538745538587,0.003044602079849816,0.053238426174177254,0.32508053426432082
9.7599999999999998,10.731164,0.000187217574325166,0.084245148373603987,0.00063739898727144251,0.0043232905466137339,0.00022955243812055351,-4.0180308381798191e-05,0.078349971999509369,0.0030448463827734366,0.053237622568009617,0.32508053426432082
9.7799999999999994,9.6428879999999992,0.00015812723793330512,0.084243394651362186,0.00050857244683433223,0.0036067876687440048,0.0002808730060535793,0.00038066812549968049,0.07835558149974492,0.0030451453231004569,0.053245235930519608,0.32508053426432082
9.8000000000000007,11.677156999999999,0.00012904630076925207,0.084241646488188424,0.00040334896307259172,0.0029868596520667978,0.00032808613774615742,0.00078004088704357061,0.07836213392054997,0.0030454945896261389,0.05326083674826048,0.32508053426432082
9.8200000000000003,8.8241739999999993,9.9536375245156891e-05,0.084239939393535884,0.00029938890929281925,0.0024256745451669559,0.00036859487401474353,0.0011603770090181243,0.078369495359954924,0.0030458871228695302,0.053284044288440843,0.32508053426432082
9.8399999999999999,11.628584,7.0261538820850903e-05,0.084238259541959917,0.00019973749502266713,0.0018734754400338005,0.0004011473041893956,0.0015078552989921034,0.078377506912957653,0.0030463145364254887,0.053314201394420682,0.32508053426432082
9.8599999999999994,9.4496300000000009,4.3536011654355816e-05,0.084236616698750294,0.00010870744353486117,0.0013592001172977319,0.00042262098628024607,0.0018141380926537383,0.078385947314759619,0.00304676511010331,0.053350484156273754,0.32508053426432082
9.8800000000000008,10.266413999999999,2.8579403226140847e-05,0.084235021272441327,-6.3880672200866684e-06,0.00073302780490358543,0.00043985765954277905,0.0020606318962439066,0.0783947319416963,0.0030472344008944077,0.053391696794198633,0.32508053426432082
9.9000000000000004,15.560314999999999,3.9807923673892086e-05,0.084233451756193164,-8.5430659865881609e-05,0.00029335758563142633,0.00044804532818412213,0.0022816989921224965,0.078403680068071691,0.0030477128157907476,0.053437330774041079,0.32508053426432082
9.9199999999999999,14.309877999999999,6.3364074729912605e-05,0.084231930892764262,-0.00023482207873160021,-0.00055088354217502911,0.00044484380585101612,0.0024522381689424436,0.078412564232825679,0.0030481882327293357,0.053486375537419931,0.32508053426432082
9.9399999999999995,10.952354,8.5539560905958177e-05,0.084230422232808133,-0.00034025954685557025,-0.0011459303430765289,0.00043333127774313797,0.0025595665787185233,0.078421218452765548,0.0030486517796423618,0.053537566868994302,0.32508053426432082
9.9600000000000009,11.29576,0.00010520686183913923,0.08422895064316914,-0.0004236204688838896,-0.0015823637703551441,0.00041444467277712273,0.002614766159550305,0.078429495458349707,0.0030490955512920384,0.053589862192185311,0.32508053426432082
9.9800000000000004,14.337891000000001,0.00012231516352010862,0.084227514225403394,-0.00051128766598429465,-0.0020759510653576285,0.00038927679437014088,0.0026254489584156149,0.078437269806424445,0.0030495127815244228,0.053642371171353627,0.32508053426432082
10,11.533619,0.00013574803332884447,0.084226116516952304,-0.00053978205761495701,-0.0021750840179510789,0.00035916467242254633,0.002595106882001329,0.078444442757375832,0.0030498981117927058,0.053694273308993651,0.32508053426432082
10.02,9.7328810000000008,0.00014772402012247355,0.084224762399575701,-0.00060525579080739078,-0.0025126700014048708,0.00032262982218466112,0.0025291236654074404,0.078450886045633952,0.0030502445757705898,0.053744855782301801,0.32508053426432082
10.040000000000001,11.178546000000001,0.00015588357308459486,0.084223436596600226,-0.00063180426499309661,-0.0025841932650259025,0.00028327380134332385,0.0024215940195066632,0.078456543333867854,0.0030505490563932677,0.053793287662691931,0.32508053426432082
10.06,11.586781,0.00016161176173187152,0.084222138321575046,-0.00068551748752954111,-0.002870619013096487,0.00023560840840762686,0.0022887902440914586,0.078461248680037343,0.0030508025248729229,0.053839063467573757,0.32508053426432082
10.08,9.0036199999999997,0.00016269972358102459,0.084220867431751154,-0.00067575465759350806,-0.0027262948891024763,0.00018407252148577776,0.0021027635725214475,0.078464924791980681,0.0030510007122754035,0.053881118739024188,0.32508053426432082
10.1,15.492502999999999,0.00016175440868194984,0.084219623398534296,-0.00071379859061337925,-0.0029272848714452238,0.00013086525405501512,0.001885110390709154,0.078467538296075945,0.0030511417166427233,0.053918820946838371,0.32508053426432082
10.120000000000001,11.37372,0.00015606187228093101,0.084218401776331969,-0.00067731191875886054,-0.0026175153888026159,7.5800918288407933e-05,0.0016494335858630593,0.078469052109913673,0.00305122344393344,0.053951809618555634,0.32508053426432082
10.140000000000001,11.446724,0.00014899593526154217,0.084217202389211668,-0.00067322099907052291,-0.0025368345239620282,2.3919944514785176e-05,0.0013927053800469533,0.078469529812352293,0.0030512492485525859,0.05397966372615657,0.32508053426432082
10.16,11.258512,0.00013898369737878975,0.084216022368703569,-0.00063551669857364601,-0.0022537957546386878,-2.8130436532097596e-05,0.0011450859887828018,0.078468968023436073,0.0030512188874358081,0.054002565445932224,0.32508053426432082
10.18,13.870092,0.00012737900715096298,0.084214857466961016,-0.00062879701054496806,-0.0021877366210940608,-7.714000954508572e-05,0.00088857352826281124,0.078467427473054949,0.0030511355990677177,0.054020336916497477,0.32508053426432082
10.200000000000001,15.035216999999999,0.00011279808633583823,0.084213708425465245,-0.0005702111239447305,-0.0017595240540924095,-0.00012564211168954211,0.00064317334468459394,0.078464918297286398,0.0030509999043572137,0.054033200383391169,0.32508053426432082
10.220000000000001,11.682805999999999,9.7751153901238385e-05,0.084212568137059518,-0.00053179826034099875,-0.0014808292703136772,-0.00016848037115226803,0.00039247658599747402,0.078461553608311543,0.0030508179090607481,0.05404104991511112,0.32508053426432082
10.24,14.237629,8.1558980644042255e-05,0.084211437223340346,-0.00048382886433007144,-0.0011696152244162761,-0.0002101444833229777,0.00016829181031148099,0.078457356854666899,0.0030505908839639343,0.054044415751317347,0.32508053426432082
10.26,12.032954,6.4752340955293912e-05,0.084210320542106476,-0.0004397135076965597,-0.00084398701474519555,-0.00024463805993947681,-5.6298738414019744e-05,0.078452471236965998,0.0030503265889980104,0.054043289776549069,0.32508053426432082
10.279999999999999,10.590313,4.8186929512340913e-05,0.08420920408640252,-0.00040241698827392369,-0.00058408124280084905,-0.0002753376205590653,-0.00024395239224660038,0.078446972523595115,0.003050029144241869,0.054038410728704141,0.32508053426432082
10.300000000000001,14.233503000000001,3.3040264821161455e-05,0.084208090073040448,-0.00034909150709738768,-0.00022757628407177322,-0.00029986609268253751,-0.00041375929203564684,0.078440983954809779,0.0030497052409853187,0.054030135542863428,0.32508053426432082
10.32,15.242876000000001,2.4214802213333138e-05,0.084206979382134672,-0.00028832634868214413,0.00017408233203752843,-0.00032138402592900452,-0.00055207157826038229,0.078434565652113791,0.0030493581569152536,0.054019094111298217,0.32508053426432082
10.34,14.873870999999999,2.7321729679295564e-05,0.084205873790126964,-0.00023989252591016808,0.00048185705172443249,-0.00033593842605306195,-0.00067674806063577702,0.078427856681647645,0.003048995437017742,0.054005559150085501,0.32508053426432082
10.359999999999999,15.471447,3.8434443836408163e-05,0.08420477512820361,-0.00018294485808656447,0.00083896077137168845,-0.00034588236752137173,-0.00076219778265749171,0.078420949117006228,0.0030486220798302036,0.053990315194432349,0.32508053426432082
10.380000000000001,20.807898999999999,5.1245515705164704e-05,0.084203684568256429,-0.00014315886212923346,0.0010739965153891973,-0.0003508941379192346,-0.00082184317202327632,0.078413941457054465,0.0030482434237714532,0.053973878330991883,0.32508053426432082
10.4,10.520821,6.4114115220115163e-05,0.084202602317262717,-6.150486268019506e-05,0.0016443764973832486,-0.00035178441561160238,-0.00085495186194623721,0.07840691601112143,0.0030478639248006033,0.053956779293752956,0.32508053426432082
10.42,14.378966,7.3973619662509826e-05,0.084201511566890042,-1.3602518215805048e-05,0.0019423932141044986,-0.00034952581511418107,-0.00086216091637067482,0.078399935664964504,0.0030474869822294439,0.053939536075425544,0.32508053426432082
10.44,14.614614,8.1970378958461768e-05,0.084200426284929727,2.3744132593872536e-05,0.0022008578433894144,-0.00034311911691284867,-0.0008499217188775095,0.07839308326002177,0.0030471170662157774,0.053922537641047992,0.32508053426432082
10.460000000000001,15.064194000000001,8.8027032766954883e-05,0.084199331749391121,6.7762968372520049e-05,0.0024598319307340688,-0.00033236990707488547,-0.00081241529751450037,0.078386445520749012,0.0030467588492446586,0.053906289335097703,0.32508053426432082
10.48,10.086463999999999,9.1590038292323951e-05,0.084198249788928592,6.0037161775383652e-05,0.0024366911251156864,-0.00031872517736977616,-0.00074795198865470168,0.078380080274187067,0.0030464154374198974,0.053891330295324606,0.32508053426432082
10.5,10.565390000000001,9.4556375209141962e-05,0.08419714414890124,5.3511625403679375e-05,0.0023781946396912446,-0.00030177680781916141,-0.00066510803149216866,0.07837405349817736,0.0030460903718513483,0.053878028134694764,0.32508053426432082
10.52,13.368874,9.6709850435986795e-05,0.084196038727972766,5.7323684275800701e-05,0.0024329964174327756,-0.00028326388633534818,-0.00056145008397948993,0.078368396439451746,0.0030457853172730599,0.053866799133015175,0.32508053426432082
10.540000000000001,11.889879000000001,9.7093806324982003e-05,0.084194927325293489,5.992694958312228e-05,0.002455815730153077,-0.00025990864119870502,-0.00044722229951886814,0.078363205805145192,0.0030455054669495337,0.053857854687024795,0.32508053426432082
10.56,12.665324,9.5450042166498865e-05,0.084193821199879074,5.7550246905790914e-05,0.0024302941038403247,-0.00023496539061080283,-0.00029859716160396052,0.07835851331049741,0.0030452525086634378,0.053851882743792719,0.32508053426432082
10.58,14.726148999999999,9.188774463715891e-05,0.084192728185326041,4.3444639729273149e-05,0.0023745962728067838,-0.00020945928759270269,-0.00013766477000784583,0.078354330197339575,0.0030450270279051947,0.053849129448392562,0.32508053426432082
10.6,15.784136999999999,8.6584775704557902e-05,0.084191633250132167,2.6447022321907099e-05,0.0022816387980046926,-0.00018289941313946335,3.1901265355423891e-05,0.078350677511444991,0.0030448301424405018,0.05384976747369967,0.32508053426432082
10.620000000000001,14.821704,7.9729538652123294e-05,0.084190543773509055,4.5301167252986829e-06,0.0021592350069266075,-0.00015963628821125575,0.00020958826955835074,0.078347489414051438,0.003044658291299073,0.053853959239090837,0.32508053426432082
10.640000000000001,14.936818000000001,7.1727911857988056e-05,0.084189460625100687,-1.9564384718950834e-05,0.0020239192143414186,-0.0001392409078698878,0.00037426727833307703,0.078344708633812099,0.0030445083798908788,0.053861444584657497,0.32508053426432082
10.66,10.269828,6.2906356607184249e-05,0.084188384823074044,-3.4224795004256237e-05,0.0019505076412205113,-0.00012057770072673404,0.00052418366391682961,0.078342300577658217,0.0030443785402791195,0.053871928257935832,0.32508053426432082
10.68,12.185895,5.3045675560485392e-05,0.084187321027425405,-7.9815102495217616e-05,0.0016772945799043981,-0.00010357215775813973,0.00066855542634828517,0.078340232140377178,0.0030442669877826633,0.053885299366462795,0.32508053426432082
10.700000000000001,11.218425999999999,4.3852291906756863e-05,0.084186260208093958,-0.00011047224137650247,0.0015054067471194088,-8.846660836403889e-05,0.00080539903042288214,0.078338465377094949,0.0030441716786920449,0.053901407347071252,0.32508053426432082
10.720000000000001,11.821930999999999,3.5257241464862846e-05,0.084185208594264052,-0.00014816019387176027,0.0012872306527178523,-7.6032733747231776e-05,0.00093166210315504471,0.078336946931674492,0.0030440897388022961,0.053920040589134355,0.32508053426432082
10.74,12.452788999999999,2.8639591246896275e-05,0.084184165670006431,-0.00019099596004501507,0.0010375908803528233,-6.6239910482060257e-05,0.0010458138259215723,0.078335624059584871,0.0030440183264030321,0.053940956865652784,0.32508053426432082
10.76,14.827971,2.5617253598216285e-05,0.084183129990605218,-0.00021293482976192379,0.00090257700120410789,-5.922689309198393e-05,0.0011459033551901292,0.078334441245318701,0.0030439544487240533,0.053963874932756589,0.32508053426432082
10.779999999999999,14.088879,2.7000934841216966e-05,0.084182114904880256,-0.00025272446437574203,0.0006684974683128786,-5.4893609720797964e-05,0.0012306749541265785,0.078333344972021934,0.0030438952185452809,0.053988488431839121,0.32508053426432082
10.800000000000001,11.666791,3.199815906454165e-05,0.084181108231325061,-0.00032013504188865838,0.00028590998292443714,-5.2197458295127442e-05,0.0013001608875584045,0.078332302544648041,0.0030438388711304704,0.054014491649590289,0.32508053426432082
10.82,13.335667000000001,3.7819809256842675e-05,0.084180093065635647,-0.00035287509398607142,8.9459938342528744e-05,-5.351162691486368e-05,0.0013598575463228441,0.078331233873752681,0.0030437810766372614,0.054041688800516748,0.32508053426432082
10.84,12.834904999999999,4.379765057461021e-05,0.084179095254712413,-0.00038552191196483676,-0.00010210369842056366,-5.7208989092538265e-05,0.0013957906469304717,0.078330091365217888,0.0030437192573755847,0.054069604613455356,0.32508053426432082
10.859999999999999,12.211739,4.9338199100947576e-05,0.084178111586097643,-0.00042213123603884739,-0.00028940530062904202,-6.3627371656334918e-05,0.0014168767125288888,0.078328820678466471,0.0030436504667560958,0.054097942147705934,0.32508053426432082
10.880000000000001,11.396939,5.3978723651047103e-05,0.084177130437675662,-0.00044739883225952681,-0.00042300042546905559,-7.2916258289223984e-05,0.0014206794978264424,0.078327364487858694,0.0030435715921531166,0.05412635573766246,0.32508053426432082
10.9,15.636666,5.7732692753080807e-05,0.084176160647312009,-0.00048033517359913347,-0.00063149260786410366,-8.3073569614725609e-05,0.0014060010330756035,0.078325705450911359,0.0030434816833394313,0.054154475758323974,0.32508053426432082
10.92,10.654149,5.9991617933478592e-05,0.084175206404959263,-0.00048774515557914455,-0.00063092566367473069,-9.5476620937613304e-05,0.0013823931647960529,0.078323798719287158,0.0030433782977914775,0.054182123621619893,0.32508053426432082
10.94,10.793955,6.1700557956895417e-05,0.084174257235227715,-0.00048203864242823968,-0.00057568771909188854,-0.00011216612992945208,0.0013431867477064021,0.078321558690379003,0.0030432567791840591,0.05420898735657402,0.32508053426432082
10.960000000000001,11.14771,6.294953600245833e-05,0.084173321409793112,-0.00050570669893001963,-0.00070111855974452908,-0.00012986813153902275,0.0012785250840872252,0.078318965144936747,0.0030431160145764518,0.054234557858255768,0.32508053426432082
10.98,11.781976,6.2492522611657411e-05,0.08417239024954061,-0.0004880912041573815,-0.00059418689888524057,-0.00014847346210998026,0.0012036289471926247,0.078316000043741382,0.0030429550099752723,0.054258630437199619,0.32508053426432082
11,11.130882,0.00056094222629179675,0.084171476506366152,-0.0025425127339087084,-0.0065735011748149219,-0.00016821661530428975,0.0011195072022156262,0.078312640664558689,0.0030427725178585776,0.054281020581243934,0.32458053426432087
11.02,12.552986000000001,0.0010071086252273532,0.084173548538818629,-0.0045277470732170144,-0.012064838439496128,-0.00018805309238505467,0.0010270588397887455,0.078308885144297818,0.0030425684252511861,0.054301561758039713,0.32408053426432082
11.040000000000001,10.137919,0.0014057556992209369,0.084178391439145919,-0.0063734125511851758,-0.016925730398662964,-0.00020860264125962136,0.00093073807407783487,0.078304719243050894,0.0030423419488129618,0.054320176519521271,0.32358053426432087
11.06,10.692824999999999,0.0017632860233318547,0.084185661085991542,-0.0080910536257046139,-0.021194857696583469,-0.00022769971488362269,0.00082531946030384975,0.078300171967835633,0.0030420946591448806,0.054336682908727348,0.32308053426432082
11.08,13.415960999999999,0.002085604590876749,0.084195090929675101,-0.0096721806079251849,-0.024976458910391131,-0.0002444139318050407,0.00072665662274479887,0.07829529090561399,0.0030418291415133516,0.054351216041182246,0.32258053426432087
11.1,10.997011000000001,0.0023774623137752357,0.084206442270865767,-0.011132541653984251,-0.028341456360809758,-0.00026139394372764872,0.00063831361259935476,0.078290070748371729,0.0030415451064925202,0.054363982313434235,0.32208053426432082
11.120000000000001,11.686653,0.0026427948626760976,0.084219519933475817,-0.012486809211543548,-0.031342537006931792,-0.00027522640896247825,0.00054643321420224213,0.07828457435398227,0.0030412459757657791,0.05437491097771828,0.32158053426432087
11.140000000000001,12.999359,0.0028818010612243102,0.084234164897234134,-0.013735865720950979,-0.033987950190397243,-0.00045620627781380084,0.0004682174715203707,0.078275463715760857,0.0030407500540328525,0.054384275327148686,0.32108053426432082
11.16,12.117216000000001,0.0030903349808186443,0.084250228016022846,-0.014888616603999427,-0.036185242299220377,-0.00078189914197146666,-4.187385676947085e-05,0.0782598488527015,0.0030399000193723699,0.054383437850013296,0.32058053426432087
11.18,11.625785,0.0032660371071490612,0.084267592841656691,-0.015897579866045231,-0.037904374823169107,-0.0012263461726237908,-0.00092068131496007106,0.078235358177940376,0.0030385670438329362,0.054365024223714094,0.32008053426432082
11.200000000000001,12.277132999999999,0.0034074901601258496,0.08428612470355841,-0.016713153268144598,-0.03915709678856949,-0.0017671382907605323,-0.0020986592795348953,0.078200067587725741,0.0030366473204748129,0.054323051038123397,0.31958053426432087
11.220000000000001,11.721804000000001,0.0035140345833081575,0.084305622807945221,-0.017537824006307545,-0.039774485605473586,-0.0023834167604063518,-0.0035135177116804505,0.078152469478797476,0.0030340607768414474,0.054252780683889786,0.31908053426432081
11.24,11.514588,0.0035880307626790656,0.084326151016608564,-0.018113534149357235,-0.039976297320379217,-0.0030577060965125951,-0.005114549789521956,0.078091405164694774,0.0030307477461704105,0.054150489688099344,0.31858053426432087
11.26,11.447736000000001,0.0036295029829829591,0.084347453794693286,-0.018698605371272325,-0.039573891732232802,-0.003775486605570227,-0.0068594600125883656,0.078016005833042634,0.0030266660271763162,0.054013300487847575,0.31808053426432081
11.279999999999999,10.233361,0.003641772404263098,0.084369599643169715,-0.019119212471664593,-0.038741927898139572,-0.0045237667680892062,-0.0087124961635414166,0.077925662018407629,0.0030217894027265929,0.053839050564576746,0.31758053426432087
11.300000000000001,9.8271329999999999,0.0036264532006254242,0.084392438238080458,-0.019429535803864528,-0.037466633991277476,-0.0052915881843584841,-0.010640785874958567,0.077819982996535114,0.0030161055183852282,0.053626234847077577,0.31708053426432081
11.32,11.321177,0.0035861718123540573,0.084415886333653323,-0.019649835041044561,-0.035775596852103853,-0.0060651959918671125,-0.012606795701993252,0.077698852637449092,0.0030096188339012371,0.053374098933037711,0.31658053426432087
11.34,12.278691999999999,0.0035241139107891478,0.084439873866669304,-0.019780295289040239,-0.033719753784250628,-0.0068281453120570355,-0.014573188134509323,0.077562483144581251,0.0030023532454189917,0.053082635170347524,0.31608053426432081
11.359999999999999,9.8495880000000007,0.0034434017333553925,0.084464337045055807,-0.019785755968214858,-0.031378236553358363,-0.0075822510923637494,-0.016505862175249714,0.077411050396687345,0.0029943323030577748,0.052752517926842532,0.31558053426432087
11.380000000000001,10.682541000000001,0.0033471868754660324,0.084489144323495802,-0.019783118065089589,-0.0287095795211183,-0.0083079765498445309,-0.01836054706995803,0.077245120402970227,0.0029856014997646455,0.052385306985443372,0.31508053426432081
11.4,10.672548000000001,0.0032396332091831309,0.084514342640387666,-0.019732239111356353,-0.025830924618719386,-0.0090089351064339494,-0.020111847464509152,0.077065186975550801,0.0029762032872816726,0.051983070036153191,0.31458053426432087
11.42,13.38588,0.003124484686208118,0.084539869701781178,-0.019590093045199097,-0.02282485195601236,-0.0096741181582607246,-0.021722203168193708,0.076871963792137177,0.002966191981297904,0.051548625972789315,0.31408053426432081
11.44,13.602069999999999,0.0030047815839132908,0.084565646231114011,-0.019456826373712488,-0.01968866208718989,-0.010298065533728359,-0.023169207128076325,0.076666273614064945,0.0029556273166368506,0.051085241830227786,0.31358053426432086
11.460000000000001,12.658716999999999,0.0028844434778645439,0.084591670870445099,-0.019245841407808939,-0.016543051527870389,-0.010877526513019578,-0.024430873258527157,0.076449004185604713,0.002944571608918953,0.050596624365057241,0.31308053426432081
11.48,11.265941,0.0027660025767271496,0.084617872329524543,-0.019067954946049959,-0.013378715816380726,-0.011409591487275911,-0.025488631352737795,0.076221101447001463,0.0029330888871270991,0.050086851738002487,0.31258053426432086
11.5,9.5994759999999992,0.0026529533929046723,0.084644260165427088,-0.018864433104017753,-0.010294268848663357,-0.011888758177811556,-0.026328815536050987,0.075983621347444547,0.0029212469819327831,0.049560275427281468,0.31208053426432081
11.52,11.582231,0.0025472274096127469,0.08467081393811747,-0.018585814193764705,-0.0073758871026470274,-0.012319665940841813,-0.026944411825810134,0.07573752728491652,0.0029091069676812947,0.049021387190765264,0.31158053426432086
11.540000000000001,11.739713999999999,0.0024499291139712279,0.084697416253418423,-0.018398525495206375,-0.0045462550847004124,-0.01270319589464587,-0.027325823436726706,0.075483765183463641,0.0028967267317661144,0.04847487072203073,0.31108053426432081
11.56,12.256957999999999,0.0023632350783706615,0.084724167563028835,-0.018198051432364082,-0.0019490277645779486,-0.013036611175171004,-0.027472623383360345,0.075223335774908376,0.0028841642665387427,0.047925418254363521,0.31058053426432086
11.58,11.564692000000001,0.0022874679139737262,0.084751020359710424,-0.018001780692002534,0.00039428788515660784,-0.013325664833239961,-0.027390445297909766,0.074957125002435704,0.0028714693101134395,0.047377609348405327,0.31008053426432081
11.6,10.742564,0.0022225511700141548,0.084777952812432666,-0.017887717874457643,0.0025120449772568776,-0.013568429069942196,-0.027084366768151118,0.074686057455232074,0.0028586907412018084,0.046835922013042305,0.30958053426432086
11.620000000000001,12.160073000000001,0.0021682680363744556,0.084805070536846161,-0.017676795972259463,0.0044917064407341556,-0.013772260218608959,-0.026567960240136402,0.074410910887935763,0.002845867827465519,0.04630456280823958,0.30908053426432081
11.640000000000001,10.475889,0.0021276827628795339,0.084831940223969463,-0.017637065743505431,0.0060219623496742258,-0.013938958818150339,-0.025853253902157997,0.074132427198307566,0.0028330356887232154,0.045787497730196421,0.30858053426432086
11.66,10.11271,0.0020947350473845007,0.084859176796856853,-0.017640890468464843,0.0073711450468971762,-0.014066087295581144,-0.024958714712970186,0.07385139709062831,0.0028202293113840917,0.045288323435937014,0.3080805342643208
11.68,13.116080999999999,0.0020698901335390613,0.084886763159550543,-0.017529644022879154,0.0083509383142272853,-0.014165105322244373,-0.023907929605958122,0.07356838240708953,0.0028074710819790639,0.044810164843817848,0.30758053426432086
11.700000000000001,14.946864,0.0020553368126326097,0.084914184795452319,-0.01748392371372498,0.0089184732304454784,-0.014237749666570316,-0.022717334426865337,0.073283910362539964,0.0027947800577115753,0.044355818155280544,0.3070805342643208
11.720000000000001,14.133490999999999,0.002051214624986523,0.084941385942430336,-0.017417954646083533,0.0088611191601621897,-0.014287009443302847,-0.021412813823863602,0.072998448509253536,0.0027821710985362108,0.04392756187880327,0.30658053426432086
11.74,10.301594,0.0020586948844499055,0.084967961031704953,-0.017515120205306545,0.0087568446098487129,-0.014321973170883837,-0.020020175122670528,0.072712282850078122,0.002769649848131214,0.043527158376349857,0.3060805342643208
11.76,12.263680000000001,0.0020738379325260536,0.084994601365004668,-0.017697880078259676,0.0085166929248075007,-0.014336128383037997,-0.018561510401635471,0.072425829542911366,0.0027572267398565053,0.043155928168317148,0.30558053426432086
11.779999999999999,10.369925,0.002094225384769402,0.085021679457727775,-0.017866678471769148,0.0077611539827726617,-0.014345605090254116,-0.017051114475961249,0.072139182470648808,0.0027448975012136852,0.042814905878797924,0.3050805342643208
11.800000000000001,12.681445,0.0021221625912869269,0.085048735833453196,-0.018023976481596815,0.006562404724461679,-0.01435444539855334,-0.01552511644339735,0.07185235475188434,0.0027326541018330886,0.04250440354992998,0.30458053426432086
11.82,13.141793,0.0021578102382974799,0.085075552060830159,-0.018135406147759436,0.0052713627226514959,-0.014353273261972062,-0.013997739508144362,0.071565546852716613,0.0027204963755598963,0.042224448759767094,0.3040805342643208
11.84,11.586045,0.0022026049166266721,0.085101996242872763,-0.01830977447444182,0.0039099956595682883,-0.014348467985519095,-0.012496059620306274,0.071278831762945694,0.0027084186808197185,0.041974527567360968,0.30358053426432086
11.859999999999999,13.45941,0.0022549829943343215,0.085128286228636108,-0.018493424403422942,0.0024250050261400702,-0.01433873273240375,-0.011048560265552053,0.070992308371941856,0.0026964166411518838,0.041753556362049929,0.3030805342643208
11.880000000000001,10.528065,0.0023131098883123207,0.085154489973942163,-0.018725910210377172,0.00088341915673595395,-0.014337944529485044,-0.0096974458516603246,0.070705798247542986,0.0026844747003890164,0.041559607445016723,0.30258053426432086
11.9,11.969663000000001,0.0023757919105237561,0.085180708246615347,-0.019001096627571545,-0.00072009231237668558,-0.01435222804344774,-0.0084400054775793966,0.070419000537282575,0.0026725728806191607,0.041390807335465137,0.3020805342643208
11.92,13.601815,0.0024421076325762815,0.085207000883739253,-0.019210898687966882,-0.002421533581761004,-0.014378926815157749,-0.0072802002073104029,0.070131667439871759,0.0026606940896632789,0.041245203331318932,0.30158053426432085
11.94,12.903551,0.0025098841116766839,0.085233295924122418,-0.019510528340310973,-0.0040682538268557167,-0.014415852624909124,-0.0062494663725581722,0.069843594847913901,0.0026488237685251487,0.041120214003867769,0.3010805342643208
11.960000000000001,10.395381,0.0025785984911649356,0.085259706766693644,-0.019781973050564616,-0.0057252683334487742,-0.014458217277253887,-0.0053719647012060879,0.069554674299714514,0.0026369521400490098,0.041012774709843651,0.30058053426432085
11.98,10.055792,0.0026465271968998385,0.085286214391543227,-0.01997512738259033,-0.0073850970226070345,-0.014510638626654707,-0.0046446785246125038,0.06926470501647089,0.002625066513581552,0.040919881139351404,0.3000805342643208
12,14.80118,0.0027116615756373305,0.085312732402762659,-0.020238572685475464,-0.0088990493386846836,-0.014572869777306437,-0.0040631783221605289,0.068973491116138319,0.0026131552721843517,0.040838617572908194,0.29958053426432085
12.02,13.288095,0.0027736355177357726,0.085339366469607894,-0.020435025952815877,-0.010366868080062375,-0.014647933419242613,-0.0036272107655684867,0.068680776277317071,0.0026012051878466142,0.040766073357596827,0.2990805342643208
12.040000000000001,9.9020899999999994,0.0028307831297991154,0.085366044423099516,-0.020663357264327775,-0.0116702532642039,-0.014738045873420617,-0.0033316414748154463,0.068386259853433121,0.0025892020828553095,0.040699440528100518,0.29858053426432085
12.06,10.432207,0.0028827088810193711,0.085392830060167499,-0.020837006394706759,-0.012869841441537133,-0.014836334506118458,-0.0031720525344401565,0.068089778502208612,0.0025771382108786276,0.040635999477411713,0.2980805342643208
12.08,10.880625999999999,0.0029281363745419669,0.085419684331345003,-0.021017864737707281,-0.013903218508043658,-0.014949348550260089,-0.0031469379350297596,0.067791037971416321,0.002565001321128523,0.040573060718711119,0.29758053426432085
12.1,11.344389,0.0029667795218098233,0.085446627928464289,-0.021122197921367381,-0.014809173980989243,-0.015073299447751145,-0.0032437346989313445,0.067489819684561594,0.0025527830495268261,0.040508186024732495,0.29708053426432079
12.120000000000001,11.462156999999999,0.002997668208475429,0.085473610406152117,-0.021267257315420895,-0.01550212342573154,-0.015200668096514922,-0.0034554301240588719,0.067186055293045319,0.002540481883772741,0.040439077422251321,0.29658053426432085
12.140000000000001,11.897880000000001,0.0030211928180847547,0.085500688869150687,-0.021358717539547545,-0.016047479394864617,-0.015336878137117803,-0.0037749116581260339,0.066879568035104253,0.0025280926498622738,0.040363579189088804,0.29608053426432079
12.16,12.457696,0.0030369683201992986,0.085527836342361246,-0.021426687352953167,-0.016423270133321566,-0.015475547422544393,-0.0041846562172025694,0.066570308660534261,0.0025156160136352466,0.040279886064744752,0.29558053426432085
12.18,12.171428000000001,0.0030450407702891646,0.085555044497770183,-0.021465005397540704,-0.016627748691099065,-0.01561904449482006,-0.0046755441556912518,0.066258180562758354,0.0025030513428769274,0.040186375181630929,0.29508053426432079
12.200000000000001,12.871740000000001,0.0030456229454982374,0.085582309603675272,-0.021497572300856582,-0.016660413804531871,-0.015762399459432478,-0.0052303935118609146,0.065943186431344267,0.0024904025539162003,0.040081767311393714,0.29458053426432085
12.220000000000001,12.123014,0.0030393042584029358,0.085609639216333314,-0.021514887625941892,-0.01652971049116303,-0.015906217971575966,-0.0058375468765659352,0.065625316835137032,0.0024776735370349318,0.039965016373862398,0.29408053426432079
12.24,11.859757,0.0030266499399150717,0.085637044213561123,-0.021464897170919262,-0.01629213363035209,-0.016044175820253522,-0.0064815292634387506,0.065304688712304479,0.0024648736171386182,0.039835385788593622,0.29358053426432085
12.26,13.233559,0.0030077876636393566,0.085664453533361856,-0.021429766954792928,-0.015879960354248546,-0.016180201582144751,-0.0071506853417441559,0.064981340482810596,0.0024520092563420416,0.039692372081758742,0.29308053426432079
12.280000000000001,12.977059000000001,0.0029837757090225119,0.085691927394090261,-0.0213555364622251,-0.015365304967838611,-0.016310091970380532,-0.0078278492133663086,0.064655394560359208,0.0024390904456295043,0.039535815097491413,0.29258053426432085
12.300000000000001,11.868729999999999,0.0029551651586036854,0.085719425077954728,-0.021286417327371243,-0.014728873328781589,-0.016432535100141057,-0.0085017274512541527,0.064326999575486696,0.0024261282761531455,0.039365780548466331,0.29208053426432079
12.32,10.858706,0.0029230295336561581,0.085746961339062122,-0.021195860610006445,-0.014010412204838119,-0.016545845173217975,-0.0091601406446311408,0.063996337852452595,0.0024131351272444453,0.039182577735573709,0.29158053426432085
12.34,16.01756,0.0028880986666392234,0.085774525942285101,-0.021098919262066751,-0.013215918627121681,-0.016650466099824398,-0.0097915574827739243,0.063663582852399314,0.0024001228839289706,0.038986746585918233,0.29108053426432079
12.359999999999999,15.548298000000001,0.0028512276269022111,0.085802116099760198,-0.020985273633811197,-0.012371488622231475,-0.016746017915072253,-0.010385144487667218,0.063328915641819097,0.0023871034919606621,0.038779043696164889,0.29058053426432084
12.380000000000001,15.848243,0.0028132060767421595,0.085829721715705756,-0.020877592462305472,-0.01148361503193307,-0.016827888488646386,-0.01093137519564104,0.06299260947618715,0.0023740921372093094,0.038560416192252069,0.29008053426432079
12.4,15.328113999999999,0.0027749285380916757,0.085857348302085246,-0.020746743137902701,-0.010588207717142417,-0.016898668596586758,-0.01142545750283404,0.062654885853951486,0.0023611015591264682,0.038331907042195384,0.28958053426432084
12.42,15.916473,0.002736934815854138,0.085884973752182542,-0.020647853842931774,-0.0096691110743805098,-0.016956262610864851,-0.011857956595104097,0.06231600817685358,0.0023481456085179039,0.038094747910293304,0.28908053426432079
12.44,16.142519,0.0027002478045990434,0.085912623580209638,-0.020535988690376428,-0.0087758084858471364,-0.01700241191408217,-0.012225307358516305,0.06197620506865472,0.0023352362314282599,0.037850241763122981,0.28858053426432084
12.460000000000001,16.814129999999999,0.0026652565418539939,0.085940288580200155,-0.020381177901525493,-0.0079419728267220435,-0.017036505353289832,-0.012522762091585935,0.061635717392408376,0.0023223852320338537,0.037599786521291263,0.28808053426432079
12.48,15.512102000000001,0.0026320624239077051,0.085967903941369675,-0.020267345078792243,-0.0071134467631956966,-0.017059227918903085,-0.012748779441066824,0.061294772347103628,0.0023096032541831588,0.037344810932469927,0.28758053426432084
12.5,12.066401000000001,0.0026014996148235967,0.085995516289173971,-0.020200384689608608,-0.0063220803779113766,-0.017070349350847384,-0.012902354377797411,0.060953601759670253,0.0022969004570755989,0.037086763844913981,0.28708053426432079
12.52,14.247963,0.0025743175648869983,0.086023164502043364,-0.020109096756622868,-0.0056224766637331669,-0.017071522103319862,-0.012984452498587979,0.06061240445628608,0.0022842851119347016,0.036827074794942224,0.28658053426432084
12.540000000000001,12.732046,0.0025503721436886035,0.08605081227094144,-0.019974243639575562,-0.0050315534611140578,-0.017061843060079615,-0.012996452275548385,0.060271397337370566,0.0022717655156290787,0.036567145749431255,0.28608053426432078
12.56,13.294554,0.0025293597904176776,0.086078391104305735,-0.019931416021785608,-0.004455009181124403,-0.017045022089147661,-0.012942268008963649,0.059930723178613823,0.0022593466282715656,0.03630830038925198,0.28558053426432084
12.58,10.092866000000001,0.0025122462812431608,0.086106000440129893,-0.019862231170626909,-0.0040031079209725817,-0.017020710785900593,-0.012824384336617322,0.059590531739100158,0.0022470331095003223,0.036051812702519635,0.28508053426432078
12.6,12.931117,0.0024987647028228369,0.086133589497847274,-0.0198150091561069,-0.0036344540229178435,-0.016986137109618139,-0.012648742971272732,0.059251028201341135,0.002234831084594283,0.035798837843094178,0.28458053426432084
12.620000000000001,11.569798,0.0024889889654493699,0.086161166416788726,-0.019773754142423883,-0.0033639263662550434,-0.016945691616851381,-0.012423367373150022,0.058912330010117059,0.0022227430321907094,0.03555037049563118,0.28408053426432078
12.640000000000001,10.382175,0.0024827553871505227,0.086188725094242719,-0.01975241889809265,-0.0031832206522448558,-0.016903808207368969,-0.012151813156864122,0.058574466000982553,0.0022107678872577002,0.035307334232493895,0.28358053426432084
12.66,10.708589999999999,0.0024800799065481586,0.086216269919559968,-0.019731217394398204,-0.00310121423701748,-0.016858635342683104,-0.011839736484724545,0.058237502026542209,0.0021989055866210327,0.035070539502799404,0.28308053426432078
12.68,11.387499999999999,0.0024807626746767703,0.086243788607179156,-0.019739940686570367,-0.0030982787734261663,-0.016806928966411942,-0.011496422638455043,0.057901568788865224,0.0021871580619173213,0.0348406110500303,0.28258053426432084
12.700000000000001,10.618544999999999,0.00248475303066456,0.086271297676528316,-0.019731280787920635,-0.0031978123379001744,-0.016756893449275206,-0.01113180154061638,0.057566633008445653,0.0021755213002167262,0.03461797501921797,0.28208053426432078
12.720000000000001,12.989298,0.0024915637071330275,0.086298768903879691,-0.019778494011162717,-0.0033473791044205115,-0.016706199053247477,-0.01074828084399455,0.05723270797413374,0.0021639928058450656,0.034403009402338078,0.28158053426432084
12.74,12.587686,0.0025014322263215796,0.086326248446924492,-0.019776382572668005,-0.0036084680082160148,-0.016656713558586115,-0.010356170906425525,0.056899769642009941,0.0021525687246244027,0.03419588598420957,0.28108053426432078
12.76,12.777539000000001,0.0025134452898190715,0.086353677989902178,-0.019846433210769732,-0.0038884920458217564,-0.016608805259994561,-0.0099621009688236669,0.056567786604647986,0.0021412449545057262,0.033996643964833095,0.28058053426432084
12.780000000000001,11.915919000000001,0.0025279710631665501,0.08638112100661538,-0.019860752287942152,-0.00427349289810941,-0.016563950140065734,-0.0095733651128569758,0.056236697948410325,0.0021300164457992783,0.033805176662575959,0.28008053426432078
12.800000000000001,10.545210000000001,0.0025440296116700559,0.086408510193249188,-0.019941397953247009,-0.0046515804539630778,-0.016521853050383971,-0.0091961861192770417,0.055906448653835532,0.002118878460333162,0.033621252940190416,0.27958053426432083
12.82,11.527218,0.0025618508977021293,0.086435921908863261,-0.020002856207845809,-0.0050933100487453586,-0.016484692341406003,-0.008837039018033609,0.055576940152456115,0.002107824947090056,0.033444512159829742,0.27908053426432078
12.84,9.8855149999999998,0.0025808501985608188,0.086463326514827188,-0.02006872721008568,-0.0055603953084659707,-0.016450547049989283,-0.0085005523541392489,0.055248112265491547,0.0020968513400266412,0.033274501112746956,0.27858053426432083
12.859999999999999,10.193256999999999,0.0026006079595624035,0.086490726672891802,-0.020140304010794807,-0.0060436752177688291,-0.016423698388819585,-0.0081927693671249562,0.054919819228695384,0.0020859504456634372,0.03311064572540446,0.27808053426432078
12.880000000000001,10.97048,0.0026208465560427917,0.086518125723259717,-0.02020428440075106,-0.0065416450331801101,-0.016399368434192898,-0.0079155173515782842,0.054592010773868688,0.0020751185039957262,0.032952335378372895,0.27758053426432083
12.9,10.517953,0.0026410302785451205,0.086545517248918527,-0.020289163854244396,-0.0070263645549069054,-0.016383224463281387,-0.0076749996877926241,0.054264523339219453,0.002064348282430347,0.032798835384617045,0.27708053426432078
12.92,13.311787000000001,0.0026610941316638436,0.08657292034692049,-0.020363982029727001,-0.0075097200812983544,-0.016369873794043248,-0.0074702601084390826,0.053937301147577485,0.0020536363960331171,0.032649430182448265,0.27658053426432083
12.94,12.775181,0.0026804824319616384,0.086600333627986595,-0.020390701137229961,-0.0080062842358188391,-0.0163644774582467,-0.0073066895823833897,0.05361018524607207,0.0020429763784493887,0.032503296390800594,0.27608053426432078
12.960000000000001,14.395526,0.002698477544970255,0.086627699238553374,-0.020473232229083038,-0.0084249106431641962,-0.016364663895763382,-0.0071811608623342169,0.05328306407680275,0.002032363632132249,0.032359673173553913,0.27558053426432083
12.98,13.488386,0.0027153997225240496,0.086655095691780815,-0.020536963738571945,-0.0088324000948070136,-0.016370235362237723,-0.0070959007571689591,0.052955830024430439,0.0020217939919293915,0.032217755158410535,0.27508053426432078
13,15.87236,0.0027308478710944845,0.08668249893698711,-0.020578099583712817,-0.0092136742978841113,-0.016381120014996517,-0.0070501969874617217,0.052628376899562804,0.0020112636456525957,0.032076751218661298,0.27458053426432083
13.02,16.509992,0.0027444224044051294,0.086709892842988023,-0.020644209926057755,-0.009532112082605515,-0.016396161968980156,-0.0070427133235075158,0.052300621608912364,0.0020007698200462079,0.031935896952191151,0.27408053426432077
13.040000000000001,17.334947,0.0027562586209909467,0.08673730566502727,-0.020701002895588516,-0.0098123453177816344,-0.016416658854882995,-0.0070720887044218028,0.051972455110731661,0.0019903091960275644,0.031794455178102712,0.27358053426432083
13.06,14.979426999999999,0.0027661549395188076,0.086764739670042432,-0.020717133120645492,-0.010072110246790444,-0.016441238370689559,-0.0071350074071221741,0.051643795786732345,0.001979879602888385,0.031651755029960267,0.27308053426432077
13.08,15.621166000000001,0.0027737779860488739,0.08679214411377717,-0.020739083606543751,-0.010259351130863514,-0.016465545378394512,-0.007229233324674688,0.051314649070222228,0.001969481869779808,0.031507170363466772,0.27258053426432083
13.1,16.443742,0.0027791270741666864,0.086819556238609458,-0.02074159403982323,-0.01040696201429725,-0.01649418573144644,-0.00735373746984144,0.05098492831681694,0.0019591141337091953,0.031360095614069945,0.27208053426432077
13.120000000000001,11.561935999999999,0.0027821197023318064,0.086846948120971892,-0.02077891869698556,-0.010473905523933347,-0.016525182735080853,-0.007500897108289337,0.05065458639024796,0.001948775984850605,0.03121007767190416,0.27158053426432083
13.140000000000001,14.738216,0.0027832903438840526,0.086874361551589216,-0.020799785347660915,-0.010505369528284625,-0.016556446471969574,-0.0076684555773910562,0.050323617927522914,0.0019384684830631518,0.03105670856035634,0.27108053426432077
13.16,13.462562999999999,0.0027825379786118793,0.08690179234347814,-0.020782020535698109,-0.010516337598185821,-0.016589998979334025,-0.0078531983047347102,0.049991977140702734,0.0019281915685936302,0.030899644594261647,0.27058053426432083
13.18,11.544784,0.0027796810165307976,0.08692919047864997,-0.02075681734161483,-0.010468065026254969,-0.016624846429124752,-0.0080494398659404463,0.049659638105741574,0.0019179459179125037,0.030738655796942838,0.27008053426432077
13.200000000000001,10.823173000000001,0.0027748557393825436,0.086956576554383658,-0.020764500395629604,-0.010354957718682556,-0.016657523222423021,-0.0082536565942777675,0.049326644176044467,0.0019077344171852869,0.030573582665057282,0.26958053426432083
13.220000000000001,12.550744999999999,0.0027686735346883237,0.086983974317146509,-0.020758770040464114,-0.010214682698156174,-0.016688724459593348,-0.0084638450889975032,0.04899302480916598,0.0018975595619582413,0.030404305763277333,0.26908053426432077
13.24,11.389336,0.0027612212743236913,0.087011379380875845,-0.020697205326779322,-0.010078428600369449,-0.016717003320870373,-0.0086743262831932687,0.048658838386083869,0.0018874247388429425,0.030230819237613466,0.26858053426432082
13.26,11.021860999999999,0.0027521690021485887,0.087038725375979772,-0.020674233577584467,-0.0098700952164776368,-0.016745508793127632,-0.008882186109145573,0.048324080338349486,0.0018773314057288942,0.030053175515430554,0.26808053426432077
13.280000000000001,14.609,0.0027421965713536832,0.087066077217713145,-0.020662190064466124,-0.0096369652122625382,-0.016772868024679633,-0.0090816978531418503,0.04798877354382796,0.0018672818158354909,0.029871541558367718,0.26758053426432082
13.300000000000001,11.881104000000001,0.0027317268899168588,0.087093433880668383,-0.020603268169244959,-0.0094144467282424316,-0.016796026812144614,-0.0092708010399231364,0.047653001940205143,0.0018572799724916374,0.029686125537569254,0.26708053426432077
13.32,11.308726,0.0027204928709589297,0.087120754565100753,-0.020587593362834333,-0.0091462726132434113,-0.016814796096222412,-0.0094486611519480693,0.047316853248836603,0.0018473298773046204,0.029497152314530293,0.26658053426432082
13.34,12.284492,0.0027091773266924575,0.087148077303082716,-0.020544073896545889,-0.0088903747498392249,-0.01683231380057465,-0.0096116660798078405,0.046980352464382188,0.0018374335540494824,0.029304918992934137,0.26608053426432077
13.359999999999999,13.749406,0.0026976834045481456,0.087175378919844421,-0.0205012545328076,-0.0086274752424939649,-0.016847605044112385,-0.009756025065102673,0.046643544075114618,0.0018275934723453971,0.029109798491632085,0.26558053426432082
13.380000000000001,9.5816440000000007,0.002686299483253364,0.087202659468024399,-0.020477778598669172,-0.0083596292210819101,-0.0168563126911969,-0.0098809407985857474,0.046306559680387403,0.0018178144781386229,0.028912179675660371,0.26508053426432077
13.4,11.632644000000001,0.0026754178296976685,0.087229934444929672,-0.020445836011835361,-0.0081041100469061433,-0.016862262801058969,-0.00998794544018884,0.045969454396528678,0.0018080990109178015,0.028712420766856595,0.26458053426432082
13.42,11.001272,0.0026650108618722652,0.087257198051761298,-0.020402327778607621,-0.0078730418867127838,-0.016866628348570625,-0.010072913572009495,0.045632259895231946,0.0017984486723345778,0.028510962495416403,0.26408053426432077
13.44,11.557924,0.0026552225123253528,0.087284424490198159,-0.020373816740586026,-0.0076360472417311698,-0.016865722542356139,-0.010135437073288771,0.045295081559460063,0.0017888669899978802,0.028308253753950626,0.26358053426432082
13.460000000000001,12.216096,0.002646179204673714,0.087311645729246323,-0.020296611442027768,-0.0074558223903418153,-0.01686362167336429,-0.010177720787244,0.04495794328496866,0.0017793549844311017,0.028104699338205745,0.26308053426432076
13.48,11.067788,0.0026375758142725128,0.087338790870361727,-0.020294110964369505,-0.0072377625024371284,-0.016858161327627779,-0.010197718166313366,0.044620912243462763,0.0017699147301558436,0.027900744974879477,0.26258053426432082
13.5,15.207882,0.0026302593656915047,0.087365946088881444,-0.020254091532510898,-0.0070786188228506575,-0.016849735768072985,-0.010197745599176642,0.044284047729668034,0.0017605478989205234,0.027696790062895944,0.26208053426432076
13.52,17.046569000000002,0.0026238455962529468,0.0873930647562534,-0.020247197928309646,-0.0069234086498042302,-0.016840229131415526,-0.01017856346752298,0.04394737137459824,0.0017512549544814046,0.027493218793545486,0.26158053426432082
13.540000000000001,16.320319000000001,0.0026186878914053334,0.087420171715566319,-0.020179657477136903,-0.006837126098066193,-0.016829055248238255,-0.010141033873332669,0.043610916532019907,0.0017420365422052362,0.027290398116078831,0.26108053426432076
13.56,16.350445000000001,0.0026141671231432323,0.087447209476777726,-0.020195303165362777,-0.0067169154128965403,-0.016815432494363191,-0.010087226026018751,0.043274732185975495,0.00173289359608887,0.027088653595558457,0.26058053426432082
13.58,16.097660999999999,0.0026111129855775519,0.087474249413416152,-0.020177573474787991,-0.0066578229229508068,-0.01680083669362752,-0.010019963151390433,0.04293883781804634,0.0017238261247848733,0.026888254332530649,0.26008053426432076
13.6,15.924284999999999,0.002609181615322365,0.087501259966126427,-0.020172602424645358,-0.0066204265802420892,-0.016781370777063171,-0.009939669233617332,0.04260333082561793,0.0017148361250880584,0.026689460947858304,0.25958053426432082
13.620000000000001,16.679082000000001,0.0026083485476604698,0.087528247699919251,-0.020159121932664448,-0.0066161523236099029,-0.01676365143863125,-0.0098513219328817559,0.042268176322036492,0.0017059219480956625,0.02649243450920067,0.25908053426432076
13.640000000000001,15.237431000000001,0.0026084884370660148,0.087555202708049604,-0.020171473393240547,-0.0066252934847206291,-0.016744425697764631,-0.0097526699053569997,0.041933404458241882,0.0016970836229903829,0.026297381111093528,0.25858053426432082
13.66,16.757221000000001,0.0026097616027593059,0.087582143551843308,-0.020137245255161584,-0.0066886003854644827,-0.016726562064639433,-0.0096486739860099351,0.04159898803603207,0.0016883196080838951,0.026104407631373328,0.25808053426432076
13.68,15.640666,0.002611623276183458,0.087609026720903219,-0.020168114281686744,-0.0067305039810756639,-0.016704948812132452,-0.009539961927288166,0.041265002057135562,0.001679631004805683,0.025913608392827563,0.25758053426432082
13.700000000000001,16.561423999999999,0.002614582124889154,0.087635907785431372,-0.020170249806914065,-0.0068184399078550229,-0.01668678605444144,-0.0094318700624220261,0.040931377569943549,0.0016710151428902626,0.025724970991579124,0.25708053426432076
13.720000000000001,15.325587000000001,0.0026182074732961896,0.087662760547724705,-0.020183412287047009,-0.0069192050738999811,-0.016668989889609933,-0.0093218800514637355,0.040598107279205757,0.0016624709701674632,0.025538533390549848,0.25658053426432081
13.74,17.010213,0.0026224729971712781,0.08768959095400683,-0.020186614838634043,-0.0070408828807346779,-0.016652570215970126,-0.0092145781752219422,0.040265163697564645,0.001653996929625126,0.025354241827045411,0.25608053426432076
13.76,15.894137000000001,0.0026271553633200658,0.08771639036818539,-0.020214166919165333,-0.007163782836267174,-0.016636690951565114,-0.0091113783720166968,0.039932536052513304,0.001645591926665232,0.025172014259605077,0.25558053426432081
13.780000000000001,15.889027,0.0026323869659585128,0.087743178639088246,-0.020197083167095453,-0.007321817574124978,-0.016623417035406235,-0.0090144393187521436,0.039600172284271942,0.0016372538733182224,0.024991725473230034,0.25508053426432076
13.800000000000001,16.733695999999998,0.0026375849106548888,0.087769914950339936,-0.020236954885009872,-0.0074483943367784633,-0.016608666095205775,-0.0089243424036091236,0.039268101952966331,0.0016289827880571332,0.02481323862515785,0.25458053426432081
13.82,13.911713000000001,0.0026431973599689608,0.087796648812942302,-0.020249540882355532,-0.0076006516853990291,-0.016597926461303293,-0.0088446092621174335,0.038936244884246268,0.0016207760185063061,0.024636346439915503,0.25408053426432076
13.84,16.117837000000002,0.0026488041669781338,0.087823358111268984,-0.020269070029415914,-0.0077515805920480574,-0.016588438799289791,-0.0087730160453007786,0.038604576070905616,0.001612632372129095,0.024460886119009487,0.25358053426432081
13.859999999999999,16.510619999999999,0.0026543681027759616,0.087850046709747387,-0.020292292451398186,-0.0078997421696520576,-0.016580982178375437,-0.0087124074911171696,0.038273054926806299,0.0016045503541310127,0.024286637969187144,0.25308053426432076
13.880000000000001,16.190749,0.0026598444917917624,0.087876719532588937,-0.020317536312783435,-0.0080438162918454736,-0.01657453589914281,-0.0086630212838163887,0.037941661271260592,0.0015965290591705321,0.024113377543510815,0.25258053426432081
13.9,15.159748,0.0026651013266792687,0.087903382073948155,-0.020318241017251548,-0.0082008122583001608,-0.016570996173439437,-0.0086256705539667286,0.037610337007970708,0.0015885667587822059,0.023940864132431482,0.25208053426432075
13.92,11.455685000000001,0.0026699089758654196,0.087929999140658202,-0.020305842255675,-0.0083455161547485446,-0.016566409886005964,-0.0085996780262197498,0.037279103077713663,0.0015806637181690537,0.023768870571907085,0.25158053426432081
13.94,10.309573,0.0026739912155300909,0.087956581040378068,-0.020340621930768243,-0.008446170164157607,-0.016565554304707398,-0.0085868872683885714,0.036947884900914725,0.0015728180106248265,0.023597132826539313,0.25108053426432075
13.960000000000001,10.855516,0.0026778266962990882,0.087983160817222572,-0.020355010648246186,-0.0085543239870577992,-0.01656581699741418,-0.0085841590642746005,0.036616660129406522,0.0015650290533090686,0.02342544964525382,0.25058053426432081
13.98,15.834178,0.0026811476242834279,0.088009726692305112,-0.020364037490255615,-0.0086539339756299682,-0.016567655423654536,-0.0085927287672983577,0.036285397266373441,0.0015572961321335106,0.023253595069907852,0.25008053426432075
14,17.100497000000001,0.002683861583828153,0.088036269808191112,-0.020363831306930091,-0.0087421626966195376,-0.016571214573664061,-0.0086117797298307583,0.035954061913933952,0.0015496185542365156,0.023081359475311237,0.24958053426432078
14.02,14.046595999999999,0.0026858509395968379,0.088062784341070954,-0.020380074349797717,-0.0088037794444462136,-0.016576487751696765,-0.0086404421912469592,0.035622619806193599,0.0015419957142476794,0.022908550631486297,0.24908053426432078
14.040000000000001,9.8917730000000006,0.0026873370158032885,0.088089287081845338,-0.020394105325304945,-0.0088545447192363014,-0.01658129003723597,-0.0086778053376440987,0.035291080362581322,0.0015344280825944009,0.022734994524733414,0.24858053426432078
14.06,12.578022000000001,0.0026883056384999979,0.088115780781628711,-0.020374265029353023,-0.0089157308889813436,-0.016584593701570546,-0.0087242590909267538,0.034959473550722715,0.0015269166494795146,0.02256050934291488,0.24808053426432078
14.08,11.109266999999999,0.0026884270410779906,0.088142222228175623,-0.020376754605635927,-0.0089326352175334023,-0.016590419279212319,-0.008778326373025858,0.034627748947114803,0.0015194606381332034,0.022384942815454362,0.24758053426432078
14.1,12.056467,0.0026879592257515448,0.088168656886876404,-0.020376484015438567,-0.0089413222995906594,-0.01659684114606895,-0.0088363039124536233,0.03429589462989141,0.0015120601954886894,0.022208216737205289,0.24708053426432078
14.120000000000001,10.487072,0.0026869384624648484,0.088195071766619101,-0.02038498392769883,-0.0089298927012544382,-0.016603359655630638,-0.0088984906031019557,0.033963908667133468,0.0015047157231881541,0.02203024692514325,0.24658053426432078
14.140000000000001,12.05965,0.0026854926696946268,0.088221478197978834,-0.020318733186293514,-0.0089543080994394231,-0.016609207687848824,-0.0089639941295683936,0.033631804465272967,0.0014974279859647393,0.021850967042551881,0.24608053426432078
14.16,12.709619999999999,0.002682919999983378,0.088247793779140077,-0.020351765983505743,-0.0088896391883261927,-0.016615801877341022,-0.0090317717031081074,0.033299567104740017,0.0014901971439030806,0.021670331608489718,0.24558053426432078
14.18,13.136172999999999,0.0026803888339119093,0.088274134054373232,-0.020312830696803008,-0.0088687777698321923,-0.016622885945648789,-0.009099734175273707,0.032967186790228482,0.0014830234844442273,0.021488336924984242,0.24508053426432078
14.200000000000001,11.0914,0.0026772140558461647,0.08830042688334519,-0.020320972814412031,-0.0088023380083814828,-0.016627632149544335,-0.0091670769451716594,0.032634710268513709,0.0014759085094851407,0.02130499538608081,0.24458053426432078
14.220000000000001,12.427092999999999,0.0026739401036897513,0.088326712426990903,-0.020310554454548324,-0.008744256556049379,-0.016632106718572584,-0.0092346008486856937,0.032302142971906554,0.0014688528176975265,0.021120303369107096,0.24408053426432078
14.24,10.832834999999999,0.0026704279578703091,0.088352979627828732,-0.020295205684417894,-0.00868383379062454,-0.016636110457561869,-0.0092990590538016473,0.03196949431625528,0.0014618570792890753,0.020934322188031061,0.24358053426432077
14.26,11.108584,0.0026666755391998921,0.088379219735850556,-0.020281306409730693,-0.0086157295401054768,-0.016640410060556297,-0.0093600464580328047,0.031636758387666733,0.0014549216182588262,0.020747121258870405,0.24308053426432077
14.280000000000001,12.164581,0.0026628720482948943,0.088405434030150373,-0.020266369175948817,-0.0085471899651325955,-0.016638843700367036,-0.0094163143709971378,0.031304052483239135,0.0014480492800024579,0.020558794971450464,0.24258053426432077
14.300000000000001,11.369567999999999,0.002658979281205405,0.088431621281269857,-0.020253118122142588,-0.0084743038298258355,-0.01664014423013379,-0.0094707822751241288,0.030971319281611374,0.0014412392481080694,0.02036937932594798,0.24208053426432077
14.32,10.570608,0.002655140117411769,0.088457782883084174,-0.020207843682594095,-0.0084188089502799102,-0.016638120312621366,-0.0095170561889781676,0.030638625262935267,0.0014344932157892096,0.020179038202168417,0.24158053426432077
14.34,12.357896999999999,0.0026510371164520552,0.088483894301814067,-0.020211441107158112,-0.0083307692257745813,-0.016636967256341686,-0.0095588586452889143,0.030305953019919951,0.001427811111136187,0.01998786102926264,0.24108053426432077
14.359999999999999,12.279653,0.002647282782609782,0.08850999464926905,-0.020198587554203673,-0.0082589673386310736,-0.01663507513934858,-0.0095931444220061762,0.029973317338102167,0.0014211934727110286,0.019795998140822516,0.24058053426432077
14.380000000000001,14.525252,0.0026437147527175334,0.088536074119494254,-0.020177266944932271,-0.0082010504251481819,-0.016632113596077757,-0.0096210029438974481,0.029640739610274351,0.0014146409142777577,0.019603578081944566,0.24008053426432077
14.4,11.524760000000001,0.0026402930422407614,0.088562116344587105,-0.020166578375998778,-0.0081361129257651044,-0.016628308759280241,-0.0096426725179225431,0.029308236708611657,0.0014081539069962198,0.019410724631586114,0.23958053426432077
14.42,12.625424000000001,0.0026371468715470098,0.088588134172243288,-0.020153151114698176,-0.0080813663271230851,-0.016623660030928907,-0.0096579861120518716,0.028975825518333088,0.0014017328706976981,0.019217564909345078,0.23908053426432077
14.44,11.389526,0.00263427701338795,0.088614123870426165,-0.020140473810601467,-0.0080331947249696611,-0.016618390347457351,-0.0096673167478601423,0.028643518467780661,0.0013953780890860893,0.019024218574387877,0.23858053426432077
14.460000000000001,15.140537,0.0026317516878754639,0.088640085817281833,-0.020128897779194244,-0.0079923775141601539,-0.01660993493194066,-0.00967072792778274,0.028311379272570863,0.0013890907698871403,0.018830804015832221,0.23808053426432077
14.48,17.113806,0.0026295399755449688,0.088666018402768124,-0.020118506912123912,-0.0079589786596478973,-0.016602622393278886,-0.0096698673058405495,0.027979385092677504,0.0013828704282198674,0.01863740666971541,0.23758053426432077
14.5,16.051276000000001,0.0026276631408223847,0.088691922967603948,-0.020109781825314865,-0.0079333166491961649,-0.016594988589152728,-0.0096626291896183686,0.027647542366282151,0.0013767171000031643,0.018444154085923044,0.23708053426432077
14.52,12.407164,0.0026261446697580862,0.088717799859633475,-0.020102436720505157,-0.0079161423066560488,-0.01658637113629741,-0.0096506061362458869,0.027315870777717386,0.0013706310234899049,0.018251141963198127,0.23658053426432077
14.540000000000001,11.136108,0.0026249744285584847,0.088743649570664315,-0.020097966555858715,-0.0079065233183719386,-0.016577740856414173,-0.0096351173656029094,0.026984370598730174,0.0013646120458013155,0.01805843961588607,0.23608053426432077
14.56,16.267965,0.0026241661362918461,0.088769473660690351,-0.020085202429177773,-0.0079094462347173433,-0.016568874367195657,-0.009615870683075867,0.026653046568350984,0.001358660070359822,0.017866122202224555,0.23558053426432077
14.58,17.303671000000001,0.0026236018925525203,0.088795265433745191,-0.020088553937190667,-0.0079122428089091201,-0.016559856874289351,-0.0095938500006420985,0.026321901722110581,0.0013527749461299898,0.017674245202211714,0.23508053426432077
14.6,12.744724,0.0026234445321616303,0.088821035338796109,-0.020076102629722037,-0.0079316281776184994,-0.01655079386053173,-0.0095697123794767826,0.025990936986421926,0.0013469564672853776,0.017482850954622178,0.23458053426432077
14.620000000000001,12.008554999999999,0.0026234658220577922,0.088846771370713659,-0.020080602757613253,-0.0079480616465765763,-0.016541787114813085,-0.0095441299747270718,0.025660151252329805,0.0013412043805462292,0.017291968355127637,0.23408053426432077
14.640000000000001,10.754082,0.0026238271692551837,0.088872484836904062,-0.020058579204433435,-0.0079889901904843796,-0.016532967647682369,-0.0095177368038015346,0.025329540791053689,0.0013355183810283082,0.017101613619051607,0.23358053426432077
14.66,9.8875299999999999,0.0026242145342218678,0.088898153670134733,-0.020066265597755262,-0.008012071991073455,-0.016524429888787884,-0.0094911497712542817,0.024999099985390384,0.0013298981308227889,0.016911790623626521,0.23308053426432077
14.68,11.906167,0.0026248998442224532,0.088923798811808757,-0.020069762641897526,-0.0080454778082961198,-0.016516381438767172,-0.0094650013458403501,0.024668819066519552,0.001324343226487063,0.016722490596709716,0.23258053426432077
14.700000000000001,12.717897000000001,0.0026258024109119876,0.088949421636102116,-0.020066510314415531,-0.0080900437568578454,-0.016508092843789256,-0.00943981559674161,0.024338702852388882,0.0013188535175967853,0.016533694284774882,0.23208053426432076
14.720000000000001,11.207329,0.0026267981165022675,0.088975013564105115,-0.020068647508880932,-0.008132496970596037,-0.01650091022605325,-0.0094164475385296702,0.024008729241916597,0.0013134284178565195,0.01634536533400429,0.23158053426432076
14.74,10.843002,0.0026279144116886552,0.08900058158533132,-0.020068742112121729,-0.0081811794624586653,-0.016493426314806998,-0.0093947721675429752,0.023678904275214852,0.0013080678226489813,0.01615746989065343,0.23108053426432076
14.76,12.264220999999999,0.0026290865761171896,0.089026120735242437,-0.020069425695707022,-0.0082286697200615322,-0.016487061927997891,-0.0093758936738890224,0.023349205579417883,0.0013027711825033437,0.015969952017175649,0.23058053426432076
14.780000000000001,11.025249000000001,0.0026302988327647795,0.08905163185576441,-0.020070944433572713,-0.0082782446639519947,-0.016479528951362135,-0.0093594182479508018,0.023019656537610865,0.0012975387043535334,0.015782763652216633,0.23008053426432076
14.800000000000001,11.81967,0.0026315114779399168,0.089077115815996769,-0.020071540663332055,-0.0083273418575382507,-0.016473381803584902,-0.0093469824783189038,0.022690229450585873,0.001292369801868284,0.015595824002650254,0.22958053426432076
14.82,11.727620999999999,0.0026326711672421976,0.089102572250491396,-0.020075174926614814,-0.008374903572955894,-0.016468137864898407,-0.0093370251611617112,0.022360906269724205,0.0012872640754682204,0.015409083499427021,0.22908053426432076
14.84,11.430555999999999,0.0026338004555010838,0.089128003563992836,-0.020090835503858262,-0.008416530611254025,-0.016463152893068465,-0.0093301427256776235,0.022031681829249292,0.001282221351382966,0.015222480644913468,0.22858053426432076
14.859999999999999,13.258509999999999,0.0026349746369923551,0.089153422732041382,-0.020052774238411342,-0.0084915665346887437,-0.016458843052331869,-0.0093269547008614142,0.021702542640628375,0.0012772413551497891,0.015035941550896241,0.22808053426432076
14.880000000000001,12.208154,0.0026356254889496368,0.089178768230736838,-0.020066430227874132,-0.0085157694820017227,-0.016454973088463425,-0.0093270714217297095,0.021373479919400782,0.0012723239132220116,0.014849400122461647,0.22758053426432076
14.9,12.111547,0.0026363027519171662,0.08920411142682072,-0.020063878837538685,-0.0085542484746108371,-0.016451547215186917,-0.009330737521459756,0.021044484796419929,0.0012674688782866844,0.014662785372032453,0.22708053426432076
14.92,9.6977639999999994,0.0026368162091136012,0.089229426235544557,-0.020060730046143505,-0.0085890527798166971,-0.016448589418603405,-0.0093376398255772108,0.02071554792246905,0.0012626761233230839,0.014476032575520908,0.22658053426432076
14.94,10.550576,0.0026371509537091286,0.08925471276753956,-0.020056959135704044,-0.0086195709935852349,-0.016445977090229571,-0.0093477245229540741,0.02038666239988051,0.0012579455829094088,0.014289078085061828,0.22608053426432076
14.960000000000001,9.8032649999999997,0.002637293711233904,0.089279970710229181,-0.020051375955875361,-0.0086458009547101256,-0.016443924817307335,-0.0093607540145032343,0.020057817039358404,0.001253277154695595,0.014101863004771762,0.22558053426432076
14.98,16.711722999999999,0.0026372008869711421,0.089305199482001593,-0.020098368093369956,-0.0086441258802292253,-0.016443363024759145,-0.0093764285552473924,0.019728982044625563,0.0012486705003067061,0.013914334433666815,0.22508053426432076
15,15.65659,0.0026375049427572448,0.089330442771147017,-0.020002515792375775,-0.0087276389876640437,-0.016439735206576597,-0.0093941460798361749,0.019400218740424732,0.0012441265729422584,0.013726451512070092,0.22458053426432076
15.02,15.552094,0.0026365967100245233,0.089355566762065505,-0.020081938909458419,-0.0086821635270633024,-0.0164375913909518,-0.0094162173672627057,0.019071497459639472,0.0012396450717144299,0.013538127164724838,0.22408053426432076
15.040000000000001,16.463964000000001,0.002636451032303113,0.089380742128967267,-0.019984799191441915,-0.0087560511153670362,-0.016435453216911651,-0.0094386511857733335,0.01874281809933262,0.0012352261254151202,0.013349354141009372,0.22358053426432076
15.06,13.148198000000001,0.0026351506742404397,0.089405799623416174,-0.020014600499392632,-0.0087251539108486043,-0.016433271111074243,-0.0094624674733912086,0.018414181547949673,0.001230869881717787,0.013160104791541548,0.22308053426432076
15.08,10.975019,0.0026341488672404741,0.089430871059031858,-0.020091264851841206,-0.0086823182371906782,-0.016430998442679239,-0.0094873096995102772,0.018085589626457333,0.0012265765078343796,0.012970358597551343,0.22258053426432076
15.1,13.08461,0.0026339270845555608,0.089455992236761706,-0.020071595333474246,-0.0087043953121463957,-0.016428495622415072,-0.0095127993717197112,0.017757046947406804,0.0012223462113215308,0.012780102610116948,0.22208053426432076
15.120000000000001,16.400812999999999,0.002633228757652865,0.089481076241914703,-0.02002358799254278,-0.0087302625126701727,-0.016430098737296523,-0.0095385819467617376,0.017428471408670456,0.0012181781001133949,0.012589330971181714,0.22158053426432076
15.140000000000001,13.838922999999999,0.002631959605837697,0.089506091216865508,-0.020027884532274776,-0.0087123989010713387,-0.016423677884818091,-0.0095625999868239209,0.017100023486796949,0.0012140743551553501,0.012398078971445237,0.22108053426432075
15.16,10.573377000000001,0.0026305928747034678,0.089531090506995287,-0.020005153100135065,-0.008709945231673899,-0.016424416272281788,-0.0095911898506653298,0.016771560018293823,0.0012100333388261422,0.01220625517443193,0.22058053426432075
15.18,12.833178999999999,0.0026290891276724107,0.089556051033643738,-0.020005054176669201,-0.0086950790176860693,-0.016417111779119014,-0.0096146362574391527,0.016443241858889044,0.001206057175814563,0.012013962449283147,0.22008053426432075
15.200000000000001,12.132839000000001,0.0026276158819702813,0.089580984086997217,-0.020003639326167111,-0.0086754966074904516,-0.016412984401464503,-0.0096419876423206041,0.016115005481587955,0.0012021452196101573,0.011821122696436735,0.21958053426432075
15.220000000000001,12.154011000000001,0.0026260566881037323,0.089605900410278813,-0.019995424737220269,-0.0086625314327521963,-0.016415559998857878,-0.009665339560132942,0.015786716846703158,0.0011982960332132197,0.011627815905234075,0.21908053426432075
15.24,12.178329,0.0026244246229434466,0.089630785079336195,-0.019978139318585164,-0.0086499684332972393,-0.01641626377285273,-0.0096840745043735282,0.015458413398624768,0.0011945102065148206,0.011434134415146605,0.21858053426432075
15.26,15.080342,0.0026227091564765392,0.089655638519003725,-0.01997863684346779,-0.0086280462957564197,-0.016412958706746205,-0.0097032291597834042,0.015130175319820771,0.0011907887784549764,0.011240069831950937,0.21808053426432075
15.280000000000001,15.838005000000001,0.0026210745654468483,0.089680466899991262,-0.019963920723640616,-0.0086153755299731571,-0.01641033748160789,-0.009723053706032431,0.014801988945523382,0.0011871316990683337,0.011045608757830288,0.21758053426432075
15.300000000000001,15.491028999999999,0.002619419269677333,0.089705264805055696,-0.019961363252197994,-0.0085957215851406588,-0.01640611429650788,-0.0097403104400113124,0.014473886324291545,0.0011835394205671707,0.010850802549030062,0.21708053426432075
15.32,12.434225,0.0026178638546903946,0.08973003911844718,-0.019949723826985011,-0.0085849421649113467,-0.016402306424005544,-0.0097562887842081898,0.01414585916197041,0.0011800119299105122,0.010655676773345899,0.21658053426432075
15.34,10.378745,0.002616301939089084,0.089754776122666427,-0.01993282216817116,-0.0085728330503052064,-0.016398764271800013,-0.0097701632838008024,0.013817902156204735,0.0011765492393325187,0.010460273507669883,0.21608053426432075
15.359999999999999,13.922903,0.0026147140395777323,0.089779483606957741,-0.019935293750401151,-0.0085535955868882851,-0.016394903382142275,-0.0097817233654020966,0.013490021693333586,0.001173151470754012,0.010264639040361841,0.21558053426432075
15.380000000000001,13.477475,0.0026133308233348956,0.089804166151801715,-0.019916286270874828,-0.0085485128858815429,-0.016390011587808714,-0.0097915999043959191,0.013162238402517455,0.0011698188739963469,0.010068807042273923,0.21508053426432075
15.4,12.58226,0.0026119164890217698,0.08982881562272195,-0.019914568453998527,-0.0085350296782893409,-0.016385651072199654,-0.0097999295129971194,0.012834541671062398,0.0011665513646049218,0.0098728084520139803,0.21458053426432075
15.42,11.898291,0.0026106617557413491,0.08985343513411706,-0.019898482008404716,-0.0085315596769648394,-0.016380520517936144,-0.0098061269266377336,0.012506946911459184,0.001163349106663451,0.0096766859134812255,0.21408053426432075
15.44,12.163235,0.0026094213045843467,0.089878022079459247,-0.019896207151277157,-0.0085217687849228341,-0.016375694564757251,-0.0098110038682948271,0.012179448044604132,0.0011602120379766898,0.0094804658361153284,0.21358053426432075
15.460000000000001,10.803829,0.0026083481312359938,0.089902583173151668,-0.019893022406068717,-0.0085188799532982529,-0.016370397635296012,-0.0098141342407371494,0.011852054502328244,0.0011571402353904915,0.0092841831513005846,0.21308053426432075
15.48,10.887028000000001,0.0026074408725204013,0.089927116293787177,-0.019826665471439853,-0.0085572392117487794,-0.016364245264032712,-0.0098162776725525917,0.011524783405586714,0.0011541338318642521,0.0090878575978495333,0.21258053426432075
15.5,12.046931000000001,0.0026060213113842708,0.089951555471677061,-0.019846530536302698,-0.008528130001174361,-0.016358912501906034,-0.0098173998748748107,0.011197618375818379,0.0011511926425313561,0.0088915096003520377,0.21208053426432075
15.52,12.005539000000001,0.0026050956989990192,0.089975996710979819,-0.01986550410129384,-0.0085154982781991961,-0.016352555139845008,-0.0098170450847165341,0.010870579917195701,0.0011483168083268431,0.0086951686986577077,0.21158053426432075
15.540000000000001,11.318580000000001,0.0026045531811269671,0.090000428081323317,-0.019855531696280071,-0.0085233740516414969,-0.016346694262868677,-0.0098163415424934244,0.010543658113460421,0.0011455061906097393,0.0084988418678078395,0.21108053426432075
15.56,11.086453000000001,0.0026040377591339974,0.090024831230382019,-0.019855667129403454,-0.0085327750272243819,-0.016340101362911082,-0.0098146977078988513,0.010216867617617554,0.0011427608587797813,0.0083025479136498628,0.21058053426432075
15.58,11.989528999999999,0.0026036670967775149,0.09004920398219679,-0.019846239115459685,-0.0085465104042192763,-0.016333982866948052,-0.00981290504961547,0.0098901989550273205,0.0011400806721054762,0.0081062898126575533,0.21008053426432075
15.6,10.820584,0.0026033265037882815,0.090073547628283249,-0.019847615273975272,-0.0085569914638012889,-0.016328216567386811,-0.0098105112331729159,0.0095636450950758126,0.0011374655125758566,0.0079100795879940948,0.20958053426432074
15.620000000000001,11.888532,0.0026032151205209767,0.090097868579969126,-0.019842676911103752,-0.0085744638821365626,-0.01631758482726408,-0.0098080588222104765,0.0092373033566659629,0.0011349160793799051,0.0077139184115498855,0.20908053426432074
15.640000000000001,11.418566,0.0026031311671755363,0.090122157466397956,-0.019829065526795642,-0.008599297295639019,-0.016309648682484752,-0.0098085651937118417,0.0089111198427149745,0.0011324318722597691,0.0075177471076756488,0.20858053426432074
15.66,12.580258000000001,0.0026029907564984068,0.090146409384461904,-0.019836483983199038,-0.0086100735097849324,-0.016304064731376338,-0.0098069125523290064,0.0085850475236982533,0.0011300124762563843,0.0073216088566290683,0.20808053426432074
15.68,10.499859000000001,0.0026030196822963529,0.090170642266606205,-0.019826294711402515,-0.0086370138068856406,-0.016298222556725337,-0.0098044422795818837,0.0082590915769202491,0.0011276578715177664,0.0071255200110374303,0.20758053426432074
15.700000000000001,10.213547999999999,0.0026029859994084839,0.090194833659966167,-0.019811458676564975,-0.0086596185812535253,-0.016292977244293697,-0.0098027047595678728,0.0079332400783951752,0.001125367914707623,0.0069294659158460727,0.20708053426432074
15.720000000000001,10.033390000000001,0.0026028684344849857,0.090218995780210684,-0.019821315722864163,-0.0086712076254507053,-0.016287484414576611,-0.0098017647550453172,0.0076074979912289491,0.0011231425898725709,0.0067334306207451665,0.20658053426432074
15.74,12.377903999999999,0.0026029066279271481,0.090243140939420124,-0.019811650330161079,-0.0086997117405962499,-0.016282655203621002,-0.0098018881480344353,0.007281852056169838,0.0011209817632993556,0.0065373928577844775,0.20608053426432074
15.76,12.724227000000001,0.0026028815744499972,0.090267248066735209,-0.019809571789661362,-0.0087183726809501039,-0.016277905064056269,-0.0098027694431723177,0.0069563007045676944,0.0011188853902912212,0.0063413374689210312,0.20558053426432074
15.780000000000001,11.939883999999999,0.0026028483093976989,0.090291320558938959,-0.019798084017331075,-0.0087401163845708396,-0.016272514577449448,-0.0098048711666804383,0.0066308567558053394,0.001116853523344915,0.0061452400455874225,0.20508053426432074
15.800000000000001,11.900225000000001,0.0026027201226610053,0.090315368404629212,-0.019807594382492244,-0.0087525494448730257,-0.016268273127769361,-0.0098086533915889319,0.0063054972422246121,0.0011148860004369155,0.0059490669777556441,0.20458053426432074
15.82,13.333811000000001,0.0026027156358505435,0.090339397199273239,-0.019793240904888876,-0.0087831870846546423,-0.016263621061134544,-0.0098129820436274693,0.005980230388587162,0.0011129828627998754,0.0057528073368830947,0.20408053426432074
15.84,11.043799,0.0026025787413371743,0.090363382316980573,-0.019791918730897251,-0.0087970895240037095,-0.016258218350309907,-0.0098190032908111822,0.0056550712200831438,0.00111114419254209,0.0055564272710668713,0.20358053426432074
15.860000000000001,12.940675000000001,0.0026023871545188234,0.090387335895282736,-0.019773188349800463,-0.0088198752880641607,-0.016254165951544972,-0.0098262925683094849,0.0053299927434095028,0.0011093698431710126,0.0053599014197006816,0.20308053426432074
15.880000000000001,12.779755,0.0026020279274187748,0.090411257352326871,-0.019787042930889065,-0.0088235919019261644,-0.016249726957451322,-0.0098339642872122789,0.0050050027028297629,0.0011076598722159889,0.0051632221339564357,0.20258053426432074
15.9,9.6975049999999996,0.0026018208885874739,0.090435164838229304,-0.019769284854665781,-0.0088500371280950674,-0.016245562515835907,-0.0098432299284296285,0.0046800956198314401,0.0011060142720537508,0.0049663575353878428,0.20208053426432074
15.92,13.622135,0.0026014455287090791,0.090459030061818282,-0.019778871754080551,-0.0088514594773316801,-0.016240873213859079,-0.0098532688148263905,0.0043552820039382979,0.0011044331237747497,0.0047692921590913153,0.20158053426432074
15.94,10.202372,0.0026011339752811603,0.090482876007991583,-0.019768684670220082,-0.0088688782804089428,-0.016237434255716995,-0.0098642569277664471,0.0040305368610085391,0.0011029163419765996,0.0045720070205359864,0.20108053426432074
15.960000000000001,12.269520999999999,0.0026006952465809051,0.090506683630041537,-0.019742983538626913,-0.0088887567172397652,-0.016233162610438591,-0.0098754535597917036,0.0037058768570482079,0.0011014640461203037,0.0043744979493401523,0.20058053426432074
15.98,12.917315,0.0025999980798078353,0.090530450985012306,-0.019761273802955337,-0.0088818334145202016,-0.016229210787258638,-0.0098881754826790225,0.0033812956081433112,0.0011000762528193396,0.0041767344396865715,0.20008053426432074
16,13.930401,0.0021512071289048985,0.090554209885443479,-0.017876604831826182,-0.0028828075557187915,-0.0162241186392756,-0.0099011028492531645,0.0030568159330726383,0.0010987531071181595,0.0039787123827015082,0.20008053426432074
16.02,22.422264999999999,0.0017703213798241605,0.09057555843291587,-0.016096523508819072,0.0024600319420695627,-0.016220673602898375,-0.0099148716028503916,0.0027324049023875032,0.0010974945275561395,0.0037804149506445004,0.20008053426432074
16.039999999999999,17.429105,0.0014596835204217641,0.090594774766272132,-0.014391901314234179,0.0073622684944076866,-0.016216117192866648,-0.0099280349339703079,0.0024080847559335059,0.0010963006560505038,0.0035818542519650944,0.20008053426432074
16.059999999999999,11.29466,0.0012274717722502596,0.090612071705690994,-0.012709506090574862,0.01295531314129228,-0.016212804081050188,-0.0099422919885682279,0.0020838306404904411,0.0010951714587946102,0.00338300841219373,0.20008053426432074
16.080000000000002,14.948945,0.0010839719709763275,0.090627729781239966,-0.011205634943079357,0.016816449030122804,-0.016208987454141798,-0.0099557448973896425,0.0017596526389051139,0.0010941070323978359,0.0031838935142459372,0.20008053426432074
16.100000000000001,19.053667000000001,0.0010279013481195945,0.090641885163638622,-0.0097896885917272414,0.020262202308194865,-0.016203445102409279,-0.0099696136023256811,0.0014355852781717158,0.0010931075415243489,0.0029845012421994234,0.20008053426432074
16.120000000000001,12.68923,0.0010500410684406213,0.090654671108286747,-0.0083463582011358284,0.023580709368125063,-0.016199958881779646,-0.0099840513247537784,0.001111587448577105,0.0010921729151166248,0.002784820215704348,0.20008053426432074
16.140000000000001,13.068547000000001,0.0011279187535246859,0.09066593754779953,-0.0070431404189292834,0.026474594091292936,-0.016042213551231182,-0.0099970636488838933,0.00079074433394147768,0.0010913114975454811,0.0025848789427266703,0.20008053426432074
16.16,12.831079000000001,0.001231442709743521,0.090675981743350523,-0.0058207580197993103,0.029005035218170327,-0.015754255377781436,-0.0095709497049106564,0.00047566020251342002,0.0010905271981328814,0.0023934599486284572,0.20008053426432074
16.18,16.835830999999999,0.0013376180518532414,0.090684855245248552,-0.0047397308137142602,0.031004730665913804,-0.015355330130269398,-0.0087816203789647159,0.00016855441619595727,0.0010898191203429421,0.0022178275410491628,0.20008053426432074
16.199999999999999,12.633316000000001,0.0014318758134532212,0.090692747170515078,-0.003773968215454282,0.032505260594057894,-0.014858387050341133,-0.0076844007825652124,-0.00012861264373082137,0.0010891828895889016,0.0020641395253978585,0.20008053426432074
16.219999999999999,17.263732999999998,0.0015051281672448095,0.090699706890836673,-0.0029383664084727812,0.033466295619848374,-0.014287898873036121,-0.0062484297206695247,-0.00041437004872939921,0.0010886109010212774,0.0019391709309844679,0.20008053426432074
16.240000000000002,14.571904999999999,0.0015530898345000692,0.090705867821126343,-0.0022384242260500287,0.033844415796337124,-0.013658452328163239,-0.00462181880703134,-0.00068753860587357355,0.001088093805234122,0.0018467345548438411,0.20008053426432074
16.260000000000002,15.030249,0.0015743177526834204,0.090711294243955201,-0.001654380393894872,0.033741903845228904,-0.01297371229136259,-0.0028470587859046664,-0.00094701242277913625,0.0010876220128225381,0.0017897933791257477,0.20008053426432074
16.280000000000001,15.745241999999999,0.0015682605055862726,0.090716035942048565,-0.0011831343393513549,0.033192382094310524,-0.012250716760348607,-0.00094288240762130534,-0.001192026369675493,0.0010871857982151013,0.0017709357309733215,0.20008053426432074
16.300000000000001,15.609,0.0015351027318615384,0.090720196952707791,-0.00084618947966985658,0.032084585798638265,-0.011499932656061935,0.0010514439813173284,-0.0014220246578390237,0.0010867760672919357,0.0017919646105996681,0.20008053426432074
16.32,15.238219000000001,0.0014771344751142352,0.090723798376462217,-0.00060041276053413029,0.03062212243825968,-0.010735742195207017,0.0031036248055428869,-0.0016367391449588931,0.0010863846421639385,0.0018540371067105258,0.20008053426432074
16.34,10.958059,0.0013959021464010454,0.090726918908233187,-0.00046097882025319947,0.028752917357173224,-0.0099689452563871128,0.0051711981377936273,-0.0018361176880266571,0.0010860046762273057,0.0019574610694663985,0.20008053426432074
16.359999999999999,16.066396000000001,0.0012942198776771604,0.090729612272043333,-0.00039795157040067863,0.026593829634018462,-0.0092104809006954454,0.0072167138408229274,-0.0020203269266250061,0.0010856307994471137,0.002101795346282857,0.20008053426432074
16.379999999999999,11.557257999999999,0.0011748149941826175,0.090731956477966072,-0.0004556399085471341,0.023940745686118703,-0.008470642506141466,0.0092021605400498946,-0.0021897393690701364,0.0010852591389628047,0.0022858385570838548,0.20008053426432074
16.399999999999999,18.515090000000001,0.0010429021497182132,0.090733965727834695,-0.0005412022963495744,0.021264642237773579,-0.0077570702949271222,0.011088775568980268,-0.0023448803293797346,0.001084887307829072,0.0025076140684634602,0.20008053426432074
16.420000000000002,11.322573999999999,0.0009010763838161579,0.090735724046934613,-0.00076799369693913988,0.018006949711158349,-0.0070763841050513528,0.012847738067876221,-0.0024864075197446626,0.0010845142283485557,0.0027645688298209847,0.20008053426432074
16.440000000000001,17.706548000000002,0.00075732166095007791,0.090737190034914539,-0.00093705250939191131,0.015179323367366493,-0.0064363040828200697,0.014454519339746275,-0.002615133056700612,0.0010841397500274538,0.0030536592166159103,0.20008053426432074
16.460000000000001,11.781903,0.00061444017250857086,0.090738485549600387,-0.0012518566198234105,0.011666499840269573,-0.0058402379159399661,0.015878023814066625,-0.0027319372123209701,0.0010837645224587049,0.003371219692897243,0.20008053426432074
16.48,10.339043,0.00048633946260919929,0.090739612052635921,-0.0015465920149977386,0.0084549728637615118,-0.0052924964783549328,0.017104012325069719,-0.0028377864778072314,0.0010833895752907733,0.0037132999393986376,0.20008053426432074
16.5,12.08009,0.00038788993315853285,0.090740601040530749,-0.0018268954172362406,0.0054071429096458345,-0.0047945026200248517,0.018115347982782509,-0.0029336758030375854,0.0010830161368923096,0.0040756068990542875,0.20008053426432074
16.52,11.35319,0.00034389927577842521,0.090741483632121117,-0.0021607798041798354,0.0020860486365323894,-0.0043511714085699357,0.018904523278108789,-0.0030206984398514218,0.0010826450133687943,0.0044536973646164633,0.20008053426432074
16.539999999999999,13.132064,0.00036830312576343341,0.09074217179270623,-0.0024748279124842121,-0.00083075972071444681,-0.0039593088666967854,0.019449596039711976,-0.0030998837617504551,0.0010822769420332872,0.0048426892854107027,0.20008053426432074
16.559999999999999,13.255202000000001,0.00044049249544205366,0.090742884070656518,-0.0028189587732203591,-0.0037371117182525282,-0.0036253403178671895,0.019764431882603895,-0.0031723896470933883,0.0010819114850880763,0.0052379779230627803,0.20008053426432074
16.580000000000002,13.053792,0.00053128382838530384,0.090743688806206743,-0.0031042502237506042,-0.0062730929140757397,-0.0033387250686757277,0.019821203389696791,-0.0032391631618039168,0.0010815484880022262,0.0056344019908567159,0.20008053426432074
16.600000000000001,10.853301999999999,0.00062459771923878752,0.090744486574109329,-0.0033571784860830789,-0.0085494193693449461,-0.003106671553569966,0.019667768528974866,-0.0033012955365636855,0.0010811861850682446,0.0060277573614362133,0.20008053426432074
16.620000000000001,14.293365,0.00071137910481159023,0.090745276972136094,-0.003580917984508325,-0.010535754808771003,-0.0029220629326810292,0.019267454333787553,-0.0033597356645645514,0.0010808226575427463,0.0064131064481119642,0.20008053426432074
16.640000000000001,16.865161000000001,0.0007869335087855846,0.09074606419964823,-0.0037780933942141992,-0.012316650922216787,-0.0027789583274449104,0.018657998278518804,-0.0034153136207186168,0.0010804558551341789,0.0067862664136823401,0.20008053426432074
16.66,15.364718,0.00084811717580127849,0.090746846815838195,-0.0039140854124881663,-0.013630941603920199,-0.0026775919460263649,0.017864681030815392,-0.0034688641607441076,0.0010800828742386808,0.0071435600342986483,0.20008053426432074
16.68,23.72419,0.00089414390249867716,0.090747649454581247,-0.0040177340154370356,-0.014710154146408527,-0.0026121517357336824,0.016879248048396484,-0.0035211057987344294,0.0010797008581568581,0.0074811449952665778,0.20008053426432074
16.699999999999999,12.599745,0.0009237313608053035,0.090748468392426798,-0.0040682217894225658,-0.015339485370135186,-0.0025815034789175798,0.015743473337367461,-0.0035727343620670293,0.0010793064815891888,0.0077960144620139267,0.20008053426432074
16.719999999999999,14.582304000000001,0.00093721090984007324,0.090749307481031896,-0.0040956261726576848,-0.015842198339734104,-0.0025773319560818556,0.014467696465619021,-0.003624279376071357,0.0010788971699353695,0.0080853683913263072,0.20008053426432074
16.740000000000002,17.044716000000001,0.00093375553437269852,0.090750152093013334,-0.0040630757125730277,-0.015931531050063619,-0.0025943276282271548,0.013087894318465489,-0.0036761641773002578,0.0010784708619826439,0.0083471262776956164,0.20008053426432074
16.760000000000002,16.144234999999998,0.00091469346608542888,0.090751009293867521,-0.00398601437669166,-0.015711648987797311,-0.0026279737184698739,0.011629663255341849,-0.0037287217692757381,0.0010780260342336265,0.0085797195428024536,0.20008053426432074
16.780000000000001,20.495555,0.00088106360675291361,0.090751876017330188,-0.0038750612241091886,-0.015270108926904058,-0.0026744216289854,0.010119185756596852,-0.0037822081864714941,0.0010775617117212619,0.0087821032579343903,0.20008053426432074
16.800000000000001,16.175046999999999,0.000833717438071167,0.09075274776297057,-0.0036953557653669478,-0.014323037406168915,-0.0027273686412572651,0.0085747992116346171,-0.0038367534145411111,0.0010770780000727751,0.0089535992421670828,0.20008053426432074
16.82,25.119841000000001,0.00077572370673965885,0.090753618117402138,-0.0035417116889413514,-0.01359606440160821,-0.0027835098489152983,0.0070327542317029836,-0.0038924213448878063,0.0010765756431091562,0.009094254326801143,0.20008053426432074
16.84,15.727104000000001,0.00070595775490825126,0.09075447275219882,-0.0033034475068487446,-0.01229780519090351,-0.0028381639496608091,0.0055100768250939836,-0.0039491822480507248,0.0010760563029590796,0.0092044558633030231,0.20008053426432074
16.859999999999999,16.140530999999999,0.00062880514980350865,0.09075532458427453,-0.0030486094937027808,-0.010903349477850099,-0.0028895864009284913,0.0040384024045579982,-0.00400697150644221,0.001075522035297192,0.0092852239113941828,0.20008053426432074
16.879999999999999,19.452563000000001,0.00054587941181470049,0.09075616603537974,-0.0027876358477976204,-0.0094636068582127919,-0.0029331828263736842,0.0026237333846735374,-0.0040656326198214446,0.0010749757988264305,0.009337698579087653,0.20008053426432074
16.899999999999999,15.628527999999999,0.00045913834793501771,0.090756983375505557,-0.002491804835134559,-0.0077703561960094092,-0.0029660864385202333,0.0012926411181684073,-0.004124951755237161,0.0010744211116701099,0.0093635514014510212,0.20008053426432074
16.920000000000002,20.581060999999998,0.0003726546898416353,0.090757771422547248,-0.0022063550332220849,-0.0061789072247586674,-0.0029865890151796319,6.2394086358732352e-05,-0.0041846809166862899,0.0010738617809803331,0.0093647992831781962,0.20008053426432074
16.940000000000001,16.054113999999998,0.00029021410139306165,0.090758527808882966,-0.0018660145989466415,-0.0041410748258767782,-0.0029902938279823318,-0.0010572361230225746,-0.0042444841767112287,0.0010733023513983051,0.0093436545607177447,0.20008053426432074
16.960000000000001,16.248915,0.00022194726871147989,0.09075923020440077,-0.0015639923812029721,-0.0024211662690509783,-0.0029810230085567926,-0.0020363600926039667,-0.004304102045684018,0.0010727465005538283,0.0093029273588656654,0.20008053426432074
16.98,16.125268999999999,0.00018087953903321295,0.09075988046433002,-0.0012645335607937014,-0.00073239873596708804,-0.0029531357256418855,-0.0029000077036998896,-0.0043631622203492027,0.0010721987650858455,0.009244927204791668,0.20008053426432074
17,15.300214,0.00018298046690344929,0.090760470189284306,-0.00095572063152138398,0.00096740005274043028,-0.0029071388826784213,-0.0036137949173694352,-0.0044213025327141048,0.0010716633480671602,0.0091726513064442801,0.20008053426432074
17.02,14.077419000000001,0.00022166672515008915,0.090761004712395302,-0.0006691259057949317,0.0027212642396623465,-0.0028443448562673881,-0.0041802384324560026,-0.0044781870584572996,0.001071143929621458,0.0090890465377951608,0.20008053426432074
17.039999999999999,16.016345999999999,0.0002759805195693346,0.090761506100414779,-0.00041248432448570682,0.0041761740406718317,-0.002763578255802839,-0.004605414181960441,-0.0045334563636529757,0.0010706441160905661,0.0089969382541559527,0.20008053426432074
17.059999999999999,14.382451,0.00033357600317274308,0.090761954001694983,-0.00017896252508009525,0.0055604899601249258,-0.0026674926810608696,-0.0048797981721423328,-0.0045868040814480123,0.001070166740487424,0.0088993422907131057,0.20008053426432074
17.080000000000002,15.537966000000001,0.00038808207481396317,0.090762345398482255,3.3417911115218857e-05,0.0067575581899053105,-0.0025531211051286022,-0.0050204324560572649,-0.0046378645042848892,0.0010697148879666271,0.0087989336415919602,0.20008053426432074
17.100000000000001,16.098635999999999,0.00043632257666103332,0.090762679673687507,0.0002161226963890428,0.0077919458160904398,-0.0024254403625498075,-0.0050032224435742831,-0.0046863714550362161,0.001069290494608249,0.0086988691927204747,0.20008053426432074
17.120000000000001,15.237499,0.00047668086999526024,0.090762956193019953,0.00038216581305139385,0.0086940575299987444,-0.0022859951538528075,-0.0048614495762168254,-0.0047320896475844861,0.0010688950107340944,0.0086016402011961385,0.20008053426432074
17.140000000000001,11.343415,0.0005078697518162619,0.090763178704161659,0.00049456627683452936,0.0093308999134249504,-0.0021351976522435479,-0.0046053227573915542,-0.0047747920377154513,0.0010685296578069278,0.0085095337460483079,0.20008053426432074
17.16,11.669454,0.00053011368164632621,0.090763333391799164,0.00059079981001675108,0.0098367157980883135,-0.0019760087371232565,-0.0042413194943537059,-0.0048143107958236193,0.0010681950397214632,0.0084247073561612342,0.20008053426432074
17.18,12.068559,0.00054267537691312577,0.090763435256062203,0.00065443891500160944,0.010163362836443923,-0.0018117269574171215,-0.0037723605904566738,-0.004850544060583579,0.0010678911447931946,0.0083492601443521004,0.20008053426432074
17.199999999999999,15.922601999999999,0.00054570312348167283,0.09076348332172994,0.00071288641471634051,0.010418562250512409,-0.0016447595664858424,-0.003226972951037231,-0.0048834381142013467,0.0010676175589563314,0.0082847206853313565,0.20008053426432074
17.219999999999999,12.323464,0.00053863131416924013,0.090763495140657763,0.00069098240856613202,0.010265306555481857,-0.001477110160665332,-0.0026151821892176157,-0.0049129793099727606,0.0010673735854100656,0.0082324170415470042,0.20008053426432074
17.240000000000002,16.034669999999998,0.00052382387136374773,0.090763445216343011,0.0006850548158912062,0.010154579726666668,-0.0013112815599080577,-0.0019548982592166621,-0.0049392040567007231,0.0010671582001826234,0.0081933190763626706,0.20008053426432074
17.260000000000002,13.194615000000001,0.00050033426733230176,0.090763361856954897,0.00063938739602598105,0.0098196870162308159,-0.0011484580439230833,-0.0012610954822461864,-0.0049621724489895781,0.0010669702982775537,0.0081680971667177464,0.20008053426432074
17.280000000000001,11.599736999999999,0.00046951744753797838,0.090763241914148737,0.00054364802310180593,0.0092330553779875757,-0.00099273888506646018,-0.00054557301988254715,-0.0049820265652454152,0.001066808232646094,0.0081571857063200953,0.20008053426432074
17.300000000000001,12.195598,0.00043324595505591013,0.090763073461219784,0.00046775653909314485,0.0087173561979572156,-0.00084473803427099017,0.0001709047911056423,-0.0049989207636124263,0.0010666703916010661,0.0081606038021422075,0.20008053426432074
17.32,11.825388999999999,0.0003910613893586232,0.090762883529632243,0.00033684887569096489,0.007915834725194415,-0.00070635551438693559,0.00087870411734977953,-0.005013047402488556,0.001066554982999357,0.0081781778844892024,0.20008053426432074
17.34,13.649858999999999,0.00034545738583078027,0.090762656318066529,0.00020938154155603073,0.0071212223482692849,-0.00057705285883087902,0.0015652873771704393,-0.0050245880722406154,0.0010664604185882465,0.0082094836320326103,0.20008053426432074
17.359999999999999,10.545833999999999,0.00029696318435542938,0.090762405910224081,6.9344173560192957e-05,0.0062546849467945975,-0.00046251132472288387,0.0022267858042339752,-0.0050338379853311554,0.0010663842738824736,0.0082540193481172898,0.20008053426432074
17.379999999999999,11.610132999999999,0.00024721588258859613,0.090762135956228548,-7.9327419537644772e-05,0.0053417721244954919,-0.00035994029912337364,0.002834954789856842,-0.0050410365444045037,0.0010663246513973818,0.008310718443914426,0.20008053426432074
17.400000000000002,15.363337,0.00019812759998704324,0.090761849647417833,-0.00021694372982183907,0.0044651722060580212,-0.00027139964010814435,0.0033962982293812907,-0.0050464643482221305,0.0010662793570523372,0.008378644408502051,0.20008053426432074
17.420000000000002,12.443588,0.00015239754048189527,0.09076156334324724,-0.00037256337608448931,0.0035132906184882629,-0.00019959027390757526,0.0038974206670668505,-0.0050504560122788273,0.0010662457559530477,0.0084565928218433874,0.20008053426432074
17.440000000000001,14.759354,0.00011649804856917403,0.090761265415884487,-0.00053297600049040383,0.0025368901937978805,-0.00014120645682292262,0.0043237653080896261,-0.0050532800393983043,0.0010662217516231916,0.0085430681280051803,0.20008053426432074
17.460000000000001,13.898187999999999,0.0001006652355785002,0.090760957117333368,-0.00072146888366964035,0.0014302628364939451,-9.9415354851027735e-05,0.0046852773503701407,-0.0050552682731404251,0.0010662046724325385,0.0086367736750125827,0.20008053426432074
17.48,9.2732299999999999,0.00011050361766048097,0.090760622049465126,-0.00089403705256207999,0.00038692611256596621,-7.2271111126088827e-05,0.0049652035425102855,-0.005056713640831852,0.0010661921170376763,0.0087360777458627883,0.20008053426432074
17.5,13.805533,0.00013633388223372933,0.090760282817063401,-0.0010321375713515657,-0.00046034132759764645,-5.933637425262538e-05,0.0051692450638335273,-0.0050579003224947407,0.0010661816884834771,0.0088394626471394594,0.20008053426432074
17.52,16.589765,0.00016793930030139454,0.090759948211457706,-0.0011677138901773354,-0.0012563950587800576,-5.9894769136117581e-05,0.0052969802378551737,-0.005059098170515774,0.0010661710364200919,0.0089454022518965625,0.20008053426432074
17.539999999999999,16.763477000000002,0.00019968676560820774,0.090759609319844448,-0.0012854658361254323,-0.0019611495210822838,-7.1686519363646387e-05,0.0053498809365425844,-0.0050605318428515378,0.0010661581345963219,0.0090523998706274148,0.20008053426432074
17.559999999999999,16.176908000000001,0.00022905580456812565,0.090759270537646333,-0.0013908427283890745,-0.0026118369733563185,-9.5062240868612672e-05,0.0053353666132298413,-0.0050624330088488373,0.0010661408225688413,0.0091591072028920119,0.20008053426432074
17.580000000000002,14.68951,0.00025451596356592494,0.090758935341266472,-0.0014788130692631185,-0.0031456040854731526,-0.00012925368539420988,0.0052522308986849408,-0.0050650179728804218,0.0010661170101643502,0.0092641518208657105,0.20008053426432074
17.600000000000001,21.634663,0.00027538527538873228,0.090758601244678522,-0.0015532654848229299,-0.0036279646530141818,-0.00017548000124701312,0.0051030530658475589,-0.0050685274206378646,0.0010660843180729381,0.0093662128821826625,0.20008053426432074
17.620000000000001,12.868479000000001,0.00029083138053262838,0.090758274054129257,-0.0016010736746467913,-0.0039034599117675484,-0.00023122815771680998,0.0048825249218728975,-0.0050731517788262705,0.0010660407782777548,0.0094638633806201199,0.20008053426432074
17.640000000000001,17.172063999999999,0.00030123335734795839,0.090757940737746942,-0.0016388575891910229,-0.0041600108431589788,-0.00029271591918549359,0.004599815037483153,-0.005079005832487115,0.0010659851053597292,0.0095558596813697834,0.20008053426432074
17.66,11.868019,0.00030607445416786107,0.090757609429616054,-0.0016557900421552141,-0.0041951844943159955,-0.00035916074506940404,0.0042732090157401132,-0.0050861887164856037,0.0010659161576710209,0.0096413238616845851,0.20008053426432074
17.68,11.974076999999999,0.00030616233336490725,0.090757249259856537,-0.0016620022987186012,-0.0042397212008511431,-0.00042860340609222186,0.0039092444502499728,-0.0050947603829643619,0.0010658331777790245,0.0097195087506895851,0.20008053426432074
17.699999999999999,12.375557000000001,0.00030111069784267432,0.09075687963238574,-0.0016505058745952539,-0.004181188128172586,-0.00049972814492251297,0.0035169712490478824,-0.0051047544703565033,0.0010657356855777122,0.0097898481756705426,0.20008053426432074
17.719999999999999,9.5318039999999993,0.00029131112323124546,0.09075649882183337,-0.0016232995446445742,-0.0040316220854261786,-0.000570938367103135,0.0031021426681287407,-0.0051161726870359069,0.0010656235451552941,0.0098518910290331177,0.20008053426432074
17.740000000000002,13.466262,0.00027719432611931946,0.090756106799652722,-0.0015817052491078343,-0.0037989812756196173,-0.00064111656007194906,0.0026747376803232708,-0.0051289943925928319,0.0010654968800420138,0.0099053857826395825,0.20008053426432074
17.760000000000002,11.199477,0.00025928908771073289,0.090755701284638488,-0.0015275848833367078,-0.0034923140818703402,-0.00070818044118824684,0.0022393131422727996,-0.0051431573034340624,0.0010653562691747994,0.0099501720454850378,0.20008053426432074
17.780000000000001,17.099841000000001,0.00023822777791709593,0.090755279691874649,-0.0014812843791354169,-0.0032747595983506628,-0.00077161991913387293,0.00181149371548936,-0.0051585889350894889,0.0010652024371465513,0.0099864019197948243,0.20008053426432074
17.800000000000001,10.658901999999999,0.00021375135169184159,0.090754848371832175,-0.0013822785951136396,-0.002669145878998691,-0.00083008783845983636,0.0013921791127953025,-0.005175189861724023,0.0010650364169719037,0.010014245502050731,0.20008053426432074
17.82,13.182829999999999,0.00018873938166366055,0.090754393086160748,-0.0013004226915738215,-0.0022079795768572552,-0.00088320323052473184,0.00099700178578819121,-0.0051928530388560944,0.0010648593515467256,0.010034185537766494,0.20008053426432074
17.84,15.078637000000001,0.00016289863223920549,0.090753917068193884,-0.0012124300767992757,-0.0017132367674337345,-0.00093005002394388526,0.00062374029742108062,-0.005211453101758556,0.0010646725927726951,0.010046660343714915,0.20008053426432074
17.859999999999999,16.036099,0.00013735057003112664,0.090753418843060485,-0.0011192679337788114,-0.0011912709503762997,-0.00096996796440098167,0.00027852920417823575,-0.0052308514814710045,0.0010644776432475699,0.010052230927798479,0.20008053426432074
17.879999999999999,13.51282,0.00011364632790542695,0.090752897365818708,-0.0010205460995740268,-0.0006667447388002401,-0.001002471441681758,-3.3767088136006011e-05,-0.0052508998974104297,0.0010642761119229183,0.010051555586035758,0.20008053426432074
17.900000000000002,12.71114,9.4003854931306726e-05,0.090752361449954147,-0.00092926739292842342,-0.00016596363327625596,-0.0010272762745600213,-0.0003091754367252107,-0.0052714443856528067,0.0010640696644273813,0.010045372077301254,0.20008053426432074
17.920000000000002,14.818628,8.1499571697643111e-05,0.090751800198042021,-0.00081740241046501794,0.00047434792918643609,-0.00104579585124099,-0.0005446368453373737,-0.0052923592485231317,0.0010638596737022092,0.010034479340394507,0.20008053426432074
17.940000000000001,19.230392999999999,7.8964792947003182e-05,0.090751211992865108,-0.00073133175837725162,0.00091000097071525232,-0.0010543366753972181,-0.00074920632979938841,-0.0053134449220048679,0.0010636482408365778,0.010019495213798519,0.20008053426432074
17.960000000000001,15.519778000000001,8.5892458922210967e-05,0.090750606353345642,-0.00062095715682808361,0.0015784052081260214,-0.0010553061321942679,-0.00089649930038442809,-0.0053345499871277607,0.0010634369608868012,0.01000156522779083,0.20008053426432074
17.98,15.076708999999999,9.8019097025650465e-05,0.090749960954966583,-0.00053383012251151385,0.0020330763623990222,-0.0010489599225213698,-0.0010007173669336848,-0.0053555281383972824,0.0010632273494952226,0.0099815508804521561,0.20008053426432074
18,15.421493,0.00011231740459330491,0.090749294593718943,-0.00045354622426030389,0.0024514198889216132,-0.0010356074527847715,-0.001062150921295709,-0.0053762392578664553,0.0010630208335418512,0.0099603078620262419,0.20008053426432074
18.02,15.830361,0.00012660265289842013,0.090748603341570033,-0.00038707357216960503,0.0028323852560250273,-0.0010154951004999854,-0.0010815360554425849,-0.0053965481546217652,0.0010628187636580327,0.0099386771409173905,0.20008053426432074
18.039999999999999,16.032997999999999,0.0001396826374241787,0.09074787174659997,-0.00032248858690131499,0.0031414373137677032,-0.00098991122577054484,-0.0010613638640438012,-0.0054163454034248876,0.0010626222088568,0.0099174498636365148,0.20008053426432074
18.059999999999999,19.594306,0.00015079651342374818,0.090747123727550311,-0.00026028328358718156,0.0034405308662579515,-0.00095771562473058491,-0.0010058886960274019,-0.0054354987758680482,0.0010624324426985222,0.0098973320897159673,0.20008053426432074
18.080000000000002,18.6465,0.00015913286221722514,0.090746361478554111,-0.00023624591693049979,0.0035812802148003087,-0.00092168724219942471,-0.00090716478286709463,-0.0054539316195148435,0.0010622501679990195,0.009879188794058625,0.20008053426432074
18.100000000000001,11.094256,0.00016535814029813452,0.090745553155090364,-0.00019489437331721149,0.0037624519915704369,-0.00088021659076352769,-0.00078289938358173873,-0.0054715350936210749,0.0010620763921278891,0.0098635308063869907,0.20008053426432074
18.120000000000001,11.398104,0.00016839929513929867,0.090744732460859304,-0.00017021878449652306,0.0038534918308226196,-0.0008357564388481463,-0.00061771415615605098,-0.005488249410321634,0.0010619116278602983,0.0098511765232638694,0.20008053426432074
18.140000000000001,10.110702,0.00016850728747646468,0.090743894277595355,-0.00017193230824652517,0.003825430041558775,-0.00078916789777071391,-0.00042983102612301433,-0.0055040320030980625,0.0010617562135682686,0.0098425799027414083,0.20008053426432074
18.16,10.949592000000001,0.00016631087637399792,0.09074302385560773,-0.00016827894113191633,0.0038057650368541474,-0.00074179736981478013,-0.00022334982409651666,-0.005518867232199829,0.0010616102250627468,0.0098381129062594785,0.20008053426432074
18.18,9.9826840000000008,0.0001614474339448468,0.090742136936944759,-0.00017405710994511381,0.0037309007650518922,-0.00069387811364163081,-2.1860063895225872e-06,-0.0055327441228870842,0.0010614736985439879,0.0098380691861316878,0.20008053426432074
18.199999999999999,12.45767,0.00015417031806252084,0.090741234899657602,-0.00017703658906720321,0.003657025144360837,-0.00064566036319510978,0.00022747116724725698,-0.0055456567049478123,0.0010613466301944321,0.0098426186094766333,0.20008053426432074
18.219999999999999,12.926909,0.00014440241021719056,0.090740328779596549,-0.00021263324053855115,0.003426397507597656,-0.00060030514951841803,0.00046435315264174774,-0.0055576622258355557,0.001061228404861706,0.009851905672529469,0.20008053426432074
18.240000000000002,12.011881000000001,0.00013339248165201355,0.090739400241338308,-0.00023672478382508189,0.0032181422351600375,-0.00055610510012608699,0.00069643092892183621,-0.0055687837873232169,0.001061118755280433,0.0098658342911079056,0.20008053426432074
18.260000000000002,13.449930999999999,0.00012100082300204702,0.090738472761885181,-0.00026210395056525115,0.0030330803966389652,-0.0005143124056083806,0.00092696380815565096,-0.0055790695338939463,0.001061017179162214,0.0098843735672710185,0.20008053426432074
18.280000000000001,11.505981,0.00010743036697227775,0.090737539296002465,-0.00031714009847982894,0.0027084702685273854,-0.00047685052661026453,0.0011494650190206899,-0.005588606077458788,0.0010609228037031528,0.0099073628676514328,0.20008053426432074
18.300000000000001,9.3324610000000003,9.4141466226981737e-05,0.090736582800799659,-0.00035877031012088167,0.0024351161604583282,-0.00044284497164021606,0.0013557443801943197,-0.0055974625410265101,0.0010608349365510725,0.0099344777552553189,0.20008053426432074
18.32,15.852807,8.1376174756850932e-05,0.090735621437816119,-0.00041332316660502855,0.0020848113805280732,-0.0004127229156468123,0.0015474485798603371,-0.0056057165907407351,0.0010607528064402667,0.0099654267268525255,0.20008053426432074
18.34,15.992926000000001,7.0451532802032562e-05,0.090734653749199326,-0.00046327187911465728,0.0017674578281692277,-0.00038586539843509253,0.0017214730055621279,-0.0056134335141856812,0.0010606757686013278,0.0099998561869637688,0.20008053426432074
18.359999999999999,16.511548999999999,6.236025379282056e-05,0.090733683034412468,-0.00051158046120614031,0.0014625796588036977,-0.00036462085542832406,0.0018790159551239154,-0.005620725565315416,0.001060602709675514,0.010037436506066246,0.20008053426432074
18.379999999999999,13.659909000000001,5.8339764082230204e-05,0.090732710991296636,-0.00056308811722161067,0.0011413800601145496,-0.00034748269439389474,0.002009674643325343,-0.0056276748677136987,0.00106053281447882,0.010077629998932754,0.20008053426432074
18.400000000000002,10.846552000000001,5.8971888250363916e-05,0.090731737452417235,-0.00062285625332059169,0.00076960158338668094,-0.00033414482862191173,0.0021167959479398771,-0.0056343574235090234,0.0010604653264037083,0.010119965917891551,0.20008053426432074
18.420000000000002,12.329694,6.3384945835620398e-05,0.090730760759830609,-0.00067431227032388463,0.00044790864351806903,-0.00032665913815147618,0.0022035735649112765,-0.0056408902702726983,0.0010603990679892287,0.010164037389189777,0.20008053426432074
18.440000000000001,10.698491000000001,7.0026755914996e-05,0.090729784169092845,-0.00071627150599606892,0.00016553059391632985,-0.00032333911355214714,0.0022611076312446451,-0.0056473567170247357,0.001060333194290806,0.01020925954181467,0.20008053426432074
18.460000000000001,12.802593,7.7604779228849914e-05,0.090728816456193725,-0.00075576264310939223,-5.5711634006527788e-05,-0.00032482720207432025,0.0022950055748377188,-0.0056538529209812375,0.001060266721450458,0.010255159653311424,0.20008053426432074
18.48,12.398509000000001,8.5304987668726517e-05,0.090727843849102957,-0.00078726302609144483,-0.00028200503541508937,-0.00033026362897068203,0.0023011507077265983,-0.0056604578446705746,0.0010601988325236473,0.010301182667465957,0.20008053426432074
18.5,11.460387000000001,9.2385701832969268e-05,0.090726883981128714,-0.00082107375057294263,-0.00045941382999181712,-0.00033911797538035965,0.002283718134603457,-0.0056672398427311897,0.0010601288125533354,0.010346857030158026,0.20008053426432074
18.52,16.733511,9.8507006877900604e-05,0.09072591372037199,-0.00085089720884212738,-0.00066973116990620696,-0.0003513099873369951,0.0022451210433783644,-0.0056742656647438454,0.0010600559570280198,0.010391759451025594,0.20008053426432074
18.539999999999999,10.818951,0.00010307006405477684,0.090724952136869166,-0.00086194107172632428,-0.00071096537569736995,-0.00036718266934450492,0.0021855149838130943,-0.0056816089199490764,0.0010599794844340616,0.010435469750701856,0.20008053426432074
18.559999999999999,12.459630000000001,0.00010659160128714826,0.090723986343129157,-0.0008782708032049058,-0.00084484549420604793,-0.0003856851036958409,0.0021025426997251084,-0.0056893222003253328,0.0010598988276153555,0.010477520604696358,0.20008053426432074
18.580000000000002,12.177125,0.00010833210476453268,0.090723030578998054,-0.00088318066984838239,-0.00084896334593320688,-0.00040577455683078842,0.0020013517613773572,-0.0056974372443097049,0.0010598136365349007,0.010517547639923904,0.20008053426432074
18.600000000000001,11.975222,0.00010879154101538723,0.090722066533565057,-0.00088787094777620368,-0.00087681282534202154,-0.00042708943978250047,0.0018859749594425364,-0.0057059785589726386,0.0010597236384335392,0.010555267139112754,0.20008053426432074
18.620000000000001,12.069395,0.00010773330591319512,0.090721100680003885,-0.00088524491389740945,-0.00087073426435502199,-0.00044885136690835141,0.0017617824955885361,-0.0057149550845629555,0.0010596287271244875,0.010590502789024524,0.20008053426432074
18.640000000000001,11.864079,0.00010526572189910946,0.090720135797943607,-0.0008789879691657454,-0.00083156361239922205,-0.00047120504502477431,0.0016289668136177152,-0.0057243786553436791,0.0010595287695164379,0.010623082125296879,0.20008053426432074
18.66,17.718831000000002,0.00010153497098551028,0.090719167533417508,-0.00087767008012251679,-0.00086566449271963108,-0.00049376404858175163,0.0014916487260586988,-0.005734253377542551,0.0010594237182725784,0.010652915099818054,0.20008053426432074
18.68,13.690638,9.6188533447318621e-05,0.090718205951926298,-0.00084744077872977996,-0.00065122052980726153,-0.00051496720870448682,0.0013477106557045725,-0.0057445521358341009,0.0010593138635112413,0.010679869312932145,0.20008053426432074
18.699999999999999,15.459662,9.0682588424870227e-05,0.09071723355641538,-0.00082910258514523605,-0.0005472524269736212,-0.00053538409161283339,0.0012099277022071071,-0.0057552592056307724,0.0010591993794947163,0.010704067866976287,0.20008053426432074
18.719999999999999,16.090713000000001,8.4523677412536822e-05,0.09071625788247506,-0.00080696438892635669,-0.00042137281606358101,-0.00055415670397908681,0.0010711389879585534,-0.0057663417035085547,0.0010590806284318422,0.010725490646735458,0.20008053426432074
18.740000000000002,15.022277000000001,7.8058203762157026e-05,0.090715277988946574,-0.00077347194100418903,-0.0002258161663064584,-0.00057143189080255928,0.00094088919057974619,-0.0057777696828238585,0.0010589579455093454,0.010744308430547052,0.20008053426432074
18.760000000000002,16.169646,7.185122313252087e-05,0.090714294792148958,-0.00075333763404961118,-0.00011467623493643941,-0.00058675959497873789,0.00081690057982412813,-0.0057895041963433392,0.0010588317655546655,0.010760646442143534,0.20008053426432074
18.780000000000001,20.66405,6.5852834261585547e-05,0.090713305245572945,-0.00072933442431732942,-8.2768416627132524e-06,-0.00060003721485805267,0.00070125319786091156,-0.0058015042449491953,0.0010587025481296366,0.010774671506100753,0.20008053426432074
18.800000000000001,16.499272000000001,6.0538120032878706e-05,0.090712317747476984,-0.00069058008625866307,0.00024308735770706136,-0.00061187547233127935,0.00059583352850892937,-0.0058137410432689204,0.0010585706226255874,0.010786588176670931,0.20008053426432074
18.82,15.970041999999999,5.6719192731646218e-05,0.090711317908156189,-0.00065913701769515498,0.00040262901542664764,-0.00062004693661991234,0.00049463682133501509,-0.0058261412599189145,0.0010584368000643369,0.010796480913097631,0.20008053426432074
18.84,13.563535999999999,5.4462455194238762e-05,0.090710317688771538,-0.00062297770265962171,0.00062765712617185443,-0.00062589473611305907,0.0004155531509331337,-0.0058386584245186078,0.0010583016014629962,0.010804791976116293,0.20008053426432074
18.859999999999999,17.761642999999999,5.3876426436153706e-05,0.090709306904599565,-0.00059814743970809658,0.00072874335062689255,-0.00062934011475535771,0.0003491025613252106,-0.0058512444916321597,0.0010581655623903975,0.010811774027342798,0.20008053426432074
18.879999999999999,13.781468,5.4850991383352959e-05,0.090708299198873299,-0.00056795991387703637,0.00087176849231340725,-0.00062969250064764113,0.00029608130887050872,-0.0058638376051734524,0.0010580293658968129,0.010817695653520209,0.20008053426432074
18.900000000000002,10.015610000000001,5.7076000790130758e-05,0.090707292287715569,-0.00052118395499878289,0.0012018881337505505,-0.00062835783935250977,0.00026072475310844534,-0.0058764040262928889,0.0010578933881071645,0.010822910148582377,0.20008053426432074
18.920000000000002,10.32653,5.9519688586573622e-05,0.090706263410807744,-0.00048594036512961125,0.0013908657939429858,-0.00062518789362230476,0.00023574018157589702,-0.0058889070515371943,0.0010577580342264522,0.010827624952213896,0.20008053426432074
18.940000000000001,11.851164000000001,6.1963949507267031e-05,0.090705232117817322,-0.00046116301636089929,0.0015232746195152913,-0.00061915656648687319,0.00022012062814262312,-0.0059012894566954164,0.0010576239296883007,0.010832027364776748,0.20008053426432074
18.960000000000001,9.4829880000000006,6.4250752201682048e-05,0.090704192615894311,-0.00044876393373805001,0.0015916191730189766,-0.00061115052698770995,0.00022386095107729107,-0.0059135117498656372,0.0010574915049318407,0.010836504583798295,0.20008053426432074
18.98,11.762484000000001,6.6430984326238451e-05,0.090703137909394826,-0.00042663011829136011,0.0017109371596921719,-0.00060098086819023941,0.00023901938788568018,-0.0059255306611941741,0.0010573612281148572,0.010841284971556009,0.20008053426432074
19,10.026341,6.7951024128849676e-05,0.090702078475746448,-0.0004212936950938051,0.0017301239278655345,-0.00058979389807985053,0.00026965322730757772,-0.0059373258456125108,0.0010572333163393535,0.01084667803610216,0.20008053426432074
19.02,11.970647,6.9194296399810568e-05,0.09070100778194061,-0.00040529427835922505,0.0018147384182398696,-0.00057725213242245223,0.00030572143228073747,-0.0059488702087451472,0.0010571080581406947,0.010852792464747775,0.20008053426432074
19.039999999999999,12.391689,6.9638265279287198e-05,0.090699933391202803,-0.00040623934016270624,0.0017951121602077791,-0.00056213057602777982,0.00034994199333167493,-0.0059601121577503215,0.0010569860074659777,0.010859791304614409,0.20008053426432074
19.059999999999999,10.738676999999999,6.9611485392193217e-05,0.090698850375529411,-0.00039580316473220023,0.0018484605009359001,-0.00054563394242250528,0.00041546506216082283,-0.0059710241926188897,0.0010568674550448048,0.010868100605857625,0.20008053426432074
19.080000000000002,12.430199999999999,6.8600283614545369e-05,0.090697765388272164,-0.00040437055373976349,0.0017837920238950034,-0.00052875869764356655,0.00049062179619956364,-0.0059815987414673453,0.0010567524733718493,0.010877913041781616,0.20008053426432074
19.100000000000001,11.222604,6.7221045610117516e-05,0.09069667295665898,-0.00040692703376388195,0.0017576155519032355,-0.00051255825219237699,0.00057066560444813568,-0.0059918492993756489,0.001056640905792672,0.010889326353870578,0.20008053426432074
19.120000000000001,14.353489,6.5270524702384884e-05,0.09069557755029467,-0.0004061883581845116,0.001735296390833696,-0.00049616636097079365,0.00065060458975375163,-0.0060017720375563381,0.0010565327850218054,0.010902338445665653,0.20008053426432074
19.140000000000001,14.083508,6.2728801557104775e-05,0.090694487147134295,-0.00041633921325567869,0.001685092263351784,-0.00048098019138694199,0.00073416962109076021,-0.0060113910689217403,0.0010564278403027551,0.010917021838087468,0.20008053426432074
19.16,12.211161000000001,5.9936168947254973e-05,0.090693387440866011,-0.00043595160490861318,0.0015574958662618599,-0.00046600411687599912,0.00081381401596221478,-0.0060207105950463771,0.0010563260189377869,0.010933298118406713,0.20008053426432074
19.18,10.049231000000001,5.7301839516113866e-05,0.090692282186294798,-0.00044798823898561935,0.0014794846235108849,-0.00045260711150305668,0.00089456773250728419,-0.0060297621953631338,0.0010562269701672223,0.010951189473056858,0.20008053426432074
19.199999999999999,10.858878000000001,5.4727966029079307e-05,0.090691176023937295,-0.0004568844205112832,0.0014228104972309197,-0.00043969719483313884,0.00096874413602009244,-0.0060385556110092581,0.0010561305827606162,0.010970564355777259,0.20008053426432074
19.219999999999999,11.986438,5.2301985979178233e-05,0.090690071513602324,-0.00047269303344998903,0.0013221449438471922,-0.00042878448573753204,0.0010420937801810396,-0.0060471307836921324,0.0010560364151304903,0.01099140623138088,0.20008053426432074
19.240000000000002,10.64049,5.040012517315818e-05,0.090688966495041143,-0.00049185001018203778,0.0012022027205134123,-0.00041917563449876504,0.001106046844246152,-0.0060555137889572079,0.0010559441776722741,0.011013527168265803,0.20008053426432074
19.260000000000002,10.155581,4.9194967657232991e-05,0.090687860077252949,-0.00051269441584134157,0.0010713154031485317,-0.00041046959506849253,0.001164014099472572,-0.0060637226819201303,0.0010558536695866882,0.011036807450255254,0.20008053426432074
19.280000000000001,17.684923999999999,4.8735878466612875e-05,0.09068675290317818,-0.00051755605232628454,0.0010038743108458092,-0.00040346917078932994,0.0012166586165202574,-0.0060717915727864606,0.0010557645129928999,0.011061140622585659,0.20008053426432074
19.300000000000001,13.035928999999999,4.8935981360635528e-05,0.090685662261594732,-0.00052996377638692138,0.0008993247751565292,-0.00039877952844107338,0.0012622820969785795,-0.0060797666743439751,0.0010556761949946907,0.01108638626452523,0.20008053426432074
19.32,9.6060610000000004,4.9829415150768553e-05,0.090684580355624836,-0.00057747277035824496,0.0006697003669673407,-0.00039554750629490503,0.0012956773359878387,-0.0060876771371784809,0.0010555883904483667,0.011112299811244987,0.20008053426432074
19.34,11.7743,5.1134007482705023e-05,0.090683466343710856,-0.00059856202781416457,0.00053517319112827977,-0.00039336933273142913,0.0013212459413321279,-0.006095544036937281,0.0010555008635472652,0.011138724730071629,0.20008053426432074
19.359999999999999,16.410399999999999,5.2583129384018427e-05,0.090682355219245545,-0.00061571111715919002,0.00043678624898735308,-0.00039270640677008673,0.0013410453298559207,-0.0061033976766683186,0.001055413275064143,0.011165545636668748,0.20008053426432074
19.379999999999999,15.672829,5.4068467263860401e-05,0.090681245325202831,-0.00062339974487546357,0.00038931201008196581,-0.00039368148837383226,0.0013522288791495882,-0.0061112708144510225,0.0010553252570554704,0.01119259021425174,0.20008053426432074
19.400000000000002,15.206738,5.5585286048286793e-05,0.090680139386857331,-0.0006345273071834967,0.00032692420096314123,-0.00039626877462438175,0.0013539369705551194,-0.00611919569232493,0.0010552364461295007,0.011219668953662842,0.20008053426432074
19.420000000000002,21.677955999999998,5.6992402888640302e-05,0.090679035109204872,-0.00064572590391209772,0.00022883693687614226,-0.00039899547657816422,0.0013459734534633004,-0.0061271750983966063,0.0010551468086639636,0.011246588422732108,0.20008053426432074
19.440000000000001,13.235524,5.8082065059694242e-05,0.090677942717399179,-0.00065493563414698031,0.00020632681080456905,-0.00040246665865392858,0.0013335898076360679,-0.0061352239213041176,0.0010550561756967937,0.011273260218884829,0.20008053426432074
19.460000000000001,14.567451999999999,5.896134158086849e-05,0.090676842198820398,-0.00066316288751178121,0.00013071438190248585,-0.00040948720677912425,0.0013143563648540895,-0.0061434131438285154,0.0010549637448999836,0.011299547346181911,0.20008053426432074
19.48,12.327247,5.9326757765193266e-05,0.090675751347113837,-0.00066677919188551371,0.00010437245893069047,-0.00041753391138674514,0.0012795712538584626,-0.0061517632877475369,0.0010548692811778683,0.011325138771259081,0.20008053426432074
19.5,12.031806,5.9283003586977335e-05,0.0906746629809458,-0.00066760560304546246,9.7171361573167303e-05,-0.00042618065596475952,0.0012371729372162949,-0.0061602863530637311,0.001054772646694875,0.011349882230003407,0.20008053426432074
19.52,11.215180999999999,5.8874246402193211e-05,0.090673576616690163,-0.0006636144355578466,0.00015588573707514541,-0.00043459119079966287,0.0011902867751486903,-0.0061689776158712932,0.001054673894185265,0.011373687965506382,0.20008053426432074
19.539999999999999,14.316371,5.8327786508345477e-05,0.090672481453939399,-0.00065517076219379078,0.00020753294734987549,-0.0004430713115953434,0.0011429183644162553,-0.0061778384677964151,0.0010545730079890322,0.011396546332794707,0.20008053426432074
19.559999999999999,10.164586,5.762117130268859e-05,0.090671387699093844,-0.00065187630710816791,0.00022807334710250871,-0.00045161986878045106,0.0010940088135943269,-0.0061868702774820908,0.0010544699732733195,0.011418426509066593,0.20008053426432074
19.580000000000002,11.394569000000001,5.6647984299943e-05,0.090670293411944797,-0.00064632138985265541,0.00026094358624462188,-0.00046006684425851962,0.0010410480277683128,-0.006196071013442243,0.0010543648149832761,0.011439247469621959,0.20008053426432074
19.600000000000001,10.200462,5.5490002547248917e-05,0.090669198580706198,-0.0006392966961787927,0.00030103372704370912,-0.00046834182548108458,0.00098981581415980621,-0.0062054372360423569,0.0010542575750509293,0.011459043785905156,0.20008053426432074
19.620000000000001,11.772968000000001,5.4210730208720663e-05,0.090668103527498087,-0.00063297272310869346,0.00031977893741519381,-0.00047608379826863314,0.00093632234517268499,-0.006214958285848427,0.0010541483789892408,0.011477770232808609,0.20008053426432074
19.640000000000001,13.022695000000001,5.2823289986958992e-05,0.090667012885957896,-0.00062449927750840573,0.0003602132206470543,-0.00048311733482898147,0.00088431141961207906,-0.0062246199951159591,0.0010540373937893569,0.011495456461200851,0.20008053426432074
19.66,12.203778,5.1485521038508386e-05,0.090665923557302408,-0.00061630814621382868,0.00040286353792229335,-0.00048911825523698463,0.00083508706720169189,-0.0062344017129405595,0.0010539248618280149,0.011512158202544885,0.20008053426432074
19.68,10.566637,5.030678728172333e-05,0.090664834086399831,-0.00060496334321546996,0.00050160697354684203,-0.00049382483142095597,0.00079328768420982925,-0.0062442775542089551,0.0010538110862039238,0.011528023956229082,0.20008053426432074
19.699999999999999,12.578268,4.9438040193765285e-05,0.090663732204136246,-0.00059310419860647556,0.00057119166389707487,-0.00049778925343005234,0.00075792401993664575,-0.0062542326768760398,0.0010536962427649418,0.011543182436627815,0.20008053426432074
19.719999999999999,11.077137,4.8826081093065371e-05,0.090662629795982649,-0.00058036185032284138,0.00064560882516850882,-0.00050090049480800932,0.00072631346017531064,-0.0062642500185142898,0.0010535805328598079,0.01155770870583132,0.20008053426432074
19.740000000000002,14.915191,4.8472938554948732e-05,0.090661525764992951,-0.00056645226048690489,0.00072637737591740859,-0.00050312352474021858,0.00069911779690253037,-0.006274311816127703,0.0010534641660023478,0.011571691061769371,0.20008053426432074
19.760000000000002,19.120972999999999,4.834292908846381e-05,0.09066042130889776,-0.000557897556982212,0.00074148365321846654,-0.00050460488122060243,0.00067658333161675405,-0.0062844032372830179,0.0010533473176958569,0.011585222728401706,0.20008053426432074
19.780000000000001,15.531893,4.8432985096877619e-05,0.090659324877493744,-0.0005404450761772317,0.00087538158280686673,-0.00050524259461932506,0.00065685369046782787,-0.0062945074102904279,0.0010532301869851295,0.011598359802211062,0.20008053426432074
19.800000000000001,14.938689,4.8636772321404868e-05,0.090658217067024621,-0.00052256612225987098,0.00094923114692324617,-0.00050514441046492216,0.00064133486269353805,-0.0063046096182255446,0.0010531129478907799,0.011611186499464934,0.20008053426432074
19.82,15.742217,4.8863604373683257e-05,0.090657118871662473,-0.0005151935533826979,0.0010197977609651687,-0.0005041254006326911,0.0006299205585299577,-0.0063146914458480936,0.0010529958171328912,0.011623784910635532,0.20008053426432074
19.84,15.268107000000001,4.9130378054707181e-05,0.090656007255200621,-0.00050559273057659837,0.0010613385297091327,-0.00050223569558796881,0.00062644759555343136,-0.0063247354804533079,0.0010528789992474913,0.011636313862546601,0.20008053426432074
19.859999999999999,14.696585000000001,4.9383513681692598e-05,0.090654896574165075,-0.00049449115937916233,0.0010958123144266807,-0.00049949014001637003,0.00062827979144952433,-0.0063347246062021136,0.0010527626946303273,0.011648879458375592,0.20008053426432074
19.879999999999999,15.678919,4.9562588936085681e-05,0.090653792555683857,-0.00049247830525178671,0.0011426057730110628,-0.00049587878921436405,0.00063543231572021799,-0.0063446415083700915,0.001052647105583079,0.011661588104689997,0.20008053426432074
19.900000000000002,14.946869,4.9678637704739934e-05,0.090652671848313562,-0.00048433391927371616,0.0011682411903244372,-0.00049192773772873267,0.00064803034606780382,-0.0063544793934030485,0.0010525323112579631,0.011674548711611353,0.20008053426432074
19.920000000000002,14.982172,4.9674046330462849e-05,0.090651556444511672,-0.00048518301954780796,0.001171815535675691,-0.00048694111650213131,0.00066092966524096549,-0.0063642175513121593,0.0010524185531225918,0.011687767304916172,0.20008053426432074
19.940000000000001,15.309118,4.9622951055324623e-05,0.09065043170824047,-0.00048355930431265293,0.001180964140397478,-0.00048098776882924381,0.00068279017294012637,-0.0063738366488802593,0.0010523060565417555,0.011701423108374975,0.20008053426432074
19.960000000000001,15.054415000000001,4.9453513626147435e-05,0.090649304281384332,-0.00048443621911120616,0.0011730578469517638,-0.00047502651161728123,0.00070865389021179746,-0.006383336527910009,0.0010521948220334246,0.011715596186179211,0.20008053426432074
19.98,15.185890000000001,4.9199517515900401e-05,0.090648174494701722,-0.00048499683871305876,0.0011661157719169424,-0.00046887534328923065,0.00073802598634438725,-0.0063927133904163377,0.0010520848922592628,0.011730356705906098,0.20008053426432074
20,23.005148999999999,4.8856159470730716e-05,0.090647043884422671,-0.00047681958574141703,0.0011763507468867118,-0.00046243019108108602,0.00076856233447402137,-0.0064019613571013843,0.0010519763342490417,0.011745727952595578,0.20008053426432074
20.02,15.443529,4.8332585502416106e-05,0.090645928064956638,-0.00049155992984539765,0.001119758776245483,-0.00045646612267731285,0.00079967245666041117,-0.0064110900489540417,0.0010518690331770815,0.011761721401728787,0.20008053426432074
20.039999999999999,15.695835000000001,4.7946031551329161e-05,0.090644793766536086,-0.00049723359909448206,0.0010829854738032552,-0.00045043190367777746,0.00083221990105615149,-0.0064200980630337995,0.0010517630035623284,0.011778365799749909,0.20008053426432074
20.059999999999999,17.941161000000001,4.7584656032201514e-05,0.090643658735846747,-0.00050400185507681883,0.0010403835073571344,-0.0004450723473947946,0.00086456728428035653,-0.0064289988916336445,0.0010516580845345341,0.011795657145435517,0.20008053426432074
20.080000000000002,13.124555000000001,4.7277507118851044e-05,0.090642523209441245,-0.00050596151843596004,0.0010091530405507143,-0.00044011695315380632,0.00089511553494814712,-0.0064378006174062507,0.0010515541787829929,0.01181355945613448,0.20008053426432074
20.100000000000001,14.141484,4.6996184585911262e-05,0.09064139524588001,-0.00051773011575306782,0.00095395554982946607,-0.00043573033755052101,0.00092438650738905538,-0.0064465146151062485,0.0010514511501015953,0.011832047186282262,0.20008053426432074
20.120000000000001,14.417361,4.6848381272492395e-05,0.090640259275192619,-0.00051856393908034093,0.00091396641441310322,-0.00043182952607761246,0.00095121549893410176,-0.0064551506001126,0.0010513488817925206,0.011851071496260945,0.20008053426432074
20.140000000000001,9.375686,4.6749873470346964e-05,0.090639137482613513,-0.00053243931744439976,0.00085295549377484292,-0.0004276490001382992,0.00097582849216227272,-0.0064637029785088711,0.0010512474387311145,0.011870588066104191,0.20008053426432074
20.16,11.929815,4.6796275995902785e-05,0.09063800498835814,-0.00053424126077583622,0.00080854245333039643,-0.00042509684764147076,0.0009996216091655082,-0.006472204315451857,0.0010511464331287516,0.011890580498287501,0.20008053426432074
20.18,9.9032509999999991,4.6894520589322432e-05,0.090636885471821513,-0.00054689493752135832,0.00077088170024897096,-0.00042326601968570217,0.001017764596701886,-0.0064806690363892593,0.0010510456917761386,0.011910935790221538,0.20008053426432074
20.199999999999999,10.38724,4.7113710105794981e-05,0.090635750263237017,-0.0005549481815494417,0.00072421622176932487,-0.00042217398867633522,0.0010320653050264173,-0.0064891119161916066,0.0010509450372726329,0.011931577096322067,0.20008053426432074
20.219999999999999,10.273289,4.7388622559286601e-05,0.090634616203264878,-0.00056228246349299127,0.00068029143021242078,-0.00042135220840712598,0.0010423426071565457,-0.0064975383594707064,0.0010508444038987252,0.011952423948465197,0.20008053426432074
20.240000000000002,10.858292,4.7690723498262635e-05,0.090633483022070721,-0.00056875441879444821,0.00064291956127959793,-0.00042157825782510586,0.001049683581272701,-0.006505969321307546,0.0010507435401585037,0.011973417620090651,0.20008053426432074
20.260000000000002,11.053554,4.8001795675219231e-05,0.090632350824510433,-0.00057535468841418691,0.00060056629145766038,-0.00042185004554779962,0.0010525241835319726,-0.006514405716386288,0.0010506424340417585,0.011994468103761291,0.20008053426432074
20.280000000000001,10.396459999999999,4.828108610902263e-05,0.090631220581777486,-0.00057968393599949763,0.00057804634985547665,-0.00042323284851266167,0.0010522621973668171,-0.0065228697634015223,0.0010505408183541806,0.012015513347708628,0.20008053426432074
20.300000000000001,11.272544999999999,4.8531073332526866e-05,0.090630090690303505,-0.00058429954821237473,0.00055148593499421139,-0.00042462483023024248,0.0010475593518306083,-0.0065313616459023727,0.001050438690145677,0.01203646453474524,0.20008053426432074
20.32,12.384138,4.8722346671887119e-05,0.090628961455036086,-0.00058895940271286307,0.00050632658097615746,-0.00042691529137825772,0.0010399111605612868,-0.0065398993321684014,0.001050335832827538,0.012057262757956466,0.20008053426432074
20.34,11.408678999999999,4.8802905386558387e-05,0.090627838770559049,-0.00059035391759953981,0.00051698997363835986,-0.00042963675193867133,0.0010299985512716298,-0.0065484914415516477,0.0010502321419750443,0.012077862728981899,0.20008053426432074
20.359999999999999,13.24621,4.8856370231891654e-05,0.090626710893866869,-0.00059192352168313533,0.00050838613223369578,-0.00043268701877436055,0.0010173078517363955,-0.0065571445496899238,0.0010501275377990309,0.012098208886016627,0.20008053426432074
20.379999999999999,9.7100659999999994,4.8837653379255743e-05,0.090625583958054728,-0.00059275076525411308,0.00050446244485602421,-0.00043596238400560333,0.0010022162434657734,-0.0065658631582166237,0.0010500219657132363,0.012118253210885943,0.20008053426432074
20.400000000000002,10.698907999999999,4.8750799439937303e-05,0.09062445774324919,-0.00059264781261125776,0.00050593548609523253,-0.00043945080492175119,0.00098535541185004651,-0.0065746515279305143,0.0010499153742007882,0.012137960319122945,0.20008053426432074
20.420000000000002,12.024421,4.8606058375153529e-05,0.09062333191980998,-0.00059109638021448418,0.00051593140446115626,-0.00044294461690684355,0.00096647409446642019,-0.0065835097666463744,0.0010498077623448828,0.012157289801012274,0.20008053426432074
20.440000000000001,18.512471999999999,4.8419868352713328e-05,0.090622206802348684,-0.00059532000870188284,0.00045435452537212484,-0.00044646677133414702,0.00094715003228025758,-0.0065924384411760887,0.0010496991239325052,0.012176232801657879,0.20008053426432074
20.460000000000001,12.950839999999999,4.8122294751636514e-05,0.090621091806674062,-0.00058310895376978422,0.00055654508820346393,-0.00045001805592703302,0.00092711622192343445,-0.0066014381340868062,0.001049589452710582,0.012194775126096348,0.20008053426432074
20.48,13.844056999999999,4.7904321733489453e-05,0.090619970671713942,-0.0005785503668453984,0.00059017842809883092,-0.00045332767817928595,0.00090505900356773708,-0.0066105040125026184,0.0010494788088175216,0.012212876306167703,0.20008053426432074
20.5,11.143509999999999,4.7694842057402133e-05,0.090618847950926951,-0.00057391724355326801,0.00061757762235270519,-0.00045643423122654266,0.00088518574313173196,-0.0066196320153569061,0.0010493672432930333,0.012230580021030339,0.20008053426432074
20.52,11.927405,4.7498426886136586e-05,0.090617725083160752,-0.00056858024986494726,0.00064976700792485076,-0.00045929717585047329,0.00086594964738741134,-0.0066288172708600015,0.0010492548171370708,0.012247899013978087,0.20008053426432074
20.539999999999999,10.454801,4.7321497983145547e-05,0.090616601954242065,-0.00056315691441355398,0.00068260744495418635,-0.00046186462831797516,0.0008476520726517884,-0.0066380538696278156,0.0010491416042449529,0.012264852055431123,0.20008053426432074
20.559999999999999,14.853818,4.7171767802940618e-05,0.090615478169140853,-0.00055921325100083408,0.00068545373513284602,-0.00046404738955399522,0.00083062753513679047,-0.0066473341184311594,0.0010490277005628633,0.012281464606133859,0.20008053426432074
20.580000000000002,11.213257,4.7037552261470343e-05,0.090614359889338164,-0.00055148208469413262,0.00074886133016960343,-0.00046635778631950222,0.00081541764586567716,-0.0066566605698041917,0.001048913076260086,0.012297772959051172,0.20008053426432074
20.600000000000001,13.597199,4.6953093131589777e-05,0.090613235073916928,-0.00054519618853055007,0.00078620855279254442,-0.00046743480377676918,0.00079667761387980168,-0.0066660085580463845,0.0010487980365428027,0.012313706511328768,0.20008053426432074
20.620000000000001,10.201186,4.6894404995394814e-05,0.090612109636315163,-0.00053950689234616434,0.00081904826605061487,-0.00046802987333420304,0.00078659736765496105,-0.0066753684449537293,0.0010486827021810316,0.012329438458681867,0.20008053426432074
20.640000000000001,10.513726999999999,4.6854742370636585e-05,0.090610983686855578,-0.00053469209982015542,0.00084634810240657998,-0.00046818520178646019,0.0007796164558735233,-0.0066847314363861704,0.0010485671828979332,0.012345030787799338,0.20008053426432074
20.66,11.336800999999999,4.6831074197557108e-05,0.090609856552339788,-0.00053025451087940212,0.0008712418074443562,-0.00046788713680286195,0.00077508199910850172,-0.0066940884651766463,0.0010484515916853257,0.012360532427781509,0.20008053426432074
20.68,13.139341999999999,4.6815320049551861e-05,0.090608728443999934,-0.0005236247930771043,0.00087474928399444707,-0.00046717405377699614,0.00077318815528974825,-0.0067034312316066368,0.0010483360319881376,0.012375996190887303,0.20008053426432074
20.699999999999999,10.665539000000001,4.6775200401966802e-05,0.090607611920879585,-0.00052401238242705261,0.00090438676165582876,-0.00046620894828321006,0.00077381430445191079,-0.0067127546956179587,0.0010482205667842282,0.012391472476976341,0.20008053426432074
20.719999999999999,11.752573999999999,4.6775457117144042e-05,0.090606480709886916,-0.00051703662443536302,0.00091016789617093252,-0.0004647063813092066,0.00077460852679733197,-0.0067220481088108202,0.0010481053298172659,0.012406964647512288,0.20008053426432074
20.740000000000002,12.377988999999999,4.6739087811078051e-05,0.090605360292317028,-0.00051585337802384501,0.00091529838460946422,-0.00046283880277784629,0.00077998481365381409,-0.0067313041715188586,0.0010479904120745762,0.012422564343785364,0.20008053426432074
20.760000000000002,11.539118,4.6692291724779295e-05,0.090604239461933675,-0.00051386052053103981,0.0009205835560655018,-0.00046069175174413959,0.00078774731437083871,-0.0067405172947209756,0.0010478758829837447,0.01243831929007278,0.20008053426432074
20.780000000000001,12.804838999999999,4.6630050216202825e-05,0.09060311851234279,-0.00051810932485629735,0.00092830086520478972,-0.00045836498869289069,0.00079741472035191384,-0.0067496838844497854,0.0010477617870265567,0.012454267584479818,0.20008053426432074
20.800000000000001,9.4047370000000008,4.6605498946551174e-05,0.090601981520576802,-0.00051852676656327645,0.00092625602783957817,-0.00045590747589097476,0.00080846095239274073,-0.0067588013259058553,0.001047648156377295,0.012470436803527673,0.20008053426432074
20.82,11.234658,4.6567687158510902e-05,0.090600843507739198,-0.00051917556040148582,0.00092023588974043946,-0.00045315249156446482,0.00082062239445889569,-0.0067678636701129571,0.0010475350647488027,0.01248684925141685,0.20008053426432074
20.84,11.988472,4.6524312075166135e-05,0.090599706180884546,-0.00051652459707796083,0.00090756845658290786,-0.00045070552515408751,0.00083226550754959578,-0.0067768770769417183,0.0010474224348193417,0.012503494561567843,0.20008053426432074
20.859999999999999,10.427203,4.6445089613589905e-05,0.090598579394119513,-0.00051821173497756945,0.00089845236691932229,-0.00044793164243436703,0.0008453324008070622,-0.0067858350085677642,0.0010473103477965818,0.012520401209583984,0.20008053426432074
20.879999999999999,11.014191,4.6380317123122805e-05,0.09059744991882436,-0.00052293694811345048,0.00089322733782015717,-0.00044533880906511019,0.00085798941154684324,-0.0067947410856859791,0.0010471987578856428,0.012537560997814921,0.20008053426432074
20.900000000000002,12.054754000000001,4.6343923316866926e-05,0.09059631184355485,-0.00052221960345733009,0.00087269658598021493,-0.00044284245618526631,0.00087021510899013888,-0.0068035972377461906,0.0010470876404410625,0.012554965299994723,0.20008053426432074
20.920000000000002,15.930004,4.6296929642437153e-05,0.090595182595187979,-0.00052751561330177665,0.00086332496693675154,-0.00044094494456394705,0.00088204826583918722,-0.0068124154406207045,0.0010469768445994375,0.012572606265311507,0.20008053426432074
20.940000000000001,22.917356999999999,4.6285915031683597e-05,0.090594045029414788,-0.00052564923968390076,0.00083825232485068568,-0.00043927192729916462,0.00089369157939670851,-0.0068212001838293575,0.0010468663131411606,0.012590480096899441,0.20008053426432074
20.960000000000001,14.999806,4.6251750545409129e-05,0.09059292154467348,-0.00053361020380249258,0.00082492852066540223,-0.00043781987494044577,0.00090444390471335566,-0.0068299558863069848,0.0010467559896150222,0.012608568974993708,0.20008053426432074
20.98,15.206588999999999,4.6284899224036872e-05,0.090591783152346492,-0.00053660704188951414,0.00080709115102450824,-0.00043629593767964504,0.00091407154967729828,-0.0068386811104578747,0.0010466458914268539,0.012626850405987254,0.20008053426432074
21,14.984614000000001,4.6334451917956054e-05,0.090590645450316976,-0.00053803806607399807,0.00078046428792788447,-0.00043506319862769694,0.00092216048680601108,-0.0068473816797728886,0.001046535944554641,0.012645293615723375,0.20008053426432074
21.02,15.310912,4.6380387711411241e-05,0.090589514395092482,-0.00054305813236155132,0.00076740441424849593,-0.00043434168970311833,0.00092906818622625156,-0.0068560678180279496,0.0010464260192180495,0.0126638749794479,0.20008053426432074
21.039999999999999,15.101760000000001,4.6458634537824311e-05,0.090588377411857074,-0.00054635247237078133,0.00074848591150455945,-0.00043363367387947544,0.00093515417018782379,-0.0068647397950529097,0.0010463161114046403,0.012682578062851656,0.20008053426432074
21.059999999999999,19.022580999999999,4.6543709083077057e-05,0.090587240891326887,-0.00054732864437223583,0.00071599692022239481,-0.00043343110329223096,0.00093935251745913464,-0.0068734077189306804,0.0010462060924534835,0.012701365113200839,0.20008053426432074
21.080000000000002,15.881484,4.660440989823458e-05,0.090586114601259232,-0.00054935149717127985,0.00069817528287252628,-0.00043309573518102976,0.00094259875831097218,-0.0068820689339160173,0.0010460959956298266,0.012720217088367057,0.20008053426432074
21.100000000000001,15.369586,4.6659432859678861e-05,0.090584990211824798,-0.00055362152312188329,0.00070391219217125212,-0.00043344706893659211,0.00094380639520223535,-0.0068907371729287443,0.001045985645975848,0.012739093216271102,0.20008053426432074
21.120000000000001,17.026433999999998,4.6745039768705473e-05,0.090583854711525094,-0.00055599189870925159,0.00068831638856803323,-0.00043400902237496008,0.00094396365856267588,-0.0068994166480122431,0.0010458749894077127,0.012757972489442356,0.20008053426432074
21.140000000000001,9.5742709999999995,4.6819203761131483e-05,0.090582719512409718,-0.00055654354430112463,0.00068652572728833405,-0.00043463202680520097,0.00094280768149984835,-0.0069081085800794416,0.0010457640099991283,0.012776828643072353,0.20008053426432074
21.16,11.865174,4.6877714338945436e-05,0.090581586209082604,-0.00055782040728225013,0.0006736285549875376,-0.00043560438783500172,0.00093977993425151259,-0.0069168199556867427,0.001045652618307536,0.012795624241757383,0.20008053426432074
21.18,12.465203000000001,4.691534259661987e-05,0.090580455192412174,-0.00055999880103163591,0.00066779912426095933,-0.00043674950824379704,0.00093599085799239104,-0.0069255542297336336,0.0010455407699535646,0.012814344058917231,0.20008053426432074
21.199999999999999,10.120711999999999,4.6944109703268737e-05,0.090579322156011582,-0.0005607676753096591,0.00066385641721389277,-0.00043785989601484096,0.0009310609036308347,-0.0069343107076201916,0.001045428473749414,0.012832965276989848,0.20008053426432074
21.219999999999999,15.971334000000001,4.6955730442556213e-05,0.090578189610484763,-0.00056132394332841784,0.0006337183574860461,-0.00043902489789886777,0.00092407125685357654,-0.0069430904815383594,0.0010453157158853866,0.01285144670212692,0.20008053426432074
21.240000000000002,12.433144,4.6914458006556582e-05,0.090577066713535173,-0.00056089824472094207,0.00061498417680549977,-0.00044042338478474693,0.0009162247222540685,-0.0069518982208046807,0.0010452024367496083,0.012869771196572002,0.20008053426432074
21.260000000000002,10.073846,4.6840081578115552e-05,0.0905759506433539,-0.00055881842869487386,0.00067403341961203012,-0.0004418761092001202,0.00090929709839519389,-0.0069607350100803767,0.0010450886226481824,0.012887957138539905,0.20008053426432074
21.280000000000001,11.545349999999999,4.6817709808969247e-05,0.090574818951672006,-0.0005575068034264774,0.00068273612496128067,-0.00044322843379615996,0.00090167125895588857,-0.0069695988415360904,0.0010449742997070883,0.012905990563719024,0.20008053426432074
21.300000000000001,10.650904000000001,4.678570764755858e-05,0.090573687900101674,-0.00055651705678094743,0.0006893633122633247,-0.00044454991806848097,0.00089440029850843526,-0.0069784890984183525,0.0010448594762370877,0.012923878569689193,0.20008053426432074
21.32,11.003416,4.6746507402171443e-05,0.090572556791021469,-0.00055511733697599652,0.00069791163210553009,-0.00044591761114459819,0.00088665015627500639,-0.0069874067048281479,0.0010447441406764883,0.012941611572814694,0.20008053426432074
21.34,12.621442,4.6700786482456767e-05,0.090571426061934773,-0.00055382266902892496,0.00068757565317234537,-0.00044721125020522349,0.0008789677318428987,-0.0069963501798118114,0.0010446283126115204,0.012959190927451552,0.20008053426432074
21.359999999999999,12.854077999999999,4.6633876795610331e-05,0.090570301501352118,-0.00055159967215345773,0.00071814326019925545,-0.00044842081896784676,0.00087148655886302149,-0.0070053178421077781,0.0010445120142924457,0.012976620658628812,0.20008053426432074
21.379999999999999,10.984654000000001,4.6587254128591807e-05,0.090569170773951838,-0.00054892515635085459,0.00073491447943663246,-0.00044947419100134657,0.00086227994891139095,-0.0070143065680505906,0.0010443952869369051,0.01299386625760704,0.20008053426432074
21.400000000000002,12.193695999999999,4.6542231147025154e-05,0.090568040259485769,-0.00054697411362569781,0.00074649763606249309,-0.00045025133163336713,0.00085229098289907052,-0.0070233108334895175,0.0010442782033752949,0.01301091207726502,0.20008053426432074
21.420000000000002,14.409822999999999,4.6501080031144493e-05,0.090566909652898292,-0.00054461876925726571,0.00074203067722322658,-0.00045084295501817339,0.00084725246001368215,-0.0070323269284021401,0.0010441608127352033,0.013027857126465293,0.20008053426432074
21.440000000000001,11.859116999999999,4.6448398628133317e-05,0.090565785326109385,-0.00054300286176633961,0.00076910803578744691,-0.0004512940668921551,0.00084317068446941471,-0.0070413520427999258,0.0010440431520718108,0.013044720540154682,0.20008053426432074
21.460000000000001,10.606638,4.6418731285451426e-05,0.090564654013498114,-0.00054091006475953662,0.00078170390323606398,-0.00045158512320240662,0.00083983307848064647,-0.0070503829758464982,0.0010439252635337255,0.013061517201724295,0.20008053426432074
21.48,17.205106000000001,4.6391492338475507e-05,0.090563522623394968,-0.00053763573126275332,0.00076449120580157626,-0.00045174078946523316,0.00083733260488813642,-0.0070594170199739627,0.001043807182842285,0.013078263853822058,0.20008053426432074
21.5,13.315745,4.6339369524957967e-05,0.090562403973671768,-0.00053728775636630033,0.00080023383426741646,-0.00045169848486780725,0.00083423623069010431,-0.0070684502161068663,0.001043688962212751,0.01309494857843586,0.20008053426432074
21.52,17.331733,4.6324576092685653e-05,0.090561271703446869,-0.0005346834941417633,0.00079764914084279326,-0.00045144101818120835,0.00083357038516547769,-0.0070774782613751436,0.0010435706583982437,0.01311161998613917,0.20008053426432074
21.539999999999999,14.084816999999999,4.6295498047256021e-05,0.090560145752743335,-0.00053410131205611222,0.00081765328744420884,-0.00045104931217712489,0.00083417227834774784,-0.0070864984712233278,0.0010434523067995968,0.013128303431706125,0.20008053426432074
21.559999999999999,10.685594,4.6282539911604474e-05,0.090559012899363064,-0.00053284798323449678,0.00082517196992526465,-0.0004505036591981693,0.00083558211769861168,-0.0070955077669761241,0.001043333947942638,0.013145015074060098,0.20008053426432074
21.580000000000002,14.151512,4.6268886209858059e-05,0.090557879997981566,-0.0005319827043641645,0.00082933391114448085,-0.00044988015401467503,0.00083657579867551417,-0.0071045045917235636,0.0010432156024553366,0.013161746590033607,0.20008053426432074
21.600000000000001,15.596615999999999,4.6254322003459264e-05,0.09055674707176381,-0.00053162711596543843,0.0008318488164853477,-0.00044914748070774688,0.00083948450069838698,-0.0071134867622908819,0.0010430972991584864,0.013178536280047575,0.20008053426432074
21.620000000000001,14.687165,4.6241387745015329e-05,0.090555613689514161,-0.00053134384175157479,0.00083277629878697468,-0.00044821965752539597,0.0008431282130322256,-0.0071224503760161208,0.0010429790894229012,0.013195398844308219,0.20008053426432074
21.640000000000001,11.25558,4.62308176968612e-05,0.09055448023415559,-0.00053142087301027985,0.00083191869425469633,-0.00044735631427507492,0.00084528226442548188,-0.0071313967223843554,0.0010428609563272392,0.013212304489596729,0.20008053426432074
21.66,16.972128999999999,4.622196711723689e-05,0.090553346541038332,-0.00052802872579116311,0.00081564539595291308,-0.00044636589170143269,0.00084991052731792365,-0.0071403232600283787,0.0010427429334497929,0.013229302700143088,0.20008053426432074
21.68,15.269202999999999,4.6178840479063304e-05,0.090552226363483201,-0.00052501142245775512,0.00079964843704072308,-0.00044542701227588639,0.00085405516405046879,-0.0071492310197167983,0.0010426250070347382,0.013246383803424097,0.20008053426432074
21.699999999999999,12.004227,4.6112741383850838e-05,0.090551116928895004,-0.00053228515514991415,0.00082067793120543797,-0.00044447945068380355,0.00085939735112581909,-0.0071581198278162445,0.0010425071791802696,0.013263571750446613,0.20008053426432074
21.719999999999999,11.075547,4.6126127790353039e-05,0.090549980552223588,-0.00053285090386845368,0.00081713036254793536,-0.00044355591106477114,0.00086494860778316661,-0.0071669901647170367,0.0010423894431932611,0.013280870722602277,0.20008053426432074
21.740000000000002,11.602494999999999,4.6137575847430756e-05,0.090548844682573432,-0.00053353321361315764,0.00081153453102533746,-0.00044269579732334591,0.000870450369540134,-0.0071758432988175249,0.0010422717818747305,0.01329827972999308,0.20008053426432074
21.760000000000002,12.560499999999999,4.6148196294917216e-05,0.09054770972263472,-0.00053479857069360648,0.00080506850683903508,-0.00044189868249985473,0.00087578545402377194,-0.007184680489977037,0.0010421541780980962,0.013315795439073555,0.20008053426432074
21.780000000000001,11.696645,4.6162231009285021e-05,0.090546574585979311,-0.0005344138574776558,0.00078926962609759954,-0.00044118780778183762,0.00088084849787653833,-0.0071935034628370616,0.001042036608521255,0.013333412409031086,0.20008053426432074
21.800000000000001,13.970302,4.6162984876109733e-05,0.090545446358518258,-0.00053446607574025862,0.00077625378033641113,-0.00044026993276587276,0.00088552640697396893,-0.0072023080777526127,0.00104191912802107,0.013351122937170565,0.20008053426432074
21.82,16.08483,4.6161746092487895e-05,0.090544322148841935,-0.00053231682123522361,0.0007514801213162059,-0.00043919656213669981,0.00088871741861135123,-0.0072110912250856335,0.0010418017781018843,0.013368897285542792,0.20008053426432074
21.84,9.5112909999999999,4.6131650833324452e-05,0.090543210795531737,-0.0005392649088040713,0.00077318097736966962,-0.00043882751050284527,0.00089053642646899709,-0.0072198669899570991,0.0010416843706472839,0.013386708014072171,0.20008053426432074
21.859999999999999,12.625799000000001,4.6173645097068645e-05,0.090542074625509936,-0.00054000886995453357,0.00076599659449438917,-0.00043854187211245785,0.00089377602270413663,-0.0072286370404769954,0.0010415668831295622,0.013404583534526254,0.20008053426432074
21.879999999999999,16.849751999999999,4.6209944532758082e-05,0.090540940499982098,-0.00053885846317180963,0.00073821856249178808,-0.00043834084580498384,0.00089655009110552804,-0.0072374030687276155,0.0010414492925272622,0.013422514536348365,0.20008053426432074
21.900000000000002,12.342606,4.6210138182051881e-05,0.090539819479452596,-0.00054266165213734396,0.0007521878262295445,-0.00043826377838302583,0.00089873863317407518,-0.0072461675536563243,0.0010413315652514665,0.013440489309011847,0.20008053426432074
21.920000000000002,12.183548,4.6250673411225829e-05,0.090538684427937624,-0.00054369437891654826,0.00074673644555911523,-0.00043816287803216588,0.00090031536489998203,-0.0072549300186411352,0.0010412137074382252,0.013458495616309846,0.20008053426432074
21.940000000000001,11.791905,4.6288321320577101e-05,0.090537550106995476,-0.00054476414469606382,0.00074066433831365686,-0.00043807637793938375,0.00090063738193081123,-0.0072636907516569916,0.0010410957151152484,0.013476508363948462,0.20008053426432074
21.960000000000001,10.662800000000001,4.6324735372783601e-05,0.090536416287112689,-0.00054578471529831418,0.00073531451215558263,-0.00043782223667817314,0.00089998793248740401,-0.0072724464001837751,0.0010409776335867183,0.01349450812259821,0.20008053426432074
21.98,21.348755000000001,4.6355619448887556e-05,0.090535283069522757,-0.00054491308779613945,0.00070491459813570856,-0.00043816356202795893,0.00089756984871026447,-0.0072812088724711795,0.0010408593024915404,0.013512459519572416,0.20008053426432074
22,10.578925999999999,4.6343790402153768e-05,0.090534163164181697,-0.00054686783736190847,0.00072889897186367847,-0.00043853169597530536,0.00089689127410953393,-0.0072899787046396686,0.0010407407146063201,0.013530397345054606,0.20008053426432074
