time,solve_ms,error_m,sigma,v_cmd,w_cmd,v_actual,w_actual,base_x,base_y,yaw,target_x
0,43.938853999999999,0,0.091754758612154014,0.014626785459994629,-0.016714992787009386,0,0,0,0,0,0.20008053426432076
0.02,7.5082319999999996,0.00019888970195165099,0.091815736059521161,0.015188928157066961,-0.018500234461882314,0,0,0,0,0,0.20008053426432076
0.040000000000000001,7.5976129999999999,0.00036316052800076563,0.091871328070024766,0.015778872955793943,-0.019264067781477934,0,0,0,0,0,0.20008053426432076
0.059999999999999998,7.2807940000000002,0.00050340999916649912,0.091922881069502901,0.016158205362129419,-0.019694747758149944,0,0,0,0,0,0.20008053426432076
0.080000000000000002,7.6487270000000001,0.00062320276528223624,0.091970471976680707,0.01675506880297517,-0.019981364105605692,0,0,0,0,0,0.20008053426432076
0.10000000000000001,7.4686890000000004,0.0007300657414338489,0.092015455953925004,0.01732960241479109,-0.020247204170882327,0,0,0,0,0,0.20008053426432076
0.12,13.155222,0.000826304958597237,0.092058248611232296,0.017826969211690358,-0.020249287481602707,0,0,0,0,0,0.20008053426432076
0.14000000000000001,8.2568059999999992,0.00089844633797238251,0.09209907842870646,0.018300513770834748,-0.020936379181562437,0.0011999070152101108,0,2.3998140304202216e-05,0,0,0.20008053426432076
0.16,9.4604219999999994,0.00095511164926766234,0.092138476413292356,0.018610878584272239,-0.021160399998345625,0.0023256234853955113,-0.0012212214853795963,7.0510610008644049e-05,-5.6802027343955712e-10,-2.4424429707591926e-05,0.20008053426432076
0.17999999999999999,7.4290349999999998,0.00099863800550600585,0.092176525254704642,0.018924704207474274,-0.021680021112171488,0.0033868686948881929,-0.0024950928920616203,0.00013824798382383856,-3.9125774008157078e-09,-7.432628754882433e-05,0.20008053426432076
0.20000000000000001,9.5993659999999998,0.0010321649912171016,0.092213694794349613,0.019128151115268555,-0.02180134694191338,0.0043728291353716392,-0.0037436352573452887,0.00022570456598506618,-1.3686955959922247e-08,-0.00014919899269573011,0.20008053426432076
0.22,7.4141849999999998,0.0010563513905190365,0.092249954658562991,0.019297661139770828,-0.022116659253546445,0.0053088981967409753,-0.0049441211824222155,0.00033188252782510429,-3.477816829274431e-08,-0.0002480814163441744,0.20008053426432076
0.23999999999999999,7.3399960000000002,0.0010732819275214196,0.092285627426890546,0.019467388041449762,-0.022308648727306313,0.006198246295923397,-0.0060890859961472343,0.00045584744782648662,-7.3079893026429068e-08,-0.00036986313626711907,0.20008053426432076
0.26000000000000001,11.434196,0.0010840804303421507,0.092320874686419752,0.019532378303845022,-0.022209781841545428,0.0070392274282581706,-0.0071805480209069716,0.00059663198266014718,-1.352600077908383e-07,-0.00051347409668525852,0.20008053426432076
0.28000000000000003,8.9884749999999993,0.0010886358612933421,0.092355543138525661,0.019578738432538767,-0.022248863294064058,0.0078347367394284353,-0.0082026445236584034,0.00075332668966510315,-2.2857180175867816e-07,-0.00067752698715842663,0.20008053426432076
0.29999999999999999,7.6289319999999998,0.0010891160497091207,0.092389927471128536,0.019636260006317574,-0.022410970505043259,0.0085759469196145313,-0.0092098412554378686,0.00092484557726006829,-3.605771202455233e-07,-0.00086172381226718407,0.20008053426432076
0.32000000000000001,7.7438140000000004,0.0010869344113267599,0.092424260262103985,0.019605178375186938,-0.022291913488214021,0.009268586051382692,-0.010169254590264085,0.0011102172122593936,-5.3916724099862445e-07,-0.0010651089040724657,0.20008053426432076
0.34000000000000002,13.055778,0.0010816886638266602,0.092458306584764935,0.019551451697206623,-0.022004644109743232,0.0099084690894035658,-0.011105524946931391,0.0013083864569774731,-7.7224691044834969e-07,-0.0012872194030110935,0.20008053426432076
0.35999999999999999,7.5891760000000001,0.0010732819158455055,0.092492004703065497,0.01955907553286762,-0.022080650489139764,0.010498101490874939,-0.01199102632703351,0.0015183482789311378,-1.0676906139000891e-06,-0.0015270399295517637,0.20008053426432076
0.38,7.5609529999999996,0.0010647080117839808,0.092525917039549099,0.019497445216962728,-0.021897435301657886,0.011042539309823893,-0.01284316525589183,0.0017391987624973809,-1.4333026473365604e-06,-0.0017839032346696003,0.20008053426432076
0.40000000000000002,12.697212,0.0010548110787773218,0.092559725286048097,0.019393147625449636,-0.021498184571957069,0.01153772181466808,-0.013655056520476319,0.0019699527732632174,-1.8764556089519956e-06,-0.0020570043650791265,0.20008053426432076
0.41999999999999998,7.5739460000000003,0.0010430740518795629,0.092593264111999654,0.019321780178902959,-0.021375938457222965,0.011987059152934266,-0.014408013202073664,0.0022096933755763361,-2.4041457842087585e-06,-0.0023451646291205996,0.20008053426432076
0.44,7.7577020000000001,0.0010320024909977413,0.092626976240234069,0.019231837925902884,-0.021087743036580342,0.012396063511141274,-0.015115867684685799,0.002457613873322744,-3.0230367863272922e-06,-0.0026474819828143157,0.20008053426432076
0.46000000000000002,13.076294000000001,0.0010206480265223963,0.092660650653746734,0.01909666729707693,-0.020592734021771086,0.012761510225329908,-0.015790481070691764,0.0027128430734742531,-3.7390552921560789e-06,-0.0029632916042281509,0.20008053426432076
0.47999999999999998,8.1638970000000004,0.0010083228493424439,0.09269409534183104,0.018975864850905744,-0.020334802789583328,0.013085908816428642,-0.016413428298060823,0.0029745599698982575,-4.5575581576897956e-06,-0.0032915601701893672,0.20008053426432076
0.5,9.2076879999999992,0.00099695323675466694,0.092727643537659624,0.018881955693154318,-0.01999238067150344,0.013378407762287549,-0.016975710265706472,0.0032421265223164003,-5.4836945858065353e-06,-0.0036310743755034965,0.20008053426432076
0.52000000000000002,7.6122500000000004,0.00098588601133508071,0.092761211500431665,0.0187498758527056,-0.019583058374901263,0.01363652414819063,-0.017507732334743571,0.0035148550297878782,-6.5217456705253066e-06,-0.0039812290221983683,0.20008053426432076
0.54000000000000004,7.4322429999999997,0.00097502120552045641,0.092794715542959719,0.018642869946006613,-0.019196460855139819,0.013860205055009532,-0.0179924827262317,0.0037920567309691179,-7.6752312540920715e-06,-0.0043410786767230022,0.20008053426432076
0.56000000000000005,7.8299609999999999,0.00096459133266717917,0.092828224127708442,0.018480810042358353,-0.018718702366492757,0.014055604496951351,-0.01841718841389579,0.0040731659426214584,-8.94732955509462e-06,-0.0047094224450009176,0.20008053426432076
0.57999999999999996,7.7547790000000001,0.00095429831643080757,0.092861607446239169,0.018369430254681962,-0.018306006377287964,0.01422403426637772,-0.01880591214006384,0.0043576432162748865,-1.0340562897942099e-05,-0.005085540687802194,0.20008053426432076
0.59999999999999998,9.5357199999999995,0.00094459988281361622,0.092894987511223576,0.018218511559156436,-0.017750314027591862,0.014364488108717788,-0.01914882118310475,0.0046449289783746361,-1.1856592239328638e-05,-0.0054685171114642892,0.20008053426432076
0.62,8.9767060000000001,0.00093469026871283644,0.092928199150032614,0.018112928975778875,-0.017469417386374531,0.014480949657417318,-0.0194337234862389,0.0049345433277961353,-1.3496653647865219e-05,-0.0058571915811890668,0.20008053426432076
0.64000000000000001,8.0404400000000003,0.00092580747151196885,0.092961485924462156,0.017979782363067631,-0.017044802283026073,0.014578030632145666,-0.019681634877207844,0.0052260985974596089,-1.526175312670994e-05,-0.0062508242787332234,0.20008053426432076
0.66000000000000003,7.5236689999999999,0.00091717980837020265,0.092994691373810598,0.017851693715997374,-0.016632552289937763,0.014654542852332869,-0.019888738366448749,0.0055191833584162806,-1.7152091539520173e-05,-0.0066485990460621982,0.20008053426432076
0.68000000000000005,7.9930830000000004,0.00090881707107877332,0.093027821324466187,0.017717716063472277,-0.01624459593631844,0.014714605533913882,-0.020052745279716577,0.0058134685664215403,-1.9167719674053815e-05,-0.00704965395165653,0.20008053426432076
0.70000000000000007,12.20992,0.00090060204920308867,0.093060856683250689,0.017554090385477839,-0.01567271233755374,0.014755351601764661,-0.020178060842231439,0.0061085678396395641,-2.1307650250858734e-05,-0.0074532151685011584,0.20008053426432076
0.71999999999999997,7.5965579999999999,0.00089182311398800299,0.093093660132506514,0.017447014962642449,-0.01550858057953608,0.014782875329680999,-0.020260489043397417,0.0064042166817985888,-2.3571128809252325e-05,-0.0078584249493691069,0.20008053426432076
0.73999999999999999,7.3346150000000003,0.00088397383735306192,0.093126503417886475,0.017308624551314988,-0.015156768501886297,0.014795258853936628,-0.020307515038160986,0.0067001122438185481,-2.5956542586467557e-05,-0.008264575250132326,0.20008053426432076
0.76000000000000001,7.9205779999999999,0.0008760253319593399,0.093159218873809138,0.017184543153151655,-0.01484286271980384,0.014797739315473395,-0.020310946154256205,0.0069960564199630744,-2.8462564457931848e-05,-0.0086707941732174498,0.20008053426432076
0.78000000000000003,13.332576,0.00086815784585213241,0.093191834583396096,0.017022879872000019,-0.014351083282391208,0.014789048409069595,-0.020293636020842838,0.0072918257428666537,-3.1087210620713154e-05,-0.009076666893634306,0.20008053426432076
0.80000000000000004,7.5889709999999999,0.00085957597428953935,0.093224205449654304,0.016911573676840597,-0.014300960601618229,0.014770721135551227,-0.020246405417735872,0.0075872274477425689,-3.3828360395988919e-05,-0.0094815950019890242,0.20008053426432076
0.82000000000000006,7.539447,0.00085161650852524668,0.093256566196181126,0.016779365356455855,-0.014062273107123602,0.014743240558698689,-0.02017206346139656,0.0078820784347889087,-3.6683584811443955e-05,-0.009885036271216955,0.20008053426432076
0.83999999999999997,9.1301799999999993,0.0008435570650606629,0.09328878976577791,0.016633321658687805,-0.013738762533425763,0.014705092239985914,-0.020074111864736576,0.0081761653212683357,-3.9649780259108964e-05,-0.010286518508511687,0.20008053426432076
0.85999999999999999,7.9448879999999997,0.00083503198887014123,0.093320814387624337,0.016511774936200485,-0.013673514295942546,0.014661984850636503,-0.019940616390301539,0.0084693888968996097,-4.2724613283542446e-05,-0.010685330836317718,0.20008053426432076
0.88,7.6928029999999996,0.00082677152865501204,0.093352751098997877,0.016379336457150728,-0.013512867802001338,0.014611846678034102,-0.019803631847270887,0.0087616085232376396,-4.5905072340472691e-05,-0.011081403473263135,0.20008053426432076
0.90000000000000002,7.4010259999999999,0.00081841117774881589,0.093384535101389984,0.016233654934125763,-0.013352418550012679,0.014556556485809015,-0.019649668267572008,0.0090527211385156535,-4.9188350552074006e-05,-0.011474396838614575,0.20008053426432076
0.92000000000000004,7.8038780000000001,0.00080995453420850609,0.093416131314115788,0.016116609393340919,-0.013269731943188923,0.014493547802803474,-0.019482576573815691,0.009342572358822035,-5.2570842497528257e-05,-0.011864048370090889,0.20008053426432076
0.94000000000000006,14.188229,0.00080148192322341779,0.093447604178555257,0.01595919293389203,-0.012965474347208072,0.014427725544410975,-0.019290197219989123,0.009631105896372269,-5.6049845614444872e-05,-0.012249852314490672,0.20008053426432076
0.95999999999999996,9.1346129999999999,0.00079240946491335445,0.093478808161332874,0.015847447579091956,-0.013135001431074045,0.014357657103243946,-0.019106408915195019,0.0099182368164588437,-5.9622201695517092e-05,-0.012631980492794572,0.20008053426432076
0.97999999999999998,8.6743410000000001,0.00078413212975521264,0.093509955246048493,0.015721978513821622,-0.013093028052279188,0.014282633228960022,-0.018916887658415583,0.010203866003299904,-6.3284496838102424e-05,-0.013010318245962884,0.20008053426432076
1,8.8101769999999995,0.00077587803081125548,0.093540936787137513,0.01558908137645032,-0.01304172736054543,0.014205160373608614,-0.018715801298045814,0.010487944469523284,-6.7033833332492984e-05,-0.013384634271923801,0.20008053426432076
1.02,11.025548000000001,0.00076776143489964207,0.093571735737361925,0.015441266478776416,-0.012826758434287377,0.014124590574288588,-0.018522755461028294,0.010770410272224652,-7.0867090535556561e-05,-0.013755089381144366,0.20008053426432076
1.04,10.439106000000001,0.00075930914307984485,0.093602273520090387,0.015335719100797007,-0.013045586022967903,0.014040147946934275,-0.018330268093666443,0.01105118595457775,-7.478090553803434e-05,-0.014121694743017695,0.20008053426432076
1.0600000000000001,8.7386789999999994,0.0007516615188034049,0.093632737683828043,0.015214479365023514,-0.013043862444317433,0.013954569941788456,-0.018138318036522452,0.011330248805914798,-7.8772635456700562e-05,-0.014484461103748144,0.20008053426432076
1.0800000000000001,13.999356000000001,0.00074425127065775394,0.093663025897571597,0.015076625454907511,-0.012885086619189856,0.013864658570207815,-0.017952552518103224,0.011607512164330716,-8.2838713087666317e-05,-0.014843512154110209,0.20008053426432076
1.1000000000000001,10.752033000000001,0.00073665142923781603,0.093693063154004025,0.014973553718614419,-0.013092293724812798,0.013774594931958385,-0.01775638933478774,0.011882972983560279,-8.6976742231021736e-05,-0.015198639940805964,0.20008053426432076
1.1200000000000001,10.804595000000001,0.00072981839554644534,0.093723001216368215,0.014846447211016578,-0.013003977954675783,0.013683268470360986,-0.017585106129987156,0.012156606009782368,-9.1184042235918742e-05,-0.015550342063405708,0.20008053426432076
1.1400000000000001,8.6653559999999992,0.00072303834119067983,0.093752712129712382,0.014721996056877185,-0.013090586307709096,0.013590196438225238,-0.017421665711628634,0.012428376335882141,-9.5457862943768178e-05,-0.015898775377638279,0.20008053426432076
1.1599999999999999,11.214003999999999,0.0007167785044210756,0.093782241792870813,0.014637575887171739,-0.013142571718423035,0.013494330073987974,-0.017264887087631006,0.012698228083515556,-9.9795138296547827e-05,-0.016244073119390898,0.20008053426432076
1.1799999999999999,9.0722120000000004,0.00071091644329300996,0.093811650991865544,0.014513739206866827,-0.013127349256181198,0.013399416956955656,-0.017102388115643533,0.012966180318011559,-0.00010419399532301792,-0.016586120881703768,0.20008053426432076
1.2,11.775956000000001,0.00070527358919301487,0.093840836606060379,0.014429885285895505,-0.013172568869792123,0.013304074190882365,-0.01696622693697097,0.013232224450680775,-0.00010865219034851541,-0.016925445420443188,0.20008053426432076
1.22,11.239223000000001,0.00070008304132279187,0.093869889221537717,0.01433145489307508,-0.013185642248608964,0.013206981911242685,-0.016838612250416874,0.013496325499166078,-0.0001131671289438354,-0.017262217665451527,0.20008053426432076
1.24,16.502344999999998,0.00069517032469446299,0.093898763447125624,0.014213048105940818,-0.012973006760513606,0.01311116888138875,-0.016707525246517602,0.0137585090486603,-0.00011773726560802359,-0.01759636817038188,0.20008053426432076
1.26,10.975846000000001,0.00069013226461753035,0.093927365580783462,0.014136079640959753,-0.013207835856397843,0.013014535150054679,-0.016599926326039575,0.014018758691661717,-0.00012236040160413299,-0.017928366696902672,0.20008053426432076
1.28,11.134988,0.00068594988826020751,0.093955886289651666,0.014051475574953454,-0.013183980078602886,0.012917380834634114,-0.016492728151207874,0.01427706402222882,-0.0001270345059470264,-0.018258221259926828,0.20008053426432076
1.3,13.012966,0.00068201701954475431,0.093984233948586113,0.013943161431277495,-0.012956761138218198,0.012823042068440796,-0.016398685406385911,0.014533481346276508,-0.00013175881370840667,-0.018586194968054547,0.20008053426432076
1.3200000000000001,11.207869000000001,0.00067794175367238854,0.094012312953595537,0.013879008316517005,-0.013135874078521681,0.012728003027154653,-0.016314430589807423,0.014787996664398293,-0.00013653136701557129,-0.018912483579850696,0.20008053426432076
1.3400000000000001,11.422323,0.0006745975491822101,0.094040309004914877,0.01380780013191707,-0.013086815871695912,0.012635613904246125,-0.016234429981616269,0.015040662969314937,-0.00014135151790948375,-0.019237172179483022,0.20008053426432076
1.3600000000000001,10.963051999999999,0.00067145255186616172,0.094068138660162087,0.013702087803278307,-0.012967812512347798,0.012544413232305035,-0.016162828606729247,0.015291504029125975,-0.00014621814405161394,-0.019560428751617606,0.20008053426432076
1.3800000000000001,10.827337999999999,0.00066833160440112538,0.094095718439064502,0.013660416180871771,-0.012945526536140228,0.012452643092384055,-0.0160967428483338,0.015540508460046839,-0.00015112949583060735,-0.019882363608584284,0.20008053426432076
1.4000000000000001,9.2477440000000009,0.0006655639080962657,0.094123198468546346,0.013589693072192599,-0.012875246249193673,0.012363759969847978,-0.016019330788689591,0.015787733995377154,-0.00015608519128581565,-0.020202750224358076,0.20008053426432076
1.4199999999999999,10.808946000000001,0.00066295599324423513,0.094150502529906865,0.013526358749555101,-0.012798679741512942,0.012276848018816197,-0.01596400623402482,0.016033220054393223,-0.00016108456520691166,-0.020522030349038572,0.20008053426432076
1.4399999999999999,8.7066839999999992,0.00066055037143203442,0.094177642325533439,0.013457748219484422,-0.012703142792497069,0.012189764550323093,-0.015910462490206247,0.01627696321049597,-0.00016612616911810982,-0.020840239598842698,0.20008053426432076
1.46,11.112809,0.00065822930278276921,0.09420460116616336,0.013382542584014612,-0.012450549187547288,0.012106149507157271,-0.015843728127264964,0.01651903282120858,-0.00017121005791541,-0.021157114161387998,0.20008053426432076
1.48,9.8280569999999994,0.000655726599536366,0.094231329421770593,0.013338348660369093,-0.012542263066801951,0.012025076373753845,-0.01579433047949217,0.016759479717021228,-0.00017633597362935947,-0.02147300077097784,0.20008053426432076
1.5,16.293894000000002,0.00065382524833696755,0.094257978189348265,0.013259271939516815,-0.012232927247437075,0.011943459747157716,-0.015744494818385742,0.016998293033539651,-0.00018150241788652933,-0.021787890667345555,0.20008053426432076
1.52,12.099493000000001,0.00065157124191614921,0.09428437175482067,0.013222890331740178,-0.012330328340566687,0.011866607692955109,-0.01568913874828105,0.017235568043258882,-0.00018671020226562849,-0.022101673442311176,0.20008053426432076
1.54,9.6878820000000001,0.00064991339816416322,0.094310699061653694,0.013173927006130182,-0.012203745385353848,0.011791659266405503,-0.015635680188282059,0.017471342812770983,-0.00019195895102308894,-0.022414387046076817,0.20008053426432076
1.5600000000000001,10.288705999999999,0.00064824213338348074,0.094336865478528195,0.013117640641989059,-0.012066314359818975,0.011719029743126297,-0.015580491748020009,0.0177056637118405,-0.00019724851691887329,-0.022725996881037217,0.20008053426432076
1.5800000000000001,18.880144999999999,0.00064655635816365797,0.094362857430118491,0.013047082009201905,-0.011735263014474029,0.01164805379050843,-0.01552322432720038,0.01793856380685039,-0.00020257848755819317,-0.023036461367581224,0.20008053426432076
1.6000000000000001,8.9989760000000008,0.00064443363251445707,0.094388604240695007,0.013013461044591779,-0.011869919009614982,0.011578024588285836,-0.015462624333076094,0.018170062031717341,-0.00020794814585562674,-0.023345713854242747,0.20008053426432076
1.6200000000000001,10.736454999999999,0.0006428717161065696,0.094414299162451643,0.012963402463026963,-0.011734877405604749,0.011511391255704405,-0.015387429239075035,0.018400226290326834,-0.00021335790698764445,-0.023653462439024248,0.20008053426432076
1.6400000000000001,10.924625000000001,0.00064125461747906469,0.094439832189807033,0.012908579248773755,-0.011594541936462477,0.011444951706741173,-0.015323724242223396,0.018629060462237092,-0.00021880672282244081,-0.023959936923868715,0.20008053426432076
1.6600000000000001,11.215783,0.00063952930735598019,0.094465194991674606,0.012867819978433115,-0.011504065851909218,0.011382189001853888,-0.015241476242235198,0.018856638068807084,-0.0002242952178296134,-0.024264766448713421,0.20008053426432076
1.6799999999999999,10.364879,0.00063777697702970481,0.094490426120295581,0.012818587430324602,-0.011406095852385612,0.011321702350793715,-0.015171583071282418,0.019083004623193803,-0.00022982339140425778,-0.024568198110139067,0.20008053426432076
1.7,10.180097999999999,0.00063594172431457913,0.094515507576426655,0.012764990645868668,-0.01129789564627437,0.011262662805547788,-0.015096893224149298,0.019308189063747316,-0.00023539089723626882,-0.024870135974622055,0.20008053426432076
1.72,10.752668999999999,0.00063402736446116286,0.094540432253875803,0.012717239501455868,-0.011208157841131161,0.011203754451176091,-0.015016919636529276,0.019532194019171091,-0.00024099673941129144,-0.02517047436735264,0.20008053426432076
1.74,9.1397449999999996,0.00063198919177741568,0.094565215792493107,0.012662117022645081,-0.011114939403793933,0.011147994312382696,-0.01491785266215662,0.019755082441137186,-0.00024664140317720492,-0.025468831420595771,0.20008053426432076
1.76,8.7836639999999999,0.00062983904982346858,0.094589844672783807,0.012613335940412362,-0.011039245445389589,0.01109371828228471,-0.014834933652941574,0.019976884009352758,-0.00025232457727208301,-0.025765530093654603,0.20008053426432076
1.78,13.487479,0.00062760645965668246,0.094614336437235755,0.0125516462027635,-0.010843097218149467,0.011040386693986062,-0.014747429612120678,0.020197617612973003,-0.0002580457287224926,-0.026060478685897018,0.20008053426432076
1.8,11.006201000000001,0.00062497475905993409,0.094638638382924342,0.012501691689582817,-0.010914789443611461,0.010989058589599018,-0.014655245793500124,0.020417323315298139,-0.00026380488144448996,-0.026353583601767021,0.20008053426432076
1.8200000000000001,10.836698999999999,0.00062257211444608212,0.094662846265407094,0.012449413429928224,-0.010836679880721789,0.010938837989924502,-0.014562323061475962,0.020636023266200041,-0.00026960161357834835,-0.02664483006299654,0.20008053426432076
1.8400000000000001,10.582922999999999,0.00062002771514957486,0.094686912456129368,0.012391040188487246,-0.010765196598592652,0.010889255833861255,-0.014468160962907588,0.020853730237764542,-0.00027543527266386635,-0.02693419328225469,0.20008053426432076
1.8600000000000001,9.1220669999999995,0.00061732987697632978,0.094710829342221928,0.012339623188633464,-0.01071706274579487,0.010840727655903437,-0.01437209100225543,0.021070465310067312,-0.00028130544111973501,-0.027221635102299798,0.20008053426432076
1.8800000000000001,8.8310119999999994,0.00061454147155415328,0.094734617318337586,0.012281483541607408,-0.010665904379055569,0.010792543074654697,-0.014275583585300207,0.021286235360973165,-0.00028721133134873632,-0.027507146774005804,0.20008053426432076
1.9000000000000001,9.2326449999999998,0.00061163891775227713,0.094758265786355933,0.012227790920699366,-0.010626966014495309,0.010745187856086405,-0.014178412274632894,0.021501056980301463,-0.00029315243345216519,-0.027790715019498462,0.20008053426432076
1.9199999999999999,10.026437,0.00060867572326216764,0.094781786294765108,0.012164609679839788,-0.010581256283428431,0.010697519885716154,-0.014081899718884924,0.021714923924537381,-0.00029912761924904277,-0.028072353013876162,0.20008053426432076
1.9399999999999999,11.462211999999999,0.00060557293441379707,0.094805160847719047,0.012110535990131233,-0.010552645790538051,0.010650533218943955,-0.013977203397793831,0.021927849824388675,-0.00030513630559872646,-0.028351897081832039,0.20008053426432076
1.96,11.266563,0.00060244798195049768,0.094828413191573369,0.012053137347545206,-0.010525490429613704,0.010603968918127558,-0.013884413364084315,0.022139843133789364,-0.00031117778687316883,-0.028629585349113727,0.20008053426432076
1.98,8.6405879999999993,0.0005992817994182857,0.094851537114045717,0.011989890047037655,-0.010491232954118246,0.010557284634455768,-0.013791826544119441,0.022350901463660856,-0.00031725108359096656,-0.028905421879996115,0.20008053426432076
2,14.251343,0.00059604603357946769,0.094874521790605446,0.011923184471584136,-0.010285534532626706,0.010511063052374998,-0.013699914120378661,0.0225610340740941,-0.00032335555972829832,-0.029179420162403689,0.20008053426432076
2.02,10.648251999999999,0.00059238330639437529,0.094897318455067325,0.011866477083368743,-0.010486758049747635,0.010464706288443079,-0.013610339082002151,0.02277023827262593,-0.00032949024782197414,-0.02945162694404373,0.20008053426432076
2.04,9.6602519999999998,0.00058924911524801233,0.094920060421282038,0.011810999334854078,-0.010443189293442678,0.01041859270773533,-0.013522731580177812,0.022978518930954039,-0.00033565441607724829,-0.029722081575647288,0.20008053426432076
2.0600000000000001,11.048036,0.00058606354397823827,0.094942676199524928,0.011728974213206733,-0.010373584596974794,0.010371919529979696,-0.013437859108955607,0.023185864872278836,-0.00034184687202653413,-0.029990838757826401,0.20008053426432076
2.0800000000000001,19.919181999999999,0.00058270263439582726,0.094965109936111916,0.01169495913989449,-0.010381239850182133,0.010325489998995713,-0.013355052742128381,0.023392280977708742,-0.00034806691277352122,-0.030257939812668968,0.20008053426432076
2.1000000000000001,30.075547,0.00057951559528651719,0.09498747915173876,0.011628485836252533,-0.010132109333388151,0.010279006923902788,-0.013275430179753592,0.023597766187172568,-0.00035431367419553261,-0.030523448416264039,0.20008053426432076
2.1200000000000001,18.678691000000001,0.0005758625952484714,0.095009651730567357,0.011561016376086197,-0.010379318073249877,0.010231995879054975,-0.013198894952028953,0.023802309956504848,-0.00036058601785182839,-0.030787426315304619,0.20008053426432076
2.1400000000000001,16.646629000000001,0.00057282339692918719,0.095031767223579353,0.011514517794489532,-0.010337499778740877,0.01018422610083399,-0.01312473152875987,0.024005897128703338,-0.0003668826697706077,-0.031049920945879817,0.20008053426432076
2.1600000000000001,23.892911999999999,0.00056976696085311862,0.095053775782987723,0.011462111192643842,-0.010302240928135475,0.010136593862247622,-0.013040263121426478,0.024208530464691718,-0.00037320289108654992,-0.031310726208308347,0.20008053426432076
2.1800000000000002,16.742450000000002,0.00056674878572457877,0.095075667948401707,0.011403319388260336,-0.010267095444588925,0.010089186246587178,-0.012975876382056141,0.024410214465819421,-0.00037954602410186105,-0.031570243735949473,0.20008053426432076
2.2000000000000002,16.645036999999999,0.00056375048938144012,0.095097432695243525,0.01134749251889966,-0.010231164814433313,0.010039802921219415,-0.012912407386313161,0.024610909647739803,-0.00038591006626977791,-0.031828491883675737,0.20008053426432076
2.2200000000000002,22.594821,0.00056078834816855768,0.095119078458789627,0.011285945288668664,-0.0099689395634090516,0.0099925804760062301,-0.012847895457644238,0.024810659216917635,-0.00039229563132343919,-0.032085449792828624,0.20008053426432076
2.2400000000000002,14.077874,0.00055741180409843633,0.095140535641053806,0.011224784079427064,-0.010222625455713619,0.0099446395473799399,-0.012788051746226223,0.025009448821398435,-0.00039870152246299681,-0.032341210827753146,0.20008053426432076
2.2600000000000002,19.935122,0.00055467566108163076,0.095161951887262994,0.011161470691021247,-0.0099916397242152399,0.0098959704527893915,-0.012713817783759346,0.025207263916922799,-0.00040512650990881267,-0.032595487183428334,0.20008053426432076
2.2800000000000002,15.418996,0.00055158818722564481,0.095183184558800538,0.011088310133720913,-0.0099450852886571184,0.0098483665442082678,-0.012662373380585932,0.025404125807156265,-0.0004115705466358041,-0.032848734651040053,0.20008053426432076
2.3000000000000003,14.096453,0.00054853534816435819,0.09520427382007092,0.011052682918549106,-0.010102597284848969,0.0098012363593490935,-0.01261115028508508,0.025600043971189274,-0.00041803326051349554,-0.033100957656741752,0.20008053426432076
2.3199999999999998,12.292688,0.00054601802702822048,0.095225341661623539,0.010995356742158791,-0.0099929360914288168,0.0097540085919014322,-0.012560613644095091,0.025795016468236138,-0.00042451391168952976,-0.033352169929623657,0.20008053426432076
2.3399999999999999,12.806431999999999,0.00054340003849869835,0.095246266798279952,0.010952269458827768,-0.0098269403633848285,0.0097069362539302512,-0.012510728018507052,0.025989046415113327,-0.00043101193369479506,-0.033602384489993795,0.20008053426432076
2.3599999999999999,14.423005,0.00054064727086149209,0.095267066428942573,0.010908719452290327,-0.0099317791900510599,0.0096595344923788209,-0.012461394579705831,0.026182127237164433,-0.00043752644057192452,-0.03385161238158791,0.20008053426432076
2.3799999999999999,12.617827999999999,0.00053822972857763094,0.095287812055113399,0.010862848152193738,-0.0098529644982958686,0.0096118680033285952,-0.012396044746198459,0.026374253654310006,-0.00044405655850121887,-0.034099533276511877,0.20008053426432076
2.3999999999999999,16.119505,0.00053582741112239687,0.09530844492196576,0.010811600935659804,-0.0097772008021257406,0.0095637867752409508,-0.012353391851438274,0.026565417387923437,-0.0004506013231175431,-0.03434660111354064,0.20008053426432076
2.4199999999999999,15.419871000000001,0.00053341810932430169,0.0953289562862151,0.010748990592499119,-0.0098268751649630559,0.0095145245793504512,-0.012296579467087666,0.02675559484378006,-0.00045715925513363433,-0.034592532702882393,0.20008053426432076
2.4399999999999999,15.343265000000001,0.00053123641815836539,0.095349368780101126,0.010715885320371488,-0.0096718292251081195,0.0094672788669399755,-0.012239984260204412,0.026944826339886013,-0.00046373105391827007,-0.034837332388086478,0.20008053426432076
2.46,20.513390000000001,0.00052893977477472579,0.095369668589769141,0.010664957444110001,-0.0094294885658356975,0.0094200673876998556,-0.012198501786136608,0.027133112571646384,-0.00047031609492060585,-0.035081302423809212,0.20008053426432076
2.48,16.297802999999998,0.00052629880992278457,0.095389803953005267,0.010615644935764834,-0.0095866138649167709,0.0093740547956187321,-0.012151649421456962,0.027320477512662537,-0.0004769145949409975,-0.035324335412238353,0.20008053426432076
2.5,15.332542,0.00052412259749850349,0.095409890734832817,0.01057474823024851,-0.0094897620556899653,0.0093290829276238742,-0.012095653304508269,0.027506941975805971,-0.00048352665156687117,-0.035566248478328517,0.20008053426432076
2.52,24.069925000000001,0.00052190548506794016,0.095429869389620128,0.01052484177334545,-0.0091871697133099062,0.0092848570108431776,-0.012050883385206768,0.027692520881772199,-0.00049015217381797758,-0.035807266146032656,0.20008053426432076
2.54,16.388608999999999,0.00051921144628094698,0.095449671236441672,0.01047151627137799,-0.009416551639633397,0.0092408612414069703,-0.012003206650166003,0.027877218841095282,-0.00049679072901194607,-0.036047330279035977,0.20008053426432076
2.5600000000000001,15.696139000000001,0.00051714424889907624,0.095469440068841852,0.010432887265982682,-0.0093096628357436373,0.0091961403710705287,-0.011953031151318022,0.028061021372267583,-0.00050344118947937553,-0.036286390902062336,0.20008053426432076
2.5800000000000001,16.008925000000001,0.00051501153087658749,0.095489102810195611,0.010388549816354509,-0.0092146881548407222,0.0091531875461987895,-0.011909680726231118,0.028243963823945607,-0.00051010424256255852,-0.03652458451658696,0.20008053426432076
2.6000000000000001,12.220903,0.00051282193809780918,0.095508653093531459,0.010328037436070581,-0.0092623142837418015,0.0091103634221395106,-0.011857763509592887,0.028426048779282214,-0.0005167793989987921,-0.036761739786778817,0.20008053426432076
2.6200000000000001,18.045691000000001,0.00051080409658142267,0.095528108972649031,0.010274501964619542,-0.0089944059949775834,0.0090677876115669177,-0.011791447261971495,0.028607281213705458,-0.00052346622039759524,-0.036997568732018246,0.20008053426432076
2.6400000000000001,10.549922,0.00050833042065244818,0.095547392645905505,0.010240792275781452,-0.0090873119961800697,0.0090261256075299442,-0.011740834650004122,0.028787679403305469,-0.00053016477115138826,-0.037232385425018326,0.20008053426432076
2.6600000000000001,12.94351,0.0005062344442166494,0.095566640756144405,0.010192978538099862,-0.008858869612828002,0.0089845466752181049,-0.011686369539036122,0.028967245019970382,-0.00053687453235568678,-0.037466112815799049,0.20008053426432076
2.6800000000000002,13.462441,0.00050372554175876774,0.095585737154149863,0.010153360872772854,-0.0089516410509880018,0.0089427620045882342,-0.011613265603462151,0.029145973965106511,-0.00054359473166890504,-0.03769837812786829,0.20008053426432076
2.7000000000000002,11.625745999999999,0.0005015817209572986,0.09560478732910542,0.01011809851686829,-0.0088547080642982223,0.0089019978492714848,-0.011561576800451291,0.029323886647757636,-0.00055032552918880568,-0.037929609663877317,0.20008053426432076
2.7200000000000002,12.343218999999999,0.00049933218018225877,0.095623740411347039,0.010047244188505555,-0.0088736915277891626,0.0088616835979835901,-0.011505370726218477,0.029500992071496909,-0.00055706669811127977,-0.038159717078401684,0.20008053426432076
2.7400000000000002,13.286439,0.00049718307914273859,0.095642571827600817,0.010027333654371695,-0.0087290862342053188,0.0088204472331839378,-0.011445805559190394,0.029677271820100982,-0.00056381695658317885,-0.038388633189585492,0.20008053426432076
2.7600000000000002,12.531708,0.0004949047289853261,0.095661322938299237,0.009968589796538474,-0.0087799750357291373,0.0087789535585084833,-0.011393513868602736,0.029852720763946853,-0.00057057553160665987,-0.038616503466957545,0.20008053426432076
2.7800000000000002,11.887892000000001,0.0004927646003346169,0.095679980726381855,0.0099406799697043802,-0.0086235438373982731,0.0087388547788039388,-0.011324978990247273,0.030027366793628562,-0.0005773429132587489,-0.038843003046762491,0.20008053426432076
2.8000000000000003,14.475884000000001,0.00049042010605721725,0.095698538713516149,0.0098930217978279167,-0.0083780664988903908,0.0086988540138245671,-0.01126759710270712,0.030201211881580484,-0.00058411859451753796,-0.039068354988816632,0.20008053426432076
2.8199999999999998,11.598786,0.00048761316828324755,0.0957169427712002,0.0098389290426856846,-0.0083613023461364122,0.0086596138004035733,-0.011197179669755022,0.030374271241034322,-0.0005909025884947535,-0.039292298582211733,0.20008053426432076
2.8399999999999999,15.059070999999999,0.00048486362570462237,0.095735249053019236,0.0097811021560869627,-0.0082586318819188875,0.00862141517103048,-0.011138025300488952,0.030546565701379369,-0.00059769513992399717,-0.039515059088221512,0.20008053426432076
2.8599999999999999,12.02149,0.00048198913020008449,0.095753428856794581,0.0097182696859747786,-0.0085164943767601642,0.0085812339094929312,-0.01107555654548704,0.03071805565421953,-0.00060449412798488692,-0.039736570219131254,0.20008053426432076
2.8799999999999999,14.715857,0.00047970701695292464,0.095771563621565678,0.0097027914381544456,-0.008440956306791314,0.0085434479692944269,-0.011018453528681499,0.030888788981773153,-0.00061130089991320955,-0.039956939289704882,0.20008053426432076
2.8999999999999999,21.070737999999999,0.00047743485898682969,0.095789650429848106,0.0096345824403867297,-0.0084873527398778847,0.0085046315009654327,-0.010954422463262654,0.031058745103241463,-0.00061811409023302256,-0.040176027738970138,0.20008053426432076
2.9199999999999999,17.455570999999999,0.00047526343236780504,0.095807627609593909,0.0096001682280304479,-0.0082893259159853017,0.0084674172949276479,-0.010898187693213081,0.031227956051532075,-0.00062493444485484974,-0.040393991492834402,0.20008053426432076
2.9399999999999999,18.3719,0.0004727479835275382,0.0958254872398666,0.0095658323924263655,-0.0083335091692875451,0.0084300246504105981,-0.010834105556253011,0.031396418274036691,-0.00063176129122910311,-0.040610673603959466,0.20008053426432076
2.96,20.384495999999999,0.00047037744294178054,0.095843294957660571,0.0095053053195988113,-0.0083867785530129524,0.008391943597677887,-0.010756170029810058,0.031564118028912354,-0.00063859350560551255,-0.040825797004555665,0.20008053426432076
2.98,20.023098000000001,0.0004681162770948497,0.095861009832137106,0.0094654487611580684,-0.0081889871928737534,0.008352936829234445,-0.010681973583469739,0.031731036833324552,-0.00064542974747330134,-0.041039436476225058,0.20008053426432076
3,19.774021999999999,0.00082231233160806225,0.095878596213882575,0.011407961978973979,-0.0020963751749016879,0.0083126865272122059,-0.010605001627562954,0.031897149854007149,-0.00065226840813025497,-0.041251536508776318,0.20058053426432076
3.02,19.840209999999999,0.0012298227486964904,0.095894348559646195,0.013281201538119625,0.0036473608907146016,0.0082752020709164157,-0.010551771998769159,0.032062512376051192,-0.00065911121669355653,-0.041462571948751699,0.20108053426432076
3.04,15.726308,0.0016147278744397587,0.095908370266616721,0.015058977401964491,0.008753617553868942,0.0082358803870179898,-0.01049641376734399,0.032227087699793065,-0.00066595615021873881,-0.041672500224098581,0.20158053426432077
3.0600000000000001,15.877973000000001,0.0019684856842568732,0.09592087936953754,0.016626797914976787,0.013338369098111258,0.0081976780329931706,-0.010447971219585453,0.032390898205870385,-0.00067280364258753128,-0.041881459648490292,0.20208053426432077
3.0800000000000001,17.671403000000002,0.0022911236299905805,0.095932019346504901,0.018062693122874673,0.017428469074656228,0.0081604892114802517,-0.010388145963913395,0.032553964160666728,-0.00067965404802303923,-0.042089222567768557,0.20258053426432077
3.1000000000000001,17.262740999999998,0.0025855185169964445,0.095941920318820817,0.019478283668136864,0.020991110174977123,0.0081220637072486959,-0.010335359208869086,0.032716260866187313,-0.00068650583049234591,-0.042295929751945939,0.20308053426432077
3.1200000000000001,16.620559,0.0028556518743156553,0.095950756361564027,0.020651708792615686,0.024325058293076296,0.0080842212171666154,-0.010289826501922903,0.032877799985439007,-0.00069335900688150768,-0.042501726281984398,0.20358053426432077
3.1400000000000001,16.533608000000001,0.0030996282523115446,0.095958527600652432,0.021860654521177025,0.027152001000576576,0.0082095268110241974,-0.010232742955917454,0.033041841532633578,-0.00070035207333206048,-0.042706381141102749,0.20408053426432077
3.1600000000000001,17.681467000000001,0.0033145584312749385,0.095965418785238885,0.022887112085258732,0.029619610099071103,0.0084759399695303432,-0.0097341601695250576,0.033211205063062889,-0.00070760589352237256,-0.042901064344493249,0.20458053426432077
3.1800000000000002,16.915827,0.0034968313541509266,0.095971437917861321,0.023826751447692196,0.031580033384880579,0.00886148151723006,-0.0088476876271799086,0.033388270949529841,-0.00071522256745232965,-0.043078018097036846,0.20508053426432077
3.2000000000000002,16.999199999999998,0.0036455036218613272,0.095976663069580581,0.02466307850141769,0.032983505103937993,0.0093369836567308555,-0.0076446060860986213,0.033574836766275394,-0.00072327871693511343,-0.043230910218758821,0.20558053426432077
3.2200000000000002,16.767219000000001,0.003760320991035359,0.095981212873565161,0.025360893346193514,0.033885012818539728,0.0098826042193219249,-0.0061831830193441366,0.033772303653742689,-0.00073183294491209656,-0.043354573879145701,0.20608053426432077
3.2400000000000002,17.500257000000001,0.0038415335589342659,0.0959851091684472,0.025942710688101389,0.034256465216467191,0.010489647254179729,-0.0045160127511496536,0.033981899053458248,-0.00074093504494028399,-0.043444894134168695,0.20658053426432077
3.2600000000000002,16.730965000000001,0.0038905738416858959,0.095988424152703297,0.02641692356842551,0.034121353501900487,0.011132088362527489,-0.0026947367013187085,0.034204330479519589,-0.00075061064439278173,-0.043498788868195068,0.20708053426432077
3.2800000000000002,18.677289999999999,0.0039090535502738543,0.095991209254719781,0.026785182991652778,0.033499551513001435,0.011809292368855773,-0.00074587886141369141,0.034440292836623372,-0.0007608829630829071,-0.043513706445423343,0.20758053426432077
3.3000000000000003,17.141076000000002,0.0038991670701262692,0.095993520187683215,0.027070512840875249,0.032402875169545986,0.012502803452536151,0.0012853922436524097,0.034690112349409365,-0.00077175718491571987,-0.043487998600550297,0.20808053426432077
3.3200000000000003,15.245486,0.003863400085410472,0.095995399553897964,0.027259042578739567,0.030889534993006507,0.013203864499325431,0.0033675740912614736,0.034953940352934802,-0.00078322887364927832,-0.043420647118725064,0.20858053426432077
3.3399999999999999,15.334617,0.0038045221864254001,0.09599690308626356,0.027359977548508052,0.028999150861375611,0.01390324331398257,0.0054603683317740138,0.03523174379388657,-0.0007952836674872709,-0.043311439752089585,0.20908053426432077
3.3599999999999999,14.757510999999999,0.0037256274052806021,0.095998072991645117,0.027323437948961526,0.026832516759728975,0.014589745725110835,0.0075224073525268151,0.035523266014493078,-0.00080789584501565813,-0.043160991605039049,0.20958053426432077
3.3799999999999999,11.784564,0.0036293631043900505,0.095998912440580328,0.027349422910806886,0.024242659186482385,0.01525514691058941,0.0095189758100654269,0.035828086064821345,-0.00082103128651335488,-0.042970612088837741,0.21008053426432077
3.3999999999999999,9.6195179999999993,0.0035205253352481661,0.095999542736963317,0.027265657831099244,0.021481568171837218,0.015892735213226542,0.011415517069369482,0.036145648915722535,-0.00083464924343059656,-0.042742301747450348,0.21058053426432077
3.4199999999999999,10.538297,0.0034020054917423379,0.095999950252782587,0.027146121115944055,0.018538946161042347,0.016496607344441892,0.013181391788405689,0.036475281586670356,-0.00084870355929742025,-0.042478673911682231,0.21108053426432077
3.4399999999999999,9.7182790000000008,0.00327731093037501,0.096000147408189823,0.026897342067630614,0.015563167051712234,0.017063340657231602,0.014789364126730285,0.036816242688328366,-0.00086314533585197042,-0.042182886629147626,0.21158053426432077
3.46,9.7902380000000004,0.003148921455152864,0.096000144266346815,0.026763747808427496,0.012366030636581371,0.017588717800016876,0.016214796245487949,0.037167706518563569,-0.00087792280437174299,-0.041858590704237864,0.21208053426432077
3.48,11.351957000000001,0.003021444053202474,0.096000060160820203,0.026556874398819375,0.0092199855342727233,0.018069699423607245,0.017438872491230262,0.037528786578332633,-0.00089298286217285162,-0.041509813254413261,0.21258053426432078
3.5,9.7147620000000003,0.0028972694839690801,0.095999849371351795,0.026297556702234104,0.006164017534781685,0.018499459027091707,0.018446870308278851,0.037898459873013435,-0.00090826844092727055,-0.041140875848247681,0.21308053426432078
3.52,9.0741990000000001,0.0027784147311977667,0.095999514764165489,0.025997995922091732,0.0032079351969951375,0.018888261463206383,0.019232369008406372,0.038275908431198644,-0.00092373305747233,-0.040756228468079553,0.21358053426432078
3.54,11.023393,0.0026666092481156642,0.095999082995561869,0.025823890139411887,0.00027768851233656022,0.019231209871851486,0.019778618755771863,0.038660216321050871,-0.00093932853923496822,-0.040360656092964117,0.21408053426432078
3.5600000000000001,11.402609,0.0025649746965809069,0.095998632159684807,0.025566220704682507,-0.0023914268388898208,0.019529967176968501,0.020088347305297006,0.03905050072617805,-0.00095501070387865789,-0.039958889146858176,0.21458053426432078
3.5800000000000001,9.0807500000000001,0.0024738006669966944,0.095998114835644938,0.025371445135876858,-0.0048809384123735811,0.019778361713132329,0.020163356320701306,0.039445755377045137,-0.00097073322880750158,-0.039555622020444152,0.21508053426432078
3.6000000000000001,10.113061999999999,0.0023942298943112087,0.095997544835994181,0.025154468722763834,-0.007098282753554841,0.019990892159264754,0.020016173124587724,0.039845263630808633,-0.0009864641825034692,-0.039155298557952398,0.21558053426432078
3.6200000000000001,10.364545,0.0023261174018564378,0.095996924643995216,0.025009876657801744,-0.0090814991340995022,0.020165142896019419,0.019644776966879999,0.040248260462502274,-0.0010021724240232345,-0.038762403018614798,0.21608053426432078
3.6400000000000001,9.1757059999999999,0.0022699792000153976,0.09599626164549474,0.024854856334949993,-0.010725304220099652,0.02030064968659993,0.019067181292830922,0.040653971464987511,-0.0010178291651158486,-0.038381059392758182,0.21658053426432078
3.6600000000000001,9.1778680000000001,0.0022250098837020699,0.095995501848088138,0.024700686941456329,-0.01221544210434633,0.020397995764439469,0.018303100587908461,0.041061633791474567,-0.0010334086402546288,-0.038014997381000011,0.21708053426432078
3.6800000000000002,9.4373299999999993,0.0021932447370729647,0.095994927528161425,0.02464358972645142,-0.013317242799978146,0.020471298913444999,0.017371710304029647,0.041470766663400126,-0.0010488981461018007,-0.03766756317491942,0.21758053426432078
3.7000000000000002,10.972904,0.0021721674411254994,0.09599433168655376,0.024603851567471136,-0.014085936192654636,0.020516114605037456,0.016285554363939872,0.041880800409022874,-0.0010642835562487286,-0.037341852087640626,0.21808053426432078
3.7200000000000002,10.952102,0.0021614486807795021,0.095993735053890999,0.024620592450502521,-0.014527152539684174,0.020540458560068819,0.015073568780867561,0.042291325501632941,-0.0010795584860572977,-0.037040380712023271,0.21858053426432078
3.7400000000000002,9.1419479999999993,0.0021599323791392675,0.095993063947127186,0.024643194859458095,-0.01464419373445125,0.020544562085073957,0.013756890045846917,0.042701936995637894,-0.0010947180869097456,-0.036765242911106333,0.21908053426432078
3.7600000000000002,11.122215000000001,0.0021680691678924269,0.095992443842046762,0.024689245588478403,-0.014452082639778929,0.020536392582841862,0.012362071237606272,0.043112389154794636,-0.0011097644542524695,-0.036518001486354208,0.21958053426432078
3.7800000000000002,9.1899069999999998,0.0021858364732504324,0.095991936313298068,0.024804368373960717,-0.013936366754471408,0.020516325098551728,0.010911195004034834,0.043522443720917348,-0.0011247006860966306,-0.036299777586273514,0.22008053426432078
3.8000000000000003,11.011673999999999,0.0022112562354489325,0.095991375774043708,0.024885399237964734,-0.013216038561837173,0.020485622361455423,0.0094326296505397138,0.043931887664831609,-0.0011395312695781047,-0.036111124993262717,0.22058053426432078
3.8200000000000003,11.015650000000001,0.0022462756077822939,0.095991038860039291,0.025001420182677148,-0.012286485748605358,0.020453313997633272,0.0079393659084141324,0.044340688431068968,-0.0011542674467642663,-0.035952337675094433,0.22108053426432078
3.8399999999999999,10.591597999999999,0.0022899226637028681,0.095990863028338688,0.025152374176041548,-0.011164046021893803,0.020420985040075602,0.006460712427102706,0.044748845152267132,-0.0011689215568895003,-0.035823123426552375,0.22158053426432078
3.8599999999999999,15.828386,0.0023411452967002323,0.09599079176763102,0.02533072280434423,-0.0098861779632208879,0.020393270806640971,0.0050200759455047853,0.045156449623135822,-0.0011835089831550821,-0.03572272190764228,0.22208053426432078
3.8799999999999999,13.062391999999999,0.0023987688109142423,0.09599078149777393,0.025531815785793555,-0.0084784774117725448,0.020370189462556129,0.0036389610186560988,0.045563594022638383,-0.0011980446444702971,-0.035649942687269155,0.22258053426432078
3.8999999999999999,12.043301,0.0024616365453527162,0.095990804222616924,0.025749681751320086,-0.006972644600831579,0.020353200082812026,0.0023372612858298032,0.045970399718117755,-0.0012125438709992484,-0.035603197461552556,0.22308053426432078
3.9199999999999999,9.7174840000000007,0.0025284526662149847,0.095990840219577031,0.025977302918572587,-0.0053913401348371082,0.020347358190725529,0.0011325057225384778,0.046377089152596078,-0.0012270248247100344,-0.035580547347101789,0.22358053426432078
3.9399999999999999,8.7403490000000001,0.0025979458807695315,0.09599087585167268,0.026210623167532088,-0.0037740053019774678,0.020348749381844264,4.2162764033709449e-05,0.046783806563362056,-0.001241501990933432,-0.035579704091821117,0.22408053426432079
3.96,8.5330429999999993,0.0026687766779772263,0.095990903083402898,0.026451807945262917,-0.0021492187417226916,0.02035951885608955,-0.00092610552181529441,0.047190739099238176,-0.0012559904161761829,-0.035598226202257423,0.22458053426432079
3.98,9.4896580000000004,0.0027397219398286017,0.095990913284513535,0.026634358606552944,-0.00046902396159342885,0.020381592051311067,-0.0017647880996384951,0.047598112429036506,-0.0012705055113342767,-0.035633521964250195,0.22508053426432079
4,9.529814,0.0028089918782458179,0.095990839316853843,0.026904087137496369,0.0010409733206406813,0.020416082942752926,-0.0024680459856683242,0.048006174523391065,-0.0012850624423679426,-0.035682882883963561,0.22558053426432079
4.0200000000000005,9.9624559999999995,0.0028761794825268722,0.095990810939797319,0.027128776134230037,0.0025241194992151605,0.020463612330093271,-0.0030331488724715892,0.048415185797928438,-0.0012996757629984456,-0.035743545861412991,0.22608053426432079
4.04,10.185798999999999,0.0029397431911293783,0.095990752542941205,0.027334910276756386,0.0039270549860619397,0.020524248909264037,-0.003459410421122099,0.048825408078297584,-0.001314359018921647,-0.035812734069835435,0.22658053426432079
4.0600000000000005,9.5959289999999999,0.0029986114075239989,0.095990662098476787,0.027503317714061115,0.0052566331761880747,0.02059747878542318,-0.0037485040719746733,0.049237092955690197,-0.0013291243381735682,-0.03588770415127493,0.22708053426432079
4.0800000000000001,13.606346,0.0030517163666074873,0.095990490415528373,0.027719373378053191,0.0063777062257264205,0.020682506844755956,-0.0039036522965609694,0.04965047616583361,-0.001343982242631396,-0.035965777197206152,0.22758053426432079
4.0999999999999996,11.353367,0.0030988796728577284,0.095990327000933004,0.027823126462762637,0.0074629589820434106,0.020778795335927348,-0.0039307539571858396,0.050065782732386682,-0.0013589418556891753,-0.036044392276349868,0.22808053426432079
4.1200000000000001,12.793290000000001,0.0031387020796036411,0.095990085764986757,0.027991976511976713,0.0082986203029200567,0.02088040521366873,-0.0038374202006457164,0.050483119010370149,-0.001374007041838398,-0.036121140680362783,0.22858053426432079
4.1399999999999997,9.7025129999999997,0.0031715032619223735,0.095989851510006316,0.028076630993861595,0.0090423763226299414,0.020993954570213427,-0.0036272736317366329,0.050902723665416261,-0.001389185475950887,-0.036193686152997513,0.22908053426432079
4.1600000000000001,9.6725370000000002,0.0031964155092194264,0.095989563796623628,0.028189316820439903,0.009583819076348199,0.021114551507554501,-0.0033201892023964324,0.051324737621154526,-0.0014044804198283011,-0.036260089937045444,0.22958053426432079
4.1799999999999997,12.522663,0.0032139645749929163,0.09598925432857118,0.028263431897098013,0.009972020458643982,0.021239967270711344,-0.0029243028887225948,0.051749257284802959,-0.0014198927214143224,-0.036318575994819899,0.23008053426432079
4.2000000000000002,12.120751,0.0032239708397384104,0.095988902022299191,0.028302453498298963,0.01021370138611033,0.021366623804553311,-0.0024511309962237196,0.052176307577316117,-0.0014354198842764195,-0.036367598614744374,0.23058053426432079
4.2199999999999998,10.767307000000001,0.0032264577166946089,0.09598851211629926,0.028328324107104841,0.010295557050262971,0.021498305524053747,-0.0019109556114449238,0.05260598908324092,-0.001451061483568524,-0.036405817726973273,0.23108053426432079
4.2400000000000002,12.620464,0.0032220106908750364,0.095988067219595241,0.028346251062496997,0.010213397790609591,0.021625295858847617,-0.0013232780275752498,0.05303820820560437,-0.0014668094566586752,-0.036432283287524778,0.23158053426432079
4.2599999999999998,13.156077,0.0032111220981417034,0.095987598261821669,0.028353669392978897,0.0099774073355947124,0.021753405403212394,-0.0006937408514420167,0.05347298750025576,-0.0014826594912657307,-0.036446158104553615,0.23208053426432079
4.2800000000000002,10.159363000000001,0.0031944189423509105,0.09598708847220333,0.02826739502284914,0.009697224504897406,0.021875614966508472,-4.3245727267966359e-05,0.053910209246152752,-0.0014986017928548697,-0.036447023019098974,0.23258053426432079
4.2999999999999998,11.595561,0.0031718617271674649,0.095986504183657714,0.028256093936072979,0.0091937966912176705,0.021994815645349563,0.00062015775105531926,0.054349813514861796,-0.0015146284282458033,-0.036434619864077866,0.23308053426432079
4.3200000000000003,12.300428,0.0031451043052012641,0.095985929737166381,0.028171865108247651,0.0086417467254724656,0.02210814497053468,0.0012808661216418809,0.054791683171463185,-0.0015307292415868727,-0.03640900254164503,0.23358053426432079
4.3399999999999999,13.598774000000001,0.0031142735176038381,0.095985322318468014,0.028116704588248442,0.00797002834581928,0.022213312729535788,0.0019278550064586817,0.055235655307156899,-0.0015468924001775569,-0.03637044544151586,0.23408053426432079
4.3600000000000003,10.482787,0.0030806386061231171,0.095984689086673722,0.028036960756250728,0.0072383022305890776,0.022310058382229513,0.0025512932353775361,0.055681561801605939,-0.0015631059813847748,-0.036319419576808308,0.23458053426432079
4.3799999999999999,12.976442,0.0030447895099858235,0.095984023537956806,0.027886470864823654,0.0065147552645337115,0.022398574694518333,0.0031410037396513977,0.056129238379031249,-0.001579358407761363,-0.036256599502015277,0.2350805342643208
4.4000000000000004,9.8272069999999996,0.0030068999566834455,0.095983283144527726,0.02784260910205294,0.0056259051064531107,0.022478824687878946,0.0036871515488559672,0.056578520012361612,-0.0015956383859972306,-0.036182856471038159,0.2355805342643208
4.4199999999999999,10.917023,0.002968998277656626,0.095982572572298308,0.027744429344728871,0.0047685414918552382,0.022543951093266873,0.0041812721423893163,0.05702910460281433,-0.0016119300772782861,-0.036099231028190376,0.2360805342643208
4.4400000000000004,14.320805999999999,0.0029311208931939213,0.095981834421371481,0.027583307533855184,0.0039509404122730629,0.022601620668335837,0.0046234504947998377,0.057480843267941478,-0.0016282236699847429,-0.036006762018294378,0.2365805342643208
4.46,15.63668,0.0028933760941587303,0.095981058144736342,0.027520971900591107,0.0030612353970784767,0.022646598434129077,0.0050006843266278463,0.057933482472960124,-0.0016445061247985805,-0.035906748331761822,0.2370805342643208
4.4800000000000004,10.5334,0.0028575386815879789,0.095980287029742192,0.027417260713851643,0.0022253717029396825,0.022682541521204372,0.0053135576994874593,0.058386841754732147,-0.0016607676614916846,-0.035800477177772072,0.2375805342643208
4.5,10.827726999999999,0.0028235490241387451,0.095979496088383603,0.027322362091660501,0.0014204492024578741,0.022708339080725046,0.005557426732383958,0.058840718423225011,-0.0016769983521699634,-0.035689328643124393,0.2380805342643208
4.5200000000000005,11.417389999999999,0.0027920041267946137,0.095978689006585405,0.027204868368465362,0.00068021477559998544,0.022719204683726582,0.0057323022190281722,0.059294814095346947,-0.0016931855429253905,-0.035574682598743829,0.2385805342643208
4.54,11.738950000000001,0.0027629080876047894,0.095977866776838144,0.027138925053053153,-3.692413594702515e-05,0.022725382676739347,0.0058431760978181783,0.059749035120110372,-0.0017093245572868843,-0.035457819076787467,0.2390805342643208
4.5600000000000005,13.044299000000001,0.0027371461825505369,0.095977034980577511,0.027053551150606925,-0.00066822123573651027,0.022722887080269535,0.0058820474889847039,0.060203208153426363,-0.0017254085466434858,-0.035340178127007772,0.2395805342643208
4.5800000000000001,12.595245,0.0027147206197317515,0.095976193968147563,0.026985073528905446,-0.0012319060831122997,0.022707424085837719,0.0058558028491864592,0.060657074004101842,-0.001741428316812134,-0.035223062070024042,0.2400805342643208
4.6000000000000005,11.455367000000001,0.0026957920148092634,0.095975347351994908,0.026927799944008068,-0.0017228089604293118,0.022688397754364962,0.0057714946766673249,0.061110561423001884,-0.001757381935946501,-0.035107632176490697,0.2405805342643208
4.6200000000000001,15.966396,0.0026804792116349981,0.095974494605724006,0.026877368779222088,-0.0021235384435671634,0.02266277111573722,0.0056275531540870786,0.061563538439559813,-0.0017732659004389343,-0.034995081113408953,0.2410805342643208
4.6399999999999997,11.601623,0.0026688293870028379,0.095973637070685749,0.026840606380521326,-0.0024416515280591966,0.022631928872243388,0.0054317101915252559,0.062015900741628584,-0.0017890782202674078,-0.034886446909578449,0.2415805342643208
4.6600000000000001,9.7034870000000009,0.0026608854765310572,0.095972773527233671,0.026811412132382362,-0.0026733973192341054,0.022594540367248738,0.0051895321195472499,0.062467517404154127,-0.0018048164505421356,-0.034782656267187503,0.2420805342643208
4.6799999999999997,9.6906979999999994,0.0026564808335636301,0.095971911267259485,0.026798931117686386,-0.0028169515708746928,0.02255549087936471,0.0049086963320290559,0.06291835513495557,-0.0018204819543465275,-0.03468448234054692,0.2425805342643208
4.7000000000000002,10.130967999999999,0.0026556420033888497,0.095971045818882217,0.026790948741580056,-0.0028796062760907404,0.022513352956714815,0.004593352419627641,0.063368352099345035,-0.0018360754331666806,-0.034592615292154363,0.2430805342643208
4.7199999999999998,12.390272,0.0026580666593318753,0.095970182027191223,0.026802865520707542,-0.0028680715575504223,0.022469822338840935,0.0042519700109416728,0.063817480348487374,-0.0018515990344873346,-0.034507575891935531,0.2435805342643208
4.7400000000000002,10.766446,0.0026636719126107186,0.095969319433112987,0.026760319309065306,-0.0026992357759194618,0.02242595778321237,0.0038911474065027453,0.064265733090231425,-0.0018670558296503461,-0.034429752943805479,0.2440805342643208
4.7599999999999998,11.938618999999999,0.0026717036317717123,0.095968394468463156,0.026844753322928128,-0.0026050860150297339,0.022382354088628608,0.0035174403529041982,0.064713115417759065,-0.0018824494268727763,-0.034359404136747394,0.2445805342643208
4.7800000000000002,11.911866,0.002682948231252388,0.095967539656021533,0.026891076549945492,-0.0023959427036448488,0.022340106416450112,0.0031382576886651295,0.065159654313206777,-0.0018977842477607167,-0.034296638982974088,0.2450805342643208
4.7999999999999998,13.599326,0.0026965689499724118,0.095966680575680141,0.026884911414900348,-0.0020615597079034487,0.022299699660805587,0.0027599842413101776,0.06560538645172688,-0.0019130650420839898,-0.034241439298147887,0.2455805342643208
4.8200000000000003,16.080082000000001,0.0027117477282772406,0.09596578549243652,0.026917153512608483,-0.0017059055479933249,0.022262320315090796,0.0023888722197603022,0.06605037222713793,-0.0019282973106774627,-0.03419366185375268,0.2460805342643208
4.8399999999999999,14.923337,0.0027285859061406898,0.095964877871977439,0.027033014102407549,-0.0014106220922984747,0.022228033888538477,0.0020309088974019172,0.066494673347180344,-0.0019434864827765686,-0.034153043675804642,0.24658053426432081
4.8600000000000003,13.572855000000001,0.0027473118913046556,0.095964025494418778,0.027005656924820709,-0.00092991366965744504,0.022198162702233942,0.0016911674408457058,0.066938377956589315,-0.0019586387278636118,-0.034119220326987727,0.24708053426432081
4.8799999999999999,9.671405,0.0027662110123079916,0.095963116237542292,0.027143681749237203,-0.00057914183881724313,0.022167796205946326,0.0013739076437876245,0.067381476053475733,-0.0019737566638000368,-0.034091742174111976,0.24758053426432081
4.9000000000000004,10.686436,0.0027865187514220647,0.095962265259104562,0.02716795403204264,-9.0266357191559621e-05,0.022147400872025567,0.0010891902401093845,0.06782416685278865,-0.0019888497866766088,-0.034069958369309788,0.24808053426432081
4.9199999999999999,10.694758999999999,0.0028066932988829595,0.09596135714595995,0.027278297927383566,0.00029920361986235378,0.022132850550267959,0.00082948586136644587,0.068266567103969139,-0.0020039245055011256,-0.034053368652082458,0.24858053426432081
4.9400000000000004,11.822853,0.0028272135355498365,0.095960493717626175,0.027329816276661312,0.00074913364323947462,0.022119253326192502,0.00060160296504084445,0.068708695783962256,-0.0020189836359826479,-0.034041336592781642,0.24908053426432081
4.96,14.044148,0.002847151707250241,0.095959618209545017,0.027416069610020077,0.0011619793978470128,0.022109664373536158,0.00041266495958765931,0.069150632948699761,-0.0020340317557304517,-0.034033083293589887,0.24958053426432081
4.9800000000000004,8.6560579999999998,0.0028664752242952398,0.095958734395794804,0.02747228082921449,0.001582662431578008,0.022110541447736543,0.0002617454570955272,0.069592587746241136,-0.0020490774918373008,-0.03402784838444798,0.25008053426432081
5,10.638082000000001,0.0028847931343404264,0.095957836691498655,0.027538398781446816,0.0019715975713170408,0.022109086340568102,0.00014201220075674018,0.070034513519229416,-0.0020641204534667663,-0.034025008140432848,0.25058053426432081
5.0200000000000005,11.509256000000001,0.0029018036838940327,0.095956930803895293,0.027591616180533851,0.0023387941428465453,0.022119099980236655,6.5026282254782803e-05,0.070476639480242437,-0.0020791693129783122,-0.034023707614787756,0.25108053426432081
5.04,11.542458,0.0029173027396617915,0.095956006288630963,0.027659663229158582,0.0026577750974068337,0.022130100800260583,1.8571670290946176e-05,0.070918985342903099,-0.0020942252871702575,-0.034023336181381938,0.25158053426432081
5.0600000000000005,11.812918,0.0029312053943578091,0.095955075218249919,0.027709596197544428,0.0029533576779678938,0.022149050700218692,1.0793807539671265e-05,0.071361709988645064,-0.0021092940237130179,-0.034023120305231143,0.25208053426432081
5.0800000000000001,11.251374,0.0029432452433066861,0.095954106400772191,0.027723987978649056,0.003240554493921799,0.022170326935883489,3.1966573148482551e-05,0.071804859919284217,-0.0021243770456946002,-0.034022480973768171,0.25258053426432081
5.1000000000000005,12.335141999999999,0.002953048913108245,0.095953103126969669,0.027762610178012626,0.0034272831366104484,0.02219654574390776,8.4663333080262914e-05,0.072248533940228885,-0.0021394773875234368,-0.034020787707106565,0.25308053426432081
5.1200000000000001,10.597514,0.0029607907126685618,0.095952126334070631,0.027818430664501292,0.003572558554067129,0.022224747066731752,0.00016416682131515354,0.072692771698859779,-0.0021545958093550878,-0.034017504370680261,0.25358053426432081
5.1399999999999997,9.5589060000000003,0.0029668364603754795,0.095951150859504702,0.027830875489505136,0.0036990139245496323,0.022255544830090512,0.00026934225846835674,0.07313762512199537,-0.0021697332529375833,-0.034012117525510893,0.25408053426432081
5.1600000000000001,12.411179000000001,0.0029706896903569377,0.095950160494683467,0.027866312737321319,0.003757899515260732,0.022287620412243168,0.00039623499201750382,0.073583119786579665,-0.0021848895480989549,-0.034004192825670541,0.25458053426432081
5.1799999999999997,10.877264,0.0029727037158947256,0.095949160824829072,0.027811208748716343,0.0038552359832033645,0.022322062244628793,0.00054187354615380903,0.074029303031894048,-0.0022000650791261542,-0.033993355354747463,0.25508053426432081
5.2000000000000002,11.625299,0.0029721297199578494,0.095948101228367513,0.027881437452455415,0.0037744796332344066,0.022357147093777598,0.00070154125383360385,0.074476187757635703,-0.002215258905765093,-0.033979324529670792,0.25558053426432081
5.2199999999999998,10.240861000000001,0.0029705055050739683,0.095947088696413427,0.027841268441962885,0.0037829228189014685,0.022389894871051075,0.00087263504697878596,0.074923727300171564,-0.0022304679426013376,-0.033961871828731213,0.25608053426432081
5.2400000000000002,11.054595000000001,0.0029669333118891262,0.095946009909488386,0.02788419218202165,0.0036320413573722732,0.022422527637652564,0.0010538144958148271,0.075371919414831318,-0.002245690512073498,-0.033940795538814919,0.25658053426432081
5.2599999999999998,13.250506,0.0029621964801967581,0.095944976906682217,0.027867838615962093,0.0035110778559461764,0.022456467784778542,0.0012370968720177829,0.075820790290391099,-0.0022609258401536593,-0.033916053601374563,0.25708053426432081
5.2800000000000002,9.9454989999999999,0.0029560312493486672,0.095943936876814406,0.027868951234370165,0.003345587743377898,0.022488025912533138,0.0014193196028631715,0.076270292370387141,-0.0022761706378347925,-0.033887667209317296,0.25758053426432082
5.2999999999999998,11.700946,0.002948839483432194,0.095942884599085426,0.027813142867398444,0.0031945209467982849,0.022519327029831348,0.0015991751598248725,0.076720420573607409,-0.0022914230676835986,-0.033855683706120798,0.25808053426432082
5.3200000000000003,10.939593,0.0029403753934598743,0.095941818565686468,0.027827110736156513,0.0029692335450786089,0.022542969363128409,0.0017718775680793458,0.07717102186672456,-0.0023066763205803554,-0.033820246154759211,0.25858053426432082
5.3399999999999999,10.857813,0.0029315652494998003,0.095940752737955326,0.027799697018494829,0.0027605511720052434,0.02257000245850686,0.0019406917047107919,0.077622164078903488,-0.0023219311159280499,-0.033781432320664995,0.25908053426432082
5.3600000000000003,10.502362,0.0029222607108235136,0.095939677834496126,0.027778479693359781,0.0025330078001815082,0.022591029882689642,0.0020928535045136396,0.078073727214866301,-0.002337181909470016,-0.033739575250574722,0.25958053426432082
5.3799999999999999,11.739829,0.0029125786938641448,0.09593859226945757,0.027763807314996836,0.0022802576353901927,0.022613470286486682,0.0022359406399459305,0.078525739563567731,-0.0023524282854508003,-0.033694856437775804,0.26008053426432082
5.4000000000000004,10.803267,0.0029028210603386372,0.095937509993819961,0.02772562839719539,0.0020484743776298941,0.022632319192384804,0.002358890608735181,0.078978129376775133,-0.0023676665831435309,-0.033647678625601099,0.26058053426432082
5.4199999999999999,11.473165,0.0028929842557974777,0.095936422059447302,0.027718907586781416,0.0017895233173570446,0.022649369530374247,0.0024651718427557111,0.079430860738583658,-0.0023828945207706675,-0.033598375188745984,0.26108053426432082
5.4400000000000004,9.6225539999999992,0.0028836385183871735,0.095935330473689101,0.027674768314088549,0.001565619754238412,0.02266013212179932,0.0025525928336967078,0.079883807994455144,-0.0023981069666439954,-0.033547323332072047,0.26158053426432082
5.46,11.269304999999999,0.0028744357019024397,0.095934232084780829,0.027671360836339698,0.0013217496544752905,0.022670961480014438,0.0026234086221770506,0.080336972502606463,-0.002413303226818461,-0.033494855159628509,0.26208053426432082
5.4800000000000004,10.414046000000001,0.0028660354018488435,0.095933135924962262,0.027626684726693718,0.0011190150499329476,0.022678456176124424,0.0026732541673299927,0.080790287624997584,-0.0024284805001074223,-0.033441390076281906,0.26258053426432082
5.5,11.095230000000001,0.0028580275077640916,0.095932034488149659,0.027628238403817562,0.00090092929859419968,0.022683458872722315,0.0027046782996268349,0.081243703561037786,-0.0024436367370076367,-0.03338729651028937,0.26308053426432082
5.5200000000000005,11.482865,0.0028510601194984444,0.095930936021360519,0.027559660171372347,0.00077195036587696109,0.02268675633842324,0.0027174763095288001,0.081697186230826072,-0.0024587705886415998,-0.033332946984098791,0.26358053426432082
5.54,12.422492,0.0028444929219433551,0.095929790854292499,0.027594737455964857,0.00055140193517377867,0.022686591187388808,0.0027109928930397096,0.082150666420293797,-0.0024738797130966768,-0.033278727126237993,0.26408053426432082
5.5600000000000005,12.518917,0.0028393726813579637,0.095928698197674411,0.027504512271391945,0.00047555997409443052,0.022685891253765331,0.0026879880011152647,0.082604133433905227,-0.0024889638888250126,-0.033224967366215691,0.26458053426432082
5.5800000000000001,10.532425999999999,0.0028344549050258387,0.09592756005297759,0.027559343547980397,0.00028598183879591232,0.022681640536127517,0.0026475290057579258,0.083057516284181745,-0.0025040210478923497,-0.033172016786100531,0.26508053426432082
5.6000000000000005,11.915979999999999,0.0028312764022480714,0.0959264793740634,0.027543920598708027,0.00019770976993171985,0.022677536474623113,0.0025932882197394974,0.083510817886809405,-0.0025190517257993217,-0.033120151021705742,0.26558053426432082
5.6200000000000001,11.047257,0.0028290931677327313,0.0959253939064902,0.027545190571558464,0.00011844928712800851,0.0226701788966528,0.0025246846530979743,0.083963973187128171,-0.0025340543347557474,-0.033069657328643781,0.26608053426432082
5.6399999999999997,10.897631000000001,0.0028279110682546634,0.095924311408602109,0.02754151724937115,6.6192301241052576e-05,0.022663686464788453,0.0024456385230523093,0.084416999454818023,-0.0025490301303173102,-0.033020744558182734,0.26658053426432082
5.6600000000000001,9.9586590000000008,0.0028277256153266365,0.095923234140813107,0.027546816484673275,3.6137078955000845e-05,0.022652219172355038,0.0023556933636013303,0.084869797220020873,-0.0025639766081722156,-0.032973630690910707,0.26708053426432082
5.6799999999999997,12.194451000000001,0.0028284733060070094,0.095922158188645149,0.027549581188563543,3.2737353811818082e-05,0.022644779183025231,0.0022620536317556278,0.085322446955918688,-0.002578897274739941,-0.032928389618275593,0.26758053426432082
5.7000000000000002,9.8552029999999995,0.0028302069387323801,0.095921083247430122,0.027560462866022206,4.7910706014064885e-05,0.02263068353200965,0.0021582644437281371,0.085774815590517001,-0.0025937886575518208,-0.032885224329401032,0.26808053426432082
5.7199999999999998,12.090767,0.0028327466834643829,0.095920011357541413,0.027562579206581006,9.3894011849116055e-05,0.022622499227259847,0.0020555447051914047,0.086227021254502753,-0.0026086555998785948,-0.032844113435297202,0.26858053426432082
5.7400000000000002,11.026749000000001,0.0028359699739472647,0.095918932098679341,0.027582117919093818,0.00014275238817518243,0.022613870282439937,0.0019455165714831789,0.086679055027030549,-0.0026234987853416794,-0.032805203103867538,0.26908053426432083
5.7599999999999998,13.021967,0.002839936536986941,0.095917864952040965,0.027591832979902087,0.0002161391188719719,0.022606210680694922,0.0018360470984882091,0.08713093625083633,-0.0026383198550659261,-0.032768482161897775,0.26958053426432083
5.7800000000000002,14.111309,0.0028444055903823376,0.095916795149218304,0.027613718602372828,0.00030027287311717998,0.022599017710349945,0.0017277591032955235,0.087582674220290341,-0.0026531201098830793,-0.032733926979831865,0.27008053426432083
5.7999999999999998,15.507412,0.0028494440251828528,0.095915733454526045,0.027625324157733111,0.00040069484870564054,0.022592980648637004,0.0016225502492999819,0.088034292008728726,-0.0026679012804015716,-0.032701475974845864,0.27058053426432083
5.8200000000000003,13.936579999999999,0.0028547674957337377,0.095914668769846778,0.027658441007387236,0.00049335402566530462,0.022587775681027097,0.00152184651177871,0.088485806217974777,-0.00268266484824527,-0.032671039044610294,0.27108053426432083
5.8399999999999999,11.224007,0.0028604866585456761,0.095913609914435177,0.027621775455982878,0.00065074466605619108,0.022583985254740022,0.0014273084385545392,0.088937245094319176,-0.0026974126250076244,-0.032642492875839202,0.27158053426432083
5.8600000000000003,12.186909999999999,0.0028657859644421056,0.095912536875191676,0.027686264793103987,0.00073016040181883568,0.02258074848048338,0.0013399003000828683,0.089388619677564882,-0.0027121457976228627,-0.032615694869837543,0.27208053426432083
5.8799999999999999,13.578430000000001,0.0028717170433247871,0.095911489849828516,0.027668828810885504,0.00090125713759725556,0.022579439090330486,0.0012614189940455441,0.089839968470028744,-0.0027268663748871904,-0.032590466489956629,0.27258053426432083
5.9000000000000004,15.431511,0.0028773292130717747,0.095910400410001498,0.027729623981444629,0.00096997897101136488,0.022579057957248377,0.0011915060067099487,0.090291310004824737,-0.0027415756326083719,-0.032566636369822433,0.27308053426432083
5.9199999999999999,11.708275,0.0028831461358541834,0.095909358677542522,0.027753787495234938,0.0010814328290651432,0.022580510422632552,0.0011314076790656989,0.090742680915097421,-0.0027562753515938359,-0.032544008216241122,0.27358053426432083
5.9400000000000004,12.129078,0.0028887673165356549,0.095908317206382404,0.027759834826517782,0.0012076931943258984,0.022582769320651279,0.0010812840858622583,0.091194097304573188,-0.0027709665526528945,-0.032522382534523879,0.27408053426432083
5.96,12.073138999999999,0.0028939553363268446,0.095907275019383315,0.027797689026249905,0.001299402916599135,0.022587518473294248,0.0010416899542237906,0.091645608938695028,-0.0027856512577976293,-0.032501548735439402,0.27458053426432083
5.9800000000000004,10.720727,0.0028990743997750574,0.095906232859181234,0.027806857294449649,0.0014063182096180071,0.022588783608081173,0.0010113874772113506,0.092097146163551052,-0.0028003275150320561,-0.032481320985895172,0.27508053426432083
6,11.610554,0.0029036231341115098,0.095905188882299333,0.027833048008143901,0.0014954547977117372,0.022595212273994858,0.00099451422202587701,0.092548812188248522,-0.0028149988890895728,-0.032461430701454658,0.27558053426432083
6.0200000000000005,12.522572,0.0029078757443062107,0.095904134502296151,0.027805695030970856,0.0016089235725234019,0.022599566025542753,0.00098451789156525746,0.093000565532394136,-0.0028296641497554185,-0.032441740343623356,0.27608053426432083
6.04,9.8875159999999997,0.0029111067592655793,0.095903079780665479,0.027859344386791385,0.0016447012063380839,0.022608470584664739,0.00098765882476188225,0.093452497163206957,-0.0028443262758606346,-0.032421987167128116,0.27658053426432083
6.0600000000000005,10.407361999999999,0.0029142826401211976,0.095902042920047045,0.027834902209641577,0.0017545991760012924,0.022618464600652477,0.00099562062096927384,0.093904628860059666,-0.0028589859162886722,-0.032402074754708729,0.27708053426432083
6.0800000000000001,11.504165,0.0029166385367090262,0.095900963169187309,0.027884432366465983,0.0017543200386826996,0.022627952682277064,0.0010112182916759507,0.09435695051310522,-0.0028736426288357808,-0.032381850388875207,0.27758053426432083
6.1000000000000005,10.454148,0.0029187337452994109,0.095899925936708819,0.027896567827269347,0.0017854484823205397,0.022639594829425007,0.001035047275213535,0.094809505186925255,-0.0028882976218365234,-0.032361149443370936,0.27808053426432083
6.1200000000000001,11.45777,0.0029202808073804268,0.095898888306999885,0.027910943394482857,0.0018032939387238045,0.022650821821970514,0.0010640589804802821,0.095262284590633919,-0.0029029503779420445,-0.032339868263761333,0.27858053426432083
6.1400000000000006,11.167672,0.0029213159528190574,0.09589784740151322,0.027875473510729609,0.0018400187368277088,0.022663071719186977,0.001099034248918984,0.09571530918111433,-0.0029176012591325229,-0.032317887578782956,0.27908053426432083
6.1600000000000001,9.7276030000000002,0.0029213980617221625,0.095896799536838648,0.027916043161613224,0.001813291024735264,0.022671849510118719,0.0011382943096191805,0.096168509563481608,-0.0029322476752791319,-0.032295121692590571,0.27958053426432083
6.1799999999999997,10.656245,0.002921451260232816,0.09589576218240238,0.027915213384602566,0.0018077011618951033,0.022684148336402098,0.0011833439989494072,0.096621956134120668,-0.0029468915092999027,-0.03227145481261158,0.28008053426432084
6.2000000000000002,11.984049000000001,0.0029210600693447006,0.095894719689796959,0.027919214163319772,0.0017861711678497372,0.022693208937857545,0.0012281383352843983,0.097075584175509114,-0.0029615302532688967,-0.032246892045905889,0.28058053426432084
6.2199999999999998,10.225199,0.0029201839960589235,0.095893673087398726,0.027927833880112996,0.0017416964029255411,0.022705424301213931,0.0012781089213049356,0.097529456763994063,-0.0029761655018568371,-0.032221329867479789,0.28108053426432084
6.2400000000000002,9.5441409999999998,0.0029189391815646814,0.095892632261871988,0.027921967629317646,0.0017051451467269274,0.022717410451161039,0.0013248763713665269,0.097983569331948725,-0.0029907966558860434,-0.032194832340052458,0.28158053426432084
6.2599999999999998,10.260748,0.0029173008552623747,0.095891591598490852,0.027933124502284912,0.0016447460164128458,0.022729374136170842,0.0013709393837521718,0.098437921443979351,-0.0030054232666391462,-0.032167413552377414,0.28208053426432084
6.2800000000000002,9.9411480000000001,0.002915559196597084,0.095890548838153414,0.02789280986774445,0.0016155606870631445,0.022737228541600072,0.0014153723515120203,0.098892430970290796,-0.0030200422677448759,-0.032139106105347176,0.28258053426432084
6.2999999999999998,9.9373830000000005,0.0029131303513861067,0.095889499201370354,0.027922125819183297,0.0015274280266188711,0.022747623571063198,0.0014596584478840321,0.099347148710038607,-0.0030346548791114966,-0.032109912936389498,0.28308053426432084
6.3200000000000003,11.46702,0.0029109473120370699,0.095888461661892965,0.027909751797668747,0.0014760413828556196,0.022756908296531583,0.0014991710955164473,0.099802052480826756,-0.0030492599949764119,-0.032079929514479168,0.28358053426432084
6.3399999999999999,10.452344999999999,0.0029085955002044091,0.095887419385922185,0.027907127257689623,0.0014107146717181607,0.02276559031423794,0.0015357586881191451,0.10025713024575916,-0.0030638568715741902,-0.032049214340716788,0.28408053426432084
6.3600000000000003,11.366132,0.0029061609354323649,0.095886373965115596,0.027911746705270524,0.0013287407887521141,0.022774108967431247,0.0015684429202074985,0.10071237874924623,-0.0030784450783509329,-0.032017845482312637,0.28458053426432084
6.3799999999999999,11.683087,0.0029037591185633788,0.095885338490538263,0.027898713472139125,0.0012670688975102706,0.022781292280438334,0.0015957960277485984,0.10116777130681172,-0.0030930234767767074,-0.031985929561757664,0.28508053426432084
6.4000000000000004,10.807693,0.002901301543056786,0.095884304814060059,0.027908640690780917,0.0011860896148139233,0.022788670628429319,0.0016187364653283654,0.10162331182432406,-0.0031075919533272932,-0.031953554832451096,0.28558053426432084
6.4199999999999999,11.113291,0.0028991253250200137,0.09588327061282062,0.027875581148053552,0.0011381484750394577,0.022792001996239628,0.0016358029259810544,0.10207891940911161,-0.0031221477316538504,-0.031920838773931474,0.28608053426432084
6.4400000000000004,13.498884,0.0028967016092172914,0.095882232972036574,0.027894030116985657,0.0010590778921226729,0.022797404283659766,0.0016496500621602757,0.1025346354626404,-0.003136691987743316,-0.031887845772688266,0.28658053426432084
6.46,12.091526999999999,0.0028947597817555642,0.095881200991317139,0.027895391499924926,0.00099678989607010493,0.022801249821638937,0.0016561761430161021,0.10299042886842874,-0.0031512236294738145,-0.031854722249827945,0.28708053426432084
6.4800000000000004,10.919140000000001,0.0028930622494708924,0.095880172864314051,0.027886300580139523,0.00094501508574484916,0.022804494491849549,0.0016585321804208865,0.10344628761616506,-0.0031657422287104261,-0.031821551606219529,0.28758053426432084
6.5,9.9837089999999993,0.0028914677298436638,0.095879148840697051,0.027893869808243377,0.00088806051688550269,0.022807792798753668,0.0016559652926204068,0.10390221277764621,-0.003180247816211183,-0.031788432300367118,0.28808053426432084
6.5200000000000005,11.966965999999999,0.0028902234499394398,0.095878123927650202,0.027844799730026182,0.00087776210050094505,0.022809691228536592,0.0016475727656778329,0.1043581763675096,-0.003194739548176426,-0.031755480845053564,0.28858053426432084
6.54,12.148147,0.0028886967900340621,0.095877093235496202,0.027882017873719356,0.00080651689176391983,0.022812213695176733,0.001635208940777838,0.10481419085678355,-0.0032092179127935928,-0.03172277666623801,0.28908053426432084
6.5600000000000005,12.060744,0.0028879738640366151,0.095876082906840743,0.027844731579224735,0.00082525810864453319,0.022811771216018177,0.0016177161331677036,0.10527019697165131,-0.0032236811630502612,-0.031690422343574658,0.28958053426432084
6.5800000000000001,11.822699999999999,0.0028872265331117597,0.095875033675992427,0.027882582463508054,0.000753013688177262,0.022812886560486207,0.0015978348339576163,0.10572622584705689,-0.0032381304566305967,-0.031658465646895506,0.29008053426432084
6.6000000000000005,12.052205000000001,0.002887053629543064,0.095874030521815257,0.027887255210757189,0.00072828115208345423,0.02281400175847579,0.0015734428096599638,0.10618227747325504,-0.0032525659939023305,-0.031626996790702307,0.29058053426432084
6.6200000000000001,10.863213999999999,0.0028871535243872211,0.095873030386608188,0.027877972761968906,0.00072490781577361219,0.022814259370969647,0.0015460535187569711,0.10663833469922314,-0.003266987467496717,-0.031596075720327167,0.29108053426432084
6.6400000000000006,11.949831,0.0028873797907971511,0.095872032628151735,0.027897429390822737,0.00070614582400896353,0.02281511209548865,0.0015166259725812343,0.10709440941264727,-0.0032813955120200061,-0.031565743200875546,0.29158053426432085
6.6600000000000001,11.815602,0.0028881087998319519,0.095871036439979462,0.02788234618455121,0.00071926555364498768,0.022811853864173795,0.0014849115516777454,0.10755041942613418,-0.0032957878116220167,-0.031536044969841991,0.29208053426432085
6.6799999999999997,11.508599,0.0028888073494490888,0.09587003996201035,0.027908058170342365,0.00071010090470657872,0.022811975498833743,0.0014544646781722047,0.10800643229395265,-0.003310166784037311,-0.031506955676278543,0.29258053426432085
6.7000000000000002,11.302224000000001,0.0028900309651956899,0.095869048796813142,0.027862642703706531,0.00078159809967903726,0.022809026160300581,0.0014207517584810946,0.10846238661748749,-0.003324530787741275,-0.031478540641108922,0.29308053426432085
6.7199999999999998,9.6734240000000007,0.0028909239045860255,0.095868009984004007,0.027919726053141858,0.00074132991493769396,0.022809477624146805,0.0013905553526791063,0.10891835036946609,-0.0033388822572192707,-0.031450729534055338,0.29358053426432085
6.7400000000000002,12.994624999999999,0.0028924966455237703,0.095867028835595974,0.027892884413237784,0.00078141636774731182,0.022810267151422245,0.0013570039439758583,0.10937433029833102,-0.0033532216951455292,-0.031423589455175822,0.29408053426432085
6.7599999999999998,11.133143,0.0028938148068514006,0.095866043691739317,0.027928454983428885,0.0007791885839525392,0.022810216033749966,0.0013237825070489457,0.10983030958959265,-0.0033675488771112835,-0.031397113805034842,0.29458053426432085
6.7800000000000002,12.086251000000001,0.0028955583855009653,0.095865070613600251,0.027924326336983718,0.00082708371681583515,0.022811766164050375,0.0012924305591836139,0.11028632024286683,-0.0033818651025142809,-0.031371265193851167,0.29508053426432085
6.7999999999999998,10.858997,0.0028973443185858973,0.095864075626295439,0.027947271684539476,0.00083580953181705553,0.022811923524707289,0.0012617047109466149,0.11074233440731386,-0.003396169779459854,-0.031346031099632236,0.29558053426432085
6.8200000000000003,14.043929,0.0028992445205804291,0.095863104729718873,0.02792474403247347,0.00088727634639163,0.022814174388382444,0.0012338944091665294,0.1111983939237826,-0.0034104644864420852,-0.031321353211448903,0.29608053426432085
6.8399999999999999,13.457836,0.002900900309578324,0.095862131990166591,0.027960777108120727,0.00089214163917539224,0.022812473920800533,0.0012071858271252942,0.11165441979637691,-0.0034247469960069351,-0.0312972094949064,0.29658053426432085
6.8600000000000003,11.903644999999999,0.0029028145728881767,0.095861170208095606,0.027969686364691437,0.00093101966516417889,0.022815626774003388,0.001187402064429349,0.11211050903705506,-0.0034390205580669686,-0.031273461453617812,0.29708053426432085
6.8799999999999999,9.2696120000000004,0.00290480885793108,0.095860204809848998,0.027976611608529378,0.00096718910673310177,0.022816261562266151,0.0011659363235059148,0.1125666113030741,-0.0034532837836277232,-0.031250142727147691,0.29758053426432085
6.9000000000000004,10.24286,0.0029066752287372748,0.095859233700825261,0.027959225986949665,0.001012535527934233,0.022819750733459869,0.0011487665591602837,0.11302278364849969,-0.0034675386313581325,-0.031227167395964484,0.29808053426432085
6.9199999999999999,10.278057,0.0029081761506924769,0.095858268792135409,0.027994597825981682,0.0010128917638567714,0.022822551377929986,0.0011325276115767937,0.11347901230460292,-0.0034817848206572717,-0.031204516843732946,0.29858053426432085
6.9400000000000004,11.655225,0.0029098569576344706,0.095857315787923211,0.027956770664661512,0.0011065122595885768,0.022826953541833894,0.0011208222474870379,0.11393532928205431,-0.0034960234754408039,-0.031182100398783205,0.29908053426432085
6.96,11.761825,0.00291114242163592,0.09585630330570015,0.028013863703594488,0.0010691522550168031,0.022829066279182679,0.0011104999456433434,0.114391688811323,-0.0035102532652280449,-0.031159890399870337,0.29958053426432085
6.9800000000000004,10.185817999999999,0.0029127142515437258,0.095855357266021485,0.027988529986183064,0.0011088427074801288,0.02283392315794756,0.0011045953347091474,0.11484814574613834,-0.0035244759714473631,-0.031137798493176154,0.30008053426432085
7,11.351514,0.0029137443555025139,0.095854408591597343,0.028023207201021361,0.001099407129315999,0.022839023943176932,0.0010994222673621234,0.11530470496060197,-0.0035386917921821663,-0.031115810047828912,0.30058053426432085
7.0200000000000005,9.9466950000000001,0.0029149347016482912,0.095853469265883243,0.027984532528135819,0.0011807291640826278,0.022844181421855552,0.0010974191692586478,0.1157613675869329,-0.003552900790964745,-0.03109386166444374,0.30108053426432085
7.04,11.426399999999999,0.0029156825857391266,0.095852470567186168,0.028039113768372648,0.0011294849972571797,0.022847395570113373,0.0010981862446672122,0.11621809477704161,-0.0035671017610125048,-0.031071897939550397,0.30158053426432085
7.0600000000000005,12.152259000000001,0.0029166542697757632,0.095851535704218421,0.028015933528358961,0.0011569030788454171,0.022853189184913303,0.0011022175382230709,0.1166749380959234,-0.0035812962797307562,-0.031049853588785935,0.30208053426432085
7.0800000000000001,11.779425,0.0029172131679106061,0.095850599514069393,0.028044890914923126,0.0011432636350372505,0.022855298768738402,0.0011060180965123977,0.11713182389949649,-0.0035954820196370495,-0.031027733226855689,0.30258053426432086
7.1000000000000005,10.921905000000001,0.0029178457001967579,0.095849668418401382,0.02805207392704423,0.0011430765042961255,0.022861880462333454,0.0011164166369569092,0.11758884158878483,-0.0036096616877275265,-0.031005404894116552,0.30308053426432086
7.1200000000000001,11.788161000000001,0.0029183762482689899,0.095848735717722622,0.028048298544233408,0.0011512291357558269,0.022865724008611785,0.0011234232945684479,0.11804593642956633,-0.0036238335015188914,-0.030982936428225184,0.30358053426432086
7.1400000000000006,11.736783000000001,0.0029186458590839586,0.095847799437104725,0.028064389344533147,0.0011352611405062163,0.022872026932879416,0.0011328835237222404,0.11850315758802106,-0.0036379989054543802,-0.030960278757750738,0.30408053426432086
7.1600000000000001,10.467696,0.0029189539447495106,0.095846868563002369,0.028048619910924,0.0011629104638011256,0.022874525235915606,0.00114105183212753,0.11896042901060279,-0.0036521554586188081,-0.030937457721108189,0.30458053426432086
7.1799999999999997,11.996207999999999,0.0029189021292912506,0.095845887356452955,0.028033895858496471,0.0011749152032614063,0.022881250619521697,0.0011546413873180141,0.11941783520140993,-0.003666305673339758,-0.030914364893361829,0.30508053426432086
7.2000000000000002,12.522722999999999,0.0029186218868049139,0.095844897852668531,0.028022033189812667,0.0011653441117394081,0.02288540010939074,0.0011636214196695006,0.11987532467030711,-0.0036804478483823274,-0.030891092464968437,0.30558053426432086
7.2199999999999998,11.153261000000001,0.0029180766611244702,0.095843931730206749,0.028066820295011841,0.0010965663125857006,0.022891509076938248,0.0011740326976585455,0.1203329365907789,-0.0036945831011192731,-0.030867611811015265,0.30608053426432086
7.2400000000000002,11.853187,0.0029178672670907677,0.09584301968943576,0.02803045360785239,0.0011028661995302613,0.022897594800890882,0.0011827843399187458,0.12079067050080837,-0.0037087113237763486,-0.030843956124216889,0.30658053426432086
7.2599999999999998,13.655675,0.0029171709348337241,0.095842100737064742,0.028067668633691589,0.0010534771982975144,0.022902760640781502,0.0011909648978728302,0.12124850801377191,-0.0037228318659378876,-0.030820136826259434,0.30708053426432086
7.2800000000000002,10.426899000000001,0.0029168531574318549,0.095841194242776734,0.028060458218465367,0.0010457849357141669,0.022908728547158863,0.0011992200602533427,0.12170646516559987,-0.0037369451415528122,-0.030796152425054367,0.30758053426432086
7.2999999999999998,10.900876,0.002916462298576881,0.095840283891790973,0.028061888748271535,0.0010278097140385967,0.022912804451311167,0.0012057827875496278,0.12216450413618044,-0.0037510499123451588,-0.030772036769303374,0.30808053426432086
7.3200000000000003,12.616699000000001,0.0029160426721063725,0.09583936912091244,0.028072336225844374,0.00099414604861092215,0.022915263808165928,0.0012139476190659267,0.12262259261179353,-0.0037651451125778369,-0.030747757816922055,0.30858053426432086
7.3399999999999999,11.039863,0.0029156887068657522,0.09583846660319674,0.028079226907939514,0.00096890543344585467,0.022916503430411746,0.0012224694972291334,0.123080706211424,-0.0037792299137493477,-0.030723308426977472,0.30908053426432086
7.3600000000000003,10.659397,0.0029153386758926235,0.095837563775744553,0.028045171773356081,0.00097293450083668631,0.022921292870935368,0.0012297493195795003,0.12353891589994852,-0.00379330642227753,-0.030698713440585883,0.30958053426432086
7.3799999999999999,12.849762,0.0029146749928842964,0.095836657192200039,0.028077003954872115,0.00092400685968829777,0.022922618771533988,0.0012315404680454047,0.12399715244032546,-0.003807372466547746,-0.030674082631224973,0.31008053426432086
7.4000000000000004,12.459524999999999,0.0029143769031700923,0.095835760645515217,0.028071567778972462,0.00091365671616383537,0.022926864665071416,0.0012336778129658369,0.12445547420527826,-0.0038214298176049363,-0.030649409074965658,0.31058053426432086
7.4199999999999999,11.949840999999999,0.0029140891776350338,0.095834862553370315,0.028074815953256227,0.00089531698367473211,0.022930093348267837,0.0012320705937860455,0.12491386086007152,-0.0038354778456358095,-0.030624767663089938,0.31108053426432086
7.4400000000000004,12.452916,0.0029138444522161314,0.095833963095561775,0.028083620912469964,0.00086723429307511424,0.022933115668478662,0.0012300037342988647,0.12537230827868229,-0.0038495164379668701,-0.030600167588403962,0.31158053426432086
7.46,13.675129999999999,0.0029136687488474553,0.095833072479639486,0.028082284137862512,0.00085435784830245609,0.022936692020696051,0.0012267552222296884,0.12583082753563499,-0.003863545954866608,-0.030575632483959368,0.31208053426432086
7.4800000000000004,12.232858,0.0029135194853266819,0.095832183932289386,0.028095282151132661,0.00082968928346449644,0.022940475074803259,0.0012212540994226192,0.12628942276164071,-0.0038775665592694149,-0.030551207401970915,0.31258053426432086
7.5,13.305770000000001,0.0029135820614754459,0.095831295589391768,0.028113495085790863,0.00080194291685664609,0.022941085119970759,0.0012142592400497582,0.12674803052419842,-0.0038915763670664245,-0.030526922217169919,0.31308053426432086
7.5200000000000005,10.372165000000001,0.0029137852015765843,0.095830404706520503,0.028078735021319634,0.0008373199407323284,0.02294424535050275,0.0012080042688661569,0.12720670180116231,-0.003905576994550259,-0.030502762131792597,0.31358053426432086
7.54,13.13664,0.0029137149684567332,0.095829478166180398,0.028054721605588195,0.00085094163788745902,0.022946642771717225,0.0011985729671688823,0.12766542134106679,-0.0039195680455096638,-0.03047879067244922,0.31408053426432087
7.5600000000000005,12.32832,0.0029134776138461048,0.095828554154461273,0.028104745631194028,0.00078900380896307354,0.02294906628478368,0.0011889861703951036,0.12812418966265238,-0.0039335496207749867,-0.030455010949041319,0.31458053426432087
7.5800000000000001,11.251716,0.0029137980694149044,0.095827681427448796,0.028037597045524443,0.00084906719284028043,0.022951969124010069,0.0011786700514893819,0.12858301634502839,-0.0039475221011423976,-0.030431437548011531,0.31508053426432087
7.6000000000000005,9.7000770000000003,0.0029134841496993116,0.095826760965813787,0.028103356479781016,0.00077941278793769442,0.022954471254668356,0.0011669592280847214,0.12904189337448196,-0.0039614853411828752,-0.030408098363449838,0.31558053426432087
7.6200000000000001,11.343515,0.0029139400933418215,0.095825900795978233,0.028061484359373168,0.00083979300934622358,0.022957788805885882,0.0011550535223808596,0.12950083704841422,-0.0039754399425679793,-0.03038499729300222,0.31608053426432087
7.6400000000000006,12.647648999999999,0.0029140833018011358,0.095824984457506659,0.028111352105754772,0.00077860912998684029,0.022962267827029582,0.0011421037975777521,0.12995987058188921,-0.0039893867217506672,-0.030362155217050664,0.31658053426432087
7.6600000000000001,9.8818680000000008,0.0029147065802773773,0.095824129969027214,0.028107641726192956,0.00078115283753632525,0.022963446230867414,0.0011279516810206143,0.13041892798906796,-0.004003323795815839,-0.03033959618343025,0.31708053426432087
7.6799999999999997,10.766199,0.0029153070528921982,0.095823278163242098,0.028124128171796325,0.00077043133712351164,0.022962536546424953,0.0011172856417791747,0.13087796752372929,-0.0040172500112479487,-0.030317250470594668,0.31758053426432087
7.7000000000000002,11.845128000000001,0.0029159940676730303,0.095822427205665056,0.028059014818817118,0.00084015226770794982,0.02296582178575712,0.0011082941680017853,0.13133707304283121,-0.0040311680013408761,-0.030295084587234632,0.31808053426432087
7.7199999999999998,9.9806010000000001,0.0029161245800201903,0.095821531724690531,0.02812375524288413,0.00078309382153562979,0.022963269110132817,0.001095350114780475,0.13179612783842168,-0.0040450743285029567,-0.030273177584939023,0.31858053426432087
7.7400000000000002,11.1951,0.0029169311182120736,0.095820692610963806,0.028119307804634452,0.00079797861602681763,0.022966366941768571,0.0010876188156101899,0.13225524486573831,-0.0040589725093022871,-0.030251425208626819,0.31908053426432087
7.7599999999999998,11.358586000000001,0.0029177503297613235,0.095819849244991817,0.028124898427689615,0.00080808167892865157,0.022965719200971534,0.0010752908893985292,0.13271434924465983,-0.0040728603681089914,-0.030229919390838848,0.31958053426432087
7.7800000000000002,11.971028,0.0029185207783617361,0.095819002257264987,0.028137795598298432,0.00080094521611417946,0.022969227300430304,0.0010681596232958437,0.13317352405111083,-0.0040867405061564901,-0.03020855619837293,0.32008053426432087
7.7999999999999998,10.677144999999999,0.0029193194962563265,0.095818165792570922,0.028147614650118058,0.00080507722132594495,0.022972079287852998,0.001057012381478314,0.13363275616617759,-0.0041006126081701627,-0.030187415950743365,0.32058053426432087
7.8200000000000003,12.296487000000001,0.0029201519698166759,0.095817328915895561,0.028117922004005536,0.00083647986592705337,0.022975997791494084,0.0010467609801246246,0.13409206690737205,-0.004114477413588574,-0.030166480731140873,0.32108053426432087
7.8399999999999999,9.8641880000000004,0.0029206956061423651,0.095816489490719262,0.02815156823889442,0.0008203571217233474,0.022974181847542789,0.0010363791858615486,0.13455134163492394,-0.0041283315558470705,-0.03014575314742364,0.32158053426432087
7.8600000000000003,15.630418000000001,0.0029215350113517132,0.095815659083045041,0.028148844317469557,0.00083563287064603031,0.022977858949765475,0.0010317525437655824,0.1350106901575531,-0.0041421784155823583,-0.030125118096548328,0.32208053426432087
7.8799999999999999,16.800494,0.0029222943222208739,0.095814827317321813,0.028153660855548601,0.00084523603603248176,0.022980802530742847,0.0010232518107795589,0.1354700978095649,-0.0041560176083267012,-0.030104653060332737,0.32258053426432087
7.9000000000000004,13.241243000000001,0.0029230088390531429,0.095813991613572499,0.028166870299795921,0.00083823980283970201,0.022983909606713114,0.0010163800136255682,0.13592956785713112,-0.0041698493006785062,-0.030084325460060225,0.32308053426432087
7.9199999999999999,10.640803,0.0029237127349439037,0.095813168366822299,0.028176285510114418,0.00084012280065248746,0.022987763177197442,0.0010106840414186432,0.13638911522153857,-0.0041836739967883304,-0.03006411177923185,0.32358053426432087
7.9400000000000004,10.589542,0.0029244140020828068,0.095812345426408402,0.028150791694765864,0.00086652559168776122,0.022992035883474597,0.0010048294585402846,0.13684874828002666,-0.0041974919985132836,-0.030044015190061044,0.32408053426432087
7.96,14.358912999999999,0.0029247964561513666,0.095811520909825393,0.028183089600464228,0.0008443535011979364,0.022993444363327651,0.00099964965779910839,0.1373084097722943,-0.0042113016329058083,-0.030024022196905063,0.32458053426432087
7.9800000000000004,13.545553,0.002925435376741628,0.095810704726476986,0.028141871047220768,0.00091355567839190854,0.022997471791062634,0.00099709409301901026,0.13776815205248993,-0.0042251045062589466,-0.030004080315044684,0.32508053426432082
8,11.974726,0.0024845061984851442,0.095809829192391782,0.026495470122386955,-0.0053290962168492939,0.023000871961530302,0.0009935233470996748,0.13822796258017894,-0.0042389002672976453,-0.02998420984810269,0.32508053426432082
8.0199999999999996,10.348413000000001,0.0021110774753525983,0.095811129069638304,0.024806817862902619,-0.011010831642826346,0.023004326346123042,0.00099129609846939195,0.1386878424382563,-0.0042526889724697654,-0.029964383926133303,0.32508053426432082
8.0400000000000009,11.214769,0.0018040823033887261,0.095814265710139193,0.023205902891620056,-0.016058871197994762,0.023008518020482774,0.00098991232955346147,0.13914780636530572,-0.0042664710772740717,-0.029944585679542234,0.32508053426432082
8.0600000000000005,11.581988000000001,0.0015631851029663105,0.095818937347037322,0.021643089156723416,-0.020697299106090306,0.023013061802340331,0.00098810554117922012,0.13960786139980161,-0.0042802468038361042,-0.029924823568718648,0.32508053426432082
8.0800000000000001,10.203309000000001,0.0013898748341134796,0.095824931579137296,0.020072212263839262,-0.024865242521744158,0.02301505862971474,0.00098655140585692056,0.14006795662491028,-0.0042940146404087127,-0.029905092540601509,0.32508053426432082
8.0999999999999996,16.763933000000002,0.0012848941667280372,0.095832414382530026,0.018708527347577331,-0.028213118098867618,0.02301950480562057,0.00098702528299551059,0.14052814100543268,-0.0043077760546389125,-0.029885352034941599,0.32508053426432082
8.120000000000001,13.700962000000001,0.0012409423958692856,0.095840850858897708,0.017267965266012819,-0.031418925419682608,0.02302012383583231,0.00098584905289133455,0.14098833803244046,-0.0043215287598285359,-0.02986563505388377,0.32508053426432082
8.1400000000000006,17.970395,0.0012502516606024989,0.095850621431488162,0.01601384692828578,-0.034232054377847376,0.022885618450264926,0.00098980375048718871,0.14144584642219768,-0.0043351920699027892,-0.029845838978874027,0.32508053426432082
8.1600000000000001,9.7415620000000001,0.0012925749217889883,0.095861147817002251,0.014805052377454775,-0.036424286882990486,0.022626070497988017,0.00053740941142030123,0.14189816637250582,-0.0043486935152035949,-0.02983509079064562,0.32508053426432082
8.1799999999999997,11.651729,0.0013507635835029244,0.095872608265553924,0.013740190185420609,-0.038293977479542995,0.022261214599913561,-0.00030128667608185728,0.14234319248484761,-0.0043619761926188255,-0.029841116524167256,0.32508053426432082
8.1999999999999993,10.279655,0.0014087328636381959,0.09588483901099723,0.012761504884898578,-0.039600494305519263,0.021804734842353568,-0.0014553813289416746,0.14277909283721754,-0.0043749941579714563,-0.02987022415074609,0.32508053426432082
8.2200000000000006,11.858029,0.0014559544141057191,0.09589765548808378,0.01192186111800142,-0.040430225891992855,0.021265156216820978,-0.0028748592678530865,0.14320420587615498,-0.0043877083899845105,-0.029927721336103153,0.32508053426432082
8.2400000000000002,11.268544,0.0014861647309162783,0.095911083429912933,0.011190556158172882,-0.040726124213072978,0.020667807411891056,-0.0045084433440168515,0.14361737636510016,-0.0044000959785637688,-0.03001789020298349,0.32508053426432082
8.2599999999999998,12.444751,0.0014958750953411135,0.095925020325800983,0.010574084369944003,-0.040520766919721396,0.02001217400820015,-0.0062825813048521442,0.14401743877886627,-0.0044121337734374577,-0.030143541829080533,0.32508053426432082
8.2799999999999994,10.419764000000001,0.0014836661855257311,0.095939401894323095,0.010076062763440419,-0.039848710911971175,0.01931939467027655,-0.0081779412377818942,0.14440365018950579,-0.004423810693502536,-0.030307100653836169,0.32508053426432082
8.3000000000000007,11.526026999999999,0.001449567254945817,0.095954180703079359,0.0096818420382671633,-0.038712987824465195,0.018596911881061291,-0.010158112588403431,0.14477541647697859,-0.0044351191020325642,-0.030510262905604237,0.32508053426432082
8.3200000000000003,16.266614000000001,0.0013948251442206351,0.095969300524186382,0.0093176013004838687,-0.037645863261620782,0.017859511265582228,-0.012172329931533672,0.14513243913628107,-0.0044460588370734333,-0.030753709504234911,0.32508053426432082
8.3399999999999999,16.191497999999999,0.0013186397029815965,0.095984632038158685,0.0091215842481600085,-0.035711555844051723,0.017115758038253215,-0.014194859422321453,0.14547459093299564,-0.0044566332067755331,-0.031037606692681342,0.32508053426432082
8.3599999999999994,12.112603999999999,0.0012270235726391562,0.096000186700605505,0.009123431266736759,-0.032877432393867423,0.016377695388409386,-0.016184025352837032,0.14580198543230921,-0.0044668510496706365,-0.031361287199738082,0.32508053426432082
8.3800000000000008,14.612024999999999,0.0011269894697706838,0.096016065890240115,0.0090382939374058502,-0.030691018188953478,0.015653640327797279,-0.018107118107733584,0.14611490251052062,-0.0044767244669335913,-0.031723429561892752,0.32508053426432082
8.4000000000000004,9.88931,0.0010176573752698637,0.096032055699786539,0.0091615479758777596,-0.027563516556560863,0.014951608747039553,-0.019929343411380227,0.14641378233249963,-0.0044862687669922499,-0.032122016430120359,0.32508053426432082
8.4199999999999999,12.264220999999999,0.00090881442207145318,0.096048237680573967,0.0092735714841727379,-0.024647327380561634,0.014279109563333083,-0.02162050328592089,0.14669921521148185,-0.0044955023775853,-0.032554426495838777,0.32508053426432082
8.4399999999999995,22.059298999999999,0.00080544060175228964,0.096064520950741611,0.0093350707132411337,-0.022018965315818484,0.013641697075830964,-0.023154847909268937,0.14697190252878192,-0.0045044459019007938,-0.033017523454024159,0.32508053426432082
8.4600000000000009,11.805415999999999,0.00071490731961175522,0.096080798854656521,0.0096388000014200337,-0.018406475802923872,0.013038312804552362,-0.02450848902044871,0.14723252454213481,-0.0045131180683909882,-0.033507693234433131,0.32508053426432082
8.4800000000000004,18.060351000000001,0.0006512868894696538,0.096097192298329831,0.0097762046380136525,-0.015602682467694251,0.012479345204736484,-0.025697947949761175,0.14748196918858061,-0.004521543687366264,-0.034021652193428356,0.32508053426432082
8.5,12.758587,0.00062162179915664477,0.096113534255817798,0.010130445315229331,-0.011996810173803496,0.011976572703783092,-0.02667032420840839,0.14772135984892573,-0.0045297552177433701,-0.034555058677596527,0.32508053426432082
8.5199999999999996,11.634906000000001,0.00063033728235775525,0.096129977442589679,0.010434238191987077,-0.0086879115930988959,0.011517225278484819,-0.027373702434584254,0.14795156465949111,-0.0045377762176004198,-0.035102532726288209,0.32508053426432082
8.5400000000000009,10.231455,0.00066985493280495611,0.096146362768348786,0.010679873166573373,-0.0057238377761468229,0.011114044382119676,-0.027872538304716671,0.1481737064323243,-0.004545639154304745,-0.035659983492382544,0.32508053426432082
8.5600000000000005,14.941497999999999,0.00072941703867487146,0.096162601419909899,0.010918944183305967,-0.0030325100404784422,0.010760477313526747,-0.028111102387816254,0.14838877699377054,-0.0045533723557874533,-0.036222205540138872,0.32508053426432082
8.5800000000000001,15.384328999999999,0.00079918899822723161,0.09617874888205033,0.011162662403524592,-0.00061270163079196749,0.01044740490366863,-0.028121410786705391,0.14859758589566816,-0.0045609979821087067,-0.036784633755872979,0.32508053426432082
8.5999999999999996,16.200862999999998,0.00087134871465457877,0.0961948457527321,0.011356214845136492,0.001599717498051767,0.010190638371185536,-0.027939030695895893,0.14880125868605021,-0.0045685503739748036,-0.037343414369790898,0.32508053426432082
8.620000000000001,23.003221,0.00093968797864344919,0.096210844010519242,0.011514332602711175,0.003788616642577125,0.0099708879113238232,-0.027504333118334827,0.14900053535805929,-0.004576050393245378,-0.037893501032157592,0.32508053426432082
8.6400000000000006,19.656493000000001,0.00099902981865236467,0.096226710586377967,0.011619755239925755,0.0054525333560020428,0.0098022303190256326,-0.02689247324556579,0.14919643722495027,-0.0045835301151330513,-0.03843135049706891,0.32508053426432082
8.6600000000000001,16.573376,0.0010473531330961511,0.096242430364556042,0.011705278179805045,0.0066664662711772849,0.0096754044067174794,-0.026056133906685541,0.1493898004841539,-0.0045910154450227681,-0.038952473175202618,0.32508053426432082
8.6799999999999997,14.626688,0.0010835058618546714,0.096258045764716069,0.011789140918911034,0.0075383965465301017,0.0095814450406412188,-0.025031310044104162,0.14958128215057681,-0.0045985259077675608,-0.039453099376084703,0.32508053426432082
8.7000000000000011,14.985281000000001,0.0011066191933743062,0.096273614030457144,0.011804743626528058,0.0082927870224800415,0.0095165184597344864,-0.023855200066179527,0.1497714626136343,-0.0046060784509831722,-0.039930203377408297,0.32508053426432082
8.7200000000000006,24.417079000000001,0.0011153446027706152,0.096289070435583574,0.011794252946939032,0.0091232928719975348,0.0094780949926210074,-0.022557366956396381,0.14996087170102679,-0.0046136884108259422,-0.040381350716536223,0.32508053426432082
8.7400000000000002,15.000182000000001,0.0011078094720935979,0.096304383007673994,0.011674989468264396,0.0088087837150370163,0.0094594020215057733,-0.021165401135179691,0.15014990389158647,-0.0046213660129249034,-0.040804658739239816,0.32508053426432082
8.7599999999999998,12.988356,0.0010892833984908589,0.096319567652347726,0.011582194769828913,0.0086326599172892315,0.0094555544332780416,-0.019700450291884594,0.15033885604175401,-0.0046291177097284005,-0.041198667745077508,0.32508053426432082
8.7799999999999994,11.745286999999999,0.0010581689910164358,0.096334689278497587,0.011434506685322976,0.0081975967620353529,0.0094607409509416159,-0.018168881414748768,0.15052790888441261,-0.0046369452520649774,-0.041562045373372485,0.32508053426432082
8.8000000000000007,9.7860329999999998,0.0010157631459420397,0.096349708650559307,0.011253888662197564,0.0077660162594028748,0.0094724233211403996,-0.01661329353360692,0.15071719243706128,-0.0046448482974685758,-0.041894311244044621,0.32508053426432082
8.8200000000000003,9.7692820000000005,0.00096230102227299187,0.096364587581962841,0.011019976093102013,0.0065818844447838032,0.0094898140579955364,-0.015068092939605617,0.15090682098376854,-0.0046528259296880438,-0.042195673102836735,0.32508053426432082
8.8399999999999999,11.105273,0.0009026495183761256,0.096379400929836351,0.010771447036826309,0.0054892192870603651,0.0095067411200008348,-0.01355760524871313,0.15109678547701702,-0.004660872170669344,-0.042466825207810997,0.32508053426432082
8.8599999999999994,20.356361,0.00083719408525532979,0.096394119797611921,0.010534158172821328,0.0046965355010319954,0.009521110427783688,-0.012088207143434998,0.15128703502607169,-0.0046689793647411576,-0.042708589350679699,0.32508053426432082
8.8800000000000008,10.019142,0.00076588824406844834,0.096408718765937387,0.01019202338855596,0.0027639130534558021,0.0095242552619057511,-0.010651720434376347,0.1514773455656796,-0.0046771325133181437,-0.042921623759367228,0.32508053426432082
8.9000000000000004,17.822897000000001,0.00069673261806587456,0.096423257301565091,0.0099140558351695773,0.001688779355259129,0.009519472381942529,-0.0093297053669905358,0.15166755890325698,-0.0046853195750561002,-0.043108217866707037,0.32508053426432082
8.9199999999999999,11.148375,0.00062820419891959395,0.096437684483970554,0.0095526697735270893,-0.00034704394597273591,0.0095030534676674334,-0.0081047603446397411,0.15185744273850399,-0.0046935256213403295,-0.043270313073599832,0.32508053426432082
8.9399999999999995,12.932255,0.0005675887688288458,0.096452066440662745,0.0092322597036829102,-0.0019165898196389364,0.0094734637743214348,-0.0069896212354467581,0.15204673409478703,-0.0047017346888803858,-0.043410105498308767,0.32508053426432082
8.9600000000000009,10.501512999999999,0.0005160350302452478,0.096466384174987471,0.0089100817811802457,-0.0034953824173902248,0.0094276518260264265,-0.0059770398001239853,0.15223510901161097,-0.0047099284848681911,-0.043529646294311247,0.32508053426432082
8.9800000000000004,10.421011,0.00047727649429039578,0.096480641140482118,0.008591301481633451,-0.0049588081158127295,0.0093660450470310977,-0.0051154663885257801,0.15242225205270263,-0.0047180894958455816,-0.043631955622081761,0.32508053426432082
9,10.461888,0.00045370938129700949,0.096494814051137856,0.0082412084949923248,-0.0067991201551160785,0.0092911491572393017,-0.0043886002657154985,0.15260789782799658,-0.0047262028909629177,-0.043719727627396072,0.32508053426432082
9.0199999999999996,9.7353880000000004,0.00044597350297335167,0.096508940438740656,0.0079312462456475608,-0.0083041701354007458,0.0091956955327242122,-0.0037659445422726116,0.15279163569594004,-0.0047342479152525929,-0.043795046518241523,0.32508053426432082
9.0400000000000009,20.616033000000002,0.00045164271058070185,0.09652302072451753,0.0076504426703345452,-0.0094775963722648626,0.0090870092996198047,-0.0033241473807437507,0.15297320135580009,-0.0047422107265735272,-0.043861529465856398,0.32508053426432082
9.0600000000000005,11.775651999999999,0.00046762564394989443,0.096537014798928789,0.0073283529187970764,-0.011240934486765219,0.0089595739647330194,-0.0029890401175138607,0.15315222026048589,-0.0047500731700174936,-0.043921310268206677,0.32508053426432082
9.0800000000000001,10.123499000000001,0.000487492211874397,0.096550968613294263,0.0070763728403644421,-0.01241453240779844,0.0088186308246575324,-0.002824016795336223,0.15332842256698673,-0.0047578221720450979,-0.043977790604113401,0.32508053426432082
9.0999999999999996,11.65939,0.00050854734993098646,0.096564877006322256,0.0068560843571345842,-0.013375835537916103,0.0086653891822511108,-0.0027841774745462843,0.15350156257282219,-0.0047654462294455012,-0.044033474153604327,0.32508053426432082
9.120000000000001,13.348502999999999,0.00052823113588326036,0.096578738097446368,0.0066502866319058107,-0.014224849083654512,0.0085013608417716172,-0.0028622244766024303,0.15367142476513024,-0.0047729355611316393,-0.044090718643136378,0.32508053426432082
9.1400000000000006,14.401465,0.00054423281430377379,0.096592537217843416,0.0065226372774565,-0.014748853135352569,0.0083250585728306126,-0.0030422204778381861,0.15383776390103551,-0.0047802793995497129,-0.044151563052693139,0.32508053426432082
9.1600000000000001,10.408856999999999,0.00055601814644412129,0.09660633212336403,0.0063938266149623502,-0.015210333479761751,0.0081410051135392368,-0.003345207971293868,0.15400042509105297,-0.0047874712675666431,-0.044218467212119014,0.32508053426432082
9.1799999999999997,15.660444999999999,0.00056208182640077146,0.096620086184739079,0.0062949635672984172,-0.015491998115277461,0.0079523696480392498,-0.0037388586157217686,0.15415931675585054,-0.0047945077486102371,-0.044293244384433453,0.32508053426432082
9.2000000000000011,17.227976999999999,0.00056218698178533988,0.096633797382966458,0.0062276215569796456,-0.01561143347701055,0.0077562246727524943,-0.0041931689570168795,0.15431428881731643,-0.0048013829674936571,-0.044377107763573793,0.32508053426432082
9.2200000000000006,12.455401999999999,0.00055604568605663047,0.09664746668422354,0.0061852045847410331,-0.015565110658296355,0.0075590745517696801,-0.0047473752520546192,0.15446532115126474,-0.0048080969330735138,-0.044472055268614884,0.32508053426432082
9.2400000000000002,10.349021,0.00054402396807979431,0.096661085471406921,0.0061767733766200372,-0.015359777099313909,0.0073636198808035621,-0.0053520276280554276,0.15461244758725431,-0.0048146521548542657,-0.044579095821175994,0.32508053426432082
9.2599999999999998,16.949701000000001,0.00052683947827245547,0.096674662666401595,0.0061265666040988265,-0.015258630700047071,0.0071708794175391923,-0.0059884024941948121,0.1547557223096252,-0.0048210520437518278,-0.044698863871059889,0.32508053426432082
9.2799999999999994,11.167522999999999,0.00050404209468840914,0.096688131436603209,0.00617599291058335,-0.01468853614484722,0.0069869919227813458,-0.0066462753329504373,0.15489532215672155,-0.0048273054542035477,-0.044831789377718895,0.32508053426432082
9.3000000000000007,10.838464999999999,0.00047892293782465588,0.096701557517059444,0.0063043183977402606,-0.013815865336188615,0.0068109745065516713,-0.0073005312264231344,0.1550314043306748,-0.0048334203069175701,-0.04497780000224736,0.32508053426432082
9.3200000000000003,10.941018,0.00045390803922359978,0.096714998055965187,0.0063768556783072583,-0.013153847397461504,0.0066444948436956757,-0.0079468324739447819,0.15516415935666278,-0.0048394059368839755,-0.045136736651726253,0.32508053426432082
9.3399999999999999,10.741695,0.00042901031536011152,0.096728379793806593,0.0064613814865079888,-0.012396179312102795,0.0064891824791144387,-0.0085725481301614503,0.15529381032046574,-0.0048452730728004633,-0.045308187614329483,0.32508053426432082
9.3599999999999994,16.600413,0.00040615448784222862,0.096741692346498667,0.0064979927544617233,-0.011804427719454225,0.0063459624730014211,-0.0091671366340562166,0.15542059879276313,-0.0048510332096036507,-0.04549153034701061,0.32508053426432082
9.3800000000000008,12.284166000000001,0.0003866635641195894,0.096754884449629722,0.0066936664147076996,-0.010569510201477783,0.0062164104323902819,-0.0097204700139153916,0.15554479782609099,-0.0048566992122507698,-0.04568593974728892,0.32508053426432082
9.4000000000000004,10.686638,0.00037433252505107988,0.096768084000295365,0.0068403278407709323,-0.0094709327341027105,0.006095728916065051,-0.010223558349597294,0.15566658462630784,-0.0048622795079599377,-0.045890410914280866,0.32508053426432082
9.4199999999999999,21.902950000000001,0.00036907082502027312,0.096781220745939894,0.0069106145810504671,-0.0086855715669855726,0.0059912019322347736,-0.010687213927943142,0.15578628192844235,-0.0048677891448666681,-0.046104155192839731,0.32508053426432082
9.4399999999999995,10.558522999999999,0.00037084016882097152,0.096794232159333984,0.0071164614997734077,-0.0073932576551678508,0.0059076822715996664,-0.011079686283384979,0.15590430941876504,-0.004873247666369698,-0.04632574891850743,0.32508053426432082
9.4600000000000009,10.361420000000001,0.00037914567473475782,0.096807231833670973,0.0072803194074455568,-0.0063398515272918843,0.0058384871035849538,-0.011383402581873703,0.15602095326861606,-0.0048786684555578441,-0.046553416970144902,0.32508053426432082
9.4800000000000004,11.445171999999999,0.00039219131083399023,0.096820202019793786,0.0073996777964993043,-0.005406059490288051,0.0057831636942201562,-0.011619406503776523,0.15613649060501431,-0.0048840644562676717,-0.046785805100220436,0.32508053426432082
9.5,12.425459999999999,0.00040837568705137683,0.096833091495537413,0.007514747820014378,-0.0045772747569774452,0.0057363905591206492,-0.011785022468711446,0.15625109224144132,-0.0048894436371491349,-0.047021505549594667,0.32508053426432082
9.5199999999999996,14.613713000000001,0.00042632007472213039,0.096845921439339219,0.0076101042472376257,-0.0038261694834123006,0.0057103590939262712,-0.011896855746172615,0.15636517254983023,-0.0048948254240761477,-0.04725944266451812,0.32508053426432082
9.5400000000000009,14.723751999999999,0.00044452942278764131,0.096858679230515249,0.0076928297236400489,-0.00315357129679672,0.0056989689694482469,-0.011911341249161425,0.15647902402681937,-0.0049002235823993236,-0.047497669489501348,0.32508053426432082
9.5600000000000005,15.467706,0.0004618217458556817,0.09687136606100813,0.0077626281589346924,-0.0025541583351911257,0.0056944868155050137,-0.011844640482553126,0.15659278467673601,-0.0049056445202635577,-0.047734562299152412,0.32508053426432082
9.5800000000000001,14.695593000000001,0.0004771863038890875,0.096883982166742599,0.0078179617027647197,-0.0020468599325962344,0.0057073406875022279,-0.01172480842168664,0.15670680082897637,-0.0049111045676619742,-0.047969058467586145,0.32508053426432082
9.5999999999999996,14.848813,0.00048967303820671886,0.096896530832215069,0.0078649641075294596,-0.0014885571372795781,0.0057323478646477818,-0.011518190422300446,0.156821315274523,-0.004916615155441755,-0.048199422276032154,0.32508053426432082
9.620000000000001,12.715949999999999,0.00049806908631848889,0.096908993899743737,0.0078727266456555256,-0.0013403306936110582,0.0057646393102663658,-0.011247769028155441,0.1569364735379277,-0.0049221830024764896,-0.048424377656595262,0.32508053426432082
9.6400000000000006,9.9109839999999991,0.00050352273292351903,0.096921409374953249,0.0078826521242914005,-0.001098507177689001,0.005803132888541826,-0.010926347202531942,0.15705239952890215,-0.0049278137347044757,-0.048642904600645902,0.32508053426432082
9.6600000000000001,12.200654999999999,0.00050499555079070531,0.096933763501834511,0.0078728427051455441,-0.00095955126152613701,0.0058455895540720556,-0.010564845265531326,0.15716917243164907,-0.004933510758307327,-0.048854201505956527,0.32508053426432082
9.6799999999999997,16.675879999999999,0.00050263918769238316,0.096946055994806032,0.0078688117130862878,-0.00060646506994821436,0.005890575778281823,-0.010171491385200349,0.15728684279705429,-0.004939276025454133,-0.049057631333660534,0.32508053426432082
9.7000000000000011,13.714314,0.0004951831239933997,0.096958253033021718,0.0077900229048757375,-0.0010443284097760852,0.0059367774722454223,-0.0097540501262380098,0.15740543492912731,-0.0049451101416988783,-0.049252712336185292,0.32508053426432082
9.7200000000000006,10.571838,0.00048631296060815083,0.096970424965301519,0.0077397279767796867,-0.0011402032633602843,0.0059828861436751852,-0.0093194026874133321,0.15752494699717751,-0.0049510123644698409,-0.049439100389933557,0.32508053426432082
9.7400000000000002,11.525153,0.00047436654324362325,0.096982542526602947,0.0076722217638893753,-0.0013314464951035276,0.0060282276750221924,-0.0088753749925363883,0.15764536370797591,-0.0049569812271131946,-0.049616607889784288,0.32508053426432082
9.7599999999999998,14.70177,0.00045989781303832006,0.096994606323775615,0.0075909703137693185,-0.0015994753918189275,0.0060696599429006931,-0.0084188380372234028,0.15776660700682685,-0.004963012082170485,-0.049784984650528753,0.32508053426432082
9.7799999999999994,14.144259,0.00044358172408341521,0.097006617123229624,0.0074997544696699947,-0.001927669618678074,0.0061077523370958765,-0.0079805493349105507,0.15788861021593795,-0.0049691007939482229,-0.049944595637226967,0.32508053426432082
9.8000000000000007,19.885711000000001,0.00042606540730366984,0.097018578215893408,0.0074251558098792358,-0.0019852269884799156,0.0061412207716849375,-0.0075525082751919598,0.15801128100929607,-0.0049752419244236817,-0.050095645802730807,0.32508053426432082
9.8200000000000003,11.421612,0.00040676281068220942,0.097030456908911406,0.007270693934608996,-0.002813564002177138,0.0061710028899020653,-0.0071415778173254856,0.15813454579193167,-0.0049814309492794947,-0.050238477359077313,0.32508053426432082
9.8399999999999999,12.405961,0.00038916177538948099,0.097042314937156954,0.0071665283871600316,-0.0032153248602950768,0.0061913355409849696,-0.0067310234808294397,0.15825821585337985,-0.0049876575224808315,-0.050373097828693904,0.32508053426432082
9.8599999999999994,10.52997,0.00037219036228979175,0.097054130481141213,0.0070131376787831989,-0.0038103249201402178,0.0062055036465159894,-0.0063786092234226956,0.15838216809925196,-0.0049939145941626101,-0.050500670013162358,0.32508053426432082
9.8800000000000008,11.478021999999999,0.00035691496170895738,0.097065875523038705,0.0069014813911101314,-0.0042993822928396597,0.0062127133540517219,-0.0060556457973373742,0.1585062635760239,-0.0050001943658614994,-0.050621782929109106,0.32508053426432082
9.9000000000000004,17.273371999999998,0.00034344944249184938,0.097077602576601349,0.006794750566830654,-0.0045432784633225864,0.0062125347418038167,-0.0057672251625382536,0.15863035474182077,-0.0050064886282026105,-0.05073712743235987,0.32508053426432082
9.9199999999999999,12.715846000000001,0.00033161046377457856,0.097089251950144465,0.0066758482018500764,-0.0051553194801972069,0.0062048911542186263,-0.0055167572804931441,0.15875429252198373,-0.0050127891315600798,-0.050847462577969731,0.32508053426432082
9.9399999999999995,11.797127,0.00032245810645272101,0.097100896238274934,0.0065551738316167452,-0.0056363123403846416,0.0061918942387900805,-0.0053062206187271428,0.15887797001786977,-0.0050190898233554038,-0.050953586990344274,0.32508053426432082
9.9600000000000009,11.544648,0.00031563877860224092,0.097112497250834165,0.0064316376194786251,-0.006119290394038579,0.006167529162791948,-0.0051132987466106479,0.15900116018877825,-0.0050253785578146621,-0.051055852965276489,0.32508053426432082
9.9800000000000004,9.7758540000000007,0.00031097902277773355,0.097124057575687539,0.0063063601224500054,-0.0066063909080629202,0.0061370617829308157,-0.0049931840102745628,0.15912374117146472,-0.0050316486148019824,-0.051155716645481977,0.32508053426432082
10,23.241510999999999,0.00030801449651052942,0.097135572256186728,0.0062079747526522233,-0.0068025576068171389,0.0060970657508283132,-0.0049100728861649137,0.15924552266040837,-0.0050378898693743948,-0.051253918103205273,0.32508053426432082
10.02,11.946835999999999,0.0003063197621967154,0.097147007202657717,0.0060850313612839102,-0.0074348903289154222,0.0060519201139196078,-0.0048757268637791258,0.15936640181323061,-0.0050440967396873483,-0.051351432640480858,0.32508053426432082
10.040000000000001,20.724136999999999,0.00030519177868691515,0.097158444354534482,0.0059874626243274776,-0.0076316671787166612,0.0060025452452262913,-0.0048792996558549599,0.15948629416681057,-0.0050502646665234957,-0.051449018633597958,0.32508053426432082
10.06,9.6950819999999993,0.00030429982513062621,0.09716979736231382,0.0058796617874463664,-0.0080093454572258693,0.005948366687545583,-0.0049004642946198374,0.15960510378197784,-0.0050563885414083576,-0.051547027919490354,0.32508053426432082
10.08,10.781444,0.00030308712983124109,0.097181127602437176,0.0058151704349986844,-0.008216596052720071,0.005889720705227257,-0.0049649975083646773,0.1597227414337091,-0.0050624636454721832,-0.05164632786965765,0.32508053426432082
10.1,18.346692999999998,0.00030151841388994556,0.0971924502981278,0.0057252576343915784,-0.0083935951433264933,0.0058268204432119931,-0.0050605624852313527,0.15983912215122667,-0.0050684855372901622,-0.051747539119362279,0.32508053426432082
10.120000000000001,11.330024,0.00029911836015065124,0.097203686719591398,0.0057101393267240397,-0.0083348523816777487,0.005759949600754358,-0.0051853277818105477,0.15995416662814974,-0.0050744501069133769,-0.051851245674998492,0.32508053426432082
10.140000000000001,12.58379,0.00029661722489207463,0.097214940030071237,0.0056958639455104709,-0.0081880574580495136,0.00569171237202655,-0.0053377347553474853,0.16006784757016548,-0.0050803559779555221,-0.051958000370105444,0.32508053426432082
10.16,16.125972999999998,0.00029402483977408609,0.097226170050064287,0.0056284216948747634,-0.0082349543136377434,0.0056202311394852053,-0.0054947667995020859,0.16018010018048912,-0.005086199837983401,-0.052067895706095484,0.32508053426432082
10.18,10.043170999999999,0.00029056527592289359,0.097237302399659026,0.0056355203122846476,-0.0080645324218355796,0.005547912763051715,-0.0056879962517286387,0.16029090773351701,-0.0050919808934702659,-0.052181655631130058,0.32508053426432082
10.200000000000001,14.332414999999999,0.00028710936025862964,0.097248432802212459,0.0055857134044998702,-0.0080291046867762006,0.0054740017876132568,-0.0058832952753430047,0.16040023841397411,-0.0050976975829936664,-0.052299321536636918,0.32508053426432082
10.220000000000001,11.266088999999999,0.00028328862413406309,0.097259469324370115,0.0056335673790401941,-0.0076421185553483539,0.0054022107810010687,-0.0060937489739164071,0.1605081345565946,-0.005103352221493428,-0.052421196516115244,0.32508053426432082
10.24,17.119804999999999,0.00028025178751435795,0.09727052025313794,0.0055968703216366933,-0.0075306333274225423,0.0053302417433115958,-0.0063059404189028338,0.16061459259847624,-0.0051089447285862059,-0.052547315324493298,0.32508053426432082
10.26,10.841087999999999,0.00027746760168067874,0.097281470318127353,0.0056676177191676835,-0.0070108998036770842,0.0052642482838416542,-0.0065175487106418246,0.16071973187946523,-0.0051144814776949449,-0.052677666298706134,0.32508053426432082
10.279999999999999,10.248034000000001,0.00027590865782658655,0.097292433383485422,0.0057025456119270679,-0.0066072205174876331,0.0052037004246141081,-0.0067113873517103632,0.1608236611539548,-0.005119968293504128,-0.05281189404574034,0.32508053426432082
10.300000000000001,11.482566,0.00027530300487448587,0.097303351048212777,0.0057234791114186834,-0.0061808925183894914,0.0051436906359603437,-0.0068821549141361996,0.16092639116356322,-0.0051254057992965937,-0.052949537144023062,0.32508053426432082
10.32,13.67943,0.00027552013930640806,0.097314185512684878,0.0057349680019505023,-0.0058515724481260634,0.005090279922825118,-0.0070454722488880782,0.16102805370168433,-0.0051308010027091757,-0.053090446589000827,0.32508053426432082
10.34,10.933693999999999,0.00027658912167131901,0.097324942703133688,0.0057946510199591295,-0.0054705009008717553,0.0050381384047531114,-0.0071859362569566144,0.16112867411389364,-0.005136155260921778,-0.053234165314139957,0.32508053426432082
10.359999999999999,11.474907,0.00027862210451260009,0.097335703673069957,0.0058185176677096884,-0.0050986143830495934,0.0049951504304715276,-0.007314865387213737,0.16122843521043609,-0.0051414783000788182,-0.053380462621884235,0.32508053426432082
10.380000000000001,9.8748690000000003,0.00028126385090222549,0.097346392092301101,0.0058480618130110074,-0.0047713138313980608,0.0049534621051067797,-0.007407308959027698,0.16132736294663633,-0.0051467714788010705,-0.053528608801064789,0.32508053426432082
10.4,18.265601,0.00028444211648863155,0.097357031902846863,0.0058697902387261358,-0.0043335462727096541,0.0049217573184910752,-0.0074857193151349642,0.16142565670845807,-0.005152045417346221,-0.05367832318736749,0.32508053426432082
10.42,16.709192000000002,0.00028752394467181097,0.097367580186379102,0.005895220470125917,-0.0041828939315777802,0.0048960966446482792,-0.007521163053969486,0.16152343720551429,-0.0051573065329059194,-0.053828746448446881,0.32508053426432082
10.44,23.216636999999999,0.00029104191055186115,0.097378127412148491,0.0059178425502972587,-0.0037455581045504616,0.0048747260559703492,-0.0075248559084153477,0.1616207901189039,-0.0051625593324316852,-0.053979243566615188,0.32508053426432082
10.460000000000001,11.670638,0.0002938299727056026,0.097388585850140125,0.0059115642739806518,-0.003733928008049503,0.0048564406294663472,-0.007497165417833818,0.16171777706773249,-0.0051678069978111311,-0.054129186874971862,0.32508053426432082
10.48,9.9611820000000009,0.00029684749122625134,0.097399019638746781,0.0059296636141885628,-0.0034681447435884749,0.0048448846394330107,-0.0074471779990147495,0.16181453245088434,-0.0051730566357893366,-0.054278130434952158,0.32508053426432082
10.5,10.234627,0.0002990600185223002,0.097409401401814449,0.0059206301797121164,-0.0032464881553222469,0.0048364451819867,-0.0073725327571386584,0.16191111851509432,-0.0051783114430904798,-0.054425581090094932,0.32508053426432082
10.52,10.576784,0.00030032792082486051,0.097419700444587226,0.0059150515254544622,-0.0032027199983586385,0.0048312755382730801,-0.0072754712772816962,0.1620076005691734,-0.0051835747663150451,-0.054571090515640568,0.32508053426432082
10.540000000000001,13.007806,0.00030109373016573983,0.097429970990238174,0.0058867888209790387,-0.003205499439537185,0.0048284067062213977,-0.0071606788163066978,0.16210402457142184,-0.0051888488841243963,-0.054714304091966703,0.32508053426432082
10.56,12.604340000000001,0.00030126037206801927,0.09744018835308918,0.0058960820670743708,-0.0029809574317516407,0.0048279116776251529,-0.0070212138223738783,0.16220043793901276,-0.0051941361345023765,-0.05485472836841418,0.32508053426432082
10.58,10.700417,0.00030001975736690964,0.097450356316936534,0.0058478078291153146,-0.0030986665259780111,0.0048293220822029932,-0.0068796247979418896,0.16229687873625609,-0.0051994383356048675,-0.054992320864373015,0.32508053426432082
10.6,11.509302999999999,0.00029837479729386999,0.097460470093604715,0.0058415447208681748,-0.0029051467533287578,0.0048300760380382921,-0.0067151015183708569,0.16239333386805446,-0.0052047544773495399,-0.055126622894740435,0.32508053426432082
10.620000000000001,9.5275859999999994,0.00029530144602425728,0.097470520628457943,0.0058106661578323227,-0.0029830769828977921,0.0048322391779836134,-0.0065602073940017368,0.16248983149019114,-0.0052100858103220895,-0.055257827042620472,0.32508053426432082
10.640000000000001,12.007472,0.0002917389297819713,0.097480536640747018,0.0057734098966664149,-0.0029697851177914458,0.0048334443787864494,-0.006395760324666707,0.16258635248793243,-0.0052154309782477381,-0.055385742249113808,0.32508053426432082
10.66,12.899061,0.00028735680432885076,0.097490488466664207,0.0057416995147341332,-0.0029059843702441412,0.0048340710985552236,-0.0062255927180640842,0.16268288532540437,-0.005220789023037721,-0.055510254103475092,0.32508053426432082
10.68,10.530208999999999,0.00028214706777509116,0.097500373965148726,0.0056772284222401659,-0.003256851516482584,0.0048323164533406624,-0.0060630657138012519,0.16277938246498297,-0.0052261569812377083,-0.055631515417751118,0.32508053426432082
10.700000000000001,13.646609,0.00027746160217706961,0.097510240425346811,0.0056121039167602582,-0.0034702716515493393,0.0048315001041224865,-0.005911093498974891,0.16287586265942966,-0.0052315355853302589,-0.055749737287730618,0.32508053426432082
10.720000000000001,15.616154,0.00027286283678707189,0.097520061147223641,0.0055700144178594257,-0.0034798994939349015,0.0048268054315276339,-0.0057523953817357814,0.16297224847861061,-0.0052369202051260489,-0.055864785195365335,0.32508053426432082
10.74,13.976772,0.0002678936931754914,0.097529821688111099,0.0055391863929599161,-0.0035582597590391174,0.0048220676657831953,-0.0056124051095391703,0.16306853907802127,-0.0052423104829009875,-0.055977033297556121,0.32508053426432082
10.76,11.541228,0.00026287332394116453,0.097539557769691199,0.0054587369003673558,-0.0038509800361694602,0.0048152718009276804,-0.0054671923066410928,0.16316469337562661,-0.0052477038175600017,-0.056086377143688942,0.32508053426432082
10.779999999999999,17.842298,0.00025833739009417222,0.097549244922054842,0.0054165599211142279,-0.0038061762728318627,0.0048061009935679855,-0.0053369221368022223,0.1632606639627793,-0.0052530972492797973,-0.056193115586424987,0.32508053426432082
10.800000000000001,10.238044,0.00025360026937252367,0.097558859827881136,0.0053706788601961541,-0.0040265539159927144,0.0047952483174574885,-0.0052139780514566256,0.16335641727005704,-0.0052584886049354598,-0.056297395147454118,0.32508053426432082
10.82,13.379531999999999,0.00024940669900611344,0.097568464643134969,0.0053170384149781036,-0.0041737339296439302,0.0047801948793202449,-0.0050942031835863651,0.16345186943015313,-0.0052638728752388798,-0.056399279211125843,0.32508053426432082
10.84,12.156886999999999,0.00024562392436039339,0.097578025474801364,0.0052519851707026888,-0.0043118126008305779,0.0047613082560595777,-0.0050076919129296155,0.16354694391505173,-0.0052692454765599014,-0.056499433049384436,0.32508053426432082
10.859999999999999,12.068721999999999,0.00024222128096006298,0.097587520528473054,0.0052049806905993812,-0.0044842834714904356,0.0047408624476854835,-0.0049422835274103433,0.16364160960237606,-0.0052746044263228958,-0.056598278719932643,0.32508053426432082
10.880000000000001,12.766107,0.00023928525809616038,0.097596996823053575,0.0051498528493754137,-0.0046404482222595078,0.0047199376162418245,-0.0048817445767556505,0.16373585693742598,-0.0052799489821015967,-0.056695913611467759,0.32508053426432082
10.9,11.039505,0.00023671092426731297,0.097606430145321069,0.0050913971043353712,-0.0048138130843637938,0.0046945110972659784,-0.0048307866053915053,0.16382959604105074,-0.0052852738509795941,-0.056792529343575586,0.32508053426432082
10.92,12.274918,0.00023443426222301527,0.097615817824266635,0.0050417432022440423,-0.0049285270196950393,0.0046681739240797522,-0.0048044608303725268,0.16392280873839807,-0.0052905778275461925,-0.056888618560183034,0.32508053426432082
10.94,15.614872999999999,0.00023239464135716827,0.097625165123717231,0.0049801925819914494,-0.0050441177322584352,0.0046407135372947767,-0.0047765383770522812,0.16401547260936505,-0.0052958594817858612,-0.056984149327724082,0.32508053426432082
10.960000000000001,15.206541,0.00023047339433028042,0.09763444897590666,0.0049525316403942199,-0.0051144797744111514,0.0046116060129096203,-0.0047664954776499742,0.16410755477189518,-0.0053011167958430874,-0.057079479237277082,0.32508053426432082
10.98,12.513980999999999,0.00022878458065025913,0.097643719519382832,0.0048997601170763794,-0.0051711749229106374,0.0045800802493898745,-0.0047678454177682355,0.16419900694605349,-0.0053063468893469129,-0.05717483614563245,0.32508053426432082
11,10.777934999999999,0.00049675178231528593,0.097652927957500191,0.0028831763431877988,-0.011317450283583774,0.0045478593345533377,-0.0047791976039928538,0.1642898152569422,-0.0053115488586177231,-0.057270420097712306,0.32458053426432087
11.02,13.624514,0.00092282363233408594,0.097663773915734123,0.00078243525616761289,-0.017329328596455973,0.0045143465669298102,-0.00480242771392484,0.16437995391435681,-0.005316721131815594,-0.057366468651990805,0.32408053426432082
11.040000000000001,10.616507,0.0013177181823038789,0.097676124277345136,-0.0011328632786749004,-0.022443831728394592,0.0044793984668301352,-0.0048355878665881464,0.1644693942625807,-0.0053218619838312081,-0.057463180409322571,0.32358053426432087
11.06,11.160228999999999,0.0016764265777097615,0.097689734045176058,-0.0028719258271552306,-0.026946905182960279,0.0044438810028934669,-0.0048793022596231757,0.16455812493613714,-0.0053269706937829437,-0.057560766454515036,0.32308053426432082
11.08,12.106532,0.0020016934084803165,0.097704453254791629,-0.0045343355670692809,-0.03090241859869991,0.004406875314860466,-0.0049286135478203387,0.16464611622229702,-0.0053320454919285982,-0.057659338725471444,0.32258053426432087
11.1,10.035914999999999,0.00229792130222788,0.097720166283780052,-0.0060474038723397072,-0.034455000329637997,0.0043713107527458411,-0.0049832293106377712,0.16473339689787153,-0.0053370879863596232,-0.057759003311684202,0.32208053426432082
11.120000000000001,12.372412000000001,0.0025681967964207917,0.097736746573614572,-0.0074879450021194671,-0.037604852723007731,0.0043349828811422922,-0.0050395072219572151,0.16481995172389236,-0.0053420972502200301,-0.057859793456123347,0.32158053426432087
11.140000000000001,11.339779999999999,0.0028126994273330844,0.097754137314149711,-0.0088201283790203533,-0.040396627085081072,0.0041368670720823208,-0.005096342892744455,0.1649025503678215,-0.0053468859546269296,-0.057961720313978234,0.32108053426432082
11.16,9.9641330000000004,0.0030267330886560545,0.09777223824196056,-0.010025843704168924,-0.042755064305109336,0.0037862807771311077,-0.0055986143128928037,0.16497814857084445,-0.0053512769168235375,-0.058073692600236093,0.32058053426432087
11.18,10.304342999999999,0.0032070495905488637,0.097790968530919217,-0.011106683621453062,-0.044617344761531896,0.0033137238558041539,-0.0065081314108048037,0.16504431107176246,-0.0053551278633673961,-0.058203855228452187,0.32008053426432082
11.200000000000001,12.182217,0.0033523177895445466,0.097810258008200562,-0.012054674367993012,-0.045954045373420627,0.0027458829107582204,-0.0077333922455067629,0.16509913548705257,-0.0053583267181522539,-0.058358523073362319,0.31958053426432087
11.220000000000001,13.501948000000001,0.003462150169305787,0.097830038491739477,-0.012871099492144378,-0.046760285728483453,0.0020985995779243707,-0.0092096144365005194,0.16514103580089409,-0.0053607786103539411,-0.05854271536209233,0.31908053426432081
11.24,16.302166,0.0035372037467747237,0.097850247469242341,-0.013559309846798762,-0.047038967067170923,0.0013920901734944535,-0.010880808150324557,0.16516882973017158,-0.0053624106384707578,-0.058760331525098825,0.31858053426432087
11.26,15.998208,0.003578647689738112,0.097870825640640466,-0.014123206275811206,-0.046806482034324581,0.00063824262124228084,-0.012705116431222307,0.16518157245649992,-0.0053631618928542939,-0.059014433853723271,0.31808053426432081
11.279999999999999,11.232471,0.0035881627393599979,0.097891717173551163,-0.014568389744601173,-0.046085394154246728,-0.00014930771176934897,-0.014643363073191881,0.16517859152652273,-0.0053629853324151898,-0.05930730111518711,0.31758053426432087
11.300000000000001,13.142802,0.0035678273296866538,0.097912869589801416,-0.014901641752670169,-0.04490453754167234,-0.00095680689993908087,-0.016662129381923872,0.16515948922222012,-0.0053618479020486097,-0.059640543702825587,0.31708053426432081
11.32,11.552811999999999,0.0035200947913480766,0.097934233648945032,-0.015130821338801947,-0.043298281099065861,-0.0017720106752393951,-0.018724626637567774,0.16512411241651886,-0.0053597288570657233,-0.060015036235576941,0.31658053426432087
11.34,12.143482000000001,0.0034477715733863537,0.097955763630992884,-0.015264590937400069,-0.04130756945005043,-0.0025832482856220302,-0.020791819586449888,0.16507254111185213,-0.0053566193205988816,-0.06043087262730594,0.31608053426432081
11.359999999999999,10.352497,0.0033539624604214326,0.097977417185642277,-0.01531195951520159,-0.038980111941037343,-0.0033801244154653223,-0.022825009527424878,0.16500506295807527,-0.005352521127280449,-0.060887372817854439,0.31558053426432087
11.380000000000001,9.9548349999999992,0.0032420019888065588,0.097999153822210971,-0.015285155040814846,-0.036362361173051916,-0.0041535608980640196,-0.024787605998844432,0.16492214693188237,-0.0053474457106523193,-0.061383124937831331,0.31508053426432081
11.4,10.567561,0.0031153695754894081,0.098020938260748286,-0.015152631078955814,-0.033530072473131334,-0.0048957097732329194,-0.026645561038699989,0.16482441874730358,-0.005341413164554238,-0.061916036158605331,0.31458053426432087
11.42,11.912428999999999,0.0029771541164917972,0.098042731725214827,-0.015027914145163912,-0.030480666108879007,-0.0055999694128457782,-0.028368192948428312,0.16471263594109975,-0.0053344513252053362,-0.062483400017573895,0.31408053426432081
11.44,10.519579,0.0028317652092704052,0.098064510703255323,-0.014825379667475769,-0.02733559112117856,-0.0062609564052729062,-0.029928422741190158,0.16458766351789753,-0.0053265948958345199,-0.063081968472397693,0.31358053426432086
11.460000000000001,10.089563999999999,0.0026821460784756269,0.098086248581238378,-0.014585791245683044,-0.024124121568488199,-0.0068744718095908259,-0.031303002815240621,0.16445045026911262,-0.005317884590315348,-0.063708028528702498,0.31308053426432081
11.48,10.574452000000001,0.0025315897100879055,0.098107918086016932,-0.014324633843209256,-0.020895111360124119,-0.0074374483038842408,-0.0324726773037586,0.16430200614864371,-0.005308366291759954,-0.064357482074777664,0.31258053426432086
11.5,10.070930000000001,0.0023833011818929547,0.098129499781963808,-0.014030947748019162,-0.017724309445631192,-0.0079478651538617273,-0.033422408263724029,0.16414338134907669,-0.0052980902436912114,-0.065025930240052141,0.31208053426432081
11.52,14.102948,0.0022399995253772295,0.098150963847072559,-0.01375943912986699,-0.014620989606256352,-0.0084049073497216038,-0.03414160126703597,0.16397564220666466,-0.0052871099374187771,-0.065708762265392864,0.31158053426432086
11.540000000000001,16.126553000000001,0.0021045678090581702,0.09817231733516435,-0.013483228681219206,-0.011669427448697256,-0.0088052536877634546,-0.034623730563176212,0.16379992118960732,-0.0052754857743658483,-0.066401236876656389,0.31108053426432081
11.56,16.103076999999999,0.0019789621599106536,0.098193542920215274,-0.013222271386658324,-0.0089017827840986996,-0.0091552290943863537,-0.034868220835190894,0.16361722437224988,-0.005263272632438234,-0.067098601293360205,0.31058053426432086
11.58,16.199209,0.0018648789218202097,0.098214638224854101,-0.012990397741210469,-0.0063578016445990926,-0.0094535001380639579,-0.034874344930418473,0.16342858425984597,-0.0052505300292350282,-0.06779608819196857,0.31008053426432081
11.6,14.939730000000001,0.0017634830430649675,0.098235612478563369,-0.012706267212860389,-0.0038489702366186762,-0.0097022111188650693,-0.034650295252350534,0.16323499037687486,-0.0052373175838071589,-0.068489094097015576,0.30958053426432086
11.620000000000001,13.710649,0.0016784056376901205,0.098256272261269192,-0.012495295459312494,-0.0017937950655015911,-0.0099045616511944379,-0.034205881216360923,0.16303736820976697,-0.0052236934996727396,-0.069173211721342789,0.30908053426432081
11.640000000000001,11.635961999999999,0.0016074693090442843,0.098276787959753836,-0.012462405353215633,-9.2292979537056397e-05,-0.010062531468622791,-0.03355385679064124,0.16283660355250762,-0.0052097160815152413,-0.069844288857155615,0.30858053426432086
11.66,9.7621859999999998,0.0015481778252826039,0.098297482164245067,-0.012322871153898074,0.001479186848456493,-0.010182389627026774,-0.032711697941282751,0.1626334569377981,-0.0051954375543259322,-0.070498522815981277,0.3080805342643208
11.68,9.9410880000000006,0.0015043571037306454,0.098317941852889987,-0.012160217373983429,0.002789210453605584,-0.0102675715885107,-0.031696445105657875,0.1624286201924777,-0.0051809076439126318,-0.07113245171809443,0.30758053426432086
11.700000000000001,11.103519,0.0014759441580499087,0.098338112740620418,-0.012099715116420384,0.0036630829585337921,-0.010322805371952945,-0.030530210673809951,0.1622226906701994,-0.0051661714248209412,-0.071743055931570626,0.3070805342643208
11.720000000000001,10.568377,0.0014627109826164586,0.098357992928278709,-0.012058881787081699,0.0040986935234403887,-0.010353479535880677,-0.029236048288895818,0.16201615809973319,-0.0051512679776834691,-0.072327776897348539,0.30658053426432086
11.74,11.441383,0.001463043352946418,0.098377592968993469,-0.012060744966735371,0.0039411941974822895,-0.010357769604457574,-0.027838447156855219,0.16180954849365947,-0.0051362404313210781,-0.072884545840485648,0.3060805342643208
11.76,14.297692,0.0014769216478359127,0.098396662723666928,-0.01220184333637464,0.0039067203168263731,-0.010344322490725083,-0.026346563619963612,0.16160321528368332,-0.0051211205907867232,-0.073411477112884926,0.30558053426432086
11.779999999999999,15.248137,0.001501840413369598,0.098415785898767066,-0.012343820850486242,0.003335937184639981,-0.010329525483532576,-0.024799547520956308,0.1613971849715678,-0.0051059169999096007,-0.073907468063304047,0.3050805342643208
11.800000000000001,14.826720999999999,0.0015378408852022084,0.098434681203244778,-0.012546907417372299,0.0024297489471258871,-0.010304765388299849,-0.023226750245566141,0.16119165582647421,-0.0050906511425715386,-0.07437200306821537,0.30458053426432086
11.82,15.539744000000001,0.0015838744460323028,0.098453348966123205,-0.012818098046818882,0.0011766503156040997,-0.010269144518051613,-0.021639313470063284,0.16098684398783761,-0.00507534616274958,-0.07480478933761664,0.3040805342643208
11.84,14.859463999999999,0.0016385404287701331,0.098471791521100041,-0.013008971042187678,-0.00024800231841570763,-0.010232131793836897,-0.020057271986754492,0.16078277672185604,-0.0050600112557271822,-0.075205934777351727,0.30358053426432086
11.859999999999999,15.205356999999999,0.0017014180895146354,0.09848994119466048,-0.013209859399209822,-0.0017195877604700982,-0.010195480305376241,-0.01851214798560193,0.16057944633319179,-0.0050446528538383622,-0.075576177737063766,0.3030805342643208
11.880000000000001,16.020087,0.001772141952246662,0.098507782695999552,-0.013454714101125198,-0.0032593369758009416,-0.010162656438444597,-0.017033610156645191,0.1603767760115915,-0.0050292718559259552,-0.075916849940196665,0.30258053426432086
11.9,15.785409,0.0018490147063956054,0.098525398126751276,-0.013730225613213687,-0.0048556441461142796,-0.010144698571672847,-0.015660750937347902,0.16017446884812614,-0.0050138518930647313,-0.076230064958943619,0.3020805342643208
11.92,13.922986,0.0019305792904915084,0.098542844414644948,-0.014019657003272901,-0.0065099798099756967,-0.010140188320866276,-0.014377850997013112,0.15997225626779193,-0.004998378043264814,-0.076517621978883885,0.30158053426432085
11.94,10.145792999999999,0.0020149700008797924,0.098560152921340446,-0.014305866860167438,-0.0082029598713724283,-0.010152790467854488,-0.013218364149421766,0.15976979666245253,-0.0049828290909053746,-0.076781989261872324,0.3010805342643208
11.960000000000001,12.534098999999999,0.0021001013995998359,0.098577341174434577,-0.014624104045579678,-0.0098811722303810967,-0.010186376188681331,-0.012198935111121209,0.15956667128671542,-0.0049671770726777992,-0.077025967964094749,0.30058053426432085
11.98,11.008831000000001,0.0021845934549969532,0.098594429330872396,-0.014886125515521709,-0.011560568018501804,-0.01023225276459218,-0.011335989051291177,0.15936263479729737,-0.0049514065418890894,-0.077252687745120577,0.3000805342643208
12,10.735500999999999,0.0022661633338108508,0.098611416119569473,-0.015199991552598657,-0.013151658211519646,-0.010290009491035283,-0.010632093191307986,0.15915745009743651,-0.0049355019176167405,-0.07746532960894674,0.29958053426432085
12.02,9.63809,0.0023441559540465281,0.098628319118867741,-0.015479820876380224,-0.014674168082172478,-0.010362062007613006,-0.01008054623606127,0.15895083197878332,-0.0049194431298646328,-0.077666940533667961,0.2990805342643208
12.040000000000001,9.6856000000000009,0.0024169649206019755,0.098645139647452473,-0.015720112270444009,-0.016104671848889751,-0.010449491909003092,-0.0096766248763172635,0.15874247372328917,-0.0049032076800722378,-0.077860473031194311,0.29858053426432085
12.06,10.212339,0.0024832299940174829,0.098661878656710444,-0.015987469802577259,-0.017386582637642256,-0.010551899333611631,-0.0094150587034658017,0.15853207664279062,-0.0048867729504927775,-0.078048774205263627,0.2980805342643208
12.08,11.436448,0.0025426491170827312,0.09867854750346515,-0.016202973123715214,-0.018548377788317083,-0.010667518316928238,-0.0092910204330360086,0.15831937731684584,-0.0048701183547476407,-0.078234594613924346,0.29758053426432085
12.1,10.136868,0.0025940542234709151,0.098695146167625786,-0.01640145533322146,-0.019553259862125749,-0.010797651591906189,-0.0092985740114123229,0.15810408640496684,-0.0048532205672479154,-0.078420566094152599,0.29708053426432079
12.120000000000001,15.577279000000001,0.0026370516780486889,0.098711675404146437,-0.016577062820384736,-0.020397407906814102,-0.01093623226593686,-0.0094282591008434443,0.15788603558633355,-0.0048360650735749869,-0.078609131276169475,0.29658053426432085
12.140000000000001,16.105233999999999,0.00267124478626254,0.098728138058398862,-0.016720059360959549,-0.021075878905090661,-0.011086666444665072,-0.0096723833269691945,0.1576649886789164,-0.0048186313745005966,-0.078802578942708854,0.29608053426432079
12.16,15.568485000000001,0.0026963715067688425,0.098744534700688544,-0.016842517072695795,-0.021583132527637439,-0.011244973465489725,-0.010017206063277594,0.1574407889185109,-0.0048009045944785436,-0.079002923063974412,0.29558053426432085
12.18,16.062688999999999,0.0027125731692597475,0.098760867513012066,-0.01692764709201855,-0.021921824974339366,-0.01140712048584488,-0.010451303012306384,0.15721335999265035,-0.0047828756512664945,-0.07921194912422054,0.29508053426432079
12.200000000000001,17.117823000000001,0.0027197887991412964,0.098777133211678178,-0.017012563928393565,-0.022081970532180861,-0.011574942865335546,-0.010962265995032021,0.15698258903875512,-0.0047645320482236639,-0.079431194444121181,0.29458053426432085
12.220000000000001,16.211739000000001,0.0027187296853086102,0.098793338560087304,-0.017059957850423135,-0.022083582869227847,-0.011743617721869829,-0.011534342819301876,0.156748459387788,-0.0047458684629041467,-0.07966188130050722,0.29408053426432079
12.24,14.705882000000001,0.0027096103553667038,0.098809479261737262,-0.017046868709203356,-0.021954604459762272,-0.011911663258486069,-0.012154865181915754,0.15651098394500396,-0.0047268815540471272,-0.079904978604145541,0.29358053426432085
12.26,12.193167000000001,0.0026926359480032589,0.098825550497715797,-0.017034740004244764,-0.021661671062520149,-0.012077266046706317,-0.012809283179138767,0.15627021179545766,-0.0047075705709537126,-0.080161164267728319,0.29308053426432079
12.280000000000001,11.914728999999999,0.0026688324588923233,0.098841548745830524,-0.017018475011914891,-0.02121782418370799,-0.012237995766946336,-0.013483694459852369,0.15602624049465966,-0.0046879384405636758,-0.080430838156925366,0.29258053426432085
12.300000000000001,11.412746,0.0026391056213299273,0.098857476283249035,-0.016969369675226442,-0.020668502811274081,-0.012392656105011911,-0.014164721001745621,0.15577919145940139,-0.0046679898989428915,-0.080714132576960279,0.29208053426432079
12.32,11.091196,0.0026041673230365208,0.098873331557190219,-0.016902122826961907,-0.020019410982982322,-0.01253879341945633,-0.014839432075126778,0.15552923502449656,-0.0046477336205092354,-0.081010921218462817,0.29158053426432085
12.34,10.299913999999999,0.0025648949028671997,0.09888911202881584,-0.016822401920075336,-0.019275945415866858,-0.012677244762862225,-0.0154959146040731,0.15527652483506668,-0.0046271770140452282,-0.081320839510544279,0.29108053426432079
12.359999999999999,11.616023,0.0025221966931314394,0.098904814940555433,-0.016729073350360224,-0.018465244379120449,-0.012805702562270387,-0.016122284713323852,0.15502126052592416,-0.0046063313976396182,-0.081643285204810762,0.29058053426432084
12.380000000000001,10.702377,0.0024770715774354679,0.098920438403315741,-0.016627733091427732,-0.017596267086338102,-0.012920207074398912,-0.016708877666480521,0.15476372064359614,-0.0045852148319004858,-0.081977462758140371,0.29008053426432079
12.4,11.114551000000001,0.0024304143837279388,0.09893597948868213,-0.016518385908343092,-0.016694282657231163,-0.013022236082258793,-0.017248685813958473,0.15450415424830335,-0.0045638433680398188,-0.082322436474419544,0.28958053426432084
12.42,9.991714,0.0023831123852587868,0.098951436734985285,-0.016406621703008994,-0.015766949473722036,-0.013112701093144498,-0.017732710199928028,0.15424279219845868,-0.0045422320079657463,-0.082677090678418108,0.28908053426432079
12.44,11.353894,0.002336028199907139,0.098966807040898275,-0.016291767169322569,-0.014841186867817768,-0.013190067489498891,-0.018153477864051498,0.15397989590160119,-0.0045203987935977926,-0.083040160235699143,0.28858053426432084
12.460000000000001,11.420957,0.0022899861727664074,0.098982088961635947,-0.016179825044186469,-0.013923049789307917,-0.013254160336015189,-0.018507311654064898,0.15371573020649917,-0.0044983626411117424,-0.083410306468780435,0.28808053426432079
12.48,10.941153999999999,0.0022457111147396089,0.098997279676542385,-0.016069715604972501,-0.013035968391350572,-0.013305287165853689,-0.018791185369233587,0.15345055378332989,-0.0044761425776221634,-0.083786130176165111,0.28758053426432084
12.5,11.279654000000001,0.002203875708946001,0.099012377932536685,-0.015966995602287426,-0.012185551729068322,-0.013343631682963746,-0.019002659846453367,0.15318462158903787,-0.0044537579705166913,-0.084166183373094172,0.28708053426432079
12.52,10.711798999999999,0.0021650553986957604,0.099027381504491238,-0.015870323725992286,-0.011391790893137355,-0.013369818237834306,-0.01914143403963511,0.15291817608378389,-0.0044312277993002087,-0.084549012053886874,0.28658053426432084
12.540000000000001,9.93567,0.0021297527655767885,0.099042288837691436,-0.015784706264866166,-0.010658279422193218,-0.013384408972814715,-0.019207880650078328,0.15265144847073051,-0.004408570750607411,-0.084933169666888436,0.28608053426432078
12.56,11.351001,0.0020983714232061155,0.099057098498972027,-0.015708833341143702,-0.010000098407776825,-0.013388368235460918,-0.019204194839216159,0.15238465068187121,-0.0043858045154530163,-0.085317253563672757,0.28558053426432084
12.58,11.635986000000001,0.0020712341010895399,0.099071808663223057,-0.01564573523783519,-0.0094196121342795536,-0.013382508450672041,-0.019132991486022106,0.15211797840805769,-0.0043629460082390444,-0.085699913393393196,0.28508053426432078
12.6,13.483280000000001,0.0020485585921387484,0.099086418727829986,-0.015595353603872208,-0.0089264564689539583,-0.0133680530214411,-0.018998685687030861,0.15185160291281571,-0.0043400106170669228,-0.08607988710713381,0.28458053426432084
12.620000000000001,9.916328,0.0020305025276309112,0.099100926845015938,-0.015555514767954914,-0.0085366362803771523,-0.013346014114174172,-0.01880585371447022,0.15158567524621938,-0.0043170125033850093,-0.086456004181423213,0.28408053426432078
12.640000000000001,9.3508220000000009,0.0020171943536638902,0.099115334147844153,-0.015532503235343498,-0.0082206591654143679,-0.013317758260311034,-0.01856049220803261,0.15132031918904484,-0.0042939639252764982,-0.086827214025583868,0.28358053426432084
12.66,11.222448999999999,0.0020085255915622863,0.099129530073398128,-0.015526206372479034,-0.007993425248312036,-0.013284404944957955,-0.018268625673267494,0.15105563618126705,-0.0042708755886029497,-0.087192586539049224,0.28308053426432078
12.68,10.362657,0.0020043664446778775,0.099143726244246846,-0.015531022880718837,-0.0078645010121860537,-0.013247372101110494,-0.017937355479005188,0.15079169938183587,-0.0042477560527048597,-0.087551333648629326,0.28258053426432084
12.700000000000001,11.22105,0.0020046283918441622,0.09915782278139719,-0.01555025435333679,-0.0078226019969394045,-0.01320782804032585,-0.01757359324064629,0.15052855864885339,-0.0042246120845366069,-0.087902805513442248,0.28208053426432078
12.720000000000001,10.842274,0.0020090982778152001,0.099171816687054895,-0.015580367191728506,-0.0078683720854861861,-0.013167072525127062,-0.017184912203181656,0.15026623792714669,-0.0042014483517618167,-0.088246503757505881,0.28158053426432084
12.74,10.491827000000001,0.0020174940863356763,0.099185707643086096,-0.015625596670952202,-0.0079895906792817328,-0.013126270213563598,-0.016778575992203941,0.15000473794653754,-0.0041782675832412039,-0.088582075277349959,0.28108053426432078
12.76,11.956866,0.0020295153057005993,0.099199497840298634,-0.01567928000933394,-0.0081876226068473557,-0.013086290675042529,-0.016362089606614137,0.14974404210667805,-0.004155071020292527,-0.088909317069482241,0.28058053426432084
12.780000000000001,10.222645,0.002044764311300025,0.099213187962917948,-0.015746815920124391,-0.0084466393765518788,-0.013048431842445991,-0.01594364937342373,0.14948410794944725,-0.0041318575904835224,-0.089228190056950721,0.28008053426432078
12.800000000000001,10.870215,0.0020628613556831626,0.099226780915107102,-0.015819480873391356,-0.008767602257085727,-0.013013852274568045,-0.015528774819170376,0.14922486994141318,-0.0041086240888052704,-0.089538765553334135,0.27958053426432083
12.82,10.846442,0.0020833465601133175,0.099240278180802902,-0.015904901656734971,-0.0091316731476265289,-0.01298313486799053,-0.015123722543598228,0.14896625094599442,-0.0040853661523368575,-0.089841240004206097,0.27908053426432078
12.84,10.016759,0.0021058045664105649,0.099253683048043689,-0.015991776742172892,-0.0095408664436220647,-0.012957074922437029,-0.0147350495902517,0.14870815799665271,-0.0040620778351292477,-0.090135940996011132,0.27858053426432083
12.859999999999999,9.4951840000000001,0.0021297268469705013,0.099266997354121617,-0.016089431730896386,-0.009974551889647465,-0.012936098120324493,-0.014368070910527584,0.14845048966337582,-0.0040387522299328293,-0.090423302414221682,0.27808053426432078
12.880000000000001,10.131219,0.0021546905909179204,0.099280224697565977,-0.0161858276732878,-0.010433791087577582,-0.012920934904422386,-0.014027809977334139,0.14819312998551507,-0.0040153808856595108,-0.090703858613768368,0.27758053426432083
12.9,10.914084000000001,0.0021801800502402745,0.099293366776400951,-0.016288434051678458,-0.010900383009689207,-0.012911695900675759,-0.013718077452454605,0.14793596082033508,-0.0039919548980977123,-0.090978220162817466,0.27708053426432078
12.92,12.254113,0.0022057694317336759,0.099306426439741621,-0.016389824004533704,-0.011371925643020475,-0.012908923526328673,-0.01344254100418197,0.14767885324478086,-0.0039684641076453931,-0.091247070982901107,0.27658053426432083
12.94,11.470345999999999,0.0022310100619353924,0.09931940578898095,-0.016491272604475249,-0.011837039440959707,-0.01291239018044427,-0.013203478246131176,0.1474216828939014,-0.0039448984823121872,-0.091511140547823736,0.27608053426432078
12.960000000000001,11.448831,0.0022554873065037703,0.099332307677817797,-0.016590028870685281,-0.012288212108706453,-0.012922516744788504,-0.013003091957134349,0.14716431704615257,-0.0039212469280235597,-0.091771202386966427,0.27558053426432083
12.98,11.895666,0.0022788150721570152,0.099345134049044811,-0.016686610855994211,-0.012717906553555203,-0.012938754782581193,-0.012842068277142214,0.14690663392945078,-0.003897499054511153,-0.092028043752509267,0.27508053426432078
13,11.904869,0.0023006578315471027,0.099357886750477159,-0.016778544734114664,-0.013118975178222136,-0.012961375869618782,-0.012721196818908081,0.14664850638991681,-0.0038736436755045646,-0.092282467688887426,0.27458053426432083
13.02,9.7514839999999996,0.0023207080798378099,0.0993705682250004,-0.016861712576778931,-0.013490628989647035,-0.012989636738648556,-0.012639709626707596,0.14638982210283488,-0.0038496706769908179,-0.092535261881421582,0.27408053426432077
13.040000000000001,10.706333000000001,0.0023386806194720371,0.099383179247844636,-0.016945907428530305,-0.013815863825840324,-0.013023481402674108,-0.012596965219850688,0.14613046988455711,-0.0038255697638811792,-0.092787201185818596,0.27358053426432083
13.06,11.969488,0.0023544355710599391,0.09939572001068199,-0.017016645642952355,-0.014105961036531944,-0.013062250226193577,-0.012591033181689254,0.14587035171301949,-0.0038013315868744733,-0.093039021849452383,0.27308053426432077
13.08,12.17126,0.0023677525797083667,0.099408192288652067,-0.017087320830988517,-0.014343120306206103,-0.013105454310982268,-0.012619930553728228,0.14560937932602905,-0.0037769474463848767,-0.09329142046052695,0.27258053426432083
13.1,12.377249000000001,0.0023785931092140762,0.099420596955656346,-0.017142665578612881,-0.01453997240637861,-0.013152428100591109,-0.012680969270577824,0.14534747773741233,-0.0037524096417452519,-0.09354503984593851,0.27208053426432077
13.120000000000001,12.794188,0.0023868207308600968,0.099432933885214805,-0.017198237471761413,-0.014680049034702769,-0.013202615267448363,-0.012771083616832688,0.14508458305981262,-0.0037277112926133106,-0.093800461518275161,0.27158053426432083
13.140000000000001,11.97748,0.0023925064979429711,0.099445203498920692,-0.017241274949934215,-0.014775620226452624,-0.013255312322750375,-0.012886852468700985,0.14482064543274284,-0.0037028466404695,-0.094058198567649187,0.27108053426432077
13.16,10.730919,0.0023956478058364643,0.099457405800346108,-0.017278601963625295,-0.01482165872978225,-0.013309548497481789,-0.013024550387880978,0.14455563434180504,-0.0036778115817980113,-0.094318689575406803,0.27058053426432083
13.18,12.370217,0.0023963402456721092,0.099469541764103456,-0.017305867635429184,-0.014820658624982386,-0.013365253726030393,-0.013180631572850708,0.14428952068159059,-0.0036526020060036152,-0.094582302206863811,0.27008053426432077
13.200000000000001,12.320252999999999,0.0023946714176083447,0.099481611045671547,-0.017325215623149148,-0.014777133081810057,-0.013421176803131896,-0.013350533713754194,0.14402230027075102,-0.0036272160503765119,-0.094849312881138889,0.26958053426432083
13.220000000000001,11.716348999999999,0.0023907994213470717,0.099493614165857072,-0.017340751684657096,-0.014686038154765768,-0.013477290716346898,-0.013530809316449573,0.14375396947422364,-0.0036016518242753541,-0.095119929067467884,0.26908053426432077
13.24,11.815211,0.002384936828993382,0.099505547996689689,-0.017346781364590225,-0.014560930939993888,-0.013532318700653682,-0.01371692994891224,0.14348455008306257,-0.0035759098073997655,-0.095394267666446125,0.26858053426432082
13.26,13.148498,0.0023772645888143905,0.099517415185006022,-0.017349882818364026,-0.014395699396146711,-0.013586388268036454,-0.013905578427776849,0.14321406135239267,-0.0035499902192756626,-0.095672379235001659,0.26808053426432077
13.280000000000001,11.097621999999999,0.0023680332777670809,0.099529212537920478,-0.017344225995449492,-0.014205147338714141,-0.013638567252333382,-0.014092445650805292,0.14294254109607699,-0.0035238950647669717,-0.095954228148017767,0.26758053426432082
13.300000000000001,11.086694,0.0023574667323181561,0.09954094144050514,-0.017338066273028918,-0.01398258245417594,-0.01368857675100062,-0.014274393438888954,0.14267003267772099,-0.0034976269222301796,-0.09623971601679554,0.26708053426432077
13.32,12.185952,0.0023458488425755425,0.099552599436262601,-0.017323800927131483,-0.013744510400318433,-0.01373580890117313,-0.014448116192506792,0.14239659155690201,-0.0034711896017706767,-0.096528678340645671,0.26658053426432082
13.34,10.895728999999999,0.0023334126712304306,0.09956418729179356,-0.017310982412708231,-0.013484253529436607,-0.0137798926407071,-0.014610701074493105,0.14212228057207443,-0.0034445877206587378,-0.096820892362135536,0.26608053426432077
13.359999999999999,10.308622,0.0023204470936054275,0.099575703005513966,-0.017290889299884427,-0.013218536498891709,-0.013820830926610272,-0.01475975051168704,0.14184716249281851,-0.0034178260042095074,-0.097116087372369278,0.26558053426432082
13.380000000000001,10.052210000000001,0.0023071719354645186,0.099587146813037319,-0.017274666183178855,-0.012940234243222548,-0.013858159275285024,-0.014892651119953325,0.14157130932283454,-0.0033909102094142468,-0.097413940394768347,0.26508053426432077
13.4,11.624079,0.0022938768172375938,0.099598517231314965,-0.017252129967746388,-0.01266630754527398,-0.0138919994118765,-0.015007946468616175,0.141294790629033,-0.0033638460071883473,-0.097714099324140671,0.26458053426432082
13.42,11.950188000000001,0.0022807514262876269,0.099609814132945604,-0.017235202632923663,-0.012389327353208301,-0.013921982589377876,-0.015103826335868134,0.14101768330310174,-0.003336639948987777,-0.098016175850858034,0.26408053426432077
13.44,11.68268,0.0022680610486196353,0.099621036518888137,-0.017213065332202238,-0.012125569684980242,-0.013948454261454893,-0.015179677385215491,0.1407400573443971,-0.0033092980842583694,-0.098319769398562337,0.26358053426432082
13.460000000000001,11.700049999999999,0.0022559558828690787,0.099632183971136032,-0.017198110352166118,-0.011867111511796757,-0.013971101556899942,-0.015234436394899444,0.14046198896268899,-0.0032818272528272112,-0.098624458126460327,0.26308053426432076
13.48,14.439386000000001,0.0022446658958412708,0.099643255945133499,-0.017179145157176556,-0.011629187492390614,-0.013990426608578492,-0.015268313789373518,0.1401835443562402,-0.0032542334887564893,-0.09892982440224779,0.26258053426432082
13.5,11.089396000000001,0.0022342957077578405,0.099654251751959091,-0.01716825712780512,-0.01140382082380853,-0.014006165742472097,-0.01528101871209863,0.13990479495372229,-0.0032265235245170837,-0.099235444776489767,0.26208053426432076
13.52,10.572172,0.0022250273275143959,0.099665171474354192,-0.017154559805305336,-0.011204253827203914,-0.014018995967018971,-0.015273500759452082,0.13962579869269945,-0.0031987029295452232,-0.099540914791678814,0.26158053426432082
13.540000000000001,11.458520999999999,0.0022169161128027734,0.099676014104603722,-0.017149477740226793,-0.011022764506686045,-0.014028691042730242,-0.015246128478268582,0.13934661799667161,-0.0031707778885539722,-0.09984583736124418,0.26108053426432076
13.56,10.843483000000001,0.0022100934471242714,0.099686780385633111,-0.01714232518986103,-0.010870658718668658,-0.014036025431980997,-0.015200486121047175,0.13906729986082453,-0.0031427532037599797,-0.10014984708366513,0.26058053426432082
13.58,10.895014,0.0022045620951904872,0.099697469196774718,-0.017144302197952044,-0.010739546179365789,-0.014040808424398333,-0.015137514258350129,0.1387878950608939,-0.0031146342019998815,-0.10045259736883214,0.26008053426432076
13.6,11.383397,0.002200402963870275,0.099708081424177863,-0.017145315703487984,-0.010639271616183166,-0.014043885030841875,-0.015059282702983888,0.13850843754373171,-0.0030864246503312484,-0.10075378302289181,0.25958053426432082
13.620000000000001,10.489776000000001,0.0021975788285167408,0.09971861612745582,-0.017154295380801265,-0.010562018054545597,-0.014045097360490656,-0.014967150568694196,0.13822896438622512,-0.0030581287463951456,-0.10105312603426569,0.25908053426432076
13.640000000000001,10.912189,0.0021961070619282317,0.099729074542715679,-0.017161414785509255,-0.010516103139359245,-0.014045294940243629,-0.014863503470284079,0.1379494957506297,-0.0030297490758224139,-0.10135039610367137,0.25858053426432082
13.66,11.860474,0.0021958946888810007,0.099739456669463669,-0.017179255369031754,-0.010489659713723398,-0.014044349051519064,-0.014749992280521197,0.13767005435191518,-0.0030012885628819819,-0.10164539594928179,0.25808053426432076
13.68,11.314626000000001,0.0021969503202221036,0.099749762773202397,-0.017194950194283631,-0.010493432783862389,-0.014043081093368239,-0.014629130227368399,0.13739064655460559,-0.0029727485306366244,-0.10193797855382916,0.25758053426432082
13.700000000000001,11.028442999999999,0.0021991438125924501,0.099759993148867132,-0.01721905293188275,-0.010516004414498958,-0.014041353505256525,-0.014502706285348494,0.13711128145527518,-0.0029441306240056437,-0.10222803267953613,0.25708053426432076
13.720000000000001,10.447506000000001,0.0022024271176565493,0.099770148962917526,-0.017241593079647899,-0.010564092272511871,-0.014039961313404646,-0.014373221507253082,0.13683195232934073,-0.0029154348947511509,-0.10251549710968119,0.25658053426432081
13.74,11.8779,0.0022066465403445834,0.099780230427116492,-0.017271409251396364,-0.010627826709797894,-0.014038791849246671,-0.014242404641820769,0.13655265469245087,-0.0028866616317742518,-0.1028003452025176,0.25608053426432076
13.76,11.055783,0.0022117279387065293,0.099790238533983777,-0.017297892682165639,-0.010713656908776237,-0.014038476285688772,-0.014112593599784853,0.13627337150330754,-0.0028578098236597665,-0.1030825970745133,0.25558053426432081
13.780000000000001,10.274357999999999,0.0022174885162842598,0.099800174179239531,-0.017333792825225736,-0.010807522054723684,-0.014038776401090702,-0.013985406265517274,0.13599409046161029,-0.0028288789252218375,-0.10336230519982365,0.25508053426432076
13.800000000000001,9.9932169999999996,0.00222386442154902,0.099810037808861357,-0.01736529100782791,-0.0109194839594009,-0.014040509976770924,-0.013862965175741343,0.13571478300155554,-0.0027998666705543913,-0.10363956450333847,0.25458053426432081
13.82,11.048671000000001,0.0022306627558482065,0.099819830662356238,-0.017403621174011619,-0.01103587933634298,-0.014043357263103162,-0.01374639064632272,0.13543542692288443,-0.0027707714029467198,-0.10391449231626493,0.25408053426432076
13.84,12.124758999999999,0.0022377963722603248,0.099829553621136491,-0.017437501452468585,-0.011163622851162458,-0.014047896338818958,-0.013637516683282801,0.13515598853157776,-0.0027415902089611183,-0.10418724264993058,0.25358053426432081
13.859999999999999,13.106934000000001,0.0022450738611393566,0.099839207523832185,-0.017477361792461732,-0.011290988191110074,-0.01405382939369825,-0.013537226269750504,0.13487644006452695,-0.0027123207227951023,-0.10445798717532559,0.25308053426432076
13.880000000000001,10.399445999999999,0.0022524198469184645,0.099848793404754194,-0.017512011991662302,-0.011424007731042352,-0.014061613551646868,-0.013446836952057175,0.13459674467336957,-0.002682959550549131,-0.10472692391436673,0.25258053426432081
13.9,11.799618000000001,0.0022596503661007593,0.099858312013684822,-0.01755190486374314,-0.011551640634111848,-0.014070789815042471,-0.01336686126824398,0.13431687464788919,-0.0026535041733617695,-0.10499426113973162,0.25208053426432075
13.92,13.376747999999999,0.0022667018615856174,0.099867764260109418,-0.017585819262261992,-0.011680331649338349,-0.014081991106825347,-0.013298250298193946,0.13403678969762967,-0.0026239506617056784,-0.1052602261456955,0.25158053426432081
13.94,11.880331,0.0022734091520096537,0.099877150989842553,-0.017624167637820598,-0.011799150684970172,-0.014094653277835285,-0.013240867241913297,0.13375646076221745,-0.0025942961784086471,-0.10552504349053377,0.25108053426432075
13.960000000000001,10.651510999999999,0.0022797285799826261,0.099886472936679613,-0.017650467195496677,-0.011920480614318052,-0.014109190317585747,-0.013195319142997115,0.13347585055663921,-0.0025645369261921287,-0.10578894987339371,0.25058053426432081
13.98,10.498749,0.0022854636867022551,0.099895741883168757,-0.017680295060392481,-0.012028240518255018,-0.014125049200613108,-0.013161176121615725,0.13319493280421424,-0.0025346701831425499,-0.10605217339582602,0.25008053426432075
14,15.755616,0.0022905995133017261,0.099904960017238378,-0.01769935209677298,-0.012132746540035377,-0.01414258796919762,-0.013138540873420947,0.13291367411663133,-0.0025046923839283004,-0.10631494421329445,0.24958053426432078
14.02,14.514225,0.0022949902477540159,0.099914132929733723,-0.017719075836242215,-0.012223548935535788,-0.014161210780117306,-0.013126652811816514,0.13263205296437938,-0.0024746011408855201,-0.10657747726953078,0.24908053426432078
14.040000000000001,14.607653000000001,0.0022986299678958381,0.099923269342614501,-0.017729072076559493,-0.01230672062362359,-0.014181239026596239,-0.013125240527728366,0.1323500414348267,-0.0024443933052938067,-0.10683998208008534,0.24858053426432078
14.06,15.330601,0.0023014185314978461,0.099932370900591649,-0.017741869361086238,-0.012371758191389581,-0.014202041352390619,-0.013133243239284713,0.13206762417871257,-0.0024140669985789225,-0.10710264694487104,0.24808053426432078
14.08,15.939990999999999,0.002303405065291433,0.099941441742517581,-0.017745292170735283,-0.012426179628190148,-0.014223903887151883,-0.013150138590916131,0.13178478016403727,-0.0023836196657115636,-0.10736564971668935,0.24758053426432078
14.1,14.670394,0.0023045377332796073,0.099950479557265895,-0.017752022795333833,-0.01246286415685649,-0.014245731907828595,-0.013174638928812533,0.13150151013389183,-0.0023530510370655972,-0.1076291424952656,0.24708053426432078
14.120000000000001,14.944262,0.0023048939055902891,0.099959488153405607,-0.017749006486117658,-0.012490740587397298,-0.014267818319256652,-0.013206443323389574,0.13121780901200866,-0.0023223601706919726,-0.10789327136173339,0.24658053426432078
14.140000000000001,15.313564,0.0023044254252256517,0.099968469161108936,-0.017749867796776897,-0.012500100176572104,-0.014289253630553929,-0.013244095116812559,0.13093368981069695,-0.0022915480436425982,-0.10815815326406965,0.24608053426432078
14.16,15.724962,0.0023032493958059543,0.099977425205177259,-0.017741588224665872,-0.012501046146009109,-0.014310157815679247,-0.01328698414144904,0.13064916315949976,-0.0022606153515133055,-0.10842389294689862,0.24558053426432078
14.18,12.511818999999999,0.0023013494531351395,0.099986351596276793,-0.017737504169822227,-0.012486326139417692,-0.014329786132247412,-0.013333775619269224,0.13036425449743252,-0.0022295643850640061,-0.108690568459284,0.24508053426432078
14.200000000000001,11.986276,0.0022988394116359046,0.099995256983592781,-0.017724522795487196,-0.012463889828857155,-0.01434849628564183,-0.0133836634835451,0.13007898215210006,-0.0021983966573293334,-0.10895824172895491,0.24458053426432078
14.220000000000001,12.078970999999999,0.0022957227386497673,0.10000413783408509,-0.017716031389858333,-0.01242686416599792,-0.014365611299151175,-0.013435125613297256,0.12979337791043516,-0.0021671151557295836,-0.10922694424122086,0.24408053426432078
14.24,10.311075000000001,0.0022921451204042666,0.10001300002820068,-0.017699223027499933,-0.012384931999088522,-0.014381562462043286,-0.013487286110086791,0.12950746498345705,-0.0021357219442552115,-0.10949668996342259,0.24358053426432077
14.26,11.721828,0.0022881109376065205,0.1000218382510758,-0.01768746226321749,-0.012330960954975545,-0.014395666876248618,-0.013538804609212848,0.12922128015653367,-0.002104220598830038,-0.10976746605560685,0.24308053426432077
14.280000000000001,11.981877000000001,0.0022837775366712719,0.10003065358732244,-0.017668309174009078,-0.012275130364789,-0.014408427801898237,-0.013589078468630885,0.12893485020708501,-0.0020726136257411916,-0.11003924762497946,0.24258053426432077
14.300000000000001,10.703011999999999,0.0022791611059891637,0.10003944112282748,-0.017653685164886745,-0.012210706228511725,-0.014419230069242612,-0.013636834095170415,0.12864821413811733,-0.0020409049158547294,-0.11031198430688287,0.24208053426432077
14.32,11.026344999999999,0.0022744021932145581,0.10004820321672571,-0.017632993718263101,-0.012146445848780552,-0.014428614237452569,-0.0136816171696917,0.12836140020241515,-0.0020090972153356088,-0.11058561665027671,0.24158053426432077
14.34,9.8035209999999999,0.0022695220189343879,0.10005693515753729,-0.017617384234370093,-0.012076825287826054,-0.014435992598125164,-0.013722472442075473,0.12807444833050971,-0.0019771946115671579,-0.11086006609911822,0.24108053426432077
14.359999999999999,10.580152999999999,0.0022646609228015864,0.10006563901304029,-0.017595938791848731,-0.012010571650112212,-0.014441934593035695,-0.013759086318792515,0.12778738712820553,-0.0019451999862766431,-0.11113524782549407,0.24058053426432077
14.380000000000001,12.797910999999999,0.002259829477328021,0.10007431123171301,-0.017580018796559127,-0.01194144309662537,-0.014445901955248303,-0.013790663024982441,0.1275002558947107,-0.0019131174665503105,-0.11141106108599372,0.24008053426432077
14.4,10.193441999999999,0.002255155254932258,0.10008295400447331,-0.017559228788449843,-0.011877915033298159,-0.014448506745940582,-0.013817164913380751,0.12721308175741539,-0.0018809498781469614,-0.11168740438426134,0.23958053426432077
14.42,10.894444999999999,0.0022506436294154014,0.10009156407896375,-0.017543458528969769,-0.011814236290700109,-0.014449279151455573,-0.013838035633092525,0.12692590117549116,-0.001848701148492229,-0.11196416509692318,0.23908053426432077
14.44,11.973879999999999,0.0022463962230211939,0.10010014386433488,-0.017524153052160152,-0.011757987682994298,-0.014448774434279808,-0.013853497985110123,0.12663873956572747,-0.0018163740246020814,-0.11224123505662538,0.23858053426432077
14.460000000000001,12.047552,0.0022424197567757196,0.10010869040278061,-0.017509553917891996,-0.011704505558434164,-0.014446622900448724,-0.013863268583961804,0.12635162968626751,-0.0017839721356510837,-0.11251850042830462,0.23808053426432077
14.48,11.028145,0.0022387977092357958,0.10011720572830851,-0.017491934223654138,-0.011659331481919111,-0.014443406562532549,-0.013867721914813167,0.12606459272219553,-0.0017514978610852297,-0.11279585486660089,0.23758053426432077
14.5,11.224875000000001,0.0022355155097177589,0.10012568741344888,-0.01747926008042322,-0.011618033699464014,-0.014438753428286674,-0.013866805024144556,0.12577765724559442,-0.0017189544670883064,-0.11307319096708378,0.23708053426432077
14.52,12.301772,0.0022326401595079343,0.10013413731539179,-0.017463273822575065,-0.011587268554246855,-0.014433260834295383,-0.013861105946009511,0.12549083995227731,-0.0016863439231099109,-0.11335041308600396,0.23658053426432077
14.540000000000001,12.086217,0.0022301433237680076,0.10014255303957756,-0.017453505043071083,-0.011559854497511068,-0.014426613435967553,-0.01385071922345499,0.12520416379966781,-0.0016536689538313371,-0.11362742747047307,0.23608053426432077
14.56,13.654583000000001,0.0022280850591490636,0.10015093713287727,-0.017440640287241571,-0.011543892120053023,-0.014419338811681033,-0.013836352603247119,0.12491764125675958,-0.0016209311299600873,-0.11390415452253801,0.23558053426432077
14.58,15.725630000000001,0.0022264242410964929,0.10015928741377038,-0.017432823669260245,-0.01153260918954313,-0.014411209837547191,-0.013818248565394453,0.12463128930172386,-0.001588132571455966,-0.11418051949384589,0.23508053426432077
14.6,13.380121000000001,0.0022251930349858405,0.10016760594869477,-0.017422743236082727,-0.011531411899687427,-0.014402698257337424,-0.013797188011013524,0.12434511553553264,-0.0015552743551212576,-0.11445646325406617,0.23458053426432077
14.620000000000001,12.959358999999999,0.0022243395972333922,0.10017589056509157,-0.017417178537421307,-0.011535299978490343,-0.014393594640792486,-0.013773561370704915,0.12405913171764155,-0.0015223580585826985,-0.11473193448148027,0.23408053426432077
14.640000000000001,13.907999999999999,0.0022238816926823273,0.10018414339608989,-0.017408545713977208,-0.0115494187487446,-0.014384364054877795,-0.013748139082370079,0.12377334036478846,-0.0014893842153170477,-0.11500689726312767,0.23358053426432077
14.66,13.581568000000001,0.0022237517378810678,0.10019236221562922,-0.017406119773514916,-0.011565914619183104,-0.014374747520858745,-0.013721318722605784,0.12348774913756606,-0.0014563539648035635,-0.11528132363757979,0.23308053426432077
14.68,10.419560000000001,0.002223971151882176,0.10020054991864488,-0.0174006933482449,-0.011592285259251156,-0.014365293785189828,-0.013693958867473861,0.12320235479315408,-0.0014232671941605752,-0.11555520281492926,0.23258053426432077
14.700000000000001,12.845885000000001,0.0022244708805466184,0.10020870383434595,-0.017399564177996929,-0.011621451990228238,-0.014355732547138933,-0.013666338714036165,0.12291715945851656,-0.0013901244138459334,-0.11582852958920999,0.23208053426432076
14.720000000000001,11.507125,0.0022252452302235614,0.10021682708479056,-0.017395050111513211,-0.011658382577143023,-0.014346488708710272,-0.013639311517499418,0.12263215681942492,-0.0013569251515277935,-0.11610131581955997,0.23158053426432076
14.74,12.231736,0.0022262089022521509,0.1002249168743401,-0.017396391828464974,-0.011695290847408835,-0.014337344734699411,-0.013613181398216503,0.12234734488395846,-0.0013236694297270395,-0.1163735794475243,0.23108053426432076
14.76,11.604756,0.0022273765796771393,0.10023297588379712,-0.017394037550046093,-0.011739367752521268,-0.014328661060304516,-0.013588628090725082,0.12206271450124632,-0.0012903564240149018,-0.1166453520093388,0.23058053426432076
14.780000000000001,13.200187,0.0022286656529874422,0.10024100220648882,-0.017395787472821667,-0.011782992266343051,-0.01432013984132376,-0.013565922708618441,0.12177826243861756,-0.0012569859865549267,-0.11691667046351117,0.23008053426432076
14.800000000000001,13.648928,0.0022300671685138744,0.10024899813547487,-0.017393639014874562,-0.011831689964654224,-0.014312273970626083,-0.013545695022345983,0.12149397567463348,-0.0012235568030835018,-0.1171875843639581,0.22958053426432076
14.82,11.821702999999999,0.0022314964440639565,0.10025696151244545,-0.017396711214138882,-0.011877214268262826,-0.014304751596750501,-0.013527960896118602,0.12120984738480615,-0.0011900682644815079,-0.11745814358188048,0.22908053426432076
14.84,12.255324,0.0022329646893381656,0.10026489484986766,-0.017395780325848431,-0.011926840473401867,-0.014297890804716638,-0.013513282974264542,0.12092586442929511,-0.0011565189937792683,-0.11772840924136577,0.22858053426432076
14.859999999999999,11.869804999999999,0.0022343961368558253,0.10027279615047587,-0.01739835434537218,-0.011972782752367017,-0.01429134758291379,-0.013501670886519405,0.120642020503984,-0.0011229083948818923,-0.11799844265909616,0.22808053426432076
14.880000000000001,11.863032,0.0022357833144335841,0.10028066794797597,-0.017397643481691372,-0.012020367580075408,-0.014285570469567271,-0.013493496601358028,0.12035830039923198,-0.0010892347907401176,-0.11826831259112332,0.22758053426432076
14.9,10.716887,0.0022370653546986423,0.1002885078843845,-0.017399671615289325,-0.01206383065761063,-0.014280179451960627,-0.013488539526724668,0.12007469645608256,-0.0010554973708302023,-0.11853808338165781,0.22708053426432076
14.92,12.366698,0.0022382406120443625,0.10029631841278812,-0.017397386585007446,-0.012107850330033365,-0.014275472506879449,-0.013487118501869618,0.11979119510093021,-0.0010216945936564795,-0.1188078257516952,0.22658053426432076
14.94,10.978637000000001,0.0022392419775208229,0.10030409700926746,-0.01739970705084648,-0.012144794593194064,-0.014271061244084041,-0.013488975255273169,0.11950779047667562,-0.00098782580914809283,-0.11907760525680067,0.22608053426432076
14.960000000000001,11.713846999999999,0.0022400962403304626,0.1003118466841522,-0.017397585686983685,-0.012182251575828751,-0.014267344293821309,-0.01349427167186136,0.11922446881302723,-0.0009538893952702784,-0.1193474906902379,0.22558053426432076
14.98,12.2554,0.0022407503098385946,0.10031956474140287,-0.017398376388438219,-0.012213071027477262,-0.014263923649545736,-0.013502556818764281,0.1189412242465914,-0.00091988464947494609,-0.11961754182661317,0.22508053426432076
15,9.6886550000000007,0.0022412201670177078,0.10032725392736393,-0.017395099579057494,-0.012242739552995374,-0.014261057127624479,-0.013513940027703529,0.11865804579723342,-0.00088581023123836472,-0.11988782062716724,0.22458053426432076
15.02,10.806706,0.002241460004421025,0.10033491185859683,-0.017394728620562017,-0.012265714949085016,-0.014258419695180886,-0.013527954823007803,0.11837492894176585,-0.00085166555329699788,-0.1201583797236274,0.22408053426432076
15.040000000000001,11.190875999999999,0.0022415025211061992,0.10034254045855595,-0.01738944897189354,-0.012287687252579005,-0.014256213076487074,-0.013544553599857524,0.11809186515394177,-0.00081744952583090707,-0.12042927079562456,0.22358053426432076
15.06,10.332426,0.0022413011839331242,0.10035013767277642,-0.017388561304179984,-0.012301305224977632,-0.014254040247003488,-0.013563270637499607,0.11780885379287023,-0.0007831619938445082,-0.12070053620837455,0.22308053426432076
15.08,11.759774999999999,0.0022409092336293326,0.10035770571154949,-0.017382772558580228,-0.012314604815863994,-0.01425227563038951,-0.013584011684647934,0.1175258867853467,-0.00074880188745622711,-0.12097221644206752,0.22258053426432076
15.1,9.8055959999999995,0.0022402917301832552,0.10036524265341366,-0.017380026337361354,-0.012320879155454101,-0.01425051391304096,-0.013606130887865225,0.11724296410711267,-0.00071436909995371714,-0.12124433905982482,0.22208053426432076
15.120000000000001,9.9001660000000005,0.0022394943159406151,0.10037275032749514,-0.017373278890881139,-0.01232560911050129,-0.014248993695283287,-0.013629577929239805,0.11696008099803804,-0.00067986293917684495,-0.12151693061840961,0.22158053426432076
15.140000000000001,11.338524,0.0022384905186048406,0.10038022658663857,-0.017369140647308878,-0.012324430820974897,-0.014247357085843411,-0.013653783288110477,0.11667723980420869,-0.000645283571834369,-0.12179000628417182,0.22108053426432075
15.16,11.858953,0.0022373308775135948,0.10038767321643161,-0.017360429420060886,-0.01232293228468162,-0.014245854135674231,-0.013678614577164962,0.11639443790816378,-0.00061063055442795767,-0.12206357857571512,0.22058053426432075
15.18,10.955427,0.0022359915846445876,0.10039508797882606,-0.017356000114289838,-0.012314491412837469,-0.014244068759789626,-0.013703542919776083,0.11611168095270386,-0.00057590445368976958,-0.12233764943411064,0.22008053426432075
15.200000000000001,9.0698640000000008,0.0022345393700960946,0.10040247328464463,-0.017347126989887496,-0.012306808065158492,-0.014242389570701583,-0.013728488846987094,0.11582896686617401,-0.00054110489117747908,-0.12261221921105038,0.21958053426432075
15.220000000000001,10.408137999999999,0.0022329552389506744,0.10040982686209561,-0.017341375801995795,-0.012293938255160342,-0.014240403862360591,-0.013752840859312863,0.11554630176904787,-0.00050623249906106408,-0.12288727602823664,0.21908053426432075
15.24,12.086399,0.0022312943330214563,0.10041715040839086,-0.017331186083993977,-0.012282483958609092,-0.014238391960413472,-0.01377661352314857,0.11526368621673028,-0.00047128722991675548,-0.12316280829869961,0.21858053426432075
15.26,10.739101,0.0022295368961514398,0.10042444161335119,-0.017325257591274568,-0.012265691671720091,-0.014236028250950385,-0.013799330463540649,0.11498112722693339,-0.00043626984238269889,-0.12343879490797041,0.21808053426432075
15.280000000000001,9.3814200000000003,0.0022277502473498256,0.1004317029352474,-0.017315501212781026,-0.012251124668167357,-0.014233562052852275,-0.013820946086985628,0.11469862686763468,-0.00040118049241638762,-0.12371521382971012,0.21758053426432075
15.300000000000001,10.30489,0.002225923214547283,0.10043893177477908,-0.0173086709923993,-0.012233460876679203,-0.014230628497602368,-0.01384109887402638,0.11441619444725669,-0.00036602024648242794,-0.12399203580719065,0.21708053426432075
15.32,10.030697999999999,0.0022241042319766152,0.1004461301777011,-0.017297829496575989,-0.012218629533170322,-0.014227625710711261,-0.013859858598393922,0.11413383137108923,-0.00033078920104105827,-0.12426923297915853,0.21658053426432075
15.34,12.100882,0.0022222739339398372,0.1004532957446089,-0.017291649173096779,-0.012200071721760075,-0.014224196085270167,-0.013876806770410227,0.1138515461400782,-0.00029548835031572006,-0.12454676911456673,0.21608053426432075
15.359999999999999,11.556889,0.0022204989022617146,0.10046043058248644,-0.017281721955454188,-0.012185560218777702,-0.014220638525025617,-0.013892114117827656,0.11356934132146022,-0.0002601179619579904,-0.12482461139692329,0.21558053426432075
15.380000000000001,11.687446,0.002218761775290574,0.10046753270713625,-0.017275007379439433,-0.012169352838455438,-0.014216601742647425,-0.013905506218127471,0.11328722645195834,-0.00022467919152857396,-0.12510272152128585,0.21508053426432075
15.4,11.836909,0.0022171058981319968,0.10047460374225263,-0.017264572304804826,-0.012157300660657455,-0.014212483355450398,-0.013917208477266784,0.11300520317600056,-0.00018917221940156895,-0.12538106569083118,0.21458053426432075
15.42,12.249402,0.0022155053199446949,0.10048164154896545,-0.017258837829004836,-0.012142970127303698,-0.014207977525089392,-0.013926938523849002,0.11272327920521802,-0.00015359800346389466,-0.12565960446130817,0.21408053426432075
15.44,10.416819,0.0022140184825287083,0.10048864817382198,-0.017249770111959606,-0.012133706639657404,-0.014203363144761569,-0.013934984555047618,0.11244145671536472,-0.0001179568185554948,-0.12593830415240911,0.21358053426432075
15.460000000000001,10.015788000000001,0.0022126229341318028,0.10049562166191874,-0.01724380015499527,-0.012123920552635781,-0.014198322033359323,-0.013941227573889462,0.11215974419384808,-8.2249751384889643e-05,-0.1262171287038869,0.21308053426432075
15.48,12.364261000000001,0.0022113496150257543,0.10050256366219139,-0.01723439745597144,-0.012119034683506946,-0.014193279354925037,-0.013945989361122024,0.11187814169051885,-4.6476833451244259e-05,-0.12649604849110935,0.21258053426432075
15.5,13.176092000000001,0.0022101661703374247,0.10050947211571869,-0.017229776994384327,-0.012112583653907549,-0.014187927890451521,-0.013949091998679559,0.11159665534927522,-1.063888117803391e-05,-0.12677503033108295,0.21208053426432075
15.52,11.477439,0.0022091218491344777,0.10051634903806972,-0.017222075006819715,-0.012111677954437461,-0.014182562148412504,-0.013950936790759257,0.11131528546951014,2.5264021189584681e-05,-0.12705404906689813,0.21158053426432075
15.540000000000001,15.194316000000001,0.0022081877016252058,0.10052319253489797,-0.01721726196745621,-0.012110759650294511,-0.014176878349548715,-0.013951479949193523,0.11103403837615514,6.1231011257191153e-05,-0.127333078665882,0.21108053426432075
15.56,15.993323999999999,0.0022073822683426297,0.10053000431846801,-0.017209209194211983,-0.012114804246507127,-0.014171293996281671,-0.013951107963119476,0.1107529121103466,9.7262276627261955e-05,-0.1276121008251444,0.21058053426432075
15.58,15.391128999999999,0.002206666549484545,0.10053678237039386,-0.017205902038112786,-0.012117314072823682,-0.014165525675788772,-0.013949712660256283,0.11047191033477134,0.00013335727894229379,-0.12789109507834953,0.21008053426432075
15.6,15.520576999999999,0.0022060813337609086,0.10054352873665247,-0.017199664313107377,-0.012125170608314306,-0.014159845957580143,-0.013947729423677441,0.11019103130433866,0.00016951616830787608,-0.12817004966682308,0.20958053426432074
15.620000000000001,15.302388000000001,0.0022055922211148583,0.10055024165497645,-0.017195985793036606,-0.012132883580386888,-0.014153964353472293,-0.013945157518371982,0.10991027903569246,0.00020573834960273415,-0.12844895281719051,0.20908053426432074
15.640000000000001,15.570344,0.0022052070720884722,0.10055692263242966,-0.01718919038771638,-0.012145046423158945,-0.014148293415495936,-0.013942392454995829,0.10962964936180525,0.00024202428024179765,-0.12872780066629044,0.20858053426432074
15.66,14.81772,0.0022048829682160083,0.10056356995252538,-0.017187012226249632,-0.012155127269225297,-0.014142559229000821,-0.013939332183349831,0.10934914354875389,0.00027837371576305722,-0.12900658730995743,0.20808053426432074
15.68,11.096549,0.0022046549818687884,0.10057018548600348,-0.017181967276611143,-0.012169963121816174,-0.014137005130054722,-0.01393640065574773,0.10906875803618789,0.00031478703697911207,-0.12928531532307239,0.20758053426432074
15.700000000000001,11.086410000000001,0.0022044869347145261,0.10057676760848497,-0.017179071157184644,-0.012184017467377295,-0.014131347291326474,-0.013933588751269092,0.1087884948932667,0.00035126389576885448,-0.12956398709809777,0.20708053426432074
15.720000000000001,9.5842749999999999,0.0022043782041169259,0.10058331782719172,-0.017173285803490312,-0.01220161180011381,-0.014125985420313647,-0.013931251447500759,0.10850834826210373,0.0003878049779368611,-0.12984261212704779,0.20658053426432074
15.74,12.083424000000001,0.0022042882280098363,0.10058983449026965,-0.01717172086337504,-0.012216352827664423,-0.014120649433551834,-0.013929246383527143,0.10822831764181373,0.00042441027632525051,-0.13012119705471833,0.20608053426432074
15.76,11.933695999999999,0.0022042462306387919,0.10059631936636286,-0.017167367093577024,-0.012234889047751274,-0.014115546679961261,-0.013927943036515254,0.10794839842006719,0.00046108032577270975,-0.13039975591544864,0.20558053426432074
15.780000000000001,12.983522000000001,0.0022042180863977349,0.10060277097020416,-0.017164862821642313,-0.012251834335660128,-0.014110398081565566,-0.013927286223544231,0.10766859151957588,0.00049781494222015071,-0.13067830163991953,0.20508053426432074
15.800000000000001,11.094232,0.0022042011973740045,0.10060919072913335,-0.017159473742366593,-0.012271367638774677,-0.014105587010066577,-0.013927559879343538,0.10738889026158363,0.00053461494543995754,-0.13095685283750641,0.20458053426432074
15.82,10.860785,0.002204157556985724,0.10061557704339538,-0.017158006083200839,-0.012287217838601094,-0.014100844447412541,-0.013928552626530153,0.10710929330284699,0.0005714804620818427,-0.13123542389003701,0.20408053426432074
15.84,11.660845,0.0022041157403044562,0.10062193169426364,-0.017153757525977031,-0.012305919924716413,-0.014096339803815422,-0.013930566072152487,0.10682979594188713,0.00060841206863132872,-0.13151403521148006,0.20358053426432074
15.860000000000001,10.635609000000001,0.0022040453772620271,0.10062825320901646,-0.017151135174808374,-0.01232225793855779,-0.014091812206807072,-0.013933478107543949,0.10655039865073873,0.00064540966595469558,-0.13179270477363095,0.20308053426432074
15.880000000000001,10.498692,0.0022039458502115862,0.10063454283342592,-0.017145544827629866,-0.012340350120961574,-0.014087610179001776,-0.013937490136020962,0.1062710949922388,0.00068247407706244288,-0.13207145457635136,0.20258053426432074
15.9,11.623905000000001,0.0022037823251039312,0.10064079920797758,-0.01714376814504881,-0.012354065016883631,-0.014083472296575521,-0.01394232362989597,0.10599188371349383,0.00071960544645493596,-0.13235030104894929,0.20208053426432074
15.92,11.879872000000001,0.0022035880002558325,0.10064702392442362,-0.017139136905020891,-0.01237002977494317,-0.014079543851530969,-0.013948203550386142,0.10571276068207081,0.00075680430875062188,-0.13262926511995701,0.20158053426432074
15.94,10.02936,0.0022033372640809287,0.10065321557978772,-0.01713604564725113,-0.012383100322761464,-0.014075567190211051,-0.013954947012368872,0.10543372687443549,0.000794070525180492,-0.1329083640602044,0.20108053426432074
15.960000000000001,9.6232970000000009,0.0022030343998185233,0.10065937527375139,-0.017129713586532702,-0.012397525034607781,-0.01407186884024998,-0.013962688099020709,0.10515477679481129,0.00083140482764534342,-0.1331876178221848,0.20058053426432074
15.98,11.883634000000001,0.0022026454877064135,0.10066550203148703,-0.017127328876340719,-0.012406960213928286,-0.014068192766691058,-0.013971094176488069,0.1048759100239262,0.00086880727655492531,-0.13346703970571455,0.20008053426432074
16,11.90218,0.0017215456333144203,0.10067159708768464,-0.015270315869437834,-0.0060572841113906151,-0.014064670141708797,-0.013980331252899681,0.10459712354307042,0.00090627828628358695,-0.13374664633077255,0.20008053426432074
16.02,12.647257,0.0012995155891742441,0.10067710560078742,-0.013388270599008489,0.00028243829671925624,-0.014061042100857813,-0.013990173677487054,0.10431841946539011,0.00094381758661281519,-0.1340264498043223,0.20008053426432074
16.039999999999999,9.5896989999999995,0.0009431986675337967,0.10068202352690606,-0.011681727812036691,0.0057767604313685439,-0.014057632067042074,-0.014000711056315474,0.10403979349397872,0.00098142577439147951,-0.1343064640254486,0.20008053426432074
16.059999999999999,11.174223,0.00066645759608042934,0.10068642331993605,-0.010014913310203433,0.011183290248402145,-0.014054184008935561,-0.014011579315282918,0.10376124640724715,0.0010191027665241636,-0.13458669561175426,0.20008053426432074
16.080000000000002,14.522733000000001,0.00051521130710214418,0.10069033284658932,-0.0084684448187846151,0.01546531788219685,-0.014050828071259361,-0.014022921758044121,0.10348277640454476,0.00105684883108939,-0.13486715404691516,0.20008053426432074
16.100000000000001,13.683465,0.0005326607347345047,0.10069369383757575,-0.0069902169191697894,0.019390640338224685,-0.014047289158798807,-0.014034496727565182,0.10320438713756429,0.0010946634990693746,-0.13514784398146645,0.20008053426432074
16.120000000000001,16.334171000000001,0.00067052877803759885,0.10069648186949678,-0.0055393511473078583,0.023032943350685287,-0.014043909437634144,-0.014046388350858242,0.10292607547703148,0.0011325472228627877,-0.13542877174848361,0.20008053426432074
16.140000000000001,16.525099999999998,0.00084856847794811355,0.10069858706325752,-0.0042757311454915126,0.026135871387584331,-0.013888528683141489,-0.014058211917070785,0.10265085357585442,0.001170089155491058,-0.13570993598682501,0.20008053426432074
16.16,16.600245000000001,0.0010244441282164834,0.10070019356217197,-0.0031382524776337739,0.028729454200694171,-0.013594333403905225,-0.013605365917270325,0.10238147176848694,0.0012069103740755551,-0.13598204330517041,0.20008053426432074
16.18,15.509980000000001,0.001180551732675993,0.10070134601401327,-0.0020738242016880015,0.031112151870113181,-0.013189638843806728,-0.012718173458248029,0.10212011869738873,0.0012427042472880707,-0.13623640677433538,0.20008053426432074
16.199999999999999,18.005814999999998,0.0013069600647752574,0.10070211070858331,-0.0011401984621630668,0.03292688817821432,-0.012688783061021199,-0.011486065230487154,0.10186869843996933,0.0012771997598517641,-0.13646612807894512,0.20008053426432074
16.219999999999999,15.834422,0.0014000421715523214,0.10070250815927609,-0.00033888551139593659,0.034169125878040774,-0.012111280009622923,-0.0099374239475477476,0.10162872810167187,0.001310176693093,-0.13666487655789608,0.20008053426432074
16.240000000000002,17.936589000000001,0.0014588186666940257,0.10070257019752556,0.00025601388877927178,0.034387616722650449,-0.011470412659450056,-0.0081745680808510222,0.1014014614338449,0.0013414498177539555,-0.13682836791951311,0.20008053426432074
16.260000000000002,12.002454,0.0014866676385515804,0.10070227740108245,0.00058871446316155485,0.033255629522209063,-0.010774778733359996,-0.0062372028457623376,0.1011879818019845,0.0013708571209606981,-0.13695311197642837,0.20008053426432074
16.280000000000001,20.044518,0.001490426372637342,0.10070149415953872,0.0010930289965727091,0.033409088039728196,-0.010045229963696995,-0.0041571209549408177,0.10098895949898146,0.0013982939742202898,-0.13703625439552719,0.20008053426432074
16.300000000000001,17.204830000000001,0.0014587934460543435,0.10070049263429444,0.0013678796752141231,0.032430206971243436,-0.0092955147357798463,-0.0019828198748836116,0.1008047925765489,0.0014236944144322393,-0.13707591079302486,0.20008053426432074
16.32,12.000629,0.0013985784472399937,0.10069925394410076,0.0014542875809300249,0.030562451199005025,-0.0085336476746302216,0.00024248586030274719,0.10063572051314258,0.0014470159587511777,-0.13707106107581882,0.20008053426432074
16.34,14.930224000000001,0.0013152792340132573,0.10069776914919863,0.0015263807920513628,0.028797994385831416,-0.0077715775295631954,0.0025001400737775983,0.1004817463078171,0.0014682506241262808,-0.13702105827434327,0.20008053426432074
16.359999999999999,12.603078,0.0012080161623935768,0.10069610764614317,0.0013311867704026703,0.025721839693175319,-0.0070201789299073562,0.0047465863400342236,0.10034265778070617,0.0014874221266568349,-0.13692612654754258,0.20008053426432074
16.379999999999999,14.804906000000001,0.0010868258200252923,0.10069420781765609,0.0013278988567666516,0.023880360777771337,-0.0062953150349786824,0.0069407109448768409,0.10021792873830543,0.0015045995111389431,-0.13678731232864505,0.20008053426432074
16.399999999999999,12.569224,0.00094478404873395768,0.10069222137187009,0.00097878531600503749,0.02026250905357152,-0.0056158348615099633,0.0090110499534420095,0.10010665978994056,0.00151990511816635,-0.13660709132957621,0.20008053426432074
16.420000000000002,11.295914,0.00079716109164824922,0.10069008703258564,0.00073036270742532494,0.017364860023556083,-0.0049631097813061477,0.010866819681512286,0.10000832087709838,0.0015334122163572052,-0.13638975493594596,0.20008053426432074
16.440000000000001,11.101292000000001,0.00064114427135937644,0.10068787190584449,0.00042602852773931943,0.014286072323282717,-0.0043532813039874945,0.012615603059535095,0.099922062308277146,0.0015452394116955972,-0.13613744287475527,0.20008053426432074
16.460000000000001,9.917783,0.00048236953433955786,0.10068560140669995,-9.7965132739297189e-06,0.010610199217929051,-0.0037975073877512412,0.014181483931081314,0.099846813420524178,0.0015555364906965242,-0.13585381319613363,0.20008053426432074
16.48,11.004337,0.00033283201174638856,0.10068331538091838,-0.00040813768317526922,0.0072750809450576881,-0.0032915426831440458,0.01551116931018762,0.09978158774654898,0.0015644422612114516,-0.13554358980992987,0.20008053426432074
16.5,12.314194000000001,0.00021127167418694931,0.10068101178069179,-0.00075568430595840397,0.0043246292538885456,-0.0028523200699114657,0.0166272502030579,0.099725063292488716,0.0015721414823198826,-0.13521104480586871,0.20008053426432074
16.52,11.119548,0.00018036334270574695,0.10067865666571663,-0.0012301343088791938,0.00079281190726288031,-0.0024574048082636026,0.017447497032408152,0.09967636262050919,0.0015787581208481748,-0.13486209486522055,0.20008053426432074
16.539999999999999,11.108946,0.00026266248839823634,0.10067631643975719,-0.001731435934008374,-0.0028099870572741992,-0.0021307242991129697,0.018080959344889323,0.099634134043778133,0.0015844801591914366,-0.13450047567832277,0.20008053426432074
16.559999999999999,12.300971000000001,0.00037688655430083656,0.10067403891622694,-0.0021475742995349378,-0.0057230119792688328,-0.0018571769731489985,0.018409749516903683,0.099597325052144012,0.0015894541574541666,-0.13413228068798469,0.20008053426432074
16.580000000000002,17.252317999999999,0.00049103730851298279,0.10067186073480852,-0.0025219674690002414,-0.0084136446847837831,-0.0016360222567000547,0.018505891866984158,0.099564897701189162,0.001593823875959764,-0.13376216285064502,0.20008053426432074
16.600000000000001,11.056989,0.00059549641900694887,0.1006697051904784,-0.0027950064304005373,-0.010286381202695871,-0.0014727939681822622,0.018370970018507952,0.099535704224920862,0.0015977468560078422,-0.13339474345027486,0.20008053426432074
16.620000000000001,9.5168970000000002,0.00068929922049762807,0.10066776411827896,-0.0030836769650073315,-0.012282263768774726,-0.0013586092638420075,0.017976077061756066,0.099508772785247265,0.001601355901563977,-0.13303522190903974,0.20008053426432074
16.640000000000001,12.643653,0.00076778151326616995,0.10066590706312931,-0.0033744822289807352,-0.014253170212029431,-0.0012843839773800827,0.017362667195353208,0.099483311494457091,0.001604758775619631,-0.13268796856513268,0.20008053426432074
16.66,16.306587,0.00082785810887182009,0.1006640910519551,-0.0036159270190090353,-0.015895007695929664,-0.0012565221784861574,0.016572762560223355,0.099458401400358595,0.0016080793788803048,-0.13235651331392823,0.20008053426432074
16.68,10.144888999999999,0.0008684127214537065,0.10066233093374378,-0.0036070411636588418,-0.015859708023427288,-0.001272578110918722,0.015575129101487397,0.099433171923412222,0.0016114343024812539,-0.13204501073189848,0.20008053426432074
16.699999999999999,14.075213,0.00089767787989469415,0.10066077740019513,-0.0037128579753815671,-0.016584867314477059,-0.0013211621058207691,0.014377811527244223,0.099406978203165519,0.0016149094634243348,-0.13175745450135359,0.20008053426432074
16.719999999999999,22.624952,0.00090841344433469453,0.10065929250551817,-0.0038534254990767458,-0.017530208066480313,-0.0013955882497352354,0.013043924065581976,0.099379307884297982,0.0016185728060083891,-0.13149657602004194,0.20008053426432074
16.740000000000002,13.548781,0.0008974381145091119,0.10065783280198205,-0.0038066215108756296,-0.017293477888792097,-0.0014849509567986439,0.011598413463513509,0.099349864811993455,0.0016224634654523828,-0.13126460775077167,0.20008053426432074
16.760000000000002,11.827456,0.00087181389402430363,0.10065647514754272,-0.0036488204580527039,-0.016333905102715818,-0.0015890349821330251,0.010108145931422978,0.099318357096171636,0.0016266199920634229,-0.13106244483214322,0.20008053426432074
16.780000000000001,14.38449,0.00083533817530923699,0.10065523963709291,-0.0036253648701900509,-0.016249477748464081,-0.0017065394495274504,0.0085669749134039564,0.099284518644306582,0.0016310775623089805,-0.13089110533387513,0.20008053426432074
16.800000000000001,10.80306,0.00078124519592422288,0.10065403193567242,-0.0034677884973461914,-0.015331337216437646,-0.0018320695077600139,0.0069799673613483429,0.099248190351530846,0.0016358573757473684,-0.13075150598664817,0.20008053426432074
16.82,20.913623000000001,0.00071506842044374212,0.10065289362672272,-0.0033413121731147299,-0.014629531934346574,-0.0019442846380074669,0.0053740849626136679,0.099209636307138929,0.0016409251920880877,-0.13064402428739591,0.20008053426432074
16.84,11.509945,0.0006363516277103897,0.10065179699432782,-0.0030448311652366833,-0.012846405884502587,-0.0020539294532415427,0.0038730639596989205,0.099168907574338452,0.0016462750335833141,-0.13056656300820194,0.20008053426432074
16.859999999999999,17.447848,0.00055266421990578436,0.1006507895722723,-0.0028375525846047189,-0.011668685217193442,-0.0021641124315814001,0.0024146652597612037,0.099125993595655035,0.0016519091688469332,-0.1305182697030067,0.20008053426432074
16.879999999999999,18.792432000000002,0.00046056378312412511,0.10064981864353997,-0.0025346570236726151,-0.0098830100292577328,-0.0022594086104212171,0.00098008737493635186,0.099081189710413395,0.001657789880946018,-0.13049866795550796,0.20008053426432074
16.899999999999999,14.078803000000001,0.00036599648288889147,0.10064890423051158,-0.002182255420564605,-0.0077631283360046766,-0.0023322049457863573,-0.00034582309005649686,0.099034942241382581,0.0016638597715467091,-0.13050558441730908,0.20008053426432074
16.920000000000002,17.225705000000001,0.00027384192634898562,0.10064803941627738,-0.0019192693847043252,-0.0062595548000503598,-0.0023957783498533966,-0.0015171754899050186,0.098987434232148175,0.0016700960059260232,-0.13053592792710719,0.20008053426432074
16.940000000000001,10.690564,0.0001852198104632428,0.10064718681880085,-0.001491620531853588,-0.0036201628420764465,-0.0024400509518542573,-0.002607753371664215,0.098939048564341173,0.0016764494781993373,-0.13058808299454047,0.20008053426432074
16.960000000000001,12.577245,0.00012076615411209532,0.10064636236287346,-0.0012227393567214584,-0.002081733209346126,-0.0024695091912197895,-0.0035617891630922438,0.098890079143003531,0.0016828826758540113,-0.13065931877780232,0.20008053426432074
16.98,11.760845,0.00011387117480827828,0.10064552340938737,-0.00083720910586304598,0.00021677661950736393,-0.0024716920766013721,-0.0044037853100281129,0.098841066948934519,0.0016893254641599223,-0.13074739448400288,0.20008053426432074
17,11.060765999999999,0.00016539977409071738,0.10064470846837492,-0.00046892104951989921,0.0023435181235562652,-0.0024566520205718772,-0.0050618750204705562,0.098792353596653518,0.0016957336596640845,-0.13084863198441229,0.20008053426432074
17.02,15.113484,0.00023172097302771825,0.10064392440851455,-0.00017945209890202207,0.0040210460524532365,-0.0024182719107795183,-0.0055920035097638335,0.098744401962136241,0.0017020468491042858,-0.13096047205460756,0.20008053426432074
17.039999999999999,17.432426,0.00029816884505877786,0.10064312201143072,8.4895563046138989e-05,0.0054961084408340355,-0.002354830659449538,-0.0059579028886898831,0.098697709007216819,0.0017081998105674203,-0.13107963011238136,0.20008053426432074
17.059999999999999,20.344287000000001,0.00035975287473947001,0.10064230908014675,0.0003253708532535704,0.0068309660022949359,-0.0022761761612440064,-0.0061456156783725206,0.098652576379715251,0.0017141527175556365,-0.13120254242594881,0.20008053426432074
17.080000000000002,16.316448999999999,0.00041425764242055655,0.10064148690870603,0.00049263243833497228,0.0080470812710702333,-0.0021703256375549852,-0.0062115193563550743,0.098609543286334214,0.0017198341102784573,-0.13132677281307592,0.20008053426432074
17.100000000000001,19.384352,0.00046042602660080234,0.10064058667787831,0.00070938365255202029,0.0092531569683567128,-0.0020530303262658203,-0.0060803876932802609,0.098568836578635022,0.0017252134556400283,-0.13144838056694153,0.20008053426432074
17.120000000000001,14.106069,0.00049561108158887733,0.10063968456610804,0.0008057493102300306,0.0098814416725714338,-0.0019158684159132442,-0.0058452082197846958,0.098530850064272132,0.0017302379398319745,-0.13156528473133722,0.20008053426432074
17.140000000000001,16.726400999999999,0.00052200617751844286,0.10063872661317698,0.00098824658833907009,0.010874183125337389,-0.0017622462464397491,-0.0054570754251091549,0.098495909986644245,0.0017348634893770373,-0.13167442623983941,0.20008053426432074
17.16,11.871748999999999,0.00053492659334225469,0.10063778113223582,0.00096414864603033834,0.010809677043481791,-0.0016002800853935643,-0.0049382809003655787,0.098464181650869148,0.0017390672079244016,-0.13177319185784672,0.20008053426432074
17.18,14.158246,0.00054089910896195227,0.10063675398153286,0.0010527647929423622,0.011300682281783381,-0.0014328673462032685,-0.0043299669840771932,0.098435772912773709,0.0017428337889405232,-0.13185979119752828,0.20008053426432074
17.199999999999999,18.005545000000001,0.00053475872432598784,0.10063572820983453,0.0011194413842217088,0.011647826603541134,-0.0012625124851309317,-0.0036526277970527132,0.09841074197958069,0.0017461545559500193,-0.13193284375346934,0.20008053426432074
17.219999999999999,11.918248,0.00051678961109039002,0.10063470738043949,0.0010940429285817288,0.011491593292353386,-0.0010955165667876174,-0.0029209032847665635,0.098389022144635144,0.001749037503951744,-0.13199126181916468,0.20008053426432074
17.240000000000002,13.357013999999999,0.0004899774248323949,0.10063366332758419,0.00097456151176178452,0.010846465582110554,-0.00092748293741172667,-0.0021469328571151677,0.098370633887084211,0.0017514791885989323,-0.13203420047630698,0.20008053426432074
17.260000000000002,14.352528,0.00045742603517572505,0.10063256459061469,0.00090491233634226731,0.010444511236620713,-0.00076839145885666121,-0.0013341407593819602,0.09835539984432605,0.0017535025805185099,-0.13206088329149462,0.20008053426432074
17.280000000000001,10.973935000000001,0.00041718106769155042,0.10063145528485692,0.00066993870486120599,0.0092242904713213392,-0.00061027976763761464,-0.00052721387665258441,0.098343300536113815,0.0017551098448715084,-0.13207142756902768,0.20008053426432074
17.300000000000001,18.430043000000001,0.00037519474484461949,0.10063025757638239,0.00063221383449008073,0.0089892524926522555,-0.00046999764779070735,0.00030084909593274304,0.098333982441378906,0.0017563476760727196,-0.13206541058710902,0.20008053426432074
17.32,12.000683,0.00032481975786418944,0.10062909627940411,0.00039138017897455413,0.0076919945542268664,-0.00033651096898891758,0.0010714579220805118,0.098327310819044028,0.0017572338523084098,-0.13204398142866741,0.20008053426432074
17.34,10.96388,0.00027407891701201057,0.10062788257806134,0.0001804977268231589,0.0065165845890478025,-0.00021093821168309874,0.0018288584471922136,0.098323128769616353,0.0017577892208740192,-0.13200740425972357,0.20008053426432074
17.359999999999999,10.279987999999999,0.00022264942006476466,0.10062665358847085,9.6675848344496274e-06,0.0055852304375880735,-0.00010003927314838569,0.0025633812523096055,0.098321145384901262,0.0017580525221097642,-0.13195613663467737,0.20008053426432074
17.379999999999999,11.051610999999999,0.00017068337010543648,0.10062542872517045,-0.00013128658792860293,0.0048333943499399012,-1.0061004436131378e-05,0.0032397059761273095,0.098320945913278932,0.0017580789908836383,-0.13189134251515483,0.20008053426432074
17.400000000000002,15.840718000000001,0.0001209310003263336,0.100624223321789,-0.00033421745819328663,0.0037186559753372705,6.5182139867975749e-05,0.0038258200585102706,0.098322238240415596,0.001757907599183272,-0.13181482611398462,0.20008053426432074
17.420000000000002,18.260145000000001,8.538265382266676e-05,0.10062301736653252,-0.00047118637790211082,0.002947337370874159,0.00011360516582419007,0.0043452358199278941,0.09832449064620423,0.0017576090666991191,-0.13172792139758607,0.20008053426432074
17.440000000000001,10.605046,8.2813716789173787e-05,0.10062184242580834,-0.00077296174921048788,0.0012948646140937825,0.000154078414043184,0.004742417705123886,0.098327545536251074,0.0017572044559339643,-0.13163307304348359,0.20008053426432074
17.460000000000001,15.923912,0.00011126486170043445,0.10062061817970054,-0.0010152427922456297,-8.4774878706284085e-05,0.00017073693967288158,0.0050971299469452502,0.098330930756534568,0.0017567564328768131,-0.1315311304445447,0.20008053426432074
17.48,15.847137,0.0001477671142366073,0.10061938739503477,-0.0012142131611332374,-0.0011465678068596219,0.00016842551441096596,0.005334470212277692,0.09833427019401754,0.0017563148234801859,-0.13142444104029916,0.20008053426432074
17.5,19.45393,0.00018385023896082909,0.10061815853908025,-0.0013805662446140232,-0.0020863087479963127,0.00015233180363145117,0.0054708165814926039,0.09833729057844412,0.0017559157379321117,-0.13131502470866929,0.20008053426432074
17.52,12.153257999999999,0.00021666841788554195,0.10061695284126283,-0.0015115245959562706,-0.00274647724541488,0.0001262885283711415,0.005530432658395242,0.098339794621838658,0.0017555851571741839,-0.1312044160555014,0.20008053426432074
17.539999999999999,15.112825000000001,0.0002462034078945704,0.10061577622622118,-0.0016041094298415715,-0.0032116024327200066,8.6209005694674794e-05,0.0055313214208398513,0.098341503995169846,0.0017553596801692139,-0.13109378962708459,0.20008053426432074
17.559999999999999,13.412972,0.00027239067033941002,0.10061462587813534,-0.0017045879587631596,-0.0037350891707683687,3.8911729731705049e-05,0.0054507091822319888,0.098342275557672706,0.0017552579924685749,-0.13098477544343995,0.20008053426432074
17.580000000000002,18.834636,0.0002937463286585748,0.10061348919834739,-0.001834747644002821,-0.00447856047309525,-2.839951063949254e-05,0.0053188776729621154,0.098341712429059661,0.0017553321480280361,-0.13087839788998071,0.20008053426432074
17.600000000000001,19.033496,0.0003072837183645259,0.10061236089014791,-0.0019302279939439337,-0.0050283654438505465,-0.00010883745028395791,0.0050747107729314754,0.098339554281979991,0.0017556161153082599,-0.13077690367452208,0.20008053426432074
17.620000000000001,12.601831000000001,0.00031317011923447704,0.10061124768219371,-0.001952595086974096,-0.0051254364825918941,-0.00019753298418947026,0.0047452969739055209,0.098335637333005835,0.0017561311130471012,-0.13068199773504396,0.20008053426432074
17.640000000000001,15.674731,0.00031365481339786156,0.10061016286501454,-0.0019601290251114456,-0.0051401966305757441,-0.00029098242794107853,0.0043592881758631767,0.098329867274064661,0.0017568892219862412,-0.1305948119715267,0.20008053426432074
17.66,14.096927000000001,0.00030873059284874883,0.10060910084025407,-0.0019637535978440646,-0.00515750983655483,-0.00038580553825581104,0.0039292063389568819,0.098322216829513503,0.0017578937435186702,-0.13051622784474756,0.20008053426432074
17.68,14.929383,0.00029815609296961383,0.10060805643110664,-0.0019437948678504569,-0.0050411426461405284,-0.00047871661965367875,0.0034782845426385173,0.098312723885005449,0.0017591394743644614,-0.1304466621538948,0.20008053426432074
17.699999999999999,15.009416999999999,0.00028274151985907515,0.10060702912653213,-0.0019031085391678637,-0.0048085819690468767,-0.00057055493579595844,0.0030221002775482797,0.098301409691362501,0.001760623454187215,-0.13038622014834383,0.20008053426432074
17.719999999999999,14.894323,0.00026310829583571542,0.10060601799693077,-0.0017770968862413916,-0.0038692044842685291,-0.00066386293594126685,0.0025567247433626438,0.098288245089170848,0.0017623493882016831,-0.13033508565347657,0.20008053426432074
17.740000000000002,11.375451,0.00024341299474896506,0.10060500795168795,-0.001696595121690514,-0.0033947092977930637,-0.00075564834954306196,0.0020666709635852433,0.09827326026373838,0.0017643132563299648,-0.13029375223420486,0.20008053426432074
17.760000000000002,11.897183,0.00022080332304453702,0.10060399128991315,-0.0016218071590410332,-0.002958844563696772,-0.00084006599579693609,0.001567660294109974,0.098256601321445314,0.0017664959135623695,-0.13026239902832265,0.20008053426432074
17.780000000000001,9.466666,0.00019554402650484871,0.10060296668728362,-0.0015429218284217505,-0.002504967962638105,-0.00091663775014851989,0.0010933406140516445,0.098238423858373169,0.0017688770356213345,-0.13024053221604162,0.20008053426432074
17.800000000000001,10.371828000000001,0.00016846980981509541,0.10060193451235876,-0.0014866265451689564,-0.0021852467486773719,-0.00098582955816082563,0.00064815304980951139,0.098218874236657552,0.0017714375546846162,-0.13022756915504544,0.20008053426432074
17.82,11.652456000000001,0.00014001610438162175,0.1006008820836897,-0.0013808248595488237,-0.0015887003648566989,-0.0010464466987956925,0.00023005557969051294,0.09819812251495473,0.0017741553338767265,-0.13022296804345163,0.20008053426432074
17.84,11.009762,0.00011376460235560604,0.10059982348437274,-0.001258155511395298,-0.00088604730842334334,-0.0010976485043461938,-0.00015291034422841587,0.098176355425797418,0.0017770060750531089,-0.13022602625033619,0.20008053426432074
17.859999999999999,10.198138999999999,9.3367363079066245e-05,0.10059876226580487,-0.0011244392792226776,-0.0001300394648025005,-0.0011333793261444705,-0.00049449306733471911,0.098153879790085594,0.0017799497594998589,-0.13023591611168289,0.20008053426432074
17.879999999999999,11.970452,8.2927466524773512e-05,0.10059770231355816,-0.0010194287205065322,0.00041040547866177945,-0.0011589237257415145,-0.000745687325463871,0.098130897629950961,0.0017829600744968296,-0.13025082985819217,0.20008053426432074
17.900000000000002,9.8721540000000001,8.4400383648581713e-05,0.1005966433657105,-0.00090403614555345513,0.0010485601359215835,-0.0011757717521507377,-0.00094621513958983473,0.098107581414913075,0.0017860145468848328,-0.13026975416098396,0.20008053426432074
17.920000000000002,10.834550999999999,9.564285727539213e-05,0.10059557702794265,-0.00073196693095001208,0.0020322520561659729,-0.0011844591996784742,-0.0011021259688724716,0.098084092985938565,0.001789092069035947,-0.13029179668036142,0.20008053426432074
17.940000000000001,10.872037000000001,0.00010990954378222856,0.10059451982714519,-0.00063626659617455061,0.0025417090846016066,-0.0011876574421587104,-0.0012149455989154474,0.098060541205694601,0.0017921784467358139,-0.13031609559233973,0.20008053426432074
17.960000000000001,10.24241,0.00012567167528591643,0.10059344288656739,-0.00053606193478294983,0.0031268207944350479,-0.0011818555886785828,-0.0012972201936129332,0.098037104555973281,0.0017952503358673972,-0.13034203999621199,0.20008053426432074
17.98,11.874725,0.00014047648178315062,0.10059233265873464,-0.00045388778150323716,0.0035701101961116422,-0.0011665722756444151,-0.0013306699904123336,0.098013971059902547,0.00179828310840524,-0.13036865339602025,0.20008053426432074
18,23.176438999999998,0.00015354875440245174,0.10059119984766408,-0.00035546606802361325,0.0040459586620356092,-0.0011418519092933901,-0.0013106524466451703,0.09799132785490712,0.0018012522127547263,-0.13039486644495316,0.20008053426432074
18.02,12.485274,0.00016339126327061108,0.10059007667488601,-0.00028232552784679399,0.0044001622350036129,-0.001110995541013038,-0.0012366748427313941,0.097969296612901449,0.0018041416439353751,-0.1304195999418078,0.20008053426432074
18.039999999999999,13.68824,0.0001701217487489231,0.10058894544924506,-0.00027713692087427688,0.0044692100964596193,-0.0010737666949255302,-0.0011279233557034548,0.09794800369166981,0.0018069347553681177,-0.13044215840892187,0.20008053426432074
18.059999999999999,11.684338,0.00017512905904418422,0.10058774587875574,-0.00023042871183864833,0.0047036058203708819,-0.0010261548296315736,-0.00097947400167342218,0.097927654975644499,0.0018096044463374338,-0.13046174788895534,0.20008053426432074
18.080000000000002,14.031364999999999,0.000176278634274544,0.10058653535986695,-0.00024732664096838164,0.0045667774922959481,-0.00097546588837653327,-0.00076860977838522028,0.097908311468938414,0.0018121426007981242,-0.13047712008452306,0.20008053426432074
18.100000000000001,14.210653000000001,0.00017569040364177866,0.10058529280147513,-0.00020488207903301969,0.0047869614604625355,-0.00092163887495938708,-0.00053395431800789346,0.097890035384147658,0.0018145409358571801,-0.13048779917088321,0.20008053426432074
18.120000000000001,14.268109000000001,0.00017057267490293467,0.10058405097171011,-0.00016366395743716566,0.0049555646332670733,-0.0008664675519383674,-0.00027149549910068777,0.097872853364009929,0.0018167958397157665,-0.13049322908086522,0.20008053426432074
18.140000000000001,11.553523,0.00016099617223087632,0.10058282437750973,-0.00022989048870947215,0.0045833745051924168,-0.00080875383624768129,6.6340759362033884e-06,0.097856815810336326,0.0018189005912983551,-0.1304930963993465,0.20008053426432074
18.16,10.770709999999999,0.00015061136165613723,0.10058154777754884,-0.00025904697894585382,0.0043923033824206925,-0.00075082657369430236,0.00030181511273298813,0.097841926945752472,0.0018208545434241221,-0.13048706009709185,0.20008053426432074
18.18,10.346681,0.0001381528480950764,0.10058026137702854,-0.00029878874577926595,0.004142320691046919,-0.00069828160571649707,0.00060407401303481185,0.097828080029576658,0.0018226716270140814,-0.13047497861683116,0.20008053426432074
18.199999999999999,12.370075999999999,0.00012432803845545236,0.10057896504783413,-0.00028440897935633203,0.004171228377405356,-0.00064717323235897355,0.00089212608376672904,0.097815246566658298,0.0018243555232686053,-0.13045713609515583,0.20008053426432074
18.219999999999999,11.969528,0.00010783890696161367,0.10057769568341743,-0.00034020837932668968,0.0038235074172598971,-0.00060257534058334988,0.0011789567439995168,0.097803297448685989,0.0018259231316748881,-0.13043355696027584,0.20008053426432074
18.240000000000002,13.138085999999999,9.2196997625593947e-05,0.10057641404805318,-0.00049347320263315453,0.0029667089833038673,-0.00055896701632453553,0.0014375216234320252,0.097792213049283566,0.001827377002378636,-0.1304048065278072,0.20008053426432074
18.260000000000002,14.722996,8.1018596824283288e-05,0.10057506852443507,-0.00051391993619720466,0.0028070455880842005,-0.00051634965383198111,0.0016957048681582156,0.097781973716468351,0.0018287197046927546,-0.13037089243044403,0.20008053426432074
18.280000000000001,14.145512999999999,7.2045304106169085e-05,0.10057375147729385,-0.00065897706435746883,0.0019988185279080639,-0.00048343810897043824,0.0019497622180545487,0.097772386981362605,0.0018299764751945429,-0.13033189718608293,0.20008053426432074
18.300000000000001,14.255834,6.9115102617669819e-05,0.10057238884650647,-0.00074528137370499792,0.0014997430685737001,-0.00045621821319329444,0.0021604453221827102,0.097763339976913013,0.0018311621116096062,-0.13028868827963927,0.20008053426432074
18.32,21.505648999999998,7.083782103524031e-05,0.10057102482916032,-0.00078088241295137806,0.0012520159287516819,-0.00043498766882210546,0.002343749602016409,0.097754713932429557,0.0018322921847843509,-0.13024181328759893,0.20008053426432074
18.34,12.968552000000001,7.6732273748256156e-05,0.10056969251879695,-0.00088575634656740121,0.0006805109908993856,-0.0004147061124889507,0.0024971147137855861,0.097746490030207189,0.001833369169524851,-0.13019187099332322,0.20008053426432074
18.359999999999999,12.329181999999999,8.5145589006234044e-05,0.10056834561135307,-0.00095091331728847095,0.00031944671111272527,-0.00040103553766180917,0.002642823685413727,0.097738537171193032,0.0018344102432437063,-0.13013901451961493,0.20008053426432074
18.379999999999999,10.654666000000001,9.4932833704386267e-05,0.10056700701523973,-0.001015927296267094,-4.0830788702983511e-05,-0.00040130867688528698,0.002753847121887875,0.097730578839397203,0.0018354515965386326,-0.13008393757717718,0.20008053426432074
18.400000000000002,17.357348999999999,0.00010479411269253088,0.10056567444148283,-0.0010707334086035303,-0.00038026887146624944,-0.00040323177637217221,0.0027952002902660138,0.097722582312664258,0.0018364974963425533,-0.13002803357137185,0.20008053426432074
18.420000000000002,14.788316,0.00011390999485235079,0.10056435968305237,-0.0011168558534140338,-0.00059915509185515248,-0.00041686180910622107,0.002822254342070769,0.097714315426762927,0.0018375782852446305,-0.12997158848453044,0.20008053426432074
18.440000000000001,12.524953999999999,0.00012194997786350211,0.10056304590478031,-0.001165669692673621,-0.00087261898898116641,-0.00043620522466124165,0.0027885350240368762,0.097705664873535894,0.0018387087400534928,-0.1299158177840497,0.20008053426432074
18.460000000000001,13.421075,0.00012810283242610897,0.10056173796557832,-0.0012001712710918433,-0.0010572858276587382,-0.00045652974592105941,0.00272050019407201,0.097696611191761998,0.0018398913684402642,-0.12986140778016828,0.20008053426432074
18.48,12.759331,0.00013245677315691569,0.1005604367513626,-0.0012267647402901538,-0.0011968477697834601,-0.00048341980020787133,0.0026386993570214658,0.097687024172063999,0.0018411431410248447,-0.12980863379302784,0.20008053426432074
18.5,15.676701,0.00013480619059921142,0.10055914423044178,-0.0012769721601251227,-0.0015238022952317465,-0.00051295893227112639,0.0025203536286084781,0.097676851273672219,0.0018424708777416878,-0.12975822672045567,0.20008053426432074
18.52,11.699267000000001,0.0001338822628538339,0.10055785903325275,-0.0012491499104934078,-0.001302156079487915,-0.00054486980820968875,0.0023831657352350625,0.097666045456062889,0.0018438806823214777,-0.12971056340575096,0.20008053426432074
18.539999999999999,12.018749,0.00013252768488167943,0.10055658432543169,-0.0012665564030349685,-0.0014172199615840597,-0.00057807722926007184,0.002228393261090071,0.097654581002379046,0.001845375879608299,-0.12966599554052916,0.20008053426432074
18.559999999999999,14.962194,0.00012876914441193257,0.10055531606387171,-0.0012341178998762636,-0.0011962276460710797,-0.00061173883648361872,0.0020586787665194733,0.097642448902360887,0.001846957622562848,-0.12962482196519876,0.20008053426432074
18.580000000000002,11.372908000000001,0.00012440790087822731,0.10055405808790509,-0.0012141243514194322,-0.0010738534826337798,-0.00064602988026501139,0.0018837816362071605,0.097629636671168876,0.0018486275250631224,-0.12958714633247462,0.20008053426432074
18.600000000000001,19.631302000000002,0.00011887362585099837,0.10055280684333232,-0.0012343526120228709,-0.0012367444349958845,-0.00067971314660343195,0.0017000444403732849,0.09761615636179409,0.0018503840112789084,-0.12955314544366714,0.20008053426432074
18.620000000000001,10.774524,0.00011089247225925921,0.10055155659661365,-0.0011618516075970753,-0.00076387529538468613,-0.00071220083186171197,0.0015145178643485866,0.097602031686102986,0.00185222399676331,-0.12952285508638017,0.20008053426432074
18.640000000000001,11.670539,0.00010377187637136684,0.10055031326099219,-0.0011212209633431058,-0.00052711784140946349,-0.00074554997647343767,0.0013306113066897688,0.097587245560921243,0.0018541497197645388,-0.12949624286024639,0.20008053426432074
18.66,14.436229000000001,9.6459505938392695e-05,0.10054907425440807,-0.001114055978072237,-0.00053257365859060712,-0.00077327305139212579,0.0011345304122312339,0.09757190956842772,0.0018561466722031644,-0.12947355225200177,0.20008053426432074
18.68,11.497405000000001,8.8544728389360557e-05,0.10054783631993863,-0.0010713701365534511,-0.00029276523418086953,-0.00079964447708665183,0.0009671321540805723,0.097556050519371565,0.0018582113946854269,-0.12945420960892015,0.20008053426432074
18.699999999999999,16.270733,8.1636866559544217e-05,0.10054659958143571,-0.0010520969349294695,-0.00023883151493553356,-0.00082071074381479534,0.00080198914355820918,0.097539773633459823,0.001860330223376295,-0.129438169826049,0.20008053426432074
18.719999999999999,11.867937,7.6070546688852413e-05,0.10054536682034416,-0.0009410711205184441,0.00049363230280885517,-0.00083802468165788046,0.00066351048932351147,0.097523153334215823,0.0018624935078853126,-0.12942489961626252,0.20008053426432074
18.740000000000002,12.636663,7.3213495933934874e-05,0.10054413078084158,-0.00091013875499212915,0.00062537790468830678,-0.00085526210154306581,0.00054279269262181695,0.097506191143616291,0.0018647010846109761,-0.12941404376241009,0.20008053426432074
18.760000000000002,8.9746880000000004,7.2129302222794981e-05,0.10054289653390858,-0.00083344132242091362,0.0010556337412284122,-0.00086482363853952586,0.00041786264263389626,0.097489039300099278,0.0018669331765173815,-0.12940568650955742,0.20008053426432074
18.780000000000001,11.867177999999999,7.2611231359094724e-05,0.10054167162934054,-0.00078913016911696943,0.0013538482638200122,-0.00087009337918846638,0.00033543817691984604,0.097471782926140907,0.0018691787395229585,-0.12939897774601902,0.20008053426432074
18.800000000000001,12.198743,7.4198567009286836e-05,0.10054043047447299,-0.00074999954818188996,0.0015351039708475511,-0.00087424698270300032,0.00027556135650310076,0.097454444160876091,0.0018714349163329303,-0.12939346651888897,0.20008053426432074
18.82,10.580928999999999,7.6739118842118395e-05,0.10053918518405333,-0.00072001677621047477,0.0017278182636202288,-0.00087448240574962866,0.00021909961889473076,0.097437100715349945,0.0018736916149099817,-0.12938908452651107,0.20008053426432074
18.84,13.455349,7.9893463091014377e-05,0.10053792113012397,-0.00067974879683552203,0.0018976532620307296,-0.0008731131493124589,0.00018375480889914401,0.097419784416953051,0.0018759447102098831,-0.12938540943033308,0.20008053426432074
18.859999999999999,19.770676999999999,8.3224325412876985e-05,0.10053666797181143,-0.00064036148361790168,0.0020581796536234265,-0.00086277318557927433,0.00015460166663698,0.097402673181691782,0.0018781710650188142,-0.12938231739700035,0.20008053426432074
18.879999999999999,8.858466,8.6133747578185551e-05,0.10053542684620054,-0.00063044598919947958,0.002196527680072613,-0.00085093240032931017,0.00018082021833717372,0.097385796775364769,0.0018803668085051479,-0.1293787009926336,0.20008053426432074
18.900000000000002,9.6164550000000002,8.8674016004694855e-05,0.10053413979071553,-0.00060955770392157049,0.002310564776649926,-0.00083398693680758094,0.00021499437378149676,0.097369256437190244,0.0018825187604977311,-0.12937440110515797,0.20008053426432074
18.920000000000002,10.918932,9.0359317246540351e-05,0.10053284569520175,-0.00058243441990679656,0.0024275949165373234,-0.00081510540911500391,0.00027842701059621947,0.097353090563152639,0.0018846219123676447,-0.12936883256494605,0.20008053426432074
18.940000000000001,12.505703,9.0840947019842677e-05,0.10053155974821655,-0.00058239043641217236,0.002406099666414363,-0.00079490691669865672,0.00035960745980054135,0.097337325269965122,0.0018866728470808424,-0.12936164041575005,0.20008053426432074
18.960000000000001,12.251910000000001,9.0755892710378202e-05,0.10053026404001021,-0.00058032045717171243,0.0024456082131347756,-0.00077427394490385971,0.00044886014253741599,0.097321969171873149,0.0018886704226344852,-0.12935266321289929,0.20008053426432074
18.98,20.4587,8.9730154341583713e-05,0.10052895388364516,-0.00055515894678315192,0.0025313964088908847,-0.00075240630973503683,0.00054650810045444621,0.097307046753092236,0.0018906114326031841,-0.1293417330508902,0.20008053426432074
19,18.336690000000001,8.7349776564846397e-05,0.10052766313034694,-0.00053311863378535662,0.0025963442863972119,-0.00072950004719540536,0.00065034502487717766,0.09729257861000204,0.0018924931772896065,-0.12932872615039265,0.20008053426432074
19.02,11.91771,8.3810199462893765e-05,0.10052639114354436,-0.00060062398199534073,0.0022955264900019756,-0.00070807701080409383,0.00075929662602370609,0.097278535323326587,0.0018943194633139464,-0.12931354021787217,0.20008053426432074
19.039999999999999,19.436899,8.1194726950056977e-05,0.10052505861201637,-0.00058498044091237489,0.0023299670869878497,-0.00068708833646048369,0.00087141675499544037,0.097264908275993767,0.001896091392722571,-0.12929611188277226,0.20008053426432074
19.059999999999999,10.312430000000001,7.7726931784090296e-05,0.10052374990024826,-0.00063679888389733819,0.0020750086001202206,-0.00066597898631548383,0.00098472740934674998,0.09725169985927383,0.0018978086381441679,-0.12927641733458534,0.20008053426432074
19.080000000000002,10.934725,7.497106869981565e-05,0.10052240991631101,-0.000666763556236738,0.0018639056948206445,-0.0006469825076019101,0.0010993714378344506,0.097238868166533404,0.0018994766331899011,-0.12925442990582864,0.20008053426432074
19.100000000000001,11.907671000000001,7.2674227034078741e-05,0.10052107182703217,-0.00068850392757857648,0.001766911118498804,-0.0006297208558313207,0.0012051430499617735,0.097226378789087908,0.0019010998379001844,-0.1292303270448294,0.20008053426432074
19.120000000000001,11.665994,7.0616716406515643e-05,0.10051972910819497,-0.0006985849159364399,0.0016614754871726589,-0.00061212578098033318,0.0013070643757726558,0.097214238338583517,0.0019026773835403616,-0.12920418575731393,0.20008053426432074
19.140000000000001,14.242762000000001,6.897252852047084e-05,0.10051840459060785,-0.00074357456263918209,0.001452536952437633,-0.00059448676007830582,0.0014087619067954657,0.097202447685783608,0.001904209150400956,-0.12917601051917801,0.20008053426432074
19.16,18.905362,6.8221433798764349e-05,0.10051706062025456,-0.00075626543741158514,0.0013321625073050569,-0.0005841540694481209,0.0015087272733212895,0.097190861920751562,0.0019057139558247293,-0.1291458359737116,0.20008053426432074
19.18,15.190877,6.8208608184465675e-05,0.10051573639484894,-0.00079785684318522954,0.0011401782749160816,-0.00057357404540350841,0.0015803474331250579,0.097179485947998398,0.0019071911552504947,-0.1291142290250491,0.20008053426432074
19.199999999999999,13.760001000000001,6.9028187835874083e-05,0.10051439681822578,-0.00081633413819215406,0.0010082850993775594,-0.00056830572397945946,0.001649922219596465,0.097168214417150664,0.0019086544223866099,-0.12908123058065718,0.20008053426432074
19.219999999999999,15.918455,7.0464735125639515e-05,0.10051307133679996,-0.00084785244695773088,0.00082884115496195676,-0.00056602376765006496,0.001696437992735186,0.097156988096878186,0.0019101114382951362,-0.12904730182080248,0.20008053426432074
19.240000000000002,14.913121,7.2309410068615947e-05,0.100511744627125,-0.00086660426693629944,0.00075307500831112151,-0.00056575407572029214,0.0017245675862948399,0.097145767075768191,0.0019115673761120281,-0.12901281046907659,0.20008053426432074
19.260000000000002,15.272303000000001,7.4507698306079624e-05,0.10051041686112121,-0.00089135890446234711,0.0006118695408776631,-0.00056633841678427809,0.0017438189775479329,0.097134534414444584,0.0019130244281081164,-0.12897793408952563,0.20008053426432074
19.280000000000001,21.458257,7.6755297568389518e-05,0.1005090889590633,-0.00090887104570702704,0.0004667353947551689,-0.0005705548918347621,0.0017541409240043719,0.09712321807292125,0.0019144919322361918,-0.12894285127104554,0.20008053426432074
19.300000000000001,11.527094999999999,7.8776636567446615e-05,0.10050777793101273,-0.0009317080903006314,0.00039187747865909728,-0.00057538970663544963,0.0017485400911496003,0.09711180578622515,0.0019159714720859214,-0.12890788046922255,0.20008053426432074
19.32,10.580157,8.0624888245267885e-05,0.10050645250893969,-0.00094769513630810209,0.00028060011999908596,-0.00058315171723049089,0.0017345012576381886,0.097100239495491902,0.001917470568079322,-0.12887319044406978,0.20008053426432074
19.34,23.040742999999999,8.1994371786388962e-05,0.10050513667702092,-0.00096268445665304014,0.00015118875164432666,-0.00059165127120584349,0.0017073299448195382,0.097088504571395368,0.0019189911098040087,-0.12883904384517339,0.20008053426432074
19.359999999999999,15.607855000000001,8.2695039870430505e-05,0.10050383516557748,-0.00096597186830793547,0.00020790863470132592,-0.00060188423887762147,0.001672252929863671,0.097076566632397443,0.0019205375467686299,-0.1288055987865761,0.20008053426432074
19.379999999999999,15.964893999999999,8.3280995089294292e-05,0.10050251885955994,-0.00097041734035885341,0.0001875640121626887,-0.00061262952582954804,0.0016262996173899164,0.097064415516482538,0.0019221111910708185,-0.12877307279422831,0.20008053426432074
19.400000000000002,13.974969,8.34298266187754e-05,0.10050120683031663,-0.00097308080977898115,0.00017756435732252385,-0.00062432820615909029,0.0015777375933182687,0.097052032313328013,0.0019237144886838553,-0.12874151804236195,0.20008053426432074
19.420000000000002,13.408823,8.3136448996645404e-05,0.10049989755582903,-0.00097268998485056102,0.0001852970805620302,-0.00063629055258552602,0.0015219519213258762,0.097039411793033797,0.0019253481148428214,-0.12871107900393544,0.20008053426432074
19.440000000000001,15.107605,8.2425019392674421e-05,0.10049859059278753,-0.00096928730754219927,0.00020935409905309399,-0.00064892695720645676,0.0014591156572637579,0.097026540586006779,0.0019270138002823187,-0.12868189669079017,0.20008053426432074
19.460000000000001,22.592991999999999,8.1363050940419214e-05,0.10049728596076225,-0.00097412524755213781,0.00013743835235313639,-0.00066160789814261576,0.0013948123523326629,0.097013417809119748,0.0019287116610325658,-0.1286540004437435,0.20008053426432074
19.48,14.811334,7.9675756801390773e-05,0.10049599282542468,-0.00096513411090670687,0.00018885017480840816,-0.00067424706173053214,0.001326474588735507,0.097000044291463638,0.0019304415932863558,-0.1286274709519688,0.20008053426432074
19.5,15.30993,7.7833929281491938e-05,0.10049470133905254,-0.00094093518892535144,0.00037909220331133753,-0.00068588867166295849,0.0012530344335347026,0.096986439820068618,0.0019322010437768239,-0.12860241026329811,0.20008053426432074
19.52,14.179774,7.6282933922050018e-05,0.10049340305710942,-0.00092525902521334302,0.0004711794651761636,-0.00069672774670297664,0.0011884158875436713,0.096972620314050184,0.0019339879614069142,-0.12857864194554725,0.20008053426432074
19.539999999999999,16.736943,7.4768617840062002e-05,0.10049210743086434,-0.00092062933801662084,0.00044742760683202931,-0.00070669856471050759,0.0011264266381930284,0.096958602996175383,0.0019358001270015043,-0.12855611341278339,0.20008053426432074
19.559999999999999,9.9089010000000002,7.3125330005370214e-05,0.10049082344721712,-0.0008967054824240428,0.00063569186198275673,-0.00071563762068673257,0.0010676550377836551,0.096944408332474516,0.0019376349033028647,-0.12853476031202771,0.20008053426432074
19.580000000000002,10.679565999999999,7.1867087328536324e-05,0.10048952703613835,-0.00087133570290731654,0.00073543103497630824,-0.00072340128480210479,0.0010131916999617219,0.096930059637998223,0.0019394892857788888,-0.12851449647802848,0.20008053426432074
19.600000000000001,10.927315999999999,7.0773733422877763e-05,0.1004882458262177,-0.00086037904969193946,0.00084091057011281833,-0.00073078342326447689,0.00096395489811422768,0.096915564481464295,0.0019413623051979436,-0.1284952173800662,0.20008053426432074
19.620000000000001,17.588246999999999,6.9932871182009731e-05,0.10048694913723726,-0.00084588157499565497,0.00087757127156695702,-0.00073668782180502657,0.00091259983344888613,0.096900952175211649,0.0019432501835566184,-0.12847696538339723,0.20008053426432074
19.640000000000001,13.569573,6.9282641724240497e-05,0.10048566418212533,-0.00082920901259608826,0.0010158870454333169,-0.0007400150732730917,0.00086827191311598289,0.096886273838689335,0.0019451463271182128,-0.12845959994513492,0.20008053426432074
19.66,15.007458,6.8951527959368401e-05,0.10048436347084777,-0.00081265156396082006,0.0010832565969378649,-0.00074172273299110531,0.00084066669722310467,0.096871561597942565,0.0019470465948002004,-0.12844278661119046,0.20008053426432074
19.68,14.892965,6.8805463152115295e-05,0.10048306996125822,-0.00079371013486095876,0.0011773546956419523,-0.00074287938223383107,0.00082154774934141211,0.096856826383158692,0.0019489495808464599,-0.12842635565620364,0.20008053426432074
19.699999999999999,15.062882999999999,6.8827503835548786e-05,0.10048177760887028,-0.00078791280092582738,0.0012488565153647713,-0.00074195747142770038,0.00080191118627695912,0.09684210942387271,0.0019508499663699183,-0.1284103174324781,0.20008053426432074
19.719999999999999,14.594084000000001,6.9017364141687852e-05,0.10048046985908202,-0.00077435392521563173,0.0012983349369140029,-0.00073904678629621427,0.00079728017923126442,0.096827450168670032,0.0019527426622875993,-0.12839437182889349,0.20008053426432074
19.740000000000002,14.944198999999999,6.9255753271639251e-05,0.1004791687165201,-0.00076089295953263303,0.0013570266574349787,-0.00073552910615053266,0.00080023121955527098,0.096812860657810779,0.0019546261163713814,-0.12837836720450238,0.20008053426432074
19.760000000000002,18.457303,6.9488720360299266e-05,0.10047786963122991,-0.00074585328586707078,0.0013933063598621231,-0.00073117481895765171,0.00081070078831770682,0.096798357485801262,0.0019564981868865168,-0.12836215318873603,0.20008053426432074
19.780000000000001,15.580147,6.9649336435094122e-05,0.1004765840092214,-0.0007515414631233952,0.0014357930396595719,-0.00072588937204421224,0.00082318200985138988,0.096783959122576257,0.0019583564895044271,-0.128345689548539,0.20008053426432074
19.800000000000001,13.215683,6.9842202820668734e-05,0.10047526380764626,-0.00074621501715999017,0.001467424984151755,-0.0007197755693086191,0.00084497382358920904,0.096769681998819287,0.0019601989024054028,-0.12832879007206721,0.20008053426432074
19.82,18.167977,6.993302688538824e-05,0.10047394486108566,-0.00073904709191596751,0.0014800087906792214,-0.00071272089428905537,0.00087029978310702557,0.09675554477692952,0.0019620230149298727,-0.12831138407640508,0.20008053426432074
19.84,16.004670000000001,6.9889559537577168e-05,0.10047263316421931,-0.00072935952767583245,0.0014907021619041672,-0.00070589795599584762,0.00090088761673136699,0.096741542859881319,0.0019638294170686767,-0.12829336632407046,0.20008053426432074
19.859999999999999,10.25446,6.9680620279492263e-05,0.10047133433238943,-0.00074077377904169239,0.0014874416446257754,-0.00069864680251443786,0.00093475126683525934,0.096727684741074627,0.0019656170090257882,-0.12827467129873374,0.20008053426432074
19.879999999999999,11.187564999999999,6.9482817435875102e-05,0.10047000968900954,-0.00074496747346586289,0.0014600840842673435,-0.00069101839987917063,0.0009700730278771998,0.096713977902974965,0.0019673848214871053,-0.1282552698381762,0.20008053426432074
19.900000000000002,9.2810880000000004,6.9254218501796231e-05,0.10046868316623232,-0.00074727549230857448,0.0014466037848865909,-0.00068292106292819907,0.0010074331663248439,0.096700431646727411,0.0019691316508869037,-0.1282351211748497,0.20008053426432074
19.920000000000002,13.400394,6.8968685505245986e-05,0.10046735645081346,-0.00074470136437909673,0.0014219788673202061,-0.00067610221562937063,0.0010450643988510727,0.096687020611985017,0.0019708607632400515,-0.12821421988687268,0.20008053426432074
19.940000000000001,16.425899000000001,6.8622007464163627e-05,0.1004660424146961,-0.00073984274018723539,0.0013976908650734643,-0.00066953008959406881,0.0010834029495698735,0.096673739904239747,0.0019725727848910308,-0.12819255182788128,0.20008053426432074
19.960000000000001,12.997626,6.8231034571161693e-05,0.10046474440326053,-0.00076393109098260581,0.0013414590125213621,-0.00066302888230659375,0.001121610705135508,0.096660588116176963,0.0019742678926341745,-0.12817011961377858,0.20008053426432074
19.98,17.245148,6.803674968900655e-05,0.10046341419255374,-0.00076200607994048042,0.001303121693172038,-0.00065638478490864978,0.0011583043117549445,0.09664756808164425,0.0019759457171514292,-0.12814695352754349,0.20008053426432074
20,18.659566999999999,6.785151848481339e-05,0.1004621014865779,-0.00075976279379386114,0.0012631467045904898,-0.00065134320946738384,0.0011934420911337447,0.096634648012542457,0.0019776103507485156,-0.12812308468572081,0.20008053426432074
20.02,10.387326,6.7709583465845095e-05,0.10046080546972232,-0.00079098934340260385,0.0011806364174375972,-0.00064715114513526784,0.0012261036462710001,0.096621811057377341,0.0019792639601185812,-0.1280985626127954,0.20008053426432074
20.039999999999999,13.396081000000001,6.7795723076695223e-05,0.10045947543283001,-0.00079300316502139978,0.0011302341104890701,-0.00064356872644325252,0.0012546861288664274,0.096609045122637946,0.0019809080989483924,-0.12807346889021806,0.20008053426432074
20.059999999999999,12.669741,6.7939166080900973e-05,0.10045815885278014,-0.00079994689784879114,0.0010895895071616479,-0.00064013432223078567,0.001280463237156471,0.096596347271848543,0.0019825431419231371,-0.12804785962547494,0.20008053426432074
20.080000000000002,13.899756999999999,6.8212044033889833e-05,0.10045683665778862,-0.00080895653113399746,0.00103043193428487,-0.00063664568372915264,0.0013027994100143798,0.096583718580487116,0.0019841689479209038,-0.12802180363727464,0.20008053426432074
20.100000000000001,12.120806,6.8550227236614195e-05,0.10045551876105972,-0.0008182952358848361,0.00097694823312277634,-0.00063548291107344719,0.001321938424066936,0.096571112911635823,0.001985791453673788,-0.12799536486879329,0.20008053426432074
20.120000000000001,20.471382999999999,6.895819291304124e-05,0.10045419984611959,-0.00082067418899978151,0.00091378371310923967,-0.00063427880299231321,0.001335750049942298,0.096558531084872903,0.0019874105507301934,-0.12796864986779444,0.20008053426432074
20.140000000000001,17.419703999999999,6.9360834317542638e-05,0.10045289780966744,-0.00082336406737715251,0.00085059631318795681,-0.00063301139421623295,0.0013458810016804602,0.096545974355647893,0.0019890260758004871,-0.12794173224776081,0.20008053426432074
20.16,14.075412,6.9724600732155466e-05,0.10045160992537913,-0.0008482081508280892,0.00083941038834023374,-0.00063443272637412143,0.0013524460594230086,0.096533389388484991,0.001990644888707073,-0.12791468332657235,0.20008053426432074
20.18,12.067327000000001,7.0205923425481815e-05,0.10045027849920174,-0.00085289840930657945,0.00081485135060255232,-0.00063587675566135473,0.0013525646529030408,0.096520775732854544,0.0019922670449858131,-0.1278876320335143,0.20008053426432074
20.199999999999999,14.734844000000001,7.0647622628619713e-05,0.10044895067318464,-0.0008560689159442525,0.00075583777926979678,-0.00063774563122107693,0.001348993227637071,0.096508124961072542,0.0019938936271006896,-0.12786065216896156,0.20008053426432074
20.219999999999999,15.076409999999999,7.0959420101039347e-05,0.10044763787390036,-0.00085960674491625255,0.0007097508922724316,-0.00064016623279178136,0.0013426797213255152,0.096495426128588052,0.0019955260411945253,-0.12783379857453506,0.20008053426432074
20.240000000000002,11.451129999999999,7.1152709329771216e-05,0.10044633343811635,-0.00086425457671346351,0.0006932982597005477,-0.0006431102382033324,0.0013324461991681283,0.096482668852669998,0.0019971656211844849,-0.1278071496505517,0.20008053426432074
20.260000000000002,9.3666579999999993,7.1285881817800996e-05,0.10044502567322329,-0.00086973594780559438,0.00072407367405880052,-0.00064595422700136466,0.0013189568772604052,0.096469855117337078,0.0019988121120499591,-0.12778077051300649,0.20008053426432074
20.280000000000001,11.062284,7.1439419287366821e-05,0.10044370163830423,-0.00087034827437904028,0.00072413045670582932,-0.0006487337338433051,0.001301711830401188,0.09645698620184906,0.0020004653504273888,-0.12775473627639847,0.20008053426432074
20.300000000000001,13.808382999999999,7.1494499510820812e-05,0.10044238046208874,-0.00087091682485596067,0.00069924269270860151,-0.00065327264206039334,0.0012809485977288589,0.096444027205155866,0.0020021298211094869,-0.12772911730444389,0.20008053426432074
20.32,10.56826,7.1405019271725734e-05,0.10044106817459113,-0.0008710628435313339,0.00072597586481215615,-0.00065774123219028728,0.0012606905633897815,0.096430979522263566,0.0020038053456695503,-0.12770390349317609,0.20008053426432074
20.34,12.459595999999999,7.1292666825560557e-05,0.10043974936314008,-0.00086980498542610363,0.00069823105365873772,-0.00066202188180743984,0.0012399284912186094,0.096417846881501734,0.0020054914463241581,-0.12767910492335172,0.20008053426432074
20.359999999999999,12.325535,7.1031712687345735e-05,0.10043844273656441,-0.00086751549539787476,0.00075073251472090874,-0.00066616356758202792,0.0012161771866193048,0.096404632039746668,0.0020071877708503043,-0.12765478137961933,0.20008053426432074
20.379999999999999,14.158609,7.0798431156249425e-05,0.1004371255901426,-0.00086445394200218573,0.0007327925902158583,-0.00067027128137949745,0.0011905714828991227,0.096391335671242681,0.0020088942352838265,-0.12763096994996134,0.20008053426432074
20.400000000000002,11.259472000000001,7.0448744962485051e-05,0.1004358205881228,-0.00085994902341779422,0.00079786126182046502,-0.00067441680864093281,0.0011653946123891239,0.096377957026246727,0.0020106109387478502,-0.12760766205771357,0.20008053426432074
20.420000000000002,10.274327,7.0163300209655596e-05,0.10043450514706015,-0.00085400017832304442,0.00083348453854714677,-0.00067819692646347012,0.0011440698109518334,0.096364503353849981,0.0020123369536570257,-0.12758478066149453,0.20008053426432074
20.440000000000001,10.279052,6.9875216986282367e-05,0.10043319137549814,-0.00084918701120617612,0.00086317829937954116,-0.00068164468060163865,0.0011241073838844367,0.096350981247586509,0.0020140714364145673,-0.12756229851381684,0.20008053426432074
20.460000000000001,12.909166000000001,6.9588813598826736e-05,0.10043187819588768,-0.0008433553543047978,0.00087257999234235939,-0.00068475873236486888,0.0011035980738618382,0.096337397327600632,0.0020158135404405226,-0.1275402265523396,0.20008053426432074
20.48,12.060815,6.928006079120146e-05,0.10043057291316934,-0.00083780809564926173,0.00089131616572668548,-0.00068745737273714555,0.0010863482131775396,0.096323759834964717,0.0020175622114608936,-0.12751849958807604,0.20008053426432074
20.5,11.163249,6.8983474184768233e-05,0.10042927074079895,-0.00083380369439778335,0.00095141657915576161,-0.00068969762213885667,0.0010681699599471423,0.096310077863400498,0.0020193162861769152,-0.12749713618887709,0.20008053426432074
20.52,11.562443999999999,6.8774201753044341e-05,0.1004279557915896,-0.00082696994820308234,0.00099029259466565378,-0.0006914621039202537,0.0010549853540394829,0.096296360851352014,0.0020210745571813222,-0.12747603648179631,0.20008053426432074
20.539999999999999,10.242444000000001,6.8591468073534015e-05,0.10042664177596973,-0.00082209391025234169,0.0010191861127397672,-0.00069268011347686309,0.0010413297893030397,0.096282619639884631,0.0020228356373190046,-0.12745520988601025,0.20008053426432074
20.559999999999999,10.022739,6.8439179811256474e-05,0.10042532765280809,-0.00081680448342247303,0.0010500817234770921,-0.0006932879891880159,0.0010332979899675262,0.096268866332968939,0.0020245979775993148,-0.1274345439262109,0.20008053426432074
20.580000000000002,11.731225999999999,6.8315996016723551e-05,0.10042401314828996,-0.00081360932252394491,0.001068087498809156,-0.00069344006993615434,0.0010283804424277658,0.096255109972767289,0.0020263604208578352,-0.12741397631736234,0.20008053426432074
20.600000000000001,10.533046000000001,6.8219189811724693e-05,0.10042269823013962,-0.00080292537749082626,0.0010957004508904689,-0.00069309850322018998,0.001025945573825,0.096241360352329372,0.002028121713530714,-0.12739345740588584,0.20008053426432074
20.620000000000001,11.648153000000001,6.8116322791693517e-05,0.10042139304789015,-0.00080504308069251351,0.0011160130472118723,-0.00069233611403261104,0.0010243526888652,0.096227625820024573,0.0020298807872318496,-0.12737297035210854,0.20008053426432074
20.640000000000001,10.833304,6.8065522517605511e-05,0.10042007569066924,-0.00080019874580594674,0.0010998580438315031,-0.00069132166332099964,0.0010242301502748773,0.096213911376366396,0.0020316370024856096,-0.12735248574910304,0.20008053426432074
20.66,10.115501,6.8013655171745253e-05,0.10041876905213476,-0.00079875938598261698,0.0011519217089004385,-0.00068984831838929438,0.001028506439353281,0.096200226124963817,0.0020333891939711118,-0.12733191562031598,0.20008053426432074
20.68,10.933821999999999,6.7981575129099454e-05,0.1004174514616849,-0.00079479679633243094,0.001142309122016627,-0.00068812268961081062,0.0010353506994994163,0.096186575070616787,0.002035136720679771,-0.127311208606326,0.20008053426432074
20.699999999999999,19.856214000000001,6.794336754984292e-05,0.10041614185251509,-0.00078735016980768791,0.0011338096142736731,-0.00068613615931619441,0.0010438700350549424,0.096172963389051291,0.0020368789194652303,-0.12729033120562491,0.20008053426432074
20.719999999999999,13.070104000000001,6.7862010372482531e-05,0.10041484793953614,-0.00079528361453551355,0.001160799477516683,-0.00068408668910090913,0.0010541040323848369,0.096159392328773061,0.0020386156296329297,-0.12726924912497722,0.20008053426432074
20.740000000000002,17.775480999999999,6.7861077672336261e-05,0.10041352498150047,-0.00078883886453828822,0.0011468302510104778,-0.00068136624776333923,0.0010650017307600979,0.096145875200547459,0.0020403451468976384,-0.12724794909036202,0.20008053426432074
20.760000000000002,10.996810999999999,6.7811443444964144e-05,0.10041221865635179,-0.00078781733047916802,0.0011481387659779685,-0.00067909229070242834,0.001077222771723826,0.096132403146774709,0.0020420686035581503,-0.12722640463492754,0.20008053426432074
20.780000000000001,11.936419000000001,6.7766208720386299e-05,0.10041091166199613,-0.00079371226430691166,0.001160212052695897,-0.00067664892205507288,0.00109014949401383,0.09611897952812784,0.0020437855682959548,-0.12720460164504727,0.20008053426432074
20.800000000000001,15.420343000000001,6.777491676508925e-05,0.1004095873526312,-0.00078872736566015789,0.0011421014332002599,-0.00067433245429740247,0.0011010725757192854,0.096105601826958806,0.0020454963619713088,-0.12718258019353287,0.20008053426432074
20.82,14.635206,6.7743673605248964e-05,0.10040827860864529,-0.00078945416807973956,0.0011306982006988875,-0.00067192317107914743,0.0011151037876528786,0.096092271884424998,0.0020472007478367937,-0.12716027811777983,0.20008053426432074
20.84,15.293721,6.7727070080677166e-05,0.10040697056422991,-0.00078800279564461562,0.001111681140773868,-0.00066914456567714606,0.0011275390098982215,0.096078997027170668,0.0020488977878443688,-0.12713772733758186,0.20008053426432074
20.859999999999999,20.319986,6.770518034372787e-05,0.10040566959729266,-0.00078305844525683455,0.0010855534256588584,-0.00066729537006294344,0.0011385612178843234,0.096065758816927194,0.0020505898380541597,-0.12711495611322418,0.20008053426432074
20.879999999999999,11.244191000000001,6.7659872038014387e-05,0.10040438360636346,-0.00080481191479675473,0.0010791303633386207,-0.00066510288524136317,0.0011508533143854696,0.096052564063919973,0.0020522760267330628,-0.12709193904693647,0.20008053426432074
20.900000000000002,13.950290000000001,6.7758752522245686e-05,0.10040305610515612,-0.00080051832524041799,0.0010823822108285697,-0.00066304642332811706,0.00116134188709263,0.096039410069506823,0.0020539566976627878,-0.12706871220919461,0.20008053426432074
20.920000000000002,14.666555000000001,6.7830632985101447e-05,0.10040173875835233,-0.00079971563114433764,0.0010752436772953899,-0.00066167973811867564,0.0011712580204236787,0.096026283149264188,0.0020556335981602308,-0.12704528704878612,0.20008053426432074
20.940000000000001,9.4735870000000002,6.7905471356708569e-05,0.10040042623808949,-0.00080574667141863898,0.0010802000549254842,-0.00066004114469760198,0.0011814246641146037,0.096013188697368801,0.0020573060378862151,-0.12702165855550382,0.20008053426432074
20.960000000000001,10.912521999999999,6.8041354216162391e-05,0.10039910112408044,-0.00080783722624522269,0.0010706725855342825,-0.0006586264641833061,0.0011896205828532448,0.096000122271530791,0.0020589745832254279,-0.12699786614384675,0.20008053426432074
20.98,13.682475999999999,6.819301570432257e-05,0.10039777783757399,-0.00080460476211152709,0.0010460421453997171,-0.00065723456009581947,0.001196461348023065,0.095987083419816474,0.0020606392912376524,-0.1269739369168863,0.20008053426432074
21,15.164422,6.8321994006965753e-05,0.10039646992411157,-0.00080352055250187959,0.0010233032285817956,-0.00065557660268125381,0.0012014769952629271,0.095974077420442713,0.0020622994879377172,-0.12694990737698103,0.20008053426432074
21.02,12.753030000000001,6.8431419615012817e-05,0.10039517102742128,-0.000811490290125505,0.00098506847371915285,-0.00065586942038425812,0.0012042642558141618,0.095961065571897666,0.0020639601131448872,-0.12692582209186476,0.20008053426432074
21.039999999999999,9.3126990000000003,6.8560769855553636e-05,0.10039386476084769,-0.00082970386220315717,0.00093271897876512355,-0.00065578065517638657,0.0012064047111187217,0.095948055444350047,0.0020656201999728206,-0.1269016939976424,0.20008053426432074
21.059999999999999,10.457660000000001,6.8733330951592961e-05,0.10039253562980416,-0.0008307421241529056,0.00093535352802298632,-0.00065563494086725942,0.0012086464205607274,0.095935048167570508,0.0020672796037979457,-0.12687752106923117,0.20008053426432074
21.080000000000002,10.88457,6.8892357508401671e-05,0.10039120777632143,-0.000836391031760364,0.00089907192828597715,-0.00065599859210298803,0.0012102237988045328,0.095922033636081844,0.0020689396132156537,-0.12685331659325508,0.20008053426432074
21.100000000000001,13.188940000000001,6.9018265359411984e-05,0.10038988140563591,-0.00082878543373432478,0.00095059529160579359,-0.0006564972811733238,0.001212062830292351,0.095909009170730419,0.0020706005690804452,-0.12682907533664922,0.20008053426432074
21.120000000000001,10.285843,6.9158237262430776e-05,0.10038856042766996,-0.0008379928506161427,0.00090470748756388275,-0.00065668079544927056,0.0012130886389688984,0.095895981024290824,0.0020722616732895185,-0.12680481356386986,0.20008053426432074
21.140000000000001,10.988618000000001,6.9268658539241965e-05,0.10038723733910389,-0.00083693516516669675,0.000879388650051105,-0.00065675696705887394,0.00121224957603971,0.095882951326364721,0.0020739226541644194,-0.12678056857234907,0.20008053426432074
21.16,11.745435000000001,6.9335593412878202e-05,0.10038592207263364,-0.00084233878648154459,0.00087821982300795298,-0.00065747929820149365,0.0012098026168972081,0.095869907257514778,0.002075585145927861,-0.12675637252001112,0.20008053426432074
21.18,15.883248,6.9391520438198451e-05,0.10038459949757413,-0.00084245304498020701,0.00087898277788767132,-0.00065962335523101813,0.0012047180238755036,0.095856820611349994,0.002077252743140739,-0.12673227815953361,0.20008053426432074
21.199999999999999,13.437549000000001,6.9412942960534274e-05,0.10038327850415971,-0.00084106856561350085,0.00086262514622870157,-0.00066163761712248351,0.0011961325506825242,0.095843693962932991,0.0020789251174687814,-0.12670835550851997,0.20008053426432074
21.219999999999999,19.427439,6.9367774708438488e-05,0.1003819665477378,-0.0008379867668883989,0.00083491586225559189,-0.00066391333137907958,0.0011882863900322012,0.095830522125167364,0.0020806029298865111,-0.12668458978071934,0.20008053426432074
21.240000000000002,12.124636000000001,6.9242172148078777e-05,0.10038066890334517,-0.00084239903464178312,0.00088032896573420061,-0.00066533695192658095,0.0011782891834205035,0.095817322003416638,0.0020822840276247603,-0.12666102399705093,0.20008053426432074
21.260000000000002,12.260653,6.9205669697343139e-05,0.10037934762270909,-0.00083923761839654887,0.00090029904037347563,-0.00066737316609669051,0.0011726930931866798,0.095804081444037167,0.0020839699589546481,-0.1266375701351872,0.20008053426432074
21.280000000000001,11.839332000000001,6.9154574935595059e-05,0.10037802878754196,-0.00083812967880536604,0.00090391366773356907,-0.00066911845688646444,0.001164100801677205,0.095790806218917182,0.0020856599890585591,-0.12661428811915365,0.20008053426432074
21.300000000000001,12.823810999999999,6.9079529010646887e-05,0.10037671141783361,-0.00083482903542364539,0.00090051770643739815,-0.0006711320457609938,0.0011542059422228091,0.095777491005155507,0.0020873547963100496,-0.12659120400030918,0.20008053426432074
21.32,21.664498999999999,6.8959644941917812e-05,0.10037540234121622,-0.00082976826076475163,0.00087848525021527735,-0.00067295312004274322,0.0011448559129804696,0.095764139622338096,0.0020890538953575299,-0.12656830688204956,0.20008053426432074
21.34,9.4264209999999995,6.8773852410871787e-05,0.10037410872984855,-0.00083392406330862201,0.00092959538335879444,-0.00067447803293252211,0.0011361571512323819,0.095750757946424001,0.0020907565393289461,-0.12654558373902491,0.20008053426432074
21.359999999999999,14.072975,6.8694906570114622e-05,0.10037278853899972,-0.00082904081361423465,0.00095823025816432761,-0.00067559723892028699,0.0011268173215009832,0.095737354026819529,0.0020924617052832184,-0.1265230473925949,0.20008053426432074
21.379999999999999,16.760148999999998,6.8609722650787443e-05,0.10037147032559891,-0.00082347356229783841,0.00094660939218904616,-0.00067696619032167464,0.0011160478867900114,0.095723922908757947,0.00209417002514534,-0.1265007264348591,0.20008053426432074
21.400000000000002,13.282842,6.8472551781524149e-05,0.10037016656811762,-0.00082602726984015717,0.00097530038041426792,-0.00067793854051883293,0.0011092823290457931,0.095710472461045082,0.0020958804994105269,-0.12647854078827819,0.20008053426432074
21.420000000000002,11.322906,6.8398499421297034e-05,0.10036884712451669,-0.00082106096340517354,0.0010041391863628846,-0.00067872251057437085,0.0011044067277270796,0.095697006421291184,0.0020975926535771877,-0.12645645265372366,0.20008053426432074
21.440000000000001,11.381949000000001,6.8327409886536318e-05,0.1003675293290849,-0.00082259711841903282,0.00099625220814569815,-0.00067915710972645395,0.0011001057545817036,0.095683531721206,0.0020993056070182504,-0.12643445053863203,0.20008053426432074
21.460000000000001,11.27317,6.826647368286958e-05,0.10036620862713896,-0.00081134556628503773,0.0010500624820632964,-0.00067913297462219484,0.0010958306064966278,0.095670057462358432,0.0021010182037006077,-0.12641253392650209,0.20008053426432074
21.48,22.879688000000002,6.8194086118049735e-05,0.10036489570363899,-0.00080258567771318567,0.0010537954711908881,-0.00067945218025151064,0.0010902180294107158,0.095656576832896106,0.0021027313106438119,-0.12639072956591388,0.20008053426432074
21.5,21.677876000000001,6.8075958043839737e-05,0.10036359885796671,-0.00079363940393895049,0.0010516187972910984,-0.00067933878453043761,0.0010886971103507568,0.095643098415936934,0.0021044438379988289,-0.12636895562370687,0.20008053426432074
21.52,11.946918999999999,6.7922398511219945e-05,0.10036231737584349,-0.00079913266134701288,0.0010443009230840516,-0.00067878004921056794,0.0010893651673915573,0.095629631047296382,0.0021061546635253369,-0.12634716832035903,0.20008053426432074
21.539999999999999,10.185468999999999,6.7833528516924831e-05,0.10036102061817245,-0.00080175528929204987,0.001031326959171075,-0.00067848682734658215,0.001089141637107916,0.095616169459087366,0.0021078644567420284,-0.12632538548761688,0.20008053426432074
21.559999999999999,14.235004999999999,6.7773393646350545e-05,0.1003597190676534,-0.00080300384391618351,0.0010325531936157262,-0.00067781559419007379,0.0010910285489713518,0.095602721151313019,0.0021095722652492315,-0.12630356491663744,0.20008053426432074
21.580000000000002,16.162410000000001,6.773419221284285e-05,0.10035841264045779,-0.00081025356171515739,0.0010495627473110503,-0.00067733767899273841,0.0010949022838339876,0.095589282288388949,0.0021112785758485072,-0.12628166687096076,0.20008053426432074
21.600000000000001,17.860686000000001,6.7763587403345374e-05,0.10035708569484883,-0.00080428874162974395,0.0010341608337762764,-0.00067598466078850846,0.0010979530575899962,0.095575870232972648,0.0021129811838946277,-0.12625970780980897,0.20008053426432074
21.620000000000001,11.011742999999999,6.7744865691530187e-05,0.10035577644786686,-0.00080328481452607292,0.0010354182067766615,-0.00067404868312708952,0.0011047409767717049,0.095562496551449078,0.0021146786211972421,-0.12623761299027353,0.20008053426432074
21.640000000000001,14.490952999999999,6.7738116700857359e-05,0.10035446754564337,-0.00080066894520092191,0.0010241132738739722,-0.00067157290498167136,0.0011113692953082933,0.095549171953929174,0.0021163695285320028,-0.12621538560436737,0.20008053426432074
21.66,10.276908000000001,6.7718390156893532e-05,0.10035316625808657,-0.00080844409434988052,0.0010555539729741881,-0.00066979599381264984,0.001117416410026841,0.095535882574307132,0.0021180556657126866,-0.12619303727616685,0.20008053426432074
21.68,14.651612999999999,6.7776037365490499e-05,0.1003518401786252,-0.00080534559469525036,0.0010492234080992091,-0.00066841238753044692,0.0011225437156270049,0.095522620609041681,0.0021197380227555886,-0.1261705864018543,0.20008053426432074
21.699999999999999,14.770149999999999,6.7803583438580097e-05,0.10035052415611098,-0.00080922451878384649,0.0010513574633552736,-0.00066726993036066553,0.001126396554798131,0.095509381273493357,0.0021214172065526027,-0.12614805847075833,0.20008053426432074
21.719999999999999,13.871271999999999,6.7853809976186033e-05,0.10034920101318227,-0.00080393581466786657,0.0010399557693681061,-0.00066683674892701087,0.0011300935882207971,0.095496150494856533,0.0021230950016983881,-0.12612545659899391,0.20008053426432074
21.740000000000002,10.885956,6.7862392749512703e-05,0.10034789283573145,-0.0008110096277649248,0.0010404041071634396,-0.00066595767594317481,0.0011347978915950071,0.095482937120053235,0.0021247702857837055,-0.12610276064116202,0.20008053426432074
21.760000000000002,16.342275999999998,6.7919902491050694e-05,0.10034656967515598,-0.00080690679513351071,0.001015005044201267,-0.00066508438408707674,0.001138077281024955,0.095469741034352226,0.0021264430730846529,-0.12607999909554152,0.20008053426432074
21.780000000000001,10.810202,6.7926566449382734e-05,0.10034526360292624,-0.00081162814798751981,0.0010342275576489257,-0.00066408405819390055,0.0011412396640698081,0.095456564758270163,0.0021281130440868007,-0.12605717430226013,0.20008053426432074
21.800000000000001,10.984893,6.7985572818380233e-05,0.10034394249602764,-0.00081439287402762517,0.0010259286289588943,-0.0006638218612898941,0.0011433746729447368,0.095443393646375732,0.0021297820548341847,-0.12603430680880123,0.20008053426432074
21.82,12.989278000000001,6.8046702301763828e-05,0.10034262063959692,-0.00081163906318248991,0.001017599447852291,-0.00066333176780771451,0.0011476708010154891,0.095430232220384117,0.0021314495318327004,-0.12601135339278091,0.20008053426432074
21.84,10.569568,6.8077386014094352e-05,0.10034130796194234,-0.00081634560913457221,0.0010138753311998983,-0.00066320901958700237,0.0011512307785867593,0.095417073191565061,0.0021331163977552419,-0.12598832877720917,0.20008053426432074
21.859999999999999,20.081378000000001,6.8139938613689152e-05,0.10033998670097623,-0.00081256205268775972,0.00098664398156067534,-0.00066266472006825067,0.0011547199301378478,0.095403924924035793,0.0021347815924790529,-0.12596523437860641,0.20008053426432074
21.879999999999999,15.719706,6.8143671348770346e-05,0.10033868241606571,-0.00081855057309576651,0.001001899545605589,-0.00066275529308172578,0.0011571538253753774,0.095390774820902385,0.0021364467107883394,-0.12594209130209891,0.20008053426432074
21.900000000000002,18.178567999999999,6.8210088990193685e-05,0.10033735990883338,-0.00081509047300842852,0.00097442595900520956,-0.00066250020950202153,0.0011594654564222558,0.095377629740470676,0.0021381108837000345,-0.12591890199297046,0.20008053426432074
21.920000000000002,11.261063,6.8216909376434586e-05,0.10033605380781509,-0.00081636388139427751,0.00096582955382906732,-0.00066265801703281645,0.0011597741621808108,0.095364481490279374,0.0021397751480786891,-0.12589570650972684,0.20008053426432074
21.940000000000001,11.134650000000001,6.8224774794683614e-05,0.10033474712725357,-0.00081523423505958093,0.00097843638792127763,-0.00066302680640998473,0.0011614676303202656,0.095351325884036664,0.0021414400332981976,-0.12587247715712044,0.20008053426432074
21.960000000000001,13.868988999999999,6.8251048212346802e-05,0.10033343777137585,-0.00082102781467874308,0.00098463865716436061,-0.00066313271136064225,0.0011624469058694358,0.095338168137762205,0.0021431048786746871,-0.12584922821900305,0.20008053426432074
21.98,13.550499,6.8309625104061639e-05,0.10033211346207421,-0.00082222676031706854,0.0009814218212556014,-0.00066361409906837143,0.0011627552671150995,0.095325000801153831,0.0021447706264450784,-0.12582597311366076,0.20008053426432074
22,13.337852,6.8357275836410282e-05,0.10033079282685148,-0.00082273794472254025,0.00097766983362745918,-0.00066373683785456595,0.001162771898787509,0.095311830990438884,0.0021464363760368746,-0.12580271767568502,0.20008053426432074
