time,solve_ms,error_m,sigma,v_cmd,w_cmd,v_actual,w_actual,base_x,base_y,yaw,target_x
0,65.729356999999993,0,0.091754758612154014,-0.000871090340928804,0.0002171605664726961,0,0,0,0,0,0.20008053426432076
0.02,12.777716,1.2221249881778088e-05,0.091752872961717843,-0.00087140219179981937,0.00022223557181577647,0,0,0,0,0,0.20008053426432076
0.040000000000000001,11.037492,2.2245402476081838e-05,0.091751212188069656,-0.00087295081370175609,0.0002290403752494008,0,0,0,0,0,0.20008053426432076
0.059999999999999998,10.103372,3.0571347980397368e-05,0.091749729689376988,-0.00088442522884901731,0.00024456118043869601,0,0,0,0,0,0.20008053426432076
0.080000000000000002,9.7823429999999991,3.7393334598530461e-05,0.09174841713448198,-0.00088250137572065679,0.00027043649305635853,0,0,0,0,0,0.20008053426432076
0.10000000000000001,8.5876889999999992,4.2825930442042698e-05,0.091747227110832816,-0.00087981327050967728,0.00029952732058102782,0,0,0,0,0,0.20008053426432076
0.12,8.1766459999999999,4.7049357961557141e-05,0.091746170767353336,-0.00088414108676715397,0.00033500830336508081,0,0,0,0,0,0.20008053426432076
0.14000000000000001,8.3503340000000001,5.0452406800509203e-05,0.091745177869904299,-0.00088933532202728482,0.00037107324196150593,0,0,0,0,0,0.20008053426432076
0.16,15.368055999999999,5.315861056659693e-05,0.091744279611463267,-0.00088225944441167048,0.00038983328152020214,0,0,0,0,0,0.20008053426432076
0.17999999999999999,16.758818000000002,5.5414778232847172e-05,0.091743441938528889,-0.000875122881860535,0.00040872894414101246,0,0,0,0,0,0.20008053426432076
0.20000000000000001,10.047249000000001,5.6196332510320915e-05,0.091742660816686875,-0.00084865545467527337,0.00049317811630267272,-7.1459816910627124e-05,0,-1.4291963382125424e-06,0,0,0.20008053426432076
0.22,7.5595369999999997,5.6347105566004886e-05,0.0917418808528008,-0.00081116644628986823,0.0005720989077646621,-0.00013578046509498298,0,-4.144805640112202e-06,0,0,0.20008053426432076
0.23999999999999999,10.055524999999999,5.6133879652500471e-05,0.091741103396955154,-0.00078583358779882317,0.00065900679448160915,-0.00019377919500456462,1.5866064253391148e-05,-8.0203895402034464e-06,-6.1490263178256451e-13,3.1732128506782297e-07,0.20008053426432076
0.26000000000000001,8.9802280000000003,5.5685893386811652e-05,0.091740287595578562,-0.00075036239105530367,0.00071957174451542372,-0.00024690412053333119,3.1092369521572785e-05,-1.2958471950869095e-05,-3.7172281185101627e-12,9.3916867549927872e-07,0.20008053426432076
0.28000000000000003,9.4278940000000002,5.5051289461690991e-05,0.091739450097808289,-0.00072674907966152613,0.00080324104995788126,-0.00029454477655704967,4.5846045072505469e-05,-1.8849367482004335e-05,-1.1950515292374899e-11,1.8560895769493882e-06,0.20008053426432076
0.29999999999999999,8.0372509999999995,5.4408803379906049e-05,0.091738564979886861,-0.00069767596275138732,0.00086053059879898086,-0.00033718833517876461,6.0793997443698273e-05,-2.5593134185559156e-05,-2.856735573762306e-11,3.0719695258233536e-06,0.20008053426432076
0.32000000000000001,8.6619189999999993,5.3822200222489163e-05,0.091737631924851445,-0.00066916544136663703,0.00089793301332430353,-0.00037591136916001748,7.6680367946449355e-05,-3.311136156870411e-05,-5.7428125567443043e-11,4.6055768847523406e-06,0.20008053426432076
0.34000000000000002,8.5755689999999998,5.3309355991992314e-05,0.091736656722390633,-0.00064114609728771477,0.00093296686314925381,-0.00041117803733711376,9.3680316724995864e-05,-4.133492231532008e-05,-1.0300622460638322e-10,6.4791832192522582e-06,0.20008053426432076
0.35999999999999999,9.9228749999999994,5.2793491350908034e-05,0.091735658322267197,-0.00061709570151746718,0.00096667871871436439,-0.00044232830654824325,0.00011218979137407186,-5.0181488446029384e-05,-1.7024969151558743e-10,8.7229790467336946e-06,0.20008053426432076
0.38,9.6211040000000008,5.2276150085013535e-05,0.091734647153787457,-0.00059429231415863981,0.00099302605008722011,-0.00046976991962350249,0.00013215531136623546,-5.9576886838025474e-05,-2.6462207282689929e-10,1.1366085274058403e-05,0.20008053426432076
0.40000000000000002,7.2291730000000003,5.1711991313807646e-05,0.091733628900038611,-0.00058120245714521346,0.0010306445546863774,-0.00049228891057256344,0.00015221981693101235,-6.9422665048659007e-05,-3.9151725313311217e-10,1.441048161267865e-05,0.20008053426432076
0.41999999999999998,8.2520229999999994,5.1095778021890787e-05,0.091732603458918024,-0.00056488970518120407,0.0010474834871747607,-0.00050947468017636661,0.00017238691226572708,-7.9612158650860091e-05,-5.559181167407513e-10,1.7858219857993191e-05,0.20008053426432076
0.44,13.86529,5.067414009641965e-05,0.091731539726372852,-0.00054485989015684577,0.0010473709527418773,-0.00052285918004888702,0.00019743949716335773,-9.0069342249781258e-05,-7.6331141128803653e-10,2.1807009801260345e-05,0.20008053426432076
0.46000000000000002,12.151645,5.0311614001890292e-05,0.091730466543931868,-0.00052709351100788115,0.0010396426697913963,-0.00053199183795114998,0.00022666249206581413,-0.00010070917900572115,-1.0194509549008567e-09,2.6340259642576626e-05,0.20008053426432076
0.47999999999999998,13.084486999999999,4.9970318110057912e-05,0.091729390943084604,-0.00053144750824685172,0.0010555725139631544,-0.00053827171541885642,0.000260373822650118,-0.00011147461330958888,-1.3310456625387147e-09,3.1547736095578989e-05,0.20008053426432076
0.5,10.058807,4.9676205264202049e-05,0.091728291329875464,-0.00052243271428187299,0.0010344562897901532,-0.0005415369451599887,0.00029636296351775516,-0.00012230535220633876,-1.7048292538871768e-09,3.7474995365934092e-05,0.20008053426432076
0.52000000000000002,11.024908,4.9471044562309308e-05,0.091727169142336501,-0.00051596921845220578,0.0010390374213820053,-0.00054213593624977271,0.00033617287321798114,-0.00013314807092229335,-2.1476103668102029e-09,4.4198452830293715e-05,0.20008053426432076
0.54000000000000004,8.3783609999999999,4.9056290143892913e-05,0.091726079124197141,-0.00052677933822553591,0.0010327549834616701,-0.00054037630655535593,0.0003776328551070174,-0.00014395559704096327,-2.6660990700245539e-09,5.1751109932434066e-05,0.20008053426432076
0.56000000000000005,7.5688630000000003,4.8933991402774038e-05,0.091724967319100667,-0.0005221183464825252,0.0010102815947550248,-0.00053682012998600213,0.00041918482956299888,-0.00015469199962388292,-3.2667251918670825e-09,6.0134806523694046e-05,0.20008053426432076
0.57999999999999996,12.350021999999999,4.8962801204991956e-05,0.091723828428710907,-0.00051519018014989371,0.00097544029820428868,-0.00053174983133329548,0.00046064988661353139,-0.00016532699622826086,-3.9552487558128815e-09,6.9347804255964681e-05,0.20008053426432076
0.59999999999999998,7.4285240000000003,4.9016627926446218e-05,0.091722695110163302,-0.00051566312555773042,0.00094137434820185106,-0.00052611406908473928,0.00050193697542079581,-0.00017584927758085904,-4.7377610855880999e-09,7.9386543764380598e-05,0.20008053426432076
0.62,9.3192439999999994,4.9031998555827582e-05,0.09172154930860818,-0.00051079100138140543,0.00090699770334645713,-0.00051970514823082581,0.00054251936843109844,-0.000186243380508093,-5.6193030161809965e-09,9.0236931133002565e-05,0.20008053426432076
0.64000000000000001,10.291053,4.9048950623093029e-05,0.091720412515661626,-0.00051979981550520638,0.00089707797962823577,-0.00051229565878038621,0.00058326543751900455,-0.00019648929363641908,-6.6036236466004506e-09,0.00010190223988338265,0.20008053426432076
0.66000000000000003,13.945648,4.8969742957372766e-05,0.091719282885085907,-0.00051458121583536354,0.00084234084327983183,-0.00050417160115945217,0.0006226465722637618,-0.00020657272560066129,-7.6939320972095616e-09,0.00011435517132865788,0.20008053426432076
0.68000000000000005,13.266439,4.9111170751388219e-05,0.091718125776419537,-0.0005221350082672549,0.00082295902655582509,-0.00049721926293972232,0.00065951120985249985,-0.00021651711078671766,-8.8967083098372866e-09,0.00012754539552570787,0.20008053426432076
0.70000000000000007,13.030123,4.9148835918479819e-05,0.091716979993651901,-0.00052511913892749895,0.00078392037176455709,-0.00049022445684551112,0.000693463214215639,-0.00022632159983497138,-1.0215216276264072e-08,0.00014141465981002066,0.20008053426432076
0.71999999999999997,12.464383,4.9147753098326636e-05,0.091715863014209378,-0.000529188060603758,0.00076295767660017333,-0.00048340073632945578,0.00072641659457144201,-0.00023598961445470286,-1.1652645347906674e-08,0.00015594299170144951,0.20008053426432076
0.73999999999999999,18.201521,4.9023756858856839e-05,0.091714771585404309,-0.0005241401768202314,0.00072890474237019554,-0.00047814798738158242,0.00075572831638992175,-0.00024555257407451439,-1.3216191888204504e-08,0.00017105755802924793,0.20008053426432076
0.76000000000000001,15.298549,4.8922068558467331e-05,0.09171368761964209,-0.00052257921887433056,0.00069615329338934551,-0.00047303952898594697,0.00078350781117786285,-0.00025501336450284848,-1.4908657645961405e-08,0.00018672771425280518,0.20008053426432076
0.78000000000000003,12.25873,4.8838079411218489e-05,0.091712605170079509,-0.00052147648992562079,0.00066667569756129197,-0.00046787490672654564,0.00080905896194604819,-0.00026437086245980138,-1.6731669549486791e-08,0.00020290889349172615,0.20008053426432076
0.80000000000000004,10.218048,4.8744716872150982e-05,0.091711527310864557,-0.00053441392077369088,0.00065410608957550131,-0.00046326690127045355,0.00083134076283959755,-0.00027363620027852457,-1.868871555331724e-08,0.0002195357087485181,0.20008053426432076
0.82000000000000006,9.4811099999999993,4.881682368610717e-05,0.091710409267748885,-0.00053332213940360251,0.00063514365885586344,-0.00045872122243860761,0.00084965782909790998,-0.00028281062448876754,-2.0780780524511046e-08,0.00023652886533047631,0.20008053426432076
0.83999999999999997,10.155913,4.8979520606954315e-05,0.091709287911605,-0.00053249904377372648,0.00060074017521438705,-0.00045537034270909144,0.00086431933174416751,-0.00029191803106922928,-2.3013662189525457e-08,0.00025381525196535966,0.20008053426432076
0.85999999999999999,10.617293999999999,4.9027778794876871e-05,0.091708186056336821,-0.00053260706880275954,0.00061530310499557928,-0.00045192732374790216,0.00087553540223512887,-0.00030095657723261361,-2.5386918787433245e-08,0.00027132596001006222,0.20008053426432076
0.88,12.232792,4.8905879467499179e-05,0.091707108177387808,-0.000538308118589792,0.00060796715791910927,-0.0004494491857042554,0.0008853123460237939,-0.0003099455605938797,-2.7905443972824228e-08,0.00028903220693053807,0.20008053426432076
0.90000000000000002,8.9350170000000002,4.9015649991544303e-05,0.091705995697646175,-0.00053542706116982419,0.00061007468442220159,-0.00044746431526207628,0.00089046739958786717,-0.00031889484650192331,-3.0571766381678752e-08,0.00030684155492229542,0.20008053426432076
0.92000000000000004,9.6465340000000008,4.8965045118031696e-05,0.091704909536734242,-0.00053687285766712556,0.00061224427122730241,-0.00044601224683151229,0.00089387805242105596,-0.00032781509099380257,-3.3388604273218307e-08,0.00032471911597071654,0.20008053426432076
0.94000000000000006,9.514856,4.9071495810326387e-05,0.091703799426255811,-0.00053320758039798744,0.0005826321900723741,-0.00044429166395828601,0.00089421925248064373,-0.00033670092377833898,-3.6353462977204914e-08,0.00034260350102032942,0.20008053426432076
0.95999999999999996,8.0782710000000009,4.9218792464143896e-05,0.091702688620679221,-0.00053556574230184673,0.00062727881468283009,-0.00044261553825890993,0.00089300715597348979,-0.00034555323399655126,-3.9465347341984673e-08,0.00036046364413979922,0.20008053426432076
0.97999999999999998,13.680019,4.907831711257339e-05,0.091701613913935373,-0.00052762523335669886,0.00062328066168126917,-0.00044101700311296018,0.00088938430418801983,-0.00035437357345715324,-4.2723205909393095e-08,0.00037825133022355962,0.20008053426432076
1,9.0355240000000006,4.8906500708458313e-05,0.091700551890139773,-0.00052340625692759435,0.00061978952067209825,-0.00044064006231736655,0.00088359933207340642,-0.00036318637404326049,-4.6134529471579315e-08,0.00039592331686502777,0.20008053426432076
1.02,8.7667029999999997,4.8840583416266842e-05,0.091699481993283635,-0.00052887873049767276,0.00063127607765789406,-0.00044021135042348469,0.00087602914249021414,-0.00037199060033080123,-4.9697455728321109e-08,0.00041344389971483203,0.20008053426432076
1.04,9.8418130000000001,4.8978159133027079e-05,0.091698376947736804,-0.00052304303904926464,0.00063904545337356566,-0.00043975809974964881,0.0008680227620356777,-0.00038078576154219461,-5.3410105699970376e-08,0.00043080435495554561,0.20008053426432076
1.0600000000000001,7.0058449999999999,4.9145824117955374e-05,0.091697274411861471,-0.00052304948604064982,0.00063833038309524248,-0.0004393591550178176,0.00085914090386066241,-0.00038957294379428624,-5.7271156607466652e-08,0.00044798717303275886,0.20008053426432076
1.0800000000000001,12.21359,4.9301745159329424e-05,0.091696171309030711,-0.00051480355074329243,0.0006406787273685044,-0.00043946789464720183,0.00084831118355767809,-0.0003983623007715325,-6.1283237169338952e-08,0.00046495339670391244,0.20008053426432076
1.1000000000000001,9.3814869999999999,4.9421909957878138e-05,0.091695081653366359,-0.00051862050495310452,0.00066418038598703433,-0.00043932938446853396,0.00083923522175620988,-0.00040714888747655847,-6.5442330944316525e-08,0.00048173810113903665,0.20008053426432076
1.1200000000000001,9.3047450000000005,4.9315681609302987e-05,0.091694021043090615,-0.00051415545143518315,0.00068520890212675489,-0.00043932336747311908,0.00083020135400201827,-0.00041593535377103274,-6.974805223954203e-08,0.00049834212821907699,0.20008053426432076
1.1400000000000001,8.9366780000000006,4.9268060032139534e-05,0.091692955498722001,-0.00049956623908231634,0.00068991599504664158,-0.0004390172730701812,0.00082189685303071303,-0.00042471569810589984,-7.4195833476089269e-08,0.00051478006527969121,0.20008053426432076
1.1599999999999999,8.0380269999999996,4.9218418236401595e-05,0.091691853945393323,-0.00049167199812083506,0.00069018206684967609,-0.00043893532010389705,0.00081427979800621428,-0.00043349440330771658,-7.8786419554365911e-08,0.00053106566123981545,0.20008053426432076
1.1799999999999999,11.836387,4.9155128596946418e-05,0.091690761633407669,-0.00049004393323714979,0.00069786503692004231,-0.00043821018503078162,0.00080498438940382474,-0.00044225860573469391,-8.3511337430639919e-08,0.00054716534902789194,0.20008053426432076
1.2,8.3665310000000002,4.9066386472417363e-05,0.091689682762795668,-0.00051103249089423652,0.00071947838214980742,-0.00043721165058180616,0.00079954297359655579,-0.00045100283739882849,-8.8365792389712459e-08,0.00056315620849982308,0.20008053426432076
1.22,9.2523029999999995,4.9160255992039615e-05,0.091688597754064405,-0.00050463596557304147,0.00072488033851469957,-0.00043676216572530494,0.00079415602327624678,-0.00045973807928882318,-9.3354470084784703e-08,0.00057903932896534796,0.20008053426432076
1.24,8.7561889999999991,4.9145091678611613e-05,0.091687532426714902,-0.0005079882189209517,0.0007349595553947097,-0.00043587901699917227,0.00078885711243807308,-0.00046845565812727165,-9.847106091383043e-08,0.00059481647121410947,0.20008053426432076
1.26,8.1187670000000001,4.9154778857318779e-05,0.091686454235013717,-0.00050332301969768789,0.00073408249555950711,-0.00043508494399256052,0.00078473492586624829,-0.00047715735542687838,-1.0371525968791314e-07,0.00061051116973143442,0.20008053426432076
1.28,9.3466339999999999,4.9156376578719835e-05,0.091685381980073061,-0.00049861256090455441,0.00073005649110235993,-0.00043369403230614218,0.00078144293265457101,-0.00048583123441487384,-1.0907854179283026e-07,0.00062614002838452581,0.20008053426432076
1.3,11.361181,4.9136326031444686e-05,0.091684316898309609,-0.00049426796526641503,0.00072978748226892876,-0.00043275570061787903,0.00077830837001107052,-0.00049448634668816584,-1.1456521823551337e-07,0.00064170619578474727,0.20008053426432076
1.3200000000000001,7.9925819999999996,4.9108293435225667e-05,0.091683257772373461,-0.0005044885119687148,0.00074801327644258286,-0.0004315451583020597,0.0007755450283063463,-0.00050311724803394774,-1.2017065841871949e-07,0.0006572170963508742,0.20008053426432076
1.3400000000000001,8.8811730000000004,4.9224680686527422e-05,0.091682170478910849,-0.00050255460083170611,0.00076713635333969243,-0.00042925916347105844,0.00077467475528427343,-0.00051170242940528406,-1.2587949446545239e-07,0.0006727105914565597,0.20008053426432076
1.3600000000000001,7.658353,4.9235959814629555e-05,0.091681105064082447,-0.00050251862724670637,0.00075353158571656031,-0.00042655476522494168,0.00077539628568061125,-0.00052023352273469791,-1.3168460198164124e-07,0.00068821851717017191,0.20008053426432076
1.3800000000000001,8.5081030000000002,4.9283455852953999e-05,0.091680043660500296,-0.00050375050509010588,0.00074331201544053371,-0.00042398795898816315,0.00077641576714218292,-0.00052871327986069798,-1.3758636698112422e-07,0.00070374683251301555,0.20008053426432076
1.4000000000000001,10.304697000000001,4.9416325119050201e-05,0.091678962785470511,-0.00049930789117635932,0.00075841143333477135,-0.00042340030199338396,0.00077738975506976655,-0.000537181283757052,-1.4361152831240998e-07,0.00071929462761441084,0.20008053426432076
1.4199999999999999,10.152331,4.9521721907209971e-05,0.091677893800332977,-0.00050584609508907974,0.00074430882638143459,-0.00042234682667944824,0.00077886303633810773,-0.00054562821805790424,-1.49753153906055e-07,0.00073487188834117298,0.20008053426432076
1.4399999999999999,9.2400900000000004,4.9561736928145875e-05,0.091676828738008934,-0.00049961156713096422,0.00074344675290127782,-0.00042167397740215884,0.00078182158310821463,-0.00055406169528004199,-1.5601661513431679e-07,0.0007505083200033373,0.20008053426432076
1.46,8.2393859999999997,4.95531910789976e-05,0.091675778279726713,-0.00050631828419722691,0.00074476006977364229,-0.00042068588058965335,0.00078498636794104883,-0.00056247541047244065,-1.6239722612882653e-07,0.00076620804736215824,0.20008053426432076
1.48,9.6308799999999994,4.9511214250020273e-05,0.091674721260836881,-0.00050580215166173836,0.00073218852609979734,-0.00041941043093392602,0.00078868598245956565,-0.0005708636165779158,-1.6889049505247964e-07,0.00078198176701134957,0.20008053426432076
1.5,8.8354029999999995,4.9518273883384257e-05,0.091673660763962425,-0.00050849619865300788,0.00073273106115245845,-0.00041790645274628052,0.00079208588074665041,-0.00057922174302533027,-1.7549260245333794e-07,0.00079782348462628259,0.20008053426432076
1.52,7.9284590000000001,4.9594369298316279e-05,0.091672587574949241,-0.00050217545836261923,0.00072357530044864227,-0.00041739170903289948,0.0007949750859831793,-0.00058756957449598716,-1.8221906308250616e-07,0.00081372298634594623,0.20008053426432076
1.54,8.8411430000000006,4.9638947713323998e-05,0.091671525703227105,-0.00050697565445056991,0.00072336582686660655,-0.00041676992666957912,0.0007976606169064201,-0.00059590497021538911,-1.8906825589009285e-07,0.00082967619868407462,0.20008053426432076
1.5600000000000001,9.1494420000000005,4.9693053906802518e-05,0.0916704597361504,-0.00050205770881084355,0.00071207098391079526,-0.00041620753477067266,0.00080150670299030486,-0.0006042291179901635,-1.9604132340659634e-07,0.00084570633274388073,0.20008053426432076
1.5800000000000001,14.116958,4.9730018916805134e-05,0.091669402037567252,-0.00049652691797452686,0.00069767658680275346,-0.00041580258676683564,0.00080650498257224393,-0.000612545166694609,-2.0314132953163238e-07,0.00086183643239532565,0.20008053426432076
1.6000000000000001,13.370386,4.9754958572850699e-05,0.091668352358027019,-0.00049257027382720864,0.00068699586028952986,-0.00041507379049889981,0.00081019092626055862,-0.00062084663936333895,-2.1036310072018067e-07,0.00087804025092053681,0.20008053426432076
1.6200000000000001,11.75211,4.9765341357546859e-05,0.091667309982035525,-0.00049695489598533538,0.00068755263387476617,-0.00041495442624743918,0.00081289544715419432,-0.00062914572462966802,-2.1771749644125021e-07,0.00089429815986362068,0.20008053426432076
1.6400000000000001,9.7706959999999992,4.9770098148719911e-05,0.091666264693724922,-0.00050887915176089926,0.000701664821682213,-0.0004143355808392911,0.00081653089613254013,-0.00063743243287193811,-2.2519594993696095e-07,0.0009106287777862715,0.20008053426432076
1.6600000000000001,11.566839,4.9834771398923367e-05,0.091665204673029507,-0.00050516819935653157,0.00070023867379553906,-0.00041432896744308614,0.0008189044381794997,-0.00064571900872292646,-2.3280980565620213e-07,0.00092700686654986146,0.20008053426432076
1.6799999999999999,9.6384500000000006,4.965036806188891e-05,0.091664177759354357,-0.00052336680871511998,0.00074562412084344665,-0.00041428067623796428,0.00082106381953147038,-0.00065400461862425558,-2.4055865533254526e-07,0.00094342814294049089,0.20008053426432076
1.7,9.9969129999999993,4.9417011233446497e-05,0.091663151627501049,-0.00051033582484716344,0.00071202206969922521,-0.00041445823273752297,0.00082318161773394557,-0.00066229377952543769,-2.4844712023829913e-07,0.00095989177529516979,0.20008053426432076
1.72,11.407043,4.9752674229215523e-05,0.091662049919718269,-0.00050631717668814247,0.00071481779370508036,-0.00041409946559500989,0.0008242460333723131,-0.00067057576495605062,-2.5646519637772652e-07,0.00097637669596261603,0.20008053426432076
1.74,11.145911,4.9964089722144358e-05,0.091660970640327855,-0.00050282076630858707,0.00071064813982935071,-0.00041417045305041213,0.00082528229231925126,-0.00067885917000169618,-2.6462128413831984e-07,0.00099288234180900108,0.20008053426432076
1.76,9.2696699999999996,5.0107480064996361e-05,0.091659904525227848,-0.00051136664430839751,0.00071289102518834468,-0.00041383087989128143,0.00082558361646099527,-0.00068713578345178778,-2.7290732061583964e-07,0.001009394014138221,0.20008053426432076
1.78,9.4919170000000008,5.014960162493023e-05,0.091658844573194759,-0.00051202931298877097,0.00071336667409482857,-0.00041307163531727583,0.0008258504441316511,-0.00069539721188029504,-2.8131458696540986e-07,0.0010259110230208541,0.20008053426432076
1.8,9.6551179999999999,5.017524257153238e-05,0.091657786544969574,-0.00051686084490520923,0.00071692320009542065,-0.00041206393168161088,0.00082527505941321576,-0.00070363848610692568,-2.8983741725739236e-07,0.0010424165242091184,0.20008053426432076
1.8200000000000001,10.100545,5.0190223842480168e-05,0.091656741628086902,-0.00051059039648815308,0.00070792099989103185,-0.00041151695517381305,0.00082368464685602673,-0.00071186882066777988,-2.9848464918737289e-07,0.001058890217146239,0.20008053426432076
1.8400000000000001,9.2075460000000007,5.0203782560421344e-05,0.091655698836826061,-0.00050939049771903111,0.00070529976830546737,-0.00041200302522437145,0.00082141518205317097,-0.00072010887648074097,-3.0727765208347916e-07,0.0010753185207873024,0.20008053426432076
1.8600000000000001,7.5321899999999999,5.0106628597309883e-05,0.091654655193976767,-0.00051239531425084639,0.00071175991080973944,-0.00041213593295526442,0.00081933094337503917,-0.00072835159030137963,-3.1620873351629152e-07,0.0010917051396548032,0.20008053426432076
1.8800000000000001,8.5331880000000009,5.0001686464819184e-05,0.091653618746232082,-0.00050741308911561589,0.00071197095904418362,-0.00041374843626736492,0.00081841051146044051,-0.00073662655402137944,-3.2531028078299488e-07,0.001108073349884012,0.20008053426432076
1.9000000000000001,9.6363760000000003,5.0025517182327878e-05,0.091652563376875468,-0.00050162378541596109,0.00070772658052997706,-0.00041413027013012483,0.00081744450755376905,-0.00074490915426388149,-3.3455571888018627e-07,0.0011244222400350874,0.20008053426432076
1.9199999999999999,9.0495520000000003,4.9951544134683475e-05,0.091651526172299713,-0.00053050580603974939,0.0007170552503665828,-0.00041414415087750566,0.00081985595689462406,-0.00075319203196866726,-3.4393708246076803e-07,0.0011408193591729799,0.20008053426432076
1.9399999999999999,10.004339999999999,4.9869444376889771e-05,0.091650514599572686,-0.00051365661853830513,0.00070976630331842649,-0.00041386981219665876,0.00081965880114010143,-0.00076146942274853602,-3.534479406534455e-07,0.0011572125351957819,0.20008053426432076
1.96,13.183113000000001,4.9951780676649319e-05,0.091649461783859507,-0.00050672446535926507,0.00069907057132079231,-0.00041432403976656074,0.00081967846231880543,-0.00076975589791660631,-3.631050804148045e-07,0.001173606104442158,0.20008053426432076
1.98,10.599,5.0017759811260986e-05,0.091648418326728223,-0.00050310041608347955,0.00069966558780865107,-0.00041478708723663183,0.00081939223030459555,-0.0007780516338682104,-3.729089859484942e-07,0.00118999394904825,0.20008053426432076
2,8.1986419999999995,5.0060888789403029e-05,0.091647381839176659,-0.00050140584616165107,0.00070003530673523606,-0.00041560006261671256,0.00081928809750683132,-0.00078636362915397609,-3.82868313997157e-07,0.0012063797109983867,0.20008053426432076
2.02,9.3272759999999995,5.0059570792625028e-05,0.09164634645857371,-0.00050156068793383302,0.00069985357649415825,-0.00041581713125629025,0.00081922534876219602,-0.00079467996564503048,-3.9296910811327091e-07,0.0012227642179736306,0.20008053426432076
2.04,9.926304,5.0044323054574618e-05,0.091645301407627222,-0.00051362541412680596,0.00071439452524968416,-0.0004159140024300673,0.00081942644154981597,-0.00080299823939145921,-4.0320856291208057e-07,0.0012391527468046269,0.20008053426432076
2.0600000000000001,8.0938339999999993,4.9993277418869161e-05,0.091644270655177371,-0.00050896386778565006,0.00071475322773717487,-0.00041624766089316833,0.00081895701254122624,-0.00081132318613308071,-4.1359262665448747e-07,0.0012555318870554515,0.20008053426432076
2.0800000000000001,7.8722320000000003,4.9982072349502891e-05,0.091643220208314363,-0.00051165065561808998,0.00071474917637082136,-0.0004161391494850193,0.00081832597158709795,-0.00081964596247713979,-4.2411025078246321e-07,0.0012718984064871936,0.20008053426432076
2.1000000000000001,8.6679429999999993,4.995606004313547e-05,0.09164217499143705,-0.00050706371305708764,0.00071298333986424822,-0.00041556659271679407,0.00081820711041610654,-0.00082795728752197741,-4.3474942152641294e-07,0.0012882625486955158,0.20008053426432076
2.1200000000000001,6.9580840000000004,4.9950363301970404e-05,0.09164112043467916,-0.00050028744318830753,0.00070810784848607256,-0.0004174207759492693,0.00081811123927547612,-0.00083630569602509658,-4.4557266887424057e-07,0.0013046247734810252,0.20008053426432076
2.1400000000000001,7.7990310000000003,4.9896467983763535e-05,0.091640078943642164,-0.00050507888537365542,0.0007148364340892055,-0.00041770683227263661,0.00081771137397171931,-0.00084465982547158702,-4.5653999207822027e-07,0.0013209790009604597,0.20008053426432076
2.1600000000000001,13.0528,4.9880491576443414e-05,0.091639026305202279,-0.00050007838717924802,0.00070723299663422168,-0.00041739552927217485,0.00081801854308608934,-0.00085300772868305446,-4.6763569085297298e-07,0.0013373393718221814,0.20008053426432076
2.1800000000000002,8.1054689999999994,4.9859397475956335e-05,0.091637979960996208,-0.00050768580884219539,0.0007156060689339494,-0.00041681813978604857,0.00081777360690560264,-0.00086134408393263309,-4.7885240622771551e-07,0.0013536948439602935,0.20008053426432076
2.2000000000000002,10.867108,4.9890534499486987e-05,0.091636920351828632,-0.00050080393723406225,0.00070741045325939389,-0.00041615962701667083,0.00081676282566595093,-0.00086966726875458247,-4.9018744629363898e-07,0.0013700301004736124,0.20008053426432076
2.2200000000000002,7.0547680000000001,4.9914439362288207e-05,0.091635869895284425,-0.00050637185882163038,0.00072058423202281396,-0.00041557984092042651,0.00081585989617580625,-0.00087797885767945173,-5.016423914767702e-07,0.0013863472983971286,0.20008053426432076
2.2400000000000002,9.6464590000000001,4.9877022231483266e-05,0.09163482094894139,-0.00050532004553471843,0.00071518405289139331,-0.00041604791443709528,0.00081504148854386006,-0.00088629980787762787,-5.132459450219817e-07,0.0014026481281680058,0.20008053426432076
2.2600000000000002,10.068146,4.990701772360982e-05,0.091633763072409904,-0.00050315738431938595,0.00070990349688515586,-0.00041608664812730392,0.00081426192970649098,-0.00089462153255867572,-5.2498616499392948e-07,0.0014189333667621357,0.20008053426432076
2.2800000000000002,9.1374980000000008,4.9929891389958288e-05,0.091632716655973667,-0.00049710195877106234,0.00070577537978766536,-0.00041634190867019641,0.0008145944054602657,-0.00090294836225304764,-5.3686921944229598e-07,0.0014352252548713411,0.20008053426432076
2.3000000000000003,9.0478240000000003,5.0145748708874462e-05,0.091631640812219917,-0.0004930919028454106,0.00067577624812198422,-0.00041619528669595464,0.00081493191238825823,-0.00091127225931624629,-5.4888372916326846e-07,0.0014515238931191062,0.20008053426432076
2.3199999999999998,11.227460000000001,5.0449187155235575e-05,0.091630561541797356,-0.00049046749999848149,0.00066383212238352307,-0.00041550747474845769,0.0008152476267235324,-0.00091958239995818577,-5.6101385369962303e-07,0.0014678288456535767,0.20008053426432076
2.3399999999999999,9.1687630000000002,5.0515549385205629e-05,0.091629515615683541,-0.00050135246029525682,0.00067375537531466634,-0.0004152816901809439,0.00081541421792271761,-0.00092788802471478759,-5.7327282344585217e-07,0.001484137130012031,0.20008053426432076
2.3599999999999999,9.432734,5.0236239689488301e-05,0.091628504061677107,-0.00049981431984125191,0.0006443089602998775,-0.00041466832796025046,0.00081521398811123483,-0.00093618138203963226,-5.856489207799985e-07,0.0015004414097742557,0.20008053426432076
2.3799999999999999,15.382698,5.0151793420548013e-05,0.091627471370725619,-0.00049635362353006585,0.00064698763394432923,-0.00041474053721222498,0.00081551811156843222,-0.00094447618334494933,-5.9816243924433138e-07,0.0015167517720056244,0.20008053426432076
2.3999999999999999,12.850655,4.9827774474443083e-05,0.091626469582384018,-0.00050322631667387707,0.00067170314108722096,-0.00041424095286085106,0.00081524734659290342,-0.00095276099276968686,-6.1079599010144183e-07,0.0015330567189374823,0.20008053426432076
2.4199999999999999,19.235769999999999,4.9523505293323093e-05,0.091625462746175154,-0.00049635716598617208,0.0006565121848303157,-0.00041424822210699256,0.00081560557600352727,-0.00096104594737203813,-6.2356487808251278e-07,0.001549368830457553,0.20008053426432076
2.4399999999999999,12.374719000000001,4.9164241227606628e-05,0.091624470611604128,-0.00049244103049594923,0.00064916385905200436,-0.00041416847711182246,0.00081534220545358702,-0.00096932930686706475,-6.3646640525407554e-07,0.0015656756745666247,0.20008053426432076
2.46,10.194630999999999,4.8976220715158288e-05,0.091623458785967685,-0.00049153305733840025,0.00065216160562742154,-0.0004139193138459031,0.0008160581048613319,-0.00097760768289136685,-6.4949522433603007e-07,0.0015819968366638513,0.20008053426432076
2.48,12.372037000000001,4.9057271323488953e-05,0.091622411504599308,-0.0004851251126425371,0.00063748911346039883,-0.00041319837606775748,0.00081633386210854778,-0.00098587163996455133,-6.6263625084024844e-07,0.0015983235139060221,0.20008053426432076
2.5,8.4945780000000006,4.9261688859109445e-05,0.091621356046271626,-0.00050314744160340208,0.00068150703683667047,-0.00041222075685629376,0.00081620625070186127,-0.00099411604446310309,-6.758807791470967e-07,0.0016146476389200593,0.20008053426432076
2.52,12.413182000000001,4.9346940619573501e-05,0.091620297070864803,-0.00049680631889403859,0.00066824017323852125,-0.00041112586369931251,0.00081578516096956013,-0.0010023385509101018,-6.8922431946859856e-07,0.0016309633421394505,0.20008053426432076
2.54,8.0106889999999993,4.938060278178246e-05,0.091619253124608835,-0.0005032169909855444,0.00068695653339223561,-0.00041103369417173398,0.00081319911157772765,-0.00101055921375057,-7.0269878163365729e-07,0.0016472273243710051,0.20008053426432076
2.5600000000000001,11.083658,4.9579399677176867e-05,0.091618183123707647,-0.00050047713275125361,0.00066936531355099582,-0.00041082458459395306,0.00080990511857480642,-0.001018775694185425,-7.1629975083441742e-07,0.0016634254267425012,0.20008053426432076
2.5800000000000001,8.6778440000000003,4.9824032556475686e-05,0.091617113095257802,-0.00050718079968758989,0.00067509134160848028,-0.00041035254299163023,0.0008075459347514658,-0.0010269827335803582,-7.3001783723094968e-07,0.0016795763454375305,0.20008053426432076
2.6000000000000001,14.518058999999999,4.9683245385823367e-05,0.091616099714767196,-0.00049880733951779277,0.00065946992378962399,-0.00041049163029349179,0.00080318561522354365,-0.0010351925544953412,-7.4387281149374856e-07,0.0016956400577420013,0.20008053426432076
2.6200000000000001,12.098105,4.9559574647027639e-05,0.09161509025407949,-0.00048953393169615111,0.0006641193928702549,-0.00041005326218032434,0.00079929872225557343,-0.001043393607837706,-7.5784441048821669e-07,0.0017116260321871127,0.20008053426432076
2.6400000000000001,12.819966000000001,4.9475698020788708e-05,0.091614061018442439,-0.0004959803874740043,0.00068082113954859302,-0.00040933758620174553,0.00079746514506373785,-0.0010515803474575229,-7.7192234741149849e-07,0.0017275753350883875,0.20008053426432076
2.6600000000000001,17.097874000000001,4.9487207735120835e-05,0.091613003540624141,-0.00048911035953491666,0.00066941422159905173,-0.0004086191803056351,0.00079463847945085799,-0.0010597527187558833,-7.8610568954299753e-07,0.0017434681046774045,0.20008053426432076
2.6800000000000002,11.865652000000001,4.9446787075988098e-05,0.091611961202895248,-0.00050252125329131037,0.00069410058089824922,-0.00040744712853575047,0.0007914549714033225,-0.001067901648828808,-8.0037759891684121e-07,0.001759297204105471,0.20008053426432076
2.7000000000000002,14.988830999999999,4.9528638697415652e-05,0.091610909535508836,-0.00049675293741868742,0.00068541386865472731,-0.00040787104991246633,0.00078869324800914028,-0.0010760590570894934,-8.1479325639718964e-07,0.0017750710690656538,0.20008053426432076
2.7200000000000002,11.861895000000001,4.9581581527194134e-05,0.091609868239765468,-0.00049657916352607856,0.00068794821350937063,-0.00040773227437911037,0.00078503543169883012,-0.0010842136896160497,-8.2933234083425942e-07,0.0017907717776996304,0.20008053426432076
2.7400000000000002,15.539315,4.9648964548511723e-05,0.091608826769913942,-0.00049754439769111869,0.00068214842167502177,-0.00040813331175209336,0.00078482660311928972,-0.0010923763426478434,-8.4401386801901409e-07,0.0018064683097620163,0.20008053426432076
2.7600000000000002,10.318517999999999,4.9752721326250697e-05,0.09160779019913301,-0.00050330089241468201,0.00070527390953079028,-0.0004082693760298615,0.00078366177912052564,-0.0011005417167294317,-8.5882836270552753e-07,0.0018221415453444267,0.20008053426432076
2.7800000000000002,12.917512,4.9823509407439164e-05,0.091606744996923312,-0.00049624557971572614,0.00069304037461881407,-0.00040894173284866398,0.00078393858971892894,-0.0011087205376916446,-8.7379546581384891e-07,0.0018378203171388052,0.20008053426432076
2.8000000000000003,11.013916,4.9868621614884842e-05,0.091605710275466393,-0.00050263621003665548,0.00070792331144908793,-0.00040885976134016471,0.00078291252971442302,-0.0011168977189909635,-8.8888769305646947e-07,0.0018534785677330936,0.20008053426432076
2.8199999999999998,10.37669,5.003518243204212e-05,0.09160464951378626,-0.00049681622230435263,0.00069818078236871806,-0.00040802526534579212,0.00078237017370623148,-0.0011250582101620678,-9.0407685133391483e-07,0.0018691259712072183,0.20008053426432076
2.8399999999999999,15.008011,5.0116740097897422e-05,0.091603605717507405,-0.00049157797163523753,0.00068800445627803519,-0.0004078032725538124,0.00078072103828143256,-0.0011332142612467358,-9.1938523222199605e-07,0.001884740391972847,0.20008053426432076
2.8599999999999999,9.709498,5.0181937148190172e-05,0.091602572777320979,-0.00050065279510280725,0.00070578515799679664,-0.00040703995523253862,0.00077951663701053152,-0.0011413550457724782,-9.3479197480383875e-07,0.0019003307247130576,0.20008053426432076
2.8799999999999999,8.3277269999999994,5.0174044593211012e-05,0.091601536904451372,-0.00049547943010386231,0.00069026166519536858,-0.00040745333158679963,0.00077960920053775893,-0.001149504097569055,-9.5034141793929001e-07,0.0019159229087238128,0.20008053426432076
2.8999999999999999,10.180363,5.0234618498228409e-05,0.091600499033003449,-0.00050372407448051604,0.00070165683855227812,-0.00040735205845976566,0.00077886246260007528,-0.0011576511236635156,-9.660139653326653e-07,0.0019315001579758143,0.20008053426432076
2.9199999999999999,8.3699569999999994,5.0086644446234388e-05,0.09159948320178353,-0.00049237000174739975,0.00066351315145096734,-0.00040724668372043714,0.00077996690714446924,-0.0011657960420218545,-9.8180942389793904e-07,0.0019470994961187037,0.20008053426432076
2.9399999999999999,8.5274819999999991,5.0163834757552064e-05,0.091598436788818335,-0.00049517850519742446,0.00069027303683211194,-0.00040723105702981656,0.00078036634334296853,-0.0011739406475995248,-9.9773135935770702e-07,0.0019627068229855632,0.20008053426432076
2.96,16.993531999999998,4.9783796739979528e-05,0.0915974477459367,-0.00048841604571914221,0.00067639878012815124,-0.00040768923063399176,0.00078092550142048317,-0.0011820944163819075,-1.0137985126355869e-06,0.0019783253330139727,0.20008053426432076
2.98,10.723146,4.9360924667596454e-05,0.091596471248419173,-0.0004915439134698385,0.00067981484656587376,-0.00040752268459777604,0.00078102530427347,-0.0011902448539981801,-1.0299864081128569e-06,0.0019939458390994423,0.20008053426432076
3,9.628107,0.00049266421833865084,0.091595460982599713,0.0003729155402759643,0.0025560867367080409,-0.00040789709168758098,0.0007828083319553681,-0.0011984027794870976,-1.0463167524300495e-06,0.0020096020057385495,0.20058053426432076
3.02,9.9544870000000003,0.00090557391902831245,0.091591466858647386,0.00083633874658661789,0.0033554434129066113,-0.00040775651756192453,0.00078358399478685187,-0.0012065578932424254,-1.0627692098767363e-06,0.0020252736856342865,0.20108053426432076
3.04,10.483084,0.0012906731489546782,0.091586252970357357,0.0023253530803198919,0.0060116112905830299,-0.00040720031835481541,0.00078539762269937022,-0.0012147018827774621,-1.0793270030928107e-06,0.0020409816380882739,0.20158053426432077
3.0600000000000001,7.8855570000000004,0.0015664689361246016,0.091576776844584679,0.0031027334074961166,0.0071981312019200328,-0.00040744433747814533,0.00078638393324174558,-0.001222850752423464,-1.096022801174813e-06,0.0020567093167531089,0.20208053426432077
3.0800000000000001,10.317112,0.0017961802250141485,0.091565117696801063,0.0038659582791572555,0.0081098165026503022,-0.00040723949406760383,0.00078656392632853243,-0.0012309955249463619,-1.1128383184399233e-06,0.0020724405952796793,0.20258053426432077
3.1000000000000001,8.5434169999999998,0.0019907323841353826,0.09155148113150896,0.0045841539800328679,0.0088873709111272348,-0.00040773153745421226,0.00078803153895809855,-0.0012391501380499116,-1.1298025550699033e-06,0.0020882012260588414,0.20308053426432077
3.1200000000000001,9.6627379999999992,0.002157324159856186,0.091536070738862996,0.0052474571749112631,0.0095362933539806516,-0.00040724281693740221,0.00078827150717946455,-0.0012472949764961766,-1.1468748451429852e-06,0.0021039666562024306,0.20358053426432077
3.1400000000000001,10.338568,0.0023013673984520365,0.091519070774092284,0.005860467041739148,0.010092711781144459,-0.00040703349216514572,0.00078932873907545486,-0.0012554356281859861,-1.16406678691986e-06,0.0021197532309839397,0.20408053426432077
3.1600000000000001,9.9242749999999997,0.0024270806467045652,0.091500625017326254,0.0064571081740081304,0.01057644490175913,-0.00040629039710313164,0.00078753180063140206,-0.0012635614177360888,-1.1813554748372492e-06,0.0021355038669965678,0.20458053426432077
3.1800000000000002,10.463964000000001,0.0025378756154054091,0.091480830748024142,0.0070244401519095057,0.010999925696411728,-0.00040587840107578053,0.00078780442916665612,-0.0012716789671112087,-1.1987545099760997e-06,0.0021512599555799008,0.20508053426432077
3.2000000000000002,9.6953169999999993,0.0026350256251791901,0.091459795965858889,0.0075317114382524863,0.011312762811861221,-0.00033459186018286257,0.00078704602015298845,-0.0012783707887167209,-1.2132030479938291e-06,0.0021670008759829607,0.20558053426432077
3.2200000000000002,9.4725000000000001,0.0027211197569864416,0.091437659762290568,0.0079871064337010411,0.011563773301293878,-0.00023243581696843815,0.00078658549869901591,-0.0012830194940617746,-1.2233133785316473e-06,0.0021827325859569411,0.20608053426432077
3.2400000000000002,11.013221,0.0027947406991968961,0.091414546926267215,0.0083571558600236129,0.011586262552778059,-1.8371054990968042e-05,0.00092323743984414302,-0.0012833869142789183,-1.224118752063215e-06,0.0022011973347538238,0.20658053426432077
3.2600000000000002,8.5318869999999993,0.0028588696411515455,0.091390608908397244,0.0087035916564704996,0.01146269610290096,0.00023800332881939096,0.0011095878558174809,-0.0012786268593509829,-1.213588097671291e-06,0.0022233890918701735,0.20708053426432077
3.2800000000000002,10.738443999999999,0.0029133340393200642,0.091365882573772844,0.0089706056091122255,0.011140005429696176,0.00053128401769397056,0.0014781326411635811,-0.0012680012056112701,-1.1898060340848033e-06,0.0022529517446934449,0.20758053426432077
3.3000000000000003,10.058342,0.0029600174252518859,0.091340470195074186,0.0091923637329078822,0.010716776334483979,0.00085407672335561157,0.0019098928161451123,-0.0012509197152334093,-1.1509959555964172e-06,0.0022911496010163471,0.20808053426432077
3.3200000000000003,10.252362,0.0030000209736798507,0.091314460318082685,0.0093816425322720276,0.010215049730070813,0.0011989193907373575,0.0023807622337966156,-0.0012269413916690466,-1.0954870630992499e-06,0.0023387648456922793,0.20858053426432077
3.3399999999999999,11.122711000000001,0.0030342511528966597,0.091287917490510448,0.009540392178319812,0.0096473225096787019,0.0015594754234129998,0.0028784501398431764,-0.0011957519706138643,-1.0216444316740788e-06,0.0023963338484891427,0.20908053426432077
3.3599999999999999,10.961247,0.003063448934324804,0.091260887753230518,0.0088967441599661079,0.0076149562345089183,0.0019328265499168216,0.003391850365986509,-0.0011570955537706527,-9.2769939876472238e-07,0.0024641708558088729,0.20958053426432077
3.3799999999999999,8.9600139999999993,0.0031461111064995904,0.09123576948478973,0.0098070517249854161,0.0084974872522955991,0.0023152855262828648,0.0039132036815209235,-0.0011107899883328746,-8.117823007271589e-07,0.0025424349294392913,0.21008053426432077
3.3999999999999999,8.6924100000000006,0.0031585924457949825,0.091207756226456257,0.0098770347365558786,0.0078539147876139914,0.0027010121018790001,0.0044366930425054317,-0.0010567699270346033,-6.7204279399965293e-07,0.0026311687902894,0.21058053426432077
3.4199999999999999,10.595386,0.0031678709871818703,0.091179406449495182,0.0094374152371905495,0.0062157504843127764,0.0030854229917055137,0.0049577802774303601,-0.00099506168893126901,-5.0661824867087494e-07,0.0027303243958380075,0.21108053426432077
3.4399999999999999,9.3368339999999996,0.0032143510933005004,0.091152331368563391,0.0092645355569839216,0.0051613344714342979,0.0034616487939155981,0.0054685345964276873,-0.000925828981547931,-3.1380398564958408e-07,0.0028396950877665611,0.21158053426432077
3.46,9.9848970000000001,0.0032729700168569885,0.091125645192343258,0.010122661609972994,0.0060250418841762965,0.0038285730251929151,0.005965096984240313,-0.00084925784288164238,-9.179713455194543e-08,0.0029589970274513672,0.21208053426432077
3.48,9.9958130000000001,0.003264278291791327,0.091096156284443577,0.010149433197227387,0.005371085126839148,0.0041806129220540549,0.0064316752663716743,-0.00076564596656610961,1.6098857348425615e-07,0.0030876305327788007,0.21258053426432078
3.5,9.1516629999999992,0.0032562691911589823,0.091066467739735535,0.010196033980919617,0.0047404369900230225,0.0045155482696675828,0.0068595081593773328,-0.00067533545100047167,4.4602988246472656e-07,0.0032248206959663473,0.21308053426432078
3.52,8.9600369999999998,0.0032501340955718543,0.0910366034875153,0.010235734474191571,0.0041262690823364867,0.0048324295772265175,0.0072365151433769828,-0.00057868738480988224,7.6469767327977116e-07,0.0033695509988338869,0.21358053426432078
3.54,9.1520119999999991,0.0032462039744505741,0.091006574585193289,0.010275987973601852,0.0035653986087971212,0.0051305625345086986,0.0075585879555020372,-0.00047607674306393707,1.1182067778710822e-06,0.0035207227579439277,0.21408053426432078
3.5600000000000001,13.064730000000001,0.0032456428782399495,0.090976390147520222,0.010336614281679424,0.0031141231745335229,0.0053460022815607113,0.0078234903384986915,-0.00036915738987272037,1.5030066645574077e-06,0.0036771925647139016,0.21458053426432078
3.5800000000000001,14.288091,0.0032458101164417677,0.090946016557554882,0.010379737242682596,0.0026769204888519305,0.005614518464652973,0.008030041508537528,-0.0002568678132787501,1.9249359460209252e-06,0.0038377933948846523,0.21508053426432078
3.6000000000000001,14.825813,0.0032485999447619015,0.090915494012040118,0.010412896953012285,0.0023990992487930018,0.0058618535507498131,0.008074949346675523,-0.00013963164234894674,2.384333261223142e-06,0.0039992923818181628,0.21558053426432078
3.6200000000000001,13.433828999999999,0.0032526245963248931,0.090884869316329803,0.010492493743937792,0.0021147818775173466,0.0060483260173478512,0.0081814758903721984,-1.8666129375629812e-05,2.8780092207987082e-06,0.0041629218996256066,0.21608053426432078
3.6400000000000001,14.276255000000001,0.0032583992827714373,0.09085404899931411,0.010588677038427252,0.0019089298041179426,0.0062019200894318878,0.0082341971803434107,0.00010537115468819204,3.4045833849019349e-06,0.0043276058432324752,0.21658053426432078
3.6600000000000001,13.101260999999999,0.0032648438484615184,0.090823012209633097,0.010666898721347517,0.0017576071578027097,0.0064105107038931811,0.008163873882709477,0.00023358012247262462,3.9698917449507466e-06,0.0044908833208866647,0.21708053426432078
3.6800000000000002,9.6601780000000002,0.0032726117516345978,0.090791822223140251,0.010733637041426047,0.0016888919787709789,0.0066003836730556716,0.008020992483007942,0.00036558641679300299,4.5733090280965271e-06,0.0046513031705468239,0.21758053426432078
3.7000000000000002,10.757132,0.0032802022598919602,0.090760499553794782,0.010804712547733297,0.0015753033886507506,0.0067750423641677535,0.0079503152384556141,0.00050108574778890119,5.2143349020979695e-06,0.0048103094753159364,0.21808053426432078
3.7200000000000002,9.9038219999999999,0.0032885125560485817,0.090729017798163031,0.010885671464016755,0.0015150299953696766,0.006935446136531802,0.0078363605664264983,0.00063979301301193207,5.8924347777365705e-06,0.0049670366866444663,0.21858053426432078
3.7400000000000002,10.12645,0.0032975045015371323,0.090697376058343354,0.010966501054352706,0.0014915768693803955,0.0070830695920393316,0.0076835878674512701,0.00078145260287756262,6.6069537559602962e-06,0.005120708443993492,0.21908053426432078
3.7600000000000002,9.4415270000000007,0.0033070642172474385,0.09066557529600798,0.011055470077765084,0.0015094003395517142,0.0072208654007708522,0.0074956736204384424,0.00092586796162932319,7.3572943587237701e-06,0.005270621916402261,0.21958053426432078
3.7800000000000002,8.7246349999999993,0.003317144018553654,0.090633615649574326,0.011139875452340298,0.0015647030115621963,0.0073483830232558955,0.0072787500589917538,0.0010728335239873342,8.1425990026277431e-06,0.0054161969175820961,0.22008053426432078
3.8000000000000003,9.1014420000000005,0.0033276163352362379,0.090601499421815113,0.011230101155715655,0.0016456525849688486,0.0074658356434327364,0.0070426720248679348,0.0012221479894182158,8.9618394986902338e-06,0.005557050358079455,0.22058053426432078
3.8200000000000003,9.1234859999999998,0.0033383760354752184,0.090569223877171923,0.011319837770573549,0.0017446026608141096,0.0075780418668980028,0.0067896876858865602,0.0013737064290676719,9.8143567159708143e-06,0.0056928441117971859,0.22108053426432078
3.8399999999999999,13.577897999999999,0.0033492279746092993,0.090536791091706315,0.010647095763366088,0.00046500127455439966,0.0076868883836573093,0.0065325184818998796,0.0015274416480436643,1.0699599917567997e-05,0.0058234944814351836,0.22158053426432078
3.8599999999999999,11.246352,0.0034166856778558869,0.090506590929173653,0.011537349320391188,0.0020864888922436098,0.007791238567672676,0.0062709563398866,0.0016832637199434718,1.1616811020476263e-05,0.0059489136082329155,0.22208053426432078
3.8799999999999999,12.384676000000001,0.0034192532571509972,0.090473633033565884,0.011099228744047451,0.0012775229100625562,0.007890601196602327,0.0060110138440470666,0.0018410728947169013,1.2565101512900388e-05,0.0060691338851138572,0.22258053426432078
3.8999999999999999,11.850266,0.0034605666824201334,0.090442149985795514,0.01175039390679633,0.0024508458216399021,0.0079858321366679634,0.0057565718339885807,0.0020007865398619074,1.3543631282817706e-05,0.0061842653217936286,0.22308053426432078
3.9199999999999999,13.441617000000001,0.0034580188504013181,0.090408741655352273,0.011804943971891801,0.0025690893887870825,0.0080781564266274222,0.0055133153918214221,0.0021623465235708211,1.4551681480103841e-05,0.0062945316296300572,0.22358053426432078
3.9399999999999999,13.293371,0.0034565322453025556,0.090375236417319954,0.01190614894100217,0.0026543860160237465,0.0081678548857120319,0.0052772535668021373,0.0023257003306086667,1.5588551704539099e-05,0.0064000767009660996,0.22408053426432079
3.96,12.897328999999999,0.0034567830124136115,0.090341586862939596,0.01198078412049175,0.002731329301668195,0.0082558585043644456,0.0050518234023755413,0.0024908140654306948,1.6653648299072213e-05,0.0065011131690136106,0.22458053426432079
3.98,13.532054,0.0034586373077237545,0.090307836511703779,0.01205990765235343,0.0027878419593494463,0.0083419628332786454,0.0048390378854209441,0.0026576497437409553,1.7746354790365573e-05,0.0065978939267220295,0.22508053426432079
4,13.619992,0.0034617873624611345,0.090273959985858257,0.012107855976438375,0.0028562764753035097,0.0084268357704413085,0.0046411073768599393,0.0028261827389860659,1.8866155892009786e-05,0.0066907160742592283,0.22558053426432079
4.0200000000000005,13.748533,0.0034658043013974767,0.090240005972502077,0.012157524184607693,0.002902279714794842,0.0085105606561338785,0.0044598240115260286,0.0029963900913535465,2.0012573244408983e-05,0.0067799125544897492,0.22608053426432079
4.04,15.371176999999999,0.003471605886565607,0.090205942571049136,0.01225957818520429,0.0029904846862478518,0.0085307027326218584,0.0042960012941159354,0.0031670001748436228,2.1176642165922995e-05,0.0068658325803720678,0.22658053426432079
4.0600000000000005,13.939627,0.0034767508437461244,0.090171690435427374,0.012315131766253318,0.0030141723899317352,0.0086218571805276034,0.0041498422583992594,0.0033394332048771462,2.2367713122750905e-05,0.006948829425540053,0.22708053426432079
4.0800000000000001,13.420889000000001,0.0034838560564296921,0.090137333190598343,0.012395724995480473,0.003139059308261416,0.0086679310592996349,0.0039195029053189674,0.003512787593314162,2.3579137547479353e-05,0.0070272194836464323,0.22758053426432079
4.0999999999999996,13.749095000000001,0.0034892988057020355,0.090102828796176787,0.012437530108090011,0.0031295057779694435,0.0087628037233085983,0.0038223026209065094,0.003688039293365039,2.4817388963712641e-05,0.0071036655360645629,0.22808053426432079
4.1200000000000001,12.772543000000001,0.0034952802571098841,0.090068219901161733,0.012492279990932387,0.0031622908542110473,0.0088526392112162552,0.0036721890249728239,0.0038650875640787005,2.6081603695225428e-05,0.007177109316564019,0.22858053426432079
4.1399999999999997,10.677493,0.0035004306256909293,0.090033499978313003,0.012530029895932993,0.003118857552449672,0.0089417698945100394,0.0036173611744168758,0.0040439183094564887,2.737158283115516e-05,0.0072494565400523566,0.22908053426432079
4.1600000000000001,11.452878,0.0035053451323911649,0.089998670961776564,0.012566113209020568,0.0030695303219843151,0.0090280867885003131,0.0035746644816058919,0.0042244752536641636,2.8687000127796541e-05,0.0073209498296844741,0.22958053426432079
4.1799999999999997,11.580227000000001,0.0035100247472647649,0.089963736428143606,0.012599774380187001,0.0030094780788918474,0.009112240212768314,0.0035409191341883727,0.0044067151267602103,3.0027646245801093e-05,0.0073917682123682419,0.23008053426432079
4.2000000000000002,10.488073,0.0035145069440362686,0.08992869470576613,0.012640280175529539,0.0029418359722139797,0.009191889627209739,0.003514944693160397,0.0045905478491635749,3.1392981841831708e-05,0.00746206710623145,0.23058053426432079
4.2199999999999998,8.7544400000000007,0.003518820501379838,0.0898935258525346,0.012690086526513156,0.0028845849368970278,0.0092676277063685666,0.0034947535204341339,0.0047758951944240112,3.2782559636943855e-05,0.0075319621766401328,0.23108053426432079
4.2400000000000002,11.222022000000001,0.0035229496896604312,0.089858243694897103,0.012683067569502549,0.0028286951768055069,0.0093441440748459111,0.0034808482944869617,0.0049627727258616233,3.419664604718375e-05,0.0076015791425298723,0.23158053426432079
4.2599999999999998,9.7795070000000006,0.0035267773231372999,0.089822918180373565,0.012692250719465448,0.0027451111416343377,0.0094175460415944767,0.0034711897874653854,0.0051511181550721458,3.5634934517817397e-05,0.0076710029382791797,0.23208053426432079
4.2800000000000002,11.262090000000001,0.0035302697703293476,0.089787495697525865,0.012753848093548292,0.0026619663159770379,0.00949019999007987,0.0034685908354698245,0.0053409165198447838,3.7097490608179815e-05,0.0077403747549885764,0.23258053426432079
4.2999999999999998,13.588867,0.0035337249875276324,0.08975193040280606,0.012791354387017728,0.0025805758790964362,0.0095589989389837284,0.0034678880745183487,0.0055320907200992406,3.8583910221125549e-05,0.0078097325164789436,0.23308053426432079
4.3200000000000003,14.798271,0.0035369987536823947,0.089716253679458513,0.012803834386697743,0.0024949625135586295,0.0096253913238704952,0.0034763544924413209,0.0057245926235148167,4.0094021619873405e-05,0.0078792596063277705,0.23358053426432079
4.3399999999999999,14.795902999999999,0.0035401159990488783,0.08968049123624304,0.012820259157893421,0.002413883890427293,0.0096882238416154641,0.003483583669990764,0.0059183510323625992,4.1627476175422978e-05,0.0079489312797275859,0.23408053426432079
4.3600000000000003,14.073556999999999,0.0035430784465620572,0.089644638212805411,0.012851358969134252,0.0023318996583259199,0.009747716695254342,0.0034927477295266353,0.006113299152911051,4.3183947505834937e-05,0.0080187862343181187,0.23458053426432079
4.3799999999999999,13.785095,0.0035460074932940882,0.089608683539452977,0.012367243429853181,0.0013329404643853682,0.0098040060282043439,0.0034981548093097775,0.0063093729143198756,4.4763114191848453e-05,0.0080887493305043141,0.2350805342643208
4.4000000000000004,14.258998999999999,0.0035861860664523591,0.089574284927202624,0.012932125922886617,0.0022702727777241805,0.0098579745320955935,0.0034996135811053691,0.0065065258992035753,4.6364770093011717e-05,0.0081587416021264222,0.2355805342643208
4.4199999999999999,13.63144,0.0035833219265229577,0.08953797410006753,0.012914260612996831,0.0022170616755232686,0.0099106178696611192,0.0034965919368542446,0.0067047316029580691,4.7988846003940576e-05,0.0082286734408635077,0.2360805342643208
4.4400000000000004,14.497567,0.0035804699931508387,0.089501620519811462,0.012447343286650092,0.001228834777093013,0.0099574072466285159,0.0034888207181974257,0.0069038729483693008,4.9634500247220884e-05,0.008298449855227456,0.2365805342643208
4.46,12.172057000000001,0.0036159743979453985,0.089466836563930452,0.013022873243498156,0.0021998845465649453,0.010000258735035931,0.0034773616231378421,0.0071038711786691909,5.1301168773657494e-05,0.008367997087690213,0.2370805342643208
4.4800000000000004,13.228084000000001,0.0036091397974570066,0.089430168853880276,0.01303738404829724,0.0021174681806179763,0.010043866954178044,0.0034625489977542019,0.0073047414264160032,5.2989045376394012e-05,0.008437248067645297,0.2375805342643208
4.5,9.5700900000000004,0.0036031010013135851,0.089393393963680234,0.01306283476715886,0.0020615372003203181,0.010086179722610339,0.0034425730524333099,0.0075064577821352622,5.4697961424543718e-05,0.0085060995286939632,0.2380805342643208
4.5200000000000005,8.0550960000000007,0.0035984902637342924,0.089356564052367263,0.013098826117697082,0.0019991989780991926,0.010125273895932528,0.0034177947402018105,0.0077089558750946686,5.6427393373146943e-05,0.0085744554234979987,0.2385805342643208
4.54,9.7155679999999993,0.0035953531769780727,0.089319662273649111,0.013128513207833703,0.0019424536115530966,0.010161795788026999,0.0033886481130504095,0.0079121842606502523,5.8176896015734285e-05,0.0086422283857590064,0.2390805342643208
4.5600000000000005,11.216402,0.0035934613157561509,0.089282692867004243,0.013146577211941346,0.0018905091489769266,0.010197207168229699,0.0033551028657638734,0.0081161207287119876,5.9946248219960467e-05,0.0087093304430742834,0.2395805342643208
4.5800000000000001,9.7106849999999998,0.003593343591532397,0.089245665889364875,0.013186393996138412,0.0018839631509677268,0.010189353734985758,0.0033177704714173347,0.0083199000155906311,6.1727835685849162e-05,0.0087756858525026293,0.2400805342643208
4.6000000000000005,10.545332999999999,0.0035932778245649547,0.089208540306864176,0.013216369156331176,0.0018432080617176716,0.010228627791807049,0.0032768259770370014,0.0085244646352019941,6.352978035454469e-05,0.0088412223720433693,0.2405805342643208
4.6200000000000001,9.1432500000000001,0.0035945005875041292,0.089171343649242313,0.013233204046403491,0.0018796870454855785,0.010262498548118488,0.003165503932096009,0.0087297065267622799,6.5350914289669096e-05,0.0089045324506852892,0.2410805342643208
4.6399999999999997,9.3866879999999995,0.0035963477615626248,0.089134105527747948,0.013282523102466914,0.0018775458526754107,0.010254669811868174,0.0031297550957150059,0.0089347917347969014,6.718356962337818e-05,0.0089671275525995894,0.2415805342643208
4.6600000000000001,8.8858329999999999,0.0035978071371066973,0.08909675204697827,0.013306936213412057,0.0018464451729471865,0.010294839553222666,0.0030923955052214423,0.0091406801907078592,6.9036214554522052e-05,0.009028975462704019,0.2420805342643208
4.6799999999999997,12.402736000000001,0.0036001358057357389,0.089059329350691399,0.012572000754412116,0.00050426514065726735,0.010332172161977333,0.002985214150369001,0.0093473151551813245,7.0908136279738883e-05,0.0090886797457113994,0.2425805342643208
4.7000000000000002,9.4827119999999994,0.0036576369542345257,0.089024368063599632,0.013398102958236069,0.001988545197352698,0.010367849551451057,0.0029558057199668476,0.0095546635262055736,7.2798840434213857e-05,0.0091477958601107363,0.2430805342643208
4.7199999999999998,9.6171260000000007,0.0036511171381609013,0.088986575942752305,0.013386538421442662,0.0019672943561219736,0.010402902378094299,0.0029222489216839068,0.00976271281274739,7.4708166154325342e-05,0.0092062408385444137,0.2435805342643208
4.7400000000000002,10.130674000000001,0.0036447418045774433,0.088948743409647826,0.013419964868638612,0.0019442607580284488,0.010436876092809482,0.002886743035112928,0.0099714414333448749,7.6635852367007678e-05,0.0092639756992466717,0.2440805342643208
4.7599999999999998,10.896637999999999,0.0036396621922175532,0.088910864045257262,0.013442770965082618,0.0019222678183066222,0.010468925391424307,0.0028489440798410118,0.010180810901330927,7.8581466851191046e-05,0.0093209545808434924,0.2445805342643208
4.7800000000000002,13.380782999999999,0.0036359792625336802,0.088872955731892633,0.01296067747355345,0.00095868665161269462,0.010501027708354167,0.0028094067288018726,0.010390822277171982,8.054493062625113e-05,0.0093771427154195307,0.2450805342643208
4.7999999999999998,9.2411209999999997,0.003670530797707502,0.088836681702705228,0.013529921262091071,0.0019249582362546036,0.010532370371111424,0.0027685924653977883,0.010601460368696842,8.2526004191640703e-05,0.0094325145647274865,0.2455805342643208
4.8200000000000003,11.361958,0.0036633674450802997,0.088798489245080756,0.013531821271075994,0.0018898282581054637,0.010561951583780215,0.0027298994964312208,0.010812689948756031,8.4524256244223139e-05,0.0094871125546561116,0.2460805342643208
4.8399999999999999,9.993207,0.0036570013807860867,0.088760255847291789,0.013549004215753113,0.0018653579630720785,0.010592612789636613,0.002690693346216114,0.011024532616551652,8.6539792327548141e-05,0.0095409264215804337,0.24658053426432081
4.8600000000000003,8.8203460000000007,0.003651944507970691,0.088721997870134045,0.01357834850244144,0.0018263916185525808,0.01062220254874687,0.002656649533238231,0.011236966944363633,8.8572318271632267e-05,0.0095940594122451983,0.24708053426432081
4.8799999999999999,8.0671940000000006,0.0036494489938957678,0.088683694898435847,0.013629480308061659,0.0018313539734620132,0.010588535196324111,0.0026246176105293542,0.011448727848646765,9.0609585732780271e-05,0.0096465517644557849,0.24758053426432081
4.9000000000000004,9.6018190000000008,0.0036470446105791236,0.088645296220782807,0.013634944239878655,0.0017840130182655844,0.010626012641411489,0.0025923536142717345,0.011661238160197396,9.2665150576784312e-05,0.0096983988367412201,0.24808053426432081
4.9199999999999999,8.1901949999999992,0.0036463783200996729,0.08860687220042561,0.013656612871744578,0.0018266046766775013,0.010658783802409928,0.002464082976957245,0.011874403759777203,9.4737833472865999e-05,0.0097476804962803656,0.24858053426432081
4.9400000000000004,8.5306339999999992,0.0036454878718277942,0.088568422603997249,0.013672542365688156,0.0017799294031390911,0.010691011375165267,0.0024524258342439719,0.012088213777875055,9.682729526046896e-05,0.0097967290129652457,0.24908053426432081
4.96,9.1899709999999999,0.003645111537123396,0.088529928079533457,0.01368646625010006,0.0017332908534983815,0.010721878621772906,0.0024399585446987664,0.012302641008652046,9.8933280379994175e-05,0.0098455281838592205,0.24958053426432081
4.9800000000000004,13.776847,0.0036459251655287868,0.088491388711313221,0.013720576238764437,0.0017230333463806868,0.010710102540362665,0.0024266024576522576,0.012516832626529185,0.0001010473762167508,0.0098940602330122654,0.25008053426432081
5,9.9029609999999995,0.0036463187710822505,0.08845276137937351,0.013726770964665902,0.0016823852224852054,0.010746205022640329,0.0024124902146674359,0.012731746155984172,0.00010317899828656349,0.0099423100373056145,0.25058053426432081
5.0200000000000005,9.7536339999999999,0.003647552117206234,0.08841410066221865,0.013756081587342428,0.0016979127033729391,0.01077884364104747,0.0023288761828996114,0.012947312324083545,0.00010532731535169792,0.0099888875609636073,0.25108053426432081
5.04,11.766095,0.0036484189748865101,0.088375389077677752,0.013773512589955406,0.0016510975699175479,0.010809619426032261,0.0023211849173860508,0.013163493876901453,0.00010749181887444985,0.010035311259311328,0.25158053426432081
5.0600000000000005,11.665011,0.0036494088321463022,0.088336627155836803,0.013770016292383946,0.0016208851319423623,0.010839716804816333,0.002311416879417382,0.013380277246340399,0.00010967239176808457,0.010081539596899676,0.25208053426432081
5.0800000000000001,13.59488,0.0036503974386697508,0.088297841323099327,0.013768812244780215,0.0015852389345680784,0.010870991133344932,0.0023004831552429711,0.013597685969622143,0.00011186928264097772,0.010127549260004535,0.25258053426432081
5.1000000000000005,14.251555,0.0036514550725003521,0.088259034215908694,0.013785179027280603,0.0015640913591725703,0.010899578047630133,0.002287398887816794,0.013815666300716865,0.00011408195125326391,0.010173297237760871,0.25308053426432081
5.1200000000000001,13.36004,0.0036525782421923995,0.088220173984684652,0.013819417613019414,0.0015087972910352576,0.010927076346069698,0.0022755105443446194,0.014034196468004552,0.00011631017349297783,0.010218807448647763,0.25358053426432081
5.1399999999999997,9.8928390000000004,0.0036538318136758912,0.088181224333822944,0.013317159778919674,0.00056939003571487845,0.010953124366527301,0.0022609205983868037,0.014253247467074117,0.00011855364448030368,0.010264025860615499,0.25408053426432081
5.1600000000000001,8.7057959999999994,0.0036919202265583654,0.088143958617846935,0.013868209134285325,0.0015436332740330627,0.010977702987736759,0.0022503717277149709,0.014472789911128362,0.00012081205398136114,0.010309033295169799,0.25458053426432081
5.1799999999999997,11.875362000000001,0.0036874627832124878,0.088104745483234395,0.013862268574025505,0.0015135414424951588,0.011002615500803323,0.0022370845761101698,0.014692830477286889,0.00012308546288462583,0.010353774986692002,0.25508053426432081
5.2000000000000002,9.9254130000000007,0.0036831578484802807,0.088065502001558466,0.01386366341634615,0.0014853749826755358,0.01102553840279853,0.0022212362340964919,0.014913329375231946,0.0001253734387694459,0.010398199711373932,0.25558053426432081
5.2199999999999998,8.8513780000000004,0.003679582248492123,0.088026239433113662,0.013903306703562657,0.0014483441623678317,0.0110485674879124,0.0022056478812420167,0.015134288728372025,0.00012767597517518905,0.010442312668998772,0.25608053426432081
5.2400000000000002,8.9058960000000003,0.003677020108648601,0.087986926974218102,0.013923144955121813,0.0014077649103010348,0.011070717566391212,0.0021880825759359969,0.015355690957447187,0.00012999285550664629,0.010486074320517492,0.25658053426432081
5.2599999999999998,9.9061229999999991,0.0036752852980824432,0.087947576716429623,0.01393190874549266,0.0013665902915851458,0.011090360000611333,0.0021727705055581505,0.015577485912272706,0.00013232351876206437,0.010529529730628656,0.25708053426432081
5.2800000000000002,11.927987999999999,0.0036742204544802644,0.087908193440186702,0.013951014485158564,0.0013307091327430243,0.011107934258176163,0.0021550133150463925,0.015799632231611335,0.00013466748930056013,0.010572629996929584,0.25758053426432082
5.2999999999999998,13.863723,0.003673686452095243,0.087868754210751521,0.01395517209945174,0.0013150846792036042,0.011125089121430067,0.002136179756619123,0.016022121528173026,0.00013702462726598061,0.010615353592061966,0.25808053426432082
5.3200000000000003,14.38477,0.0036735416878442189,0.087829305600866922,0.013971979934591539,0.0012832750480298305,0.011143332751716183,0.0021159413883292174,0.016244975576271133,0.00013939510664272913,0.01065767241982855,0.25858053426432082
5.3399999999999999,16.524450999999999,0.0036745210729274198,0.087789805340616769,0.013241468010340873,-6.5011100158329782e-05,0.011118544551336549,0.002095446975991178,0.016467333788600408,0.00014176967728857752,0.010699581359348374,0.25908053426432082
5.3600000000000003,13.689932000000001,0.0037302389236421279,0.087752838758651905,0.014060500400618348,0.0014360919251064086,0.011141446965644546,0.0020722180356224579,0.016690149923738254,0.00014415842540038581,0.010741025720060823,0.25958053426432082
5.3799999999999999,14.973948999999999,0.0037230304253532227,0.087712979533438887,0.014044521021969514,0.0014601496800765723,0.011161565789634415,0.0019818341507743171,0.016913368315035177,0.00014656053641961625,0.01078066240307631,0.26008053426432082
5.4000000000000004,14.972944999999999,0.0037154995805307712,0.087673110316595942,0.01407218616595507,0.0014350401405085478,0.011179781872561729,0.0019683866402418148,0.017136950911679404,0.00014897539977984142,0.010820030135881146,0.26058053426432082
5.4199999999999999,12.678946,0.0037092575839516267,0.087633217701155508,0.014098242372427183,0.00139290882757237,0.011199423696007378,0.0019535970800243028,0.017360926226831871,0.00015140329010473661,0.010859102077481633,0.26108053426432082
5.4400000000000004,11.689933999999999,0.0037044670272407417,0.087593301619626585,0.014119398408502626,0.0013404157372116643,0.011218723607134079,0.0019376916187942509,0.017585287422721536,0.00015384409494465336,0.010897855909857517,0.26158053426432082
5.46,10.292387,0.0037009421158297915,0.087553349697302468,0.014121002787336967,0.0013048536372930464,0.0112368073945641,0.0019200936878941857,0.017810010178479409,0.00015629750351227822,0.010936257783615401,0.26208053426432082
5.4800000000000004,11.831894999999999,0.0036983903430687693,0.087513390339602024,0.014130794017322756,0.001268884850756935,0.011254645390965174,0.0019006518310746446,0.018035089578854219,0.00015876340648385563,0.010974270820236894,0.26258053426432082
5.5,8.3043460000000007,0.0036966465885709837,0.087473409452787351,0.014147503982721132,0.0012426106338851994,0.011271035971894133,0.0018794399938806396,0.018260496677665997,0.00016124142124360378,0.011011859620114507,0.26308053426432082
5.5200000000000005,10.054734,0.0036955597717295676,0.087433397443310912,0.014157918923628166,0.0012199589597776672,0.011287162018794383,0.0018569576582557481,0.018486226185049533,0.00016373141557939825,0.011048998773279622,0.26358053426432082
5.54,10.921139999999999,0.0036961295413729545,0.087393362567938754,0.014197487570813849,0.0012456379382541627,0.011241743746043037,0.0018347657292838758,0.018711047290531045,0.00016621969023256265,0.011085694087865298,0.26408053426432082
5.5600000000000005,13.631491,0.0036960267381088824,0.087353241857957425,0.013439178933981943,-0.00013178506106981125,0.011268068477829449,0.0018116631978699958,0.01893639476730901,0.00016872200880254442,0.011121927351822698,0.26458053426432082
5.5800000000000001,10.770638999999999,0.0037521177933430776,0.087315743474192756,0.014275222773494578,0.0014364302609675139,0.011290442955087503,0.001691524388954261,0.019162189618072367,0.0001712372061283556,0.011155757839601783,0.26508053426432082
5.6000000000000005,9.1643790000000003,0.0037439004340818613,0.087275310098401032,0.014247072758298285,0.0013976549638199387,0.011312843615292827,0.0016887102501005487,0.019388432368929259,0.00017376504123680901,0.011189532044603793,0.26558053426432082
5.6200000000000001,11.314544,0.0037359033018271584,0.087234875939948997,0.014293206445976869,0.0013528397877007325,0.011335135844230841,0.0016878330445186239,0.019615120850887395,0.00017630551174099138,0.011223288705494166,0.26608053426432082
5.6399999999999997,13.609310000000001,0.003729311834037935,0.087194401565962198,0.014285783478043879,0.0013158122712342291,0.011356928528475998,0.0016851771709989552,0.019842245073178399,0.00017885852742286902,0.011256992248914145,0.26658053426432082
5.6600000000000001,15.134656,0.0037241319981037493,0.087153954675782477,0.014320786399963259,0.0012441072816715693,0.011376667835284437,0.001679612281684354,0.020069763970485335,0.00018142363599624783,0.011290584494547833,0.26708053426432082
5.6799999999999997,14.396174999999999,0.0037202810962850955,0.087113459452542882,0.014296265367594541,0.0012139195927025614,0.011395231249331386,0.0016705666120886869,0.020297654026275841,0.00018400056480698666,0.011323995826789607,0.26758053426432082
5.7000000000000002,14.124413000000001,0.0037173465497486813,0.087073004945310326,0.014319780333717391,0.0011688116587167396,0.011413304246584391,0.001659498863715365,0.020525905432828381,0.00018658918158583458,0.011357185804063915,0.26808053426432082
5.7199999999999998,13.312722000000001,0.0037152771319518543,0.087032512588683414,0.014321251429740167,0.0011405121157088693,0.011430419585774371,0.001646508114310792,0.020754499038319982,0.00018918923756461068,0.011390115966350131,0.26858053426432082
5.7400000000000002,12.960046,0.0037137939860577181,0.086992017492767609,0.013825729619949767,0.00020364068427003446,0.011449064905890514,0.001632425143486983,0.020983465440578337,0.0001918010424160932,0.011422764469219871,0.26908053426432083
5.7599999999999998,11.505364999999999,0.0037506515066167002,0.086953269149156714,0.01441483154881229,0.0012245418237284422,0.011403633016530067,0.0016175841855433006,0.021211523179491345,0.00019440989506888654,0.011455116152930737,0.26958053426432083
5.7800000000000002,13.598005000000001,0.0037444709052658651,0.086912468870770296,0.014379235960038206,0.001188211529295824,0.01143134102963601,0.0016055646256238347,0.021440134958000848,0.00019703245508878163,0.011487227445443214,0.27008053426432083
5.7999999999999998,9.5635519999999996,0.003739523029965699,0.086871685044895813,0.014445371312309274,0.0012261996962064092,0.01145396167968535,0.0014936741078310758,0.021669199038195409,0.00019966730394608108,0.011517100927599836,0.27058053426432083
5.8200000000000003,8.6654180000000007,0.0037347479480745504,0.086830830779399737,0.014433181685687524,0.0011733485869640514,0.011478098896045416,0.0015034862286456918,0.021898745751543873,0.00020231458516969237,0.011547170652172751,0.27108053426432083
5.8399999999999999,10.582177,0.0037309995290377247,0.086790005171486176,0.014434410090586658,0.0011198520813673341,0.01149920710836937,0.0015098404137277707,0.022128714521044947,0.00020497366445221767,0.011577367460447305,0.27158053426432083
5.8600000000000003,12.856876,0.0037281120281695466,0.086749177360312443,0.014439868154760394,0.0010659472210949872,0.011521070416677753,0.001512515624702584,0.022359120446859442,0.00020764476309978875,0.011607617772941357,0.27208053426432083
5.8799999999999999,13.576389000000001,0.0037260139997153667,0.086708339302627391,0.014446156533717169,0.0010211499398586898,0.011538730070860438,0.0015123151615578174,0.022589879461000145,0.00021032693611479808,0.011637864076172514,0.27258053426432083
5.9000000000000004,14.410527999999999,0.0037245193577318037,0.086667486814289929,0.014452146117649334,0.00098497052161006238,0.011556548169233559,0.0015068885963966053,0.022820994731827794,0.00021302022878154611,0.011668001848100447,0.27308053426432083
5.9199999999999999,15.935390999999999,0.00372352259030574,0.086626620458795878,0.014459647396058761,0.00095321943805504183,0.011572700458881764,0.0014996021055727533,0.023052432945323956,0.00021572424396365853,0.011697993890211901,0.27358053426432083
5.9400000000000004,13.393243999999999,0.0037237145734875421,0.086585731580159711,0.014494240181581075,0.00095771715378512035,0.011546583190382943,0.001489484057413762,0.023283348768351739,0.00021842905899887273,0.011727783571360176,0.27408053426432083
5.96,13.492829,0.003723479027945651,0.086544771427730968,0.014496320491206527,0.00092765395948113394,0.011571411431884504,0.0014779428456237378,0.023514761041609759,0.00022114655710094936,0.01175734242827265,0.27458053426432083
5.9800000000000004,14.315958,0.0037240941271672952,0.086503798189852599,0.014516949757894082,0.00095707152467428003,0.011590830246941596,0.0013986875419369244,0.023746561585993583,0.00022387528367742989,0.011785316179111389,0.27508053426432083
6,14.624364,0.0037242320045945952,0.086462801434363787,0.014533249592545872,0.00091485952709202678,0.011613727487541305,0.0013990687011491934,0.023978819966877559,0.00022661589877302809,0.011813297553134374,0.27558053426432083
6.0200000000000005,12.961816000000001,0.0037245540336577582,0.086421769671884224,0.014525289660077489,0.00089046443518570051,0.011633329014961865,0.0013967712397329947,0.02421147027417684,0.00022936764398132312,0.011841232977929033,0.27608053426432083
6.04,12.964155,0.0037249080757826769,0.086380728306201374,0.014532810594630852,0.00086033771609206333,0.011651066013171594,0.0013973955792036812,0.024444475219532809,0.00023213009524340633,0.011869180889513107,0.27658053426432083
6.0600000000000005,13.677732000000001,0.0037253790116802358,0.086339660293591719,0.014547414817783988,0.00082906761980439114,0.011667472404544313,0.0013941187747725709,0.024677808192344261,0.00023490294996217234,0.011897063265008558,0.27708053426432083
6.0800000000000001,14.399279,0.0037259715062028355,0.08629855920220586,0.014558525906043451,0.00080417616833461381,0.011682749714059713,0.0013871421456965116,0.024911446612461731,0.00023768593353331707,0.011924806107922488,0.27758053426432083
6.1000000000000005,15.223481,0.0037266702718169258,0.086257429012019479,0.014554821173236698,0.00078689984047053407,0.011696986634846401,0.0013766715073519245,0.025145369673697647,0.00024047877372351258,0.011952339538069527,0.27808053426432083
6.1200000000000001,13.792099,0.0037274170370997423,0.086216288450710818,0.014579818016801194,0.00076552632141435595,0.011710411490765573,0.0013635948141038625,0.025379561136210767,0.00024328123678078983,0.011979611434351604,0.27858053426432083
6.1400000000000006,12.027533,0.0037282338993131275,0.086175096207281796,0.01457711674239881,0.00075489020000918394,0.011725328150924193,0.0013487076850965873,0.025614050834374607,0.00024609362967164974,0.012006585588053537,0.27908053426432083
6.1600000000000001,12.009688000000001,0.0037290852066874463,0.086133892615604002,0.014597278130588087,0.00073942848492336566,0.011738919885055946,0.0013324489716767063,0.025848812272095279,0.00024891557694741297,0.012033234567487072,0.27958053426432083
6.1799999999999997,14.117661999999999,0.0037299768043137687,0.086092643126600157,0.014611488562039421,0.00072423523448494898,0.011752841195775602,0.0013175544227831497,0.02608385204096441,0.00025174709936349738,0.012059585655942735,0.28008053426432084
6.2000000000000002,14.453941,0.0037309192045317493,0.086051362390783523,0.014620289266139785,0.00070895536315163099,0.01176670387429414,0.0013014120816902044,0.026319168968962397,0.00025458812448151422,0.012085613897576539,0.28058053426432084
6.2199999999999998,14.437056999999999,0.0037318815529000637,0.086010053558035163,0.014636452493858032,0.00069363503752306599,0.011778523651442267,0.001288447173252015,0.026554722201545047,0.00025743810393713513,0.012111382841041581,0.28108053426432084
6.2400000000000002,13.907349,0.0037329023089931056,0.085968706553979729,0.014130917195435133,-0.00020745542965472374,0.01178977532546561,0.0012732239602739918,0.026790500377984677,0.00026029684575595662,0.012136847320247061,0.28158053426432084
6.2599999999999998,10.337636,0.0037704013200886618,0.085929156961963571,0.014694686634298626,0.00077504403240258313,0.011801096932831276,0.001257188008207289,0.027026504897446752,0.00026316430468445765,0.012161991080411206,0.28208053426432084
6.2800000000000002,9.8477239999999995,0.0037657541292373804,0.085887548083136755,0.01467584553030199,0.00076834220881849546,0.011812194902832912,0.0012399723213269551,0.027262731288181487,0.00026604035917702704,0.012186790526837745,0.28258053426432084
6.2999999999999998,9.4869120000000002,0.0037612784688741299,0.085845948116593435,0.014695339518276729,0.00075569064338543157,0.011821876243413713,0.0012215685028748526,0.027499151220453835,0.00026892459047386292,0.012211221896895242,0.28308053426432084
6.3200000000000003,10.306753,0.0037576207828289936,0.085804326950543408,0.014721288232864671,0.00073099925217157136,0.011832637520816593,0.0012025182606808719,0.027735786292210525,0.00027181718348367849,0.012235272262108859,0.28358053426432084
6.3399999999999999,11.927391,0.0037549315307347265,0.085762679205317743,0.01473876537676122,0.00070840729249632695,0.011842098245113421,0.0011834191388787507,0.027972610495180225,0.00027471773972936994,0.012258940644886434,0.28408053426432084
6.3600000000000003,9.685397,0.0037530389290252159,0.085721013605318197,0.014741294155420026,0.00068733104450546811,0.011852264349665955,0.0011639749040244433,0.02820963793678162,0.00027762634998895112,0.012282220142966923,0.28458053426432084
6.3799999999999999,10.414736,0.0037517378473581548,0.085679341200794984,0.014754088586067526,0.00066887073557198029,0.011862576924977995,0.0011449920269252871,0.02844687154708158,0.00028054296865709952,0.012305119983505428,0.28508053426432084
6.4000000000000004,11.437521,0.0037509437861341964,0.085637648735696806,0.014770228893042026,0.00065320570208582396,0.011872577499010127,0.0011260885578071196,0.028684305087392239,0.00028346743844625291,0.01232764175466157,0.28558053426432084
6.4199999999999999,11.862238,0.0037505585971859155,0.085595930715931592,0.014778927672289832,0.00064047164963243475,0.011882901337796377,0.0011072790534070467,0.028921945023388032,0.00028639975859181611,0.012349787335729711,0.28608053426432084
6.4400000000000004,10.451699,0.0037512832915550876,0.085554193821443525,0.014812825681757569,0.00065527317947422503,0.011850718538797943,0.0010885512002480884,0.029158941288128053,0.00028932934108787995,0.012371558359734672,0.28658053426432084
6.46,8.3650179999999992,0.0037515337290853481,0.085512384733204883,0.014817651667067722,0.00064556504600110642,0.011868011247513369,0.0010698968421253598,0.029396283317240767,0.00029226832137045167,0.01239295629657718,0.28708053426432084
6.4800000000000004,8.7590129999999995,0.0037525367839190819,0.085470565490719921,0.014836615360820926,0.00068626532067073143,0.011882024514987296,0.00098659565365349098,0.029633905529656529,0.00029521565856561267,0.01241268820965025,0.28758053426432084
6.5,8.7277170000000002,0.0037531100578262577,0.085428726508865266,0.014848499337277721,0.00066492034099252528,0.011896231962508648,0.00098038293785903839,0.029871811811078848,0.00029817119948553894,0.01243229586840743,0.28808053426432084
6.5200000000000005,11.05949,0.0037537459189715119,0.085386859951763691,0.014855319706296388,0.00064218801603743714,0.011911143633979986,0.00097407627935227194,0.030110016245036706,0.00030113510072166339,0.012451777393994477,0.28858053426432084
6.54,11.080857999999999,0.0037544248256333877,0.085344971304912212,0.01486513434984027,0.00062080219064264419,0.011925993957502925,0.00096724696483869641,0.0303485176048208,0.00030410732731072564,0.01247112233329125,0.28908053426432084
6.5600000000000005,11.029104,0.0037551749808396855,0.085303055212227294,0.01487781502150054,0.00060369558297757031,0.011939562796202971,0.0009590486364441747,0.030587290262945113,0.00030708753502809111,0.012490303306020134,0.28958053426432084
6.5800000000000001,11.862762999999999,0.0037559872289727111,0.085261109443806327,0.014887165777057509,0.00058674625200660913,0.011952820776985694,0.00094972187731452132,0.030826328003041595,0.00031007561472299933,0.012509297743566425,0.29008053426432084
6.6000000000000005,9.126557,0.0037568365401696707,0.085219139374924924,0.014892804165239859,0.00057110347333200195,0.011966073545953264,0.00093944929988595577,0.031065630721255674,0.0003130715283095143,0.012528086729564144,0.29058053426432084
6.6200000000000001,11.523717,0.0037577124169483715,0.08517714846076839,0.01490798910130875,0.00055506537804506095,0.01197871116060573,0.00092848226978680672,0.031305186115895174,0.00031607508067291998,0.012546656374959881,0.29108053426432084
6.6400000000000006,10.073694,0.0037586000831208587,0.085135125820767835,0.014916113755252813,0.00053955622851087348,0.011992862514511277,0.00091706924516460179,0.031545024459830741,0.00031908660769970653,0.012564997759863172,0.29158053426432085
6.6600000000000001,10.804491000000001,0.0037595153536158711,0.085093080896943368,0.014937987545069364,0.00051847702260943151,0.012005990915286353,0.00090545277414070125,0.031785125296099614,0.00032210580728957893,0.012583106815345985,0.29208053426432085
6.6799999999999997,11.950639000000001,0.0037604486261230896,0.085050991751612431,0.01494046294104312,0.00050683790060968015,0.012019358712560295,0.00089565760404946681,0.032025493412700196,0.00032513269783408869,0.012601019967426975,0.29258053426432085
6.7000000000000002,9.8890180000000001,0.0037613758093727342,0.085008888880771294,0.014954755890102644,0.0004875394429808555,0.012032361119838478,0.00088577702067878402,0.032266121502811398,0.00032816714946739292,0.012618735507840552,0.29308053426432085
6.7199999999999998,9.8011289999999995,0.0037622951489087661,0.084966749580119655,0.014966601112261446,0.00046984387036164144,0.012044619379518352,0.0008794993752132646,0.032506994684966158,0.00033120894459978743,0.012636325495344818,0.29358053426432085
6.7400000000000002,10.597628,0.0037632405855589049,0.08492458359127146,0.014978782183091122,0.00045191418367762637,0.012056453736856565,0.00087206207244796522,0.032748104482029271,0.00033425795161363817,0.012653766736793777,0.29408053426432085
6.7599999999999998,11.890845000000001,0.0037642024342587443,0.084882388285084376,0.014990613891610827,0.00043543302108517423,0.012068141807785737,0.00086343761218155045,0.032989447968819169,0.00033731410298854582,0.012671035489037408,0.29458053426432085
6.7800000000000002,14.742713,0.0037651854359239535,0.084840164538884225,0.014970461794545864,0.0004298885791882423,0.01207942509000573,0.00085379998441142014,0.033231017050596431,0.00034037726007154698,0.012688111488725637,0.29508053426432085
6.7999999999999998,10.706156999999999,0.0037661128855433338,0.084797956368521291,0.015033569679310355,0.00040192802134542127,0.012090039624989574,0.00084352636593114621,0.033472798353936156,0.00034344721265616376,0.01270498201604426,0.29558053426432085
6.8200000000000003,9.7561990000000005,0.0037671901291912776,0.084755644094816687,0.015029855241673884,0.00039627058373836732,0.012100835613302387,0.00083266875531688809,0.033714795508100644,0.00034652396294745761,0.012721635391150598,0.29608053426432085
6.8399999999999999,9.8140970000000003,0.0037682499201699355,0.084713326243125289,0.015034790164741185,0.00038140831576938261,0.012111215672348467,0.00082135980696905334,0.033957000195702067,0.00034960735860068852,0.01273806258728998,0.29658053426432085
6.8600000000000003,10.4809,0.003769275519052641,0.084670988878577366,0.015050062705577516,0.00036750250397132866,0.012122349413413908,0.000809599385226063,0.034199427489715516,0.00035269754268485811,0.012754254574994501,0.29708053426432085
6.8799999999999999,9.0455020000000008,0.0037703320924636569,0.084628622988459093,0.015061897636815091,0.00035733087442824107,0.012132569924859032,0.00079745489100863294,0.034442059127619253,0.00035579423136618488,0.012770203672814675,0.29758053426432085
6.9000000000000004,9.1179900000000007,0.003771401059332938,0.084586232969873595,0.01507789069464005,0.00034175090763399751,0.01214293822140833,0.00078454383042445182,0.034684898065505065,0.00035889740813647671,0.012785894549423164,0.29808053426432085
6.9199999999999999,11.490461,0.0037724828579489078,0.084543802427034687,0.015089154221592849,0.00033204018782040379,0.012153238686680298,0.00077160473399974906,0.034927942947517665,0.00036200699937197445,0.01280132664410316,0.29858053426432085
6.9400000000000004,10.18158,0.0037735785037833407,0.084501345217254498,0.015105272192150521,0.00031870577088133345,0.012163505672934465,0.00075807978529171516,0.035171193104815354,0.00036512293853265524,0.012816488239808995,0.29908053426432085
6.96,10.50309,0.0037746907582361681,0.084458850752161821,0.015119418715792698,0.00030957800013697856,0.012173713876960906,0.00074412340767346439,0.035414647362570904,0.00036824514991862304,0.012831370707962465,0.29958053426432085
6.9800000000000004,11.546445,0.0037758702994293938,0.084416328115281311,0.015132685247363331,0.00029965417562705099,0.012181245403839301,0.00072974597513524389,0.035658252192406113,0.00037137288334437824,0.012845965627465169,0.30008053426432085
7,10.713308,0.0037769768966373083,0.08437377392021457,0.014624270431446096,-0.00058833690434045849,0.012193198849381252,0.00071508013689496291,0.035902096026189288,0.00037450720913193947,0.012860267230203068,0.30058053426432085
7.0200000000000005,8.6107460000000007,0.0038143467205349617,0.084333084780952791,0.01518763992875527,0.00039512604641300797,0.012203649097113618,0.00070094331476731138,0.036146148803217974,0.00037764767705542371,0.012874286096498414,0.30108053426432085
7.04,9.9209720000000008,0.0038097479822645315,0.084290286163880082,0.014665759340870999,-0.00050803894330098132,0.012213456411167362,0.00068566406072935449,0.036390397666685871,0.00038079405555078663,0.012887999377713,0.30158053426432085
7.0600000000000005,8.7005330000000001,0.003842274366311388,0.084249384696425247,0.015232737607409841,0.00047543477195777228,0.012223533299317513,0.00067094463704024903,0.036634848008455283,0.00038394634624593966,0.012901418270453805,0.30208053426432085
7.0800000000000001,10.541036,0.0038327855396086351,0.084206363683987831,0.0152356895068817,0.0004485281296517929,0.012233570729357027,0.00065607686863016282,0.036879499040248662,0.00038710447203619527,0.012914539807826407,0.30258053426432086
7.1000000000000005,10.571522,0.0038244289590011723,0.084163350749887872,0.015271777031850675,0.0004110624174451516,0.012243913768997569,0.00064114008398383671,0.037124356874578962,0.00039026844424468361,0.012927362609506084,0.30308053426432086
7.1200000000000001,11.091132999999999,0.003817753599939808,0.084120326526700026,0.015244841264260622,0.00039798620919628824,0.012254143790372325,0.00062641150364673424,0.037369419252099696,0.00039343816630406549,0.012939890839579018,0.30358053426432086
7.1400000000000006,10.239374,0.003812485039221194,0.084077368074527578,0.015261240585254132,0.00034647848509483659,0.012264670358833061,0.00061148272568516777,0.03761469210409088,0.00039661364744040059,0.012952120494092721,0.30408053426432086
7.1600000000000001,11.583542,0.0038084830747452951,0.084034393983810379,0.015273661553147688,0.00031347869937681239,0.012275302014311429,0.000596795316798347,0.037860177532953503,0.00039979484739605131,0.012964056400428688,0.30458053426432086
7.1799999999999997,12.00254,0.0038055139585040799,0.083991419194799785,0.01450332350354433,-0.0010265733765641993,0.012285956030433852,0.00058206915109426855,0.03810587598669779,0.00040298170484008735,0.012975697783450573,0.30508053426432086
7.2000000000000002,9.7588089999999994,0.0038584788691535519,0.083951300004328877,0.015362863688576534,0.00045777652636425081,0.012253834083357515,0.00056761404072326149,0.03835093201897543,0.00040616304753184279,0.012987050064265038,0.30558053426432086
7.2199999999999998,10.298171,0.0038484116795903249,0.083907981708094839,0.015345723165044234,0.00042113437731861048,0.01227114873365037,0.00055335456071003259,0.03859633427935371,0.00040935163633882518,0.012998117155479239,0.30608053426432086
7.2400000000000002,10.422094,0.0038404588952947556,0.083864682450237024,0.015398232818768953,0.00047969594839081253,0.012243914944461001,0.00047512539055883648,0.038841191877185995,0.00041253566691071692,0.013007619663290415,0.30658053426432086
7.2599999999999998,9.7491679999999992,0.0038329232487017777,0.083821364503961937,0.01538738119843619,0.0004403024594037408,0.012265923697980253,0.00047373203842348145,0.03908648958260072,0.00041572774838548782,0.013017094304058886,0.30708053426432086
7.2800000000000002,12.886635,0.0038274749563989535,0.08377809757321511,0.015431000125643579,0.00041629971808343491,0.012285967954115419,0.00040644089507953988,0.039332188111048133,0.00041892720874544555,0.013025223121960477,0.30758053426432086
7.2999999999999998,13.689092,0.0038228631586087638,0.083734811137080992,0.015412162148476849,0.00036992595974405518,0.012306962956626033,0.00041528968808704936,0.039578306477604935,0.00042213415896609371,0.013033528915722218,0.30808053426432086
7.3200000000000003,16.383683999999999,0.0038192991457830666,0.08369157219849617,0.014638666953264878,-0.00099186013536933793,0.012323643271076315,0.00042160904297406136,0.039824758395249939,0.00042534751829862311,0.013041961096581699,0.30858053426432086
7.3399999999999999,13.876771,0.0038708813507464528,0.083651208005749822,0.015478375654294996,0.00044082832794756222,0.01233999648962327,0.00042478860460468598,0.040071537322225882,0.00042856723042336412,0.013050456868673793,0.30908053426432086
7.3600000000000003,13.262228,0.0038602156105459564,0.083607671376274506,0.015439070125012999,0.00038612737405285813,0.012355729043937697,0.00042681028598970909,0.040318630846048177,0.00043179315168131126,0.013058993074393586,0.30958053426432086
7.3799999999999999,11.780352000000001,0.0038515381888347875,0.083564167095313155,0.015519066560706452,0.00038491661002049149,0.012306689598642234,0.00042493997320246235,0.040564743637162601,0.00043500836563997313,0.013067491873857636,0.31008053426432086
7.4000000000000004,9.9279449999999994,0.0038435986468348731,0.083520585511689227,0.015496584538348901,0.00034972060507310054,0.012333079279538405,0.00042077777299818862,0.04081138414960328,0.0004382325599812475,0.0130759074293176,0.31058053426432086
7.4199999999999999,10.060290999999999,0.0038380815857934425,0.083477077178707462,0.015492657143458599,0.00037088471654933564,0.012355416939520724,0.00031897453514473286,0.041058471353174926,0.00044146442181323964,0.013082286920020494,0.31108053426432086
7.4400000000000004,10.160752,0.0038330187161231002,0.083433627414620709,0.015480957441142862,0.00032096398522574177,0.012379822590945704,0.0003321041252916964,0.041306046606937909,0.00044470427945066668,0.013088929002526327,0.31158053426432086
7.46,10.636639000000001,0.0038290597470403013,0.083390216980470708,0.015514043760389895,0.00023205447705110238,0.012400891055132859,0.00034172033331656294,0.041554043172035218,0.00044795132186557524,0.013095763409192659,0.31208053426432086
7.4800000000000004,12.721287999999999,0.003825957361819956,0.083346763676595645,0.015516664630914501,0.00017658255935826261,0.012423425413768755,0.00035500265575226096,0.041802490363009731,0.00045120599565318673,0.013102863462307704,0.31258053426432086
7.5,9.9320970000000006,0.0038236086167318028,0.083303313741011076,0.015528695992475083,0.0001229753983864601,0.012442155045904325,0.00036456085132932132,0.042051312091027672,0.00045446736663734295,0.013110154679334291,0.31308053426432086
7.5200000000000005,14.08887,0.0038230543285519818,0.083259857942198631,0.015562791599927461,0.00012901291339395549,0.012395553187280091,0.00037175658849643127,0.042299201837994106,0.00045771834747310543,0.013117589811104219,0.31358053426432086
7.54,10.88775,0.0038218932630731568,0.083216340266225208,0.015562054496594757,8.4996850249652312e-05,0.012422509181935038,0.00037510587889922167,0.042547630634157008,0.00046097825347715942,0.013125091928682204,0.31408053426432087
7.5600000000000005,12.915884999999999,0.0038219259980473473,0.083172828893581144,0.015574933555325909,0.0001293195819529469,0.012443538071320596,0.00027874778871206217,0.042796479950546369,0.00046424530497782724,0.013130666884456445,0.31458053426432087
7.5800000000000001,9.0854320000000008,0.0038213283258337555,0.083129324624481638,0.015574897910734409,8.1034639354049531e-05,0.012469021048630685,0.00029320125321910875,0.043045838863836679,0.00046752047324134479,0.013136530909520827,0.31508053426432087
7.6000000000000005,10.455204999999999,0.0038209700585214298,0.083085819627451152,0.015573936582096715,4.2385116223897512e-05,0.012490104724170592,0.0003027376126619577,0.043295619394715337,0.00047080266797572902,0.013142585661774066,0.31558053426432087
7.6200000000000001,10.069217,0.003820769916212309,0.0830423134664518,0.015594121887796852,-6.1267265900610823e-06,0.0125087523108186,0.00031157811922799208,0.043545772824934874,0.00047409129972207723,0.013148817224158626,0.31608053426432087
7.6400000000000006,12.819941999999999,0.0038207878906357977,0.082998774556106353,0.015089075365694593,-0.00090735211143222472,0.012524570456796055,0.0003172840826636082,0.043796242570027032,0.00047738566527075329,0.013155162905811897,0.31658053426432087
7.6600000000000001,9.9284239999999997,0.0038569858265180509,0.082957155825062412,0.015619215170232459,6.7691131232727741e-05,0.012541516866559724,0.00032417290065321435,0.044047051192836167,0.00048068609710067291,0.013161646363824962,0.31708053426432087
7.6799999999999997,10.887468999999999,0.0038514081641854506,0.08291343240452094,0.015610759506072158,1.2665020876267974e-05,0.012556979187064563,0.00032697567330528541,0.044298169013761234,0.00048399223315274373,0.013168185877291069,0.31758053426432087
7.7000000000000002,15.541884,0.0038461560720473502,0.082869694181690629,0.014827913705183771,-0.0013325045032872573,0.012571878205824984,0.00032310407398355648,0.04454958476771631,0.00048730392638111279,0.013174647958770739,0.31808053426432087
7.7199999999999998,12.509455000000001,0.0038962297864932431,0.08282889196696297,0.015702614474103593,0.00010855225994665929,0.012588080439378169,0.00031542620741681045,0.044801324517055666,0.00049062149504813281,0.013180956482919075,0.31858053426432087
7.7400000000000002,9.6652780000000007,0.0038842862581842412,0.08278484100600704,0.01566928199399209,6.965591532237525e-05,0.012602597725679449,0.00030432074535370764,0.045053354566322409,0.00049394445167158421,0.01318704289782615,0.31908053426432087
7.7599999999999998,10.734064,0.0038733969037332708,0.0827408408070157,0.015696678947140996,3.4200017732466392e-05,0.012616716002640419,0.00029436372531850709,0.045305666936667814,0.00049727264144941116,0.01319293017233252,0.31958053426432087
7.7800000000000002,10.801149000000001,0.0038645471037337701,0.082696860949994219,0.015694542497369013,-5.2018311254009575e-06,0.012629415819486475,0.00028182501376679779,0.045558233262055707,0.00050060563659714132,0.013198566672607857,0.32008053426432087
7.7999999999999998,10.027886000000001,0.0038575306509112863,0.082652927629400352,0.015694416415081736,-5.917247217590571e-05,0.012640763456396423,0.00027332320436640023,0.045811026501899117,0.00050394302984641394,0.013204033136695185,0.32058053426432087
7.8200000000000003,11.369655,0.0038520822481541818,0.082609031448059603,0.015735196005460028,-0.00012017097168004476,0.012652629248753608,0.00026183512723948303,0.046064057019030213,0.00050728490999630269,0.013209269839239975,0.32108053426432087
7.8399999999999999,10.394926,0.0038487945230441245,0.082565110607397574,0.0157544043469805,-0.00011770148155099136,0.012621873899679269,0.00024825496230562256,0.046316472465812733,0.00051061995442502331,0.013214234938486088,0.32158053426432087
7.8600000000000003,10.149589000000001,0.0038458411252663182,0.082521168952197646,0.01574547378860669,-0.00014122207128197672,0.012637692134397242,0.00023199540415550591,0.046569204233639673,0.00051396039220943555,0.013218874846569197,0.32208053426432087
7.8799999999999999,11.690227999999999,0.0038441887761110358,0.082477261569829569,0.015754411869293272,-0.00010203908273487272,0.012651230731172625,0.00015092662804785137,0.04682220673694678,0.00051730537736416392,0.013221893379130155,0.32258053426432087
7.9000000000000004,10.815524999999999,0.0038438179956432712,0.082433372741734651,0.015286840688524039,-0.00095728245577886284,0.01259919122811933,0.00014625937498457102,0.047074168531244333,0.00052063735207051609,0.013224818566629847,0.32308053426432087
7.9199999999999999,11.586489,0.0038788639810259464,0.0823913453171463,0.01586643211640415,-1.8835104954595394e-05,0.01262412534215172,0.0001378691030238027,0.04732662895473725,0.00052397663814998132,0.013227575948690323,0.32358053426432087
7.9400000000000004,10.836589,0.0038733998496171488,0.082347134105282202,0.015802991682151935,5.9255000139257774e-05,0.012643825068591345,3.1733200898504351e-05,0.047579483332625572,0.00052732156397372924,0.013228210612708293,0.32408053426432087
7.96,10.766311999999999,0.0038673987210938706,0.082303021808710908,0.015307192778422851,-0.00087306718576862785,0.012663797154601388,3.7643024906992232e-05,0.047832737114963705,0.00053067194911375192,0.013228963473206432,0.32458053426432087
7.9800000000000004,10.157851000000001,0.0038987366674528446,0.082260861574682473,0.015879968146348844,7.5926741730070191e-05,0.012681591522663451,4.0334615556329281e-05,0.048086346750907887,0.00053402723976221276,0.013229770165517558,0.32508053426432082
8,10.585171000000001,0.0034260567911535865,0.082216532066515233,0.015071237380911873,-0.0016663260694584903,0.012697591436887291,4.0264313569145014e-05,0.048340276354426698,0.00053738696832641899,0.013230575451788941,0.32508053426432082
8.0199999999999996,9.7364259999999998,0.0030389004421314406,0.082176067800486571,0.014161453119413636,-0.0032139840435394529,0.012715332507127025,3.7319733360498169e-05,0.048594560745686903,0.0005407515883863028,0.013231321846456151,0.32508053426432082
8.0400000000000009,11.557499999999999,0.0027214786985930305,0.082139143732063366,0.013268138744602087,-0.0043899711686943288,0.012732870565009024,3.0619527360321352e-05,0.048849195865114312,0.00054412102221086656,0.013231934237003357,0.32508053426432082
8.0600000000000005,10.96162,0.0024566302170345605,0.082105317579242873,0.012385660987410008,-0.0055484125627971448,0.012747917592998268,1.9889434553613863e-05,0.049104131897054246,0.00054749456661833454,0.013232332025694429,0.32508053426432082
8.0800000000000001,11.654500000000001,0.002240611572632948,0.082074524450664987,0.011606383124446618,-0.0063115293907556325,0.01276218920056049,1.002319059710366e-05,0.049359353335147474,0.0005508719641352459,0.013232532489506371,0.32508053426432082
8.0999999999999996,9.8740620000000003,0.0020582142287578118,0.082046176799851711,0.010848274220694898,-0.0070144136036836002,0.012736672739475981,-9.3309776006239068e-07,0.049614064488390584,0.00055424263210584969,0.01323251382755117,0.32508053426432082
8.120000000000001,17.137328,0.0019046865043503335,0.082020154957660407,0.010140624271386067,-0.0075294522701037092,0.012761261356758554,-8.3287891953369587e-06,0.049869267371238181,0.00055761978363889821,0.013232347251767263,0.32508053426432082
8.1400000000000006,8.6365949999999998,0.001771196092395619,0.081996092605716622,0.0094276501659672496,-0.0080635054749240709,0.012778180323591555,-7.7738746572783094e-05,0.050124808606708614,0.0005610011926843047,0.013230792476835809,0.32508053426432082
8.1600000000000001,9.4255720000000007,0.0016583344794582893,0.081974076109063487,0.0088003405257920386,-0.0083801483221108697,0.012752730131806939,-7.4163506588817581e-05,0.050379840888025398,0.00056437547960663727,0.013229309206704032,0.32508053426432082
8.1799999999999997,10.764089,0.0015576809874412118,0.081953660135621928,0.0081662199275243097,-0.0087239529886675715,0.01277681921919451,-6.5110606151051151e-05,0.050635354913634537,0.00056775578447515538,0.013228006994581012,0.32508053426432082
8.1999999999999993,9.5343429999999998,0.0014687391679688261,0.081934792302396461,0.0075625795778572202,-0.009011602373307559,0.012732148915778776,-0.00012475110963714893,0.050889975617741091,0.00057112378769771921,0.013225511972388269,0.32508053426432082
8.2200000000000006,10.19256,0.0013914025705429739,0.081917465115241381,0.0070339279210100969,-0.0091595721251354068,0.012617323306676347,-0.00011125810668855989,0.05114230001842323,0.0005744608208828432,0.013223286810254498,0.32508053426432082
8.2400000000000002,9.2845720000000007,0.0013222398336912239,0.081901329467579817,0.0065307173000481722,-0.0091572007778484288,0.01244072745516173,-0.00022591600788081807,0.051391092822002486,0.00057775030908302006,0.013218768490096882,0.32508053426432082
8.2599999999999998,12.171290000000001,0.0012608876551090441,0.081886354727108396,0.0061435513886475279,-0.0089683215958133999,0.012209443591038807,-0.00044634520728437636,0.05163526037426467,0.00058097700141388734,0.013209841585951194,0.32508053426432082
8.2799999999999994,15.535525,0.0012049630085548986,0.081872270282753831,0.0057983111602248893,-0.0086722182752323462,0.011937420873905018,-0.00073865407878042169,0.051873987984545129,0.00058412897509351673,0.013195068504375585,0.32508053426432082
8.3000000000000007,17.932048000000002,0.0011540267805416823,0.081859008515444004,0.0055007155972259802,-0.0082751867432266923,0.011630480483205443,-0.0010969825239810743,0.052106577378347625,0.00058719563429789068,0.013173128853895964,0.32508053426432082
8.3200000000000003,11.466851999999999,0.0011073378143073253,0.081846473321675051,0.0051743438864945146,-0.0077906790036510465,0.011296262753540452,-0.0014882426210096758,0.052332483075413529,0.000590168328694839,0.01314336400147577,0.32508053426432082
8.3399999999999999,15.381086,0.0010652384559996487,0.081834743568679771,0.0049632600755046274,-0.0072610155974031088,0.010937065816832044,-0.001905936195325171,0.052551205553212105,0.00059303907395298052,0.013105245277569268,0.32508053426432082
8.3599999999999994,13.3285,0.0010259555080507411,0.081823520453914458,0.0047815515207325632,-0.0066940354917761624,0.010562421631460065,-0.0023346553712355485,0.052762435909985368,0.00059580252573158737,0.013058552170144557,0.32508053426432082
8.3800000000000008,8.8917660000000005,0.00098935755544484524,0.081812759864362469,0.0046209134765933246,-0.0060585241221908781,0.01017332024334984,-0.002775087132371202,0.052965885040617687,0.00059845378099159668,0.013003050427497134,0.32508053426432082
8.4000000000000004,12.587422,0.00095546445617811053,0.081802465180423958,0.0044945382489604002,-0.0054391688434543006,0.0097737116145381175,-0.0032106011628308551,0.053161342829318892,0.00060098919529668064,0.012938838404240517,0.32508053426432082
8.4199999999999999,12.035458,0.00092358639571765548,0.08179249232830936,0.0044007421498613031,-0.0047810249313158248,0.0093708009195321833,-0.0036434951659201475,0.053348743248164847,0.00060340724528852108,0.012865968500922115,0.32508053426432082
8.4399999999999995,12.739642999999999,0.00089363546939275084,0.081782792646875685,0.004269603021969659,-0.0041270334780956208,0.008967006285340336,-0.0040698332313161695,0.053528068624464444,0.00060570726779739334,0.012784571836295791,0.32508053426432082
8.4600000000000009,13.401526,0.00086522670842072331,0.081773400503246801,0.0042098889912692838,-0.0034951440618953278,0.0085719360552543641,-0.0044798277263298006,0.053699493433348587,0.00060789129920368781,0.012694975281769195,0.32508053426432082
8.4800000000000004,12.990962,0.0008383710131565907,0.081764209056741269,0.0041398150851242876,-0.0028503786212572546,0.0081881548668955063,-0.0048635354730461964,0.053863243435552023,0.00060996224779799287,0.012597704572308271,0.32508053426432082
8.5,13.719692999999999,0.00081283545951937907,0.081755209747095658,0.0040625270608903863,-0.0023197406338120174,0.0078184393766980095,-0.005209004203588532,0.054019599917614569,0.00061192393887078971,0.0124935244882365,0.32508053426432082
8.5199999999999996,12.221674,0.00078799462460221812,0.081746384273785305,0.0039795942620176605,-0.0017490356865499379,0.0074590186716754804,-0.0055108354987816743,0.0541687687510361,0.00061377945858773198,0.012383307778260867,0.32508053426432082
8.5400000000000009,12.172874,0.00076480562302407864,0.081737803252270036,0.0039392172069427911,-0.0012835802170931832,0.0071183182016461323,-0.0057644347667264624,0.054311124300916051,0.00061553417404387756,0.012268019082926337,0.32508053426432082
8.5600000000000005,12.802534,0.00074245768237891083,0.081729346495077959,0.003846356973917775,-0.00082918772198770085,0.0067968708225114114,-0.0059664828784772228,0.054447051587169823,0.00061719370495574757,0.012148689425356792,0.32508053426432082
8.5800000000000001,12.131405000000001,0.00072087514090545663,0.081721068993352741,0.0037531456734501978,-0.00040504372392513588,0.0064944746855733378,-0.0061169641078278152,0.054576931592041016,0.0006187637085483871,0.012026350143200236,0.32508053426432082
8.5999999999999996,15.163237000000001,0.00069986108781911198,0.081712945284807492,0.0036760047627777404,-8.9489816445853521e-05,0.0062120304096342375,-0.006216436456469028,0.054701163308331267,0.00062025011080442827,0.011902021414070856,0.32508053426432082
8.620000000000001,12.676631,0.00067946324918060448,0.081704971034661261,0.0035902129057860943,0.00018011577329346551,0.0059502101938692176,-0.0062631418045610062,0.054820159171827691,0.00062165901507013773,0.011776758577979636,0.32508053426432082
8.6400000000000006,13.052235,0.00065959193065218277,0.081697141724811101,0.003484587350968682,0.00042997868847605147,0.0057038827831571879,-0.0062616213912768774,0.054934229000647851,0.00062299530640741072,0.011651526150154098,0.32508053426432082
8.6600000000000001,12.767085,0.00064010280732226571,0.081689467169762109,0.0034025460537648877,0.00058586514389347144,0.005477354178993663,-0.0062121128729865369,0.055043768727439664,0.000624264863507541,0.011527283892694367,0.32508053426432082
8.6799999999999997,15.769335999999999,0.00062108072912774655,0.081681931447799241,0.0033114569839446384,0.0006856621836808241,0.0052677894289132358,-0.0061179761073279527,0.055149117590449707,0.00062547285748037031,0.011404924370547808,0.32508053426432082
8.7000000000000011,13.209967000000001,0.00060250207706651494,0.08167454639510538,0.0032063231890274713,0.00076897536806641575,0.0050728958822465718,-0.0059836683769325695,0.055250568978788911,0.00062662388176061535,0.011285251003009157,0.32508053426432082
8.7200000000000006,12.448563,0.00058431669580151144,0.081667305510662438,0.0031088900352519433,0.00078350773729218837,0.0048907394965279696,-0.005810807522200959,0.055348377604068792,0.0006277220393170489,0.011169034852565138,0.32508053426432082
8.7400000000000002,12.155818,0.0005665113216366224,0.08166021459832204,0.0030015057915984134,0.00076976731650701957,0.0047235342666825733,-0.0056101873968358532,0.055442842456026167,0.00062877186410287506,0.01105683110462842,0.32508053426432082
8.7599999999999998,12.599227000000001,0.00054909370726979423,0.081653275924642901,0.0028891494880698421,0.00073123838192246104,0.0045654756973095281,-0.0053806487028735927,0.055534146442764172,0.00062977652466056171,0.010949218130570948,0.32508053426432082
8.7799999999999994,12.048078,0.00053207401694417979,0.081646480917526548,0.0027846196422306457,0.00064636705115295179,0.0044156179201066655,-0.00513172300926968,0.055622453557042963,0.00063073892494066143,0.010846583670385554,0.32508053426432082
8.8000000000000007,12.020151,0.00051542964928318025,0.081639836935092108,0.0026812098455759603,0.0005427181871560105,0.0042744570347958682,-0.0048654533955748581,0.055707937713972429,0.00063166201268564156,0.010749274602474056,0.32508053426432082
8.8200000000000003,12.551186,0.0004991730550070008,0.081633318533909413,0.0025659372409975179,0.00040526002065566225,0.0041404113882606295,-0.0045851545348589854,0.055790741198392446,0.00063254832725661539,0.010657571511776877,0.32508053426432082
8.8399999999999999,9.4405619999999999,0.00048331289191072053,0.081626952712355788,0.0024440707393565964,0.00026071791686366197,0.0040111405321313709,-0.0042996537308616599,0.055870959489757482,0.00063339984230471381,0.010571578437159643,0.32508053426432082
8.8599999999999994,8.0899719999999995,0.00046782966270326131,0.081620752507038152,0.0023258515914241773,0.00015519792651375042,0.0038881004656460389,-0.0040126393577158935,0.055948717186760408,0.00063421877403825415,0.010491325650005325,0.32508053426432082
8.8800000000000008,18.559273000000001,0.00045279027895133014,0.081614717654795915,0.0022266804805293194,4.6061990752743753e-06,0.0037699242400521305,-0.0037256502464119439,0.05602411155154069,0.00063500698065493781,0.010416812645077086,0.32508053426432082
8.9000000000000004,12.256947,0.0004381692341976035,0.081608826173483751,0.002116414755692575,-0.00012685412297508414,0.0036549720359738865,-0.0034455508436819042,0.056097207052479135,0.00063576591152018924,0.010347901628203449,0.32508053426432082
8.9199999999999999,12.0776,0.00042399480632166099,0.081603074861250652,0.0020155868800489918,-0.00025183002296613743,0.0035435523258314948,-0.0031760003017271823,0.056168074327882386,0.00063649701430535408,0.010284381622168905,0.32508053426432082
8.9399999999999995,9.8810520000000004,0.00041028250746530273,0.081597466108697114,0.0019240484584562845,-0.00037528673726772155,0.0034344945956303699,-0.0029175310735491174,0.056236760607794221,0.00063720143097111361,0.010226031000697923,0.32508053426432082
8.9600000000000009,13.395066,0.00039700013157275454,0.081591986115499837,0.00183948738183215,-0.00049956682111407247,0.003327154144497088,-0.0026744625903116904,0.056303300229627345,0.00063788011116295911,0.010172541748891688,0.32508053426432082
8.9800000000000004,9.4981469999999995,0.00038413427379841076,0.081586636518693467,0.0017493073164488449,-0.00060366139069767399,0.0032220008362078569,-0.0024478795939010798,0.056367736928261004,0.00063853404128526292,0.010123584157013667,0.32508053426432082
9,9.8968980000000002,0.00037166095256157601,0.081581416760343986,0.0016626924480608318,-0.00069313202362009108,0.0031189072651345768,-0.0022385431702465928,0.056430111891238185,0.00063916412461194447,0.010078813293608735,0.32508053426432082
9.0199999999999996,8.3882169999999991,0.00035962081725668551,0.081576328797062322,0.0015789053880637116,-0.00075416580185305726,0.0030166937521740661,-0.0020487406877005656,0.05649044271432075,0.0006397709721565675,0.010037838479854724,0.32508053426432082
9.0400000000000009,7.6216460000000001,0.00034802888747145571,0.081571360584336269,0.0014913327105189333,-0.00080657765660063774,0.002914731130612332,-0.0018785998982019866,0.056548734411109192,0.00064035501926851214,0.010000266481890684,0.32508053426432082
9.0600000000000005,12.717177,0.00033688270345940742,0.081566533333671337,0.0014314749226235213,-0.00085617893139544599,0.0028132934557399862,-0.0017293386596219529,0.056604997476526003,0.00064091671059629031,0.0099656797086982458,0.32508053426432082
9.0800000000000001,7.4537329999999997,0.00032612110301780584,0.081561814968966043,0.0013764049364149988,-0.00086843504646827441,0.0027138906989915253,-0.0016001446679218441,0.056659272603882115,0.00064145674847177869,0.0099336768153398085,0.32508053426432082
9.0999999999999996,10.744139000000001,0.00031565768661528606,0.08155717303470425,0.0013263199727194808,-0.00089014042702872942,0.0026154086884154285,-0.0014868887820019632,0.056711578204560506,0.00064197557469306975,0.00990393903969977,0.32508053426432082
9.120000000000001,9.7733469999999993,0.00030555093750327404,0.081552628720122602,0.0012759142221789865,-0.00088219683797796655,0.0025185293406509135,-0.0013918488733051968,0.056761946327956926,0.00064247373271070804,0.0098761020622336656,0.32508053426432082
9.1400000000000006,14.83478,0.0002957904369832445,0.081548170592051231,0.0012328052216888929,-0.00087661428016994059,0.0024238540279784998,-0.0013124669561865891,0.05681042105065106,0.0006429518533084468,0.009849852723109934,0.32508053426432082
9.1600000000000001,8.9198179999999994,0.00028635993079287629,0.081543807449153696,0.0011821655630750438,-0.00084408850397821311,0.0023317341538353978,-0.001247271975847959,0.056857053477232501,0.00064341060900785052,0.0098249072835929745,0.32508053426432082
9.1799999999999997,14.522494999999999,0.00027727003751937382,0.081539539308938869,0.0011457864624012659,-0.00081840481426831424,0.0022414525499232056,-0.0011952493396931794,0.056901880369862136,0.00064385050739857125,0.009801002296799111,0.32508053426432082
9.2000000000000011,15.336347999999999,0.00026848951130035564,0.081535359924654674,0.001112319262975614,-0.00078248916506451494,0.0021531173769886213,-0.0011556202273314451,0.056944940654015924,0.00064427205719535879,0.0097778898922524816,0.32508053426432082
9.2200000000000006,9.3179949999999998,0.00026001327920739556,0.081531266969862126,0.0010623096662887299,-0.00067356239388405292,0.0020667654596869733,-0.0011261204838799502,0.056986273991799022,0.00064467575739390111,0.009755367482574882,0.32508053426432082
9.2400000000000002,13.138218,0.00025193341848498763,0.081527266396296233,0.0010350344141397683,-0.00062390950065216444,0.0019818873987401467,-0.0011050365005807249,0.057025909857952618,0.00064506199406762037,0.0097332667525632677,0.32508053426432082
9.2599999999999998,9.8802479999999999,0.00024410381777546721,0.081523341760696019,0.0010143224782525051,-0.00056455854973735953,0.0019006090098406582,-0.0010897546206496134,0.057063920241623121,0.00064543155669564999,0.0097114716601502758,0.32508053426432082
9.2799999999999994,11.472994,0.0002363670137260311,0.081519454376733733,0.00098167318859665453,-0.00050492441359883955,0.0018229621471670485,-0.0010792753645843408,0.057100377769114724,0.0006457852305575847,0.0096898861528585886,0.32508053426432082
9.3000000000000007,9.9195969999999996,0.00022894800420637058,0.081515660747777316,0.00095415636223361577,-0.00044639096903065223,0.0017489916501056974,-0.0010730874971771884,0.057135355963568495,0.0006461238005062022,0.0096684244029150452,0.32508053426432082
9.3200000000000003,12.233359,0.00022180752113647054,0.081511952598983209,0.00091439858811537267,-0.00035152363330448466,0.0016783026007385683,-0.001068189198752887,0.057168920450209194,0.00064644796775432706,0.0096470606189399868,0.32508053426432082
9.3399999999999999,14.789077000000001,0.00021495636781902142,0.081508338495284563,0.0008939057066349454,-0.0002974311475201219,0.0016111645806154424,-0.0010651887106586792,0.057201142245699638,0.00064675847975722623,0.0096257568447268137,0.32508053426432082
9.3599999999999994,12.754600999999999,0.00020832916459956568,0.081504795246721967,0.00087035690423420409,-0.00023614272963556893,0.0015466037772412925,-0.0010617989604908477,0.057232072891406444,0.00064705589137595569,0.0096045208655169967,0.32508053426432082
9.3800000000000008,9.9490590000000001,0.00020190035267705954,0.081501320885315615,0.00084799998061890758,-0.0001803988433610737,0.001485531655581308,-0.00105821724159646,0.057261782157190855,0.0006473409289958639,0.0095833565206850675,0.32508053426432082
9.4000000000000004,9.743169,0.00019565231640493349,0.08149791542819991,0.00082007916032222905,-7.9775887470878715e-05,0.0014278373086782374,-0.0010524872705038222,0.057290337594917071,0.00064761429374420271,0.0095623067752749914,0.32508053426432082
9.4199999999999999,8.018751,0.00018958003453509382,0.081494558691863145,0.00081165055257859109,-4.4523536326224189e-05,0.0013718250177922118,-0.001045245767054688,0.057317772843657806,0.00064787635921349275,0.0095414018599338981,0.32508053426432082
9.4399999999999995,10.357927999999999,0.00018359817173329923,0.081491238162773233,0.00076250814633183062,4.061945639177722e-05,0.0013191911453982938,-0.0010358414425074292,0.0573441554682112,0.00064812782076868584,0.0095206850310837494,0.32508053426432082
9.4600000000000009,10.853534,0.00017790908578964266,0.081488030969360595,0.00075681328717946972,9.5065329776877761e-05,0.0012701353833218824,-0.0010190777540276777,0.057369557027055179,0.00064836940943200445,0.0095003034760031951,0.32508053426432082
9.4800000000000004,13.423927000000001,0.00017274825915316415,0.081484857737997213,0.00071762767759286916,0.00018323759736604828,0.0012233197009709367,-0.00099975407149335729,0.057394022319288883,0.00064860159951094377,0.0094803083945733287,0.32508053426432082
9.5,12.349631,0.00016745606543973145,0.081481753119550832,0.00067270628068083482,0.00023312239366002352,0.0011789405431513009,-0.00097732489274112615,0.057417600072755828,0.00064882490012986907,0.0094607618967185066,0.32508053426432082
9.5199999999999996,10.07483,0.00016190504409577895,0.081478703360149105,0.0006530282273154997,0.00026109062209833667,0.0011357494323943086,-0.00095196732406094427,0.057440314046891962,0.00064903958179354218,0.0094417225502372876,0.32508053426432082
9.5400000000000009,9.6406089999999995,0.0001563627215966985,0.081475699936541204,0.00063039202056236476,0.00026690653595040637,0.0010952076456561012,-0.00092394829946990901,0.057462217225387045,0.00064924618928126115,0.0094232435842478892,0.32508053426432082
9.5600000000000005,11.872851000000001,0.00015080366015768692,0.08147274578080306,0.00060969001182664684,0.00028734961371945644,0.0010567988624663942,-0.00089078272672668492,0.057483352266005441,0.00064944516752837682,0.0094054279297133558,0.32508053426432082
9.5800000000000001,15.93877,0.00014552356252732794,0.081469864996410138,0.00058896928717422359,0.00029760887449459261,0.001020406997881695,-0.00085577747070047388,0.057503759504938398,0.00064963693734738492,0.0093883123802993469,0.32508053426432082
9.5999999999999996,9.4871210000000001,0.00014043120790942213,0.081467051336667387,0.00055790413367029501,0.00031690870334499799,0.00098537339651770094,-0.0008185239598794314,0.057523466105876733,0.00064982179319135317,0.0093719419011017591,0.32508053426432082
9.620000000000001,12.835414,0.00013598992964539031,0.081464344580229081,0.00053725100292689731,0.00031926952228622518,0.00095316091717420951,-0.00077957048227041842,0.057542528488425879,0.00065000030134605203,0.0093563504914563507,0.32508053426432082
9.6400000000000006,10.079643000000001,0.00013159035336442597,0.081461689018725081,0.00051240157887644244,0.00032812459793851723,0.00092014675389285423,-0.00073574638310901154,0.057560930619267557,0.00065017234775150931,0.0093416355637941702,0.32508053426432082
9.6600000000000001,11.718622,0.00012741654575571621,0.081459094890569017,0.00049264039680974037,0.00032216075201985106,0.0008899755012136127,-0.00069213795419016753,0.057578729353800498,0.00065033849867720194,0.0093277928047103675,0.32508053426432082
9.6799999999999997,11.469060000000001,0.00012328112271717286,0.081456550065894931,0.00047235612017837436,0.00031407815998840682,0.00085961471068849652,-0.00064508637673557775,0.057595920901122671,0.00065049875160963369,0.0093148910771756552,0.32508053426432082
9.7000000000000011,14.081780999999999,0.00011930670142603298,0.081454063332864007,0.00045024310005159496,0.00030697397214729527,0.00082861285109456445,-0.0005970537286312833,0.05761249244010698,0.00065065301920535904,0.0093029500026030297,0.32508053426432082
9.7200000000000006,8.3073720000000009,0.0001155660934171142,0.081451640069460596,0.00041988540620852,0.00030831962888577813,0.00079910503311491471,-0.00054563839751504072,0.057628473850000791,0.00065080161054346768,0.0092920372346527291,0.32508053426432082
9.7400000000000002,9.9149639999999994,0.00011176126548233456,0.08144923880238554,0.00040721554543277083,0.00031010770314687797,0.0007706987883177597,-0.00049385317214822855,0.057643887161042663,0.00065094475960002121,0.0092821601712097645,0.32508053426432082
9.7599999999999998,9.2366460000000004,0.00010807913196605959,0.081446865274606567,0.00037467294983140054,0.00029334602128283649,0.00074344234180323456,-0.000443322868011582,0.057658755367956276,0.00065108270672190223,0.0092732937138495335,0.32508053426432082
9.7799999999999994,9.2525309999999994,0.00010444114363219713,0.081444549583949907,0.00035743645916119782,0.00028197707942689831,0.00071721887637760833,-0.00039558603633960094,0.057673099129249304,0.00065121566769946898,0.0092653819931227416,0.32508053426432082
9.8000000000000007,9.0381219999999995,0.00010089827993334852,0.081442277500614196,0.0003356850938474043,0.00027621292623525306,0.00069107621832812305,-0.00034939607273697137,0.057686920060797162,0.00065134367928037704,0.0092583940716680028,0.32508053426432082
9.8200000000000003,9.5951149999999998,9.7441696275539264e-05,0.081440045423899168,0.00031668493170289302,0.00027233486202216106,0.00066586041503263814,-0.00030539849797183918,0.057700236698717065,0.00065146693281251057,0.0092522861017085654,0.32508053426432082
9.8399999999999999,9.6579969999999999,9.4096520069677849e-05,0.081437854881558594,0.00029966071118370241,0.00026019507189856128,0.00064113429502745843,-0.00026279315680152569,0.057713058836091541,0.00065158553658268268,0.0092470302385725348,0.32508053426432082
9.8599999999999994,14.801335,9.0836030911867679e-05,0.081435706790143461,0.00028393417382710506,0.00024846461537664233,0.00061726617483141377,-0.0002227289631593765,0.057725403632036862,0.00065169966504004273,0.0092425756593093478,0.32508053426432082
9.8800000000000008,11.637452,8.7669905694638065e-05,0.081433601414280715,0.00026131574524690393,0.00025016824978085772,0.0005941271170856223,-0.00018456958573944229,0.05773728566705056,0.00065180946684240365,0.0092388842675945586,0.32508053426432082
9.9000000000000004,11.733753,8.4624842095372378e-05,0.081431534697579619,0.00024967931404751287,0.00024004471572625086,0.00057149400324256808,-0.00014927639419391069,0.057748715059466466,0.00065191504761786341,0.0092358987397106809,0.32508053426432082
9.9199999999999999,12.078085,8.1679022506934957e-05,0.081429506042685978,0.00023009528732276241,0.00024913842313556422,0.000548639754961709,-0.00011682163318656405,0.057759687386687679,0.00065201637698344657,0.0092335623070469493,0.32508053426432082
9.9399999999999995,17.173507000000001,7.8826309358036496e-05,0.081427508113320252,0.0002188130215987627,0.00024000515262634359,0.00052703756354751416,-8.6953032913545322e-05,0.057770227688701214,0.00065211369511894456,0.0092318232463886787,0.32508053426432082
9.9600000000000009,12.120340000000001,7.6058081062107516e-05,0.081425548944235634,0.00019858107965808891,0.00025462021755706665,0.00050493163645264256,-5.8888517003343737e-05,0.057780325891152354,0.00065220691664039186,0.0092306454760486111,0.32508053426432082
9.9800000000000004,12.153656,7.3396091908001026e-05,0.081423625784759673,0.00018759353171393656,0.00024836682210627181,0.00048362811448303931,-3.2480855502858144e-05,0.057789998041399497,0.00065229619622423664,0.0092299958589385535,0.32508053426432082
10,7.9890420000000004,7.0814490522343057e-05,0.081421739492458053,0.00017695074638479635,0.0002454008539105601,0.00046267616903494774,-8.9797914780337202e-06,0.057799251170623775,0.00065238160416309493,0.009229816263108993,0.32508053426432082
10.02,11.859512,6.8312795540613561e-05,0.081419888947374619,0.00015749264187603362,0.00025449405956190496,0.000442266244812672,1.219380432711461e-05,0.057808096118748306,0.00065246324480605991,0.0092300601391955353,0.32508053426432082
10.040000000000001,9.4103320000000004,6.5875807754866699e-05,0.081418069900808354,0.00014554062436844539,0.00027653252360027025,0.00042250609351746147,3.1597667672334964e-05,0.057816545880646684,0.00065254124150158617,0.0092306920925489828,0.32508053426432082
10.06,13.704700000000001,6.3646313921887732e-05,0.081416296428315257,0.00013827839234215045,0.00027457644798323244,0.00040343702250697548,4.9482317278019251e-05,0.057824614277311163,0.000652615724495003,0.009231681738894543,0.32508053426432082
10.08,9.5907330000000002,6.1506607144405041e-05,0.081414557046667502,0.00012943928098141377,0.00029511656841507694,0.00038442436656318266,6.5340901755307694e-05,0.057832302436976755,0.00065268670617844968,0.0092329885569296492,0.32508053426432082
10.1,10.411002,5.9427790390001311e-05,0.081412831678670999,0.00012069356874810921,0.00030197392901909481,0.00036636337651793838,7.9332372364839679e-05,0.057839629392137923,0.00065275436360715379,0.009234575204376946,0.32508053426432082
10.120000000000001,17.626092,5.7425745749354691e-05,0.081411135451089245,0.00011492144148328443,0.00030394351899043492,0.00034850665553980142,9.2557163954255474e-05,0.057846599227993914,0.00065281873536180584,0.0092364263476560314,0.32508053426432082
10.140000000000001,10.781914,5.5568344019274704e-05,0.0814094773624148,0.00010195713342997514,0.00032046183371736703,0.00033151475727740825,0.00010419999808821476,0.057853229240257209,0.00065287998163230721,0.0092385103476177958,0.32508053426432082
10.16,13.094760000000001,5.3671073686910796e-05,0.081407829846498206,9.441414757649369e-05,0.00033021779454944777,0.0003145667864295047,0.00011576567266612444,0.057859520307437434,0.00065293811065864169,0.0092408256610711191,0.32508053426432082
10.18,7.6192089999999997,5.1858133609517422e-05,0.081406208744486563,8.5427135339211091e-05,0.00034449184050555637,0.00029841670173755193,0.00012592741285771168,0.057865488386577991,0.000652993269723459,0.009243344209328274,0.32508053426432082
10.200000000000001,8.5755350000000004,5.0047178756688119e-05,0.081404602890857367,7.3947934023377293e-05,0.00036241032530903716,0.0002830127875823082,0.00013650972612510369,0.057871148400455472,0.0006530455963971297,0.0092460744038507757,0.32508053426432082
10.220000000000001,12.225534,4.8264266290710888e-05,0.081403014736702528,6.8595143690064475e-05,0.00036801547748477326,0.00026755706701301723,0.00014596114538041147,0.057876499312990895,0.00065309508055339893,0.0092489936267583835,0.32508053426432082
10.24,13.936793,4.6589618317410562e-05,0.081401456998040606,6.3226213627531891e-05,0.00037432557550842738,0.00025267049544321779,0.00015459388404703947,0.057881552506684884,0.00065314182665499878,0.0092520855044393238,0.32508053426432082
10.26,8.9156390000000005,4.5030334359532175e-05,0.081399930218106903,4.380898056777216e-05,0.00040878047159087494,0.00023868073460534607,0.00016334114641571176,0.057886325916992998,0.00065318599971313327,0.0092553523273676379,0.32508053426432082
10.279999999999999,13.451511,4.3274611987525014e-05,0.081398387608715345,3.9884311696769537e-05,0.00040820482383763235,0.00022536850871636359,0.00017314143745997127,0.057890833094042318,0.00065322772422036557,0.0092588151561168366,0.32508053426432082
10.300000000000001,10.116965,4.1626176005279386e-05,0.081396876409747312,1.4033320315354203e-05,0.00046708667986639085,0.0002126735483084323,0.00018217461167594468,0.057895086382622238,0.00065326711350755158,0.0092624586483503555,0.32508053426432082
10.32,9.6207390000000004,4.0199644219905773e-05,0.081395409292895196,1.8367196654711648e-05,0.000448671176572768,0.00020077790247450254,0.00019213313303770895,0.057899101768347824,0.00065330431463099298,0.0092663013110111103,0.32508053426432082
10.34,8.2028870000000005,3.8582157142552061e-05,0.081393926929633237,1.1675666607535717e-05,0.00045306778728959607,0.00018901141991155973,0.00020195838188182498,0.057902881834383059,0.00065333935049923127,0.0092703404786487476,0.32508053426432082
10.359999999999999,13.027858999999999,3.7180139979474829e-05,0.081392488533515189,8.1140977150617744e-06,0.00045306989816951138,0.00017780588804008329,0.00021130173906875585,0.057906437799270308,0.00065337232396328907,0.0092745665134301228,0.32508053426432082
10.380000000000001,8.1513089999999995,3.58330451015287e-05,0.081391073424640747,2.2306786070513951e-06,0.00045725995403267383,0.00016698660387807514,0.00022125684820673027,0.057909777387642518,0.0006534033054755898,0.0092789916503942579,0.32508053426432082
10.4,9.8868969999999994,3.456851193365449e-05,0.081389678904225646,-6.8152294095957799e-06,0.0004734868847144913,0.00015631039469800762,0.00023129067807351695,0.057912903460887587,0.00065343232034658901,0.009283617463955729,0.32508053426432082
10.42,11.033308,3.3348764179654085e-05,0.08138829221263183,-1.188225488535366e-05,0.00047599285683386228,0.00014626549498937872,0.00024172831258124645,0.057915828644662902,0.00065345948448556452,0.0092884520302073531,0.32508053426432082
10.44,9.6749189999999992,3.2201132351181141e-05,0.081386931567682244,-2.6752393762707882e-05,0.00048876406223330449,0.00013678728396357146,0.00025281030044125229,0.057918564272265077,0.00065348490187863511,0.0092935082362161775,0.32508053426432082
10.460000000000001,14.179093999999999,3.1112699453595049e-05,0.081385591166376489,-2.9281631604427538e-05,0.00048390789188590411,0.00012666649264641999,0.00026359597145908823,0.057921097492655768,0.00065350845173905059,0.009298780155645359,0.32508053426432082
10.48,9.3624880000000008,3.0064662067944023e-05,0.081384271717959866,-3.6042700646055081e-05,0.00049842807460809269,0.00011723847894221521,0.00027415570309788622,0.057923442160802599,0.00065353026134970787,0.0093042632697073174,0.32508053426432082
10.5,8.8159620000000007,2.9245468746226915e-05,0.081382979448837794,-4.4211666536786431e-05,0.00049664040706032253,0.00010663505925073595,0.00028656018550409054,0.057925574769618168,0.00065355011038791574,0.0093099944734173993,0.32508053426432082
10.52,9.3190860000000004,2.8316172796102339e-05,0.081381686737783232,-4.5366234187493859e-05,0.00050382345168831222,9.7450295782583332e-05,0.00029813254018373292,0.05792752369101431,0.00065356826117046317,0.0093159571242210741,0.32508053426432082
10.540000000000001,9.4900500000000001,2.7457588134250982e-05,0.0813804125463055,-5.176435363862808e-05,0.00050080476640523841,8.8637482079649744e-05,0.00031326981826666599,0.057929296363678856,0.00065358478134448642,0.0093222225205864071,0.32508053426432082
10.56,16.076498999999998,2.6642402405308579e-05,0.081379144867096298,-5.3905072492144157e-05,0.00049273350637113467,8.0416091547509832e-05,0.00032609750498767772,0.057930904615576748,0.00065359977950578949,0.0093287444706861601,0.32508053426432082
10.58,15.340054,2.5870034369972046e-05,0.081377896583582021,-5.7624272011391753e-05,0.00048872169853253489,7.2536353754090147e-05,0.00033842938950061721,0.057932355279481373,0.00065361331768115085,0.009335513058476172,0.32508053426432082
10.6,15.328087,2.5165622992456594e-05,0.08137666808843555,-6.1659578762363054e-05,0.00048550322193063877,6.4704579196677445e-05,0.00034997598209331226,0.05793364931463222,0.00065362540304336433,0.0093425125781180385,0.32508053426432082
10.620000000000001,12.517395,2.453783854154727e-05,0.081375460161188823,-7.4034596921457307e-05,0.00049640721691068812,5.7242366221054471e-05,0.00036109327711974734,0.057934794111955783,0.00065363610277208758,0.0093497344436604332,0.32508053426432082
10.640000000000001,12.335012000000001,2.3890408786521923e-05,0.081374244272547358,-7.6397810293893365e-05,0.00052179701901544639,4.9308464083187958e-05,0.00037268804896941005,0.057935780238099151,0.00065364532673382479,0.0093571882046398214,0.32508053426432082
10.66,11.912682999999999,2.3332114046984706e-05,0.081373044108323855,-8.1220710608786995e-05,0.00050972902748247506,4.1962550287868626e-05,0.00038372741301719336,0.057936619452333901,0.00065365318286913436,0.0093648627529001657,0.32508053426432082
10.68,13.225134000000001,2.2785023012250457e-05,0.081371856404791776,-8.8630983746784686e-05,0.00050342399162062179,3.479851367166239e-05,0.00039499673721761367,0.057937315392063281,0.00065365970318889764,0.0093727626876445175,0.32508053426432082
10.700000000000001,9.9179469999999998,2.22875489432725e-05,0.081370680625161063,-8.9684466036632493e-05,0.0004974277340161759,2.7682622054654186e-05,0.00040519349337800185,0.057937869020164706,0.00065366489460912667,0.009380866557512078,0.32508053426432082
10.720000000000001,8.9266470000000009,2.1821097146958297e-05,0.081369520068074533,-9.8767281442535548e-05,0.00050594669039871754,2.1185473812927344e-05,0.0004158016601354168,0.057938292710981214,0.00065366887107459943,0.0093891825907147855,0.32508053426432082
10.74,16.589196000000001,2.1419139160152249e-05,0.08136836908529177,-9.9486724481900879e-05,0.00049674405003874433,1.4814877794163973e-05,0.00042560355873505734,0.057938588995465036,0.0006536716542865751,0.0093976946618894875,0.32508053426432082
10.76,15.479449000000001,2.1049456110470449e-05,0.081367234594159329,-0.00010176289626562252,0.00048968981025310221,8.9074010066629016e-06,0.00043530595542632533,0.057938767135611219,0.00065367332921808467,0.0094064007809980133,0.32508053426432082
10.779999999999999,11.591239,2.0724326183717474e-05,0.081366114534624306,-0.00011344443335958854,0.00049953003340097446,3.2871193661442213e-06,0.00044416983461117494,0.057938832875087359,0.00065367394790020376,0.009415284177690237,0.32508053426432082
10.800000000000001,11.529712,2.0453467423430638e-05,0.081364997583628293,-0.00011393084668631648,0.00049621148035972062,-2.1006939050099961e-06,0.00045187945500205581,0.057938790863073249,0.00065367355214360277,0.0094243217667902782,0.32508053426432082
10.82,11.661394,2.0221201180988364e-05,0.081363895245027545,-0.0001168373645979992,0.00049802421639566496,-7.9634941711081511e-06,0.0004588049234350147,0.057938631600269665,0.00065367205042448739,0.0094334978652589781,0.32508053426432082
10.84,13.917724,2.002555716347583e-05,0.081362803971847739,-0.00011885405316325315,0.00049362720092593904,-1.3432340476880223e-05,0.00046505414627995615,0.057938362965425386,0.00065366951493367334,0.0094427989481845765,0.32508053426432082
10.859999999999999,11.192299999999999,1.9858508719850901e-05,0.081361726802311657,-0.0001299997182605539,0.00050268916096807281,-1.8748511889290654e-05,0.00047170200332310162,0.057937988011921564,0.00065366597244906257,0.0094522329882510379,0.32508053426432082
10.880000000000001,9.909675,1.9733050434410001e-05,0.081360653807832597,-0.00012766779537098927,0.00050511677641340569,-2.413957089366189e-05,0.00047978145859885218,0.05793750524209286,0.00065366140674380903,0.0094618286174230157,0.32508053426432082
10.9,8.406625,1.9639433143173573e-05,0.081359592693963506,-0.0001368629175569902,0.00050604333184822714,-2.9076530301551983e-05,0.00048646460987832751,0.05793692373754452,0.00065365590165416534,0.0094715579096205822,0.32508053426432082
10.92,8.4793620000000001,1.959098726256695e-05,0.081358541922020536,-0.00013510390960280727,0.00050798037847266109,-3.426360495885024e-05,0.00049226144083564893,0.057936238496215091,0.00065364940778366042,0.0094814031384372957,0.32508053426432082
10.94,10.933954999999999,1.9542304311888389e-05,0.081357495542865935,-0.00014048838232960659,0.00050376248815009461,-3.8989629153528079e-05,0.00049725096303962827,0.05793545873871904,0.00065364201048923975,0.0094913481576980891,0.32508053426432082
10.960000000000001,7.9630989999999997,1.9544513433572186e-05,0.081356465174832082,-0.0001445030918449941,0.00051796923765734526,-4.342853513272465e-05,0.00050254509831819567,0.057934590207180427,0.00065363376234131424,0.0095013990596644528,0.32508053426432082
10.98,7.8410289999999998,1.9568397296519471e-05,0.08135543400404685,-0.00014420699521744407,0.00051440742888742008,-4.8380678420694203e-05,0.00050682967974017775,0.057933622637334717,0.00065362456389306235,0.0095115356532592572,0.32508053426432082
11,11.363569999999999,0.00049951836507123486,0.08135441557976858,-0.00055775990969220146,-0.00030896164498850354,-5.2876209518951843e-05,0.00051032597336243097,0.057932565161032061,0.00065361449996911131,0.0095217421727265064,0.32458053426432087
11.02,9.4409790000000005,0.00095649013994745092,0.081355339417088224,-0.0012949310606307218,-0.0015581546367375854,-5.7159442640163034e-05,0.00051431852088475486,0.057931422024057662,0.00065360360910471523,0.0095320285431442012,0.32408053426432082
11.040000000000001,8.8403519999999993,0.0013563147713425915,0.081359082667049415,-0.0031741736903305728,-0.0045470812991668108,-6.1178666274867136e-05,0.00051781431558192129,0.057930198506378823,0.00065359193980991926,0.0095423848294558401,0.32358053426432087
11.06,8.1898649999999993,0.0016229753292510949,0.081369531513225957,-0.0040316268102456032,-0.0055828560221260481,-6.5709245476375965e-05,0.0005212198961683269,0.05792888438136716,0.00065357939269260971,0.0095528092273792064,0.32308053426432082
11.08,8.2622730000000004,0.0018454711745366057,0.081382785994727688,-0.0048418210236047532,-0.0063475268531112405,-6.9594277669946618e-05,0.00052408731518565363,0.057927492559392051,0.00065356608918331824,0.0095632909736829193,0.32258053426432087
11.1,10.360267,0.002035048539861143,0.081398484020582876,-0.0056196023226788849,-0.0069583831990713829,-7.3844107210899981e-05,0.00052743418155072131,0.05792601574485709,0.00065355195775569988,0.0095738396573139331,0.32208053426432082
11.120000000000001,9.6732809999999994,0.0021985403473336169,0.081416373692947311,-0.0063393817659049834,-0.0074785618832029499,-7.7523537476532041e-05,0.00053074524337036325,0.057924465345242662,0.00065353710579543929,0.0095844545621813406,0.32158053426432087
11.140000000000001,10.266762999999999,0.0023410093048673707,0.081436225433642095,-0.0070274307909076184,-0.0079085135980501153,-8.1275773004021982e-05,0.00053391311150885598,0.057922839904526575,0.00065352151767645911,0.0095951328244115175,0.32108053426432082
11.16,12.00254,0.0024664136094827488,0.081457865919791789,-0.0076990586041770781,-0.0082713854864058245,-8.4981145743598483e-05,0.00053702073424575613,0.057921140359937937,0.00065350520069216989,0.0096058732390964328,0.32058053426432087
11.18,12.185589,0.0025779077561545851,0.081481170171768064,-0.007785163680527174,-0.0077071577693805793,-8.8290717693112361e-05,0.00053962226017732361,0.057919374627143319,0.00065348822923589234,0.0096166656842999795,0.32008053426432082
11.200000000000001,11.388719999999999,0.0027166325285091363,0.081503998480132123,-0.008106992286850967,-0.0076590294594904851,-0.0001251942388877807,0.0005430960545400132,0.057916870858275432,0.00065346413698633967,0.0096275276053907795,0.31958053426432087
11.220000000000001,10.635109999999999,0.0028576200373832939,0.081527380088328966,-0.0095213306728703095,-0.0092957995916298497,-0.00021887148319131361,0.00054608836404733191,0.057912493631710665,0.00065342196990892884,0.0096384493726717254,0.31908053426432081
11.24,9.8992799999999992,0.0029189663288535931,0.08155524958264207,-0.0099046218239889905,-0.0092847384568521818,-0.00045731989597363868,0.00048873355417046243,0.057903347659067697,0.0006533337694811565,0.0096482240437551353,0.31858053426432087
11.26,11.766804,0.0029722840592909128,0.081584028162383693,-0.010311392077802295,-0.0091133298667920304,-0.00074220192515039103,0.00034376396230056754,0.057888504311954359,0.00065319050206787035,0.009655099323001147,0.31808053426432081
11.279999999999999,10.328848000000001,0.003018353500482269,0.081613635851446473,-0.010052858412404886,-0.0078197775795807445,-0.0010649851326889517,-1.0347475831928615e-05,0.057867205602060774,0.00065298485672222106,0.0096548923734845089,0.31758053426432087
11.300000000000001,10.301584,0.0030977199696189265,0.081641954322532226,-0.010901588712611376,-0.00827956707490074,-0.0014192104551230154,-0.00041757993582469623,0.057838822714748592,0.00065271093301708018,0.0096465407747680157,0.31708053426432081
11.32,13.116529999999999,0.0031279703513959548,0.081673046296954543,-0.011100172567840016,-0.007728280031790602,-0.0017969672453813769,-0.00085474277594402097,0.057802885039047375,0.00065236455521258132,0.0096294459192491355,0.31658053426432087
11.34,10.087961,0.0031542752541699574,0.081704645119456687,-0.011304557355029443,-0.0071372657031743003,-0.0021932931739135748,-0.0013086917531409598,0.057759021203787307,0.00065194273182283212,0.0096032720841863171,0.31608053426432081
11.359999999999999,8.9277540000000002,0.0031775918717672938,0.081736688500571988,-0.010893905297842954,-0.0056138223216131156,-0.0026049793368960474,-0.001771732678879349,0.05770692401056058,0.00065144333602905227,0.0095678374306087301,0.31558053426432087
11.380000000000001,11.028283,0.0032374099559106268,0.081767129198850846,-0.011659179754067495,-0.0059122351003140228,-0.0029824523718700977,-0.0022366943534700271,0.05764727768059405,0.00065087396645369545,0.0095231035435393296,0.31508053426432081
11.4,11.066477000000001,0.0032515734019130265,0.081800120151175687,-0.011745573985718072,-0.0053226578673020164,-0.0033484801364315839,-0.0026985534911020512,0.057580311097376789,0.00065023802476110086,0.0094691324737172893,0.31458053426432087
11.42,10.464974,0.0032630956283136061,0.081833386282447476,-0.011877097461574726,-0.0046595814397289992,-0.0037938341042820906,-0.0030897724649394265,0.05750443779482392,0.00064952189345590227,0.0094073370244185002,0.31408053426432081
11.44,9.3942759999999996,0.0032739236067684131,0.081866891280277299,-0.011910393060751701,-0.0040676019576120215,-0.0042259789530454082,-0.0034525574769976703,0.057419921928241205,0.00064872971897638073,0.0093382858748785463,0.31358053426432086
11.460000000000001,9.0809370000000005,0.0032828821260084606,0.081900513077720449,-0.012005955658472289,-0.0033283576725522401,-0.0046481651702027322,-0.0039118206625700412,0.057326962644286675,0.000647865250090246,0.0092600494616271456,0.31308053426432081
11.48,9.8018809999999998,0.0032923225922743605,0.081934325766198732,-0.012063265214921515,-0.0027024665343533538,-0.0050068130881398996,-0.0043410241749913198,0.057226830635603174,0.00064694234335915389,0.009173228978127319,0.31258053426432086
11.5,14.33009,0.0033005894847849626,0.081968304570189679,-0.012104278232635046,-0.0020526580622788337,-0.0053991275245355583,-0.0047303673677251907,0.05711885258161032,0.0006459569163474641,0.0090786216307728144,0.31208053426432081
11.52,13.355858,0.0033093177462266902,0.082002406345848863,-0.012174986491614859,-0.0015148727255833716,-0.0057683982801724877,-0.0050004035991207977,0.057003489318138763,0.00064491531725463134,0.0089786135587903992,0.31158053426432086
11.540000000000001,12.408754999999999,0.0033175235860187701,0.082036639943154119,-0.012234821792978745,-0.0009890005300583482,-0.0061174116547242346,-0.0052868334844260586,0.056881145958688199,0.0006438232825977698,0.0088728768891018772,0.31108053426432081
11.56,9.4800679999999993,0.0033268117049367026,0.08207099560977657,-0.012326521462824536,-0.00055339012631527851,-0.0063977442155157202,-0.0055147421636082264,0.056753196048742321,0.00064269502566478506,0.008762582045829713,0.31058053426432086
11.58,12.472022000000001,0.0033354994752792392,0.082105528258408847,-0.012364646746125252,-0.00015054527314584121,-0.0067127491082825457,-0.0056849544543627851,0.056618946154122211,0.00064152625246672679,0.0086488829567424579,0.31008053426432081
11.6,12.538517000000001,0.0033450192697090644,0.082140145806800763,-0.012434447513303359,0.00013928112085892508,-0.0070032581152715875,-0.0057330205609414505,0.056478886161224456,0.00064032289004063302,0.008534222545523629,0.30958053426432086
11.620000000000001,9.6544170000000005,0.003354258830212562,0.082174867716748146,-0.012497153975776554,0.00042815319523170636,-0.0072754294326145925,-0.0057998276945108564,0.056333382799673391,0.00063908954137894126,0.0084182259916334122,0.30908053426432081
11.640000000000001,10.719576999999999,0.003363884160819096,0.082209694280286252,-0.012569385445686088,0.00066061723855881382,-0.0075230435309368493,-0.0058193043646385823,0.056182927186890504,0.00063783169819511365,0.0083018399043406407,0.30858053426432086
11.66,11.588791000000001,0.0033738764451075876,0.082244635448844999,-0.012106679993576841,0.0017220592223994302,-0.0077536706499229989,-0.0057890952004355008,0.056027859043465682,0.00063655329537522123,0.0081860580003319302,0.3080805342643208
11.68,10.060243,0.0034213860832040537,0.082277793538157243,-0.012726846200107,0.00088520074627029821,-0.0079658758645579433,-0.0057175592525905896,0.055868546789895078,0.00063525823627441104,0.0080717068152801191,0.30758053426432086
11.700000000000001,12.142785,0.0034265652552710572,0.082313120853162294,-0.012278154030017641,0.0018502332746421768,-0.0081601693189156822,-0.0055965693402528346,0.055705348646569307,0.0006339500541880027,0.0079597754284750633,0.3070805342643208
11.720000000000001,8.5116759999999996,0.0034700514178690059,0.082346663861665476,-0.012924322531322918,0.00087278878681296135,-0.0083407829401584317,-0.0054375570448185724,0.055538538200340222,0.00063263132343843959,0.0078510242875786916,0.30658053426432086
11.74,11.337149999999999,0.0034709481254694059,0.082382389031866815,-0.013007496646231131,0.00086108986297905865,-0.0085081963426643197,-0.0052411966645769022,0.05536837944800569,0.00063130429439328575,0.0077462003542871534,0.3060805342643208
11.76,13.180142,0.0034729795682952092,0.082418209555702893,-0.013095255812720752,0.00082149039776302502,-0.0086663470060581293,-0.0050180515569908067,0.055195057640825711,0.00062997037999129417,0.0076458393231473376,0.30558053426432086
11.779999999999999,13.443884000000001,0.0034768472887142911,0.082454116403158792,-0.013204795456835949,0.00077056473066750009,-0.0088117686672808289,-0.0047706980943511383,0.05501882735463199,0.00062863133318554571,0.0075504253612603146,0.3050805342643208
11.800000000000001,14.910598999999999,0.0034825017238339809,0.082490118787142394,-0.013300300436181134,0.00070193270459451007,-0.0089483360653991491,-0.0045072728192963605,0.05483986567392652,0.0006272881374430689,0.0074602799048743874,0.30458053426432086
11.82,11.423588000000001,0.0034896244131230954,0.082526214999687791,-0.012864114868700982,0.001491802188345881,-0.0090763549717500173,-0.0042311932809887647,0.054658343568846288,0.0006259415875827422,0.0073756560392546121,0.3040805342643208
11.84,14.013025000000001,0.0035347175641153804,0.082560530144657682,-0.01272875394604267,0.0017201916888254232,-0.0091974638639828483,-0.0039515227502797592,0.054474399241524016,0.00062459212188694855,0.0072966255842490165,0.30358053426432086
11.859999999999999,12.842129999999999,0.0035941721534124434,0.082594203715147516,-0.013686559265461584,9.3327006932764078e-05,-0.0092684720567428464,-0.003668559669720016,0.05428903468547612,0.00062324636269061695,0.0072232543908546162,0.3030805342643208
11.880000000000001,12.785553999999999,0.0035895392243562455,0.082631113747659898,-0.013717333790741471,-5.7367583746747997e-05,-0.0093832360575192928,-0.0033866350015175034,0.054101374814246254,0.00062189717981136442,0.0071555216908242665,0.30258053426432086
11.9,13.682804000000001,0.0035876650926967308,0.082668046290391262,-0.013865193861378855,-0.00025293185293029374,-0.0094496850928391298,-0.0030451162826127297,0.053912385909655844,0.00062055059774992712,0.0070946193651720115,0.3020805342643208
11.92,12.640321999999999,0.0035868769529361702,0.082705108440271055,-0.013410782886109418,0.00055237519460704654,-0.0095624801453189096,-0.0027864917654483964,0.053721141082138317,0.0006191990950168547,0.0070388895298630436,0.30158053426432085
11.94,8.0624819999999993,0.0036256497116678678,0.082740346701299136,-0.014058484440630403,-0.00056093847119664808,-0.009670789246664941,-0.0024738329711584822,0.05352773005505107,0.0006178424585809387,0.0069894128704398742,0.3010805342643208
11.960000000000001,10.995976000000001,0.003622894199036871,0.082777694685762127,-0.013576095666531063,0.00026302104297593054,-0.0097754383045637015,-0.0022525016403193115,0.053332226033696549,0.00061648038195180046,0.0069443628376334877,0.30058053426432085
11.98,9.1060850000000002,0.0036589581326303988,0.082813199325757383,-0.014207664332340109,-0.00080688411357954237,-0.0098785810442114132,-0.0020461221522639376,0.053134659148626008,0.00061511242641678265,0.0069034403945882087,0.3000805342643208
12,11.413653,0.0036531961124470769,0.082850821879714515,-0.013722135422723492,4.9312072682106134e-05,-0.0099792171606356977,-0.0018557806434696183,0.052935079535704033,0.00061373832250317863,0.0068663247817188165,0.29958053426432085
12.02,8.9759700000000002,0.0036874702039714304,0.082886592936125256,-0.014332958277438634,-0.0010455744352051433,-0.010033980788887901,-0.0016812831267247869,0.052734404627431626,0.00061236377582475176,0.0068326991191843206,0.2990805342643208
12.040000000000001,11.821655,0.0036805636351556832,0.082924476465487174,-0.014424035387147538,-0.0010960275981948264,-0.010072149349074159,-0.0015229141137917662,0.052532966321755199,0.00061099045494695289,0.0068022408369084854,0.29858053426432085
12.06,10.529006000000001,0.003675003013307795,0.082962464198399463,-0.01448771213170108,-0.0011533574187039264,-0.010185064500143184,-0.0013169229843469901,0.052329269726182626,0.00060960752292629609,0.006775902377221546,0.2980805342643208
12.08,8.6765720000000002,0.0036719224183374673,0.083000463629654117,-0.014494602738860163,-0.0012355185427384008,-0.010289183063103833,-0.0011073654382847929,0.052123490773531934,0.0006082154423215655,0.0067537550684558505,0.29758053426432085
12.1,8.9659420000000001,0.0036695494168106951,0.083038423602991004,-0.014542635494772194,-0.0011498190517786888,-0.010394992109352777,-0.001030016175775997,0.051915595658364816,0.00060681348973616546,0.0067331547449403307,0.29708053426432079
12.120000000000001,9.133972,0.0036693718390450837,0.083076422804952185,-0.014597755942137747,-0.0011232997809913492,-0.010452914896050488,-0.00096860343023313228,0.05170654208566948,0.00060540790340137928,0.0067137826763356678,0.29658053426432085
12.140000000000001,9.9145970000000005,0.0036694297004491146,0.083114496508542982,-0.014625746773437642,-0.0010547652321013512,-0.010558164328162832,-0.00092539041160266222,0.051495383545057859,0.00060399216367745183,0.0066952748681036144,0.29608053426432079
12.16,10.485317,0.0036716597745158805,0.083152596123270917,-0.014156767259737024,-0.00016693331149508772,-0.010613288452943289,-0.00082609283511980583,0.051283122521835867,0.00060257275009933118,0.0066787530114012185,0.29558053426432085
12.18,11.135513,0.0037097610257301773,0.083188921198616469,-0.014723996418561036,-0.0010821613924900664,-0.010714696364370363,-0.00081446005256429214,0.051068833362250994,0.00060114328982674285,0.0066624638103499325,0.29508053426432079
12.200000000000001,9.2384679999999992,0.0037070870648807899,0.083227300459510101,-0.014735387119020005,-0.0010917312170606319,-0.010766106528819363,-0.00074336851802263119,0.050853515999903787,0.00059971032513872653,0.0066475964399894802,0.29458053426432085
12.220000000000001,10.085863,0.0037034707563413072,0.083265718089878524,-0.014763174383194855,-0.00099377780989362563,-0.010862470970733248,-0.00075497378128960564,0.050636271369758894,0.00059826778944813293,0.0066324969643636877,0.29408053426432079
12.24,10.780288000000001,0.0037012814272139338,0.083304161122021478,-0.014785121211828289,-0.00093752251820267141,-0.01095664515970724,-0.00070328495011244281,0.050417143276161001,0.00059681594288358577,0.0066184312653614387,0.29358053426432085
12.26,11.139913999999999,0.0036993920755547579,0.083342616372213366,-0.014274093007168309,9.4482695965680819e-05,-0.011046600909864899,-0.00073488228741733805,0.050196216086018923,0.00059535535373667081,0.0066037336196130923,0.29308053426432079
12.280000000000001,9.0257939999999994,0.0037349372380237099,0.083379252736289447,-0.014830843779955138,-0.00079732475887905885,-0.011128102727488752,-0.00076815329836106084,0.04997365887305575,0.00059388733347748779,0.006588370553645871,0.29258053426432085
12.300000000000001,10.158087,0.0037285997395276873,0.083417921407116152,-0.014823538218153409,-0.00068596986371938229,-0.011205373318780838,-0.00080349380133082739,0.049749556258680799,0.00059241264177738011,0.0065723006776192546,0.29208053426432079
12.32,9.7993260000000006,0.0037228550538602008,0.083456595545397944,-0.014814569755693174,-0.00059248194420846723,-0.011279418355875561,-0.00084258619646641441,0.049523972751221494,0.00059093191860849748,0.0065554489536899267,0.29158053426432085
12.34,11.297442,0.0037182976657736851,0.083495250916631208,-0.014831985269818104,-0.00047253130256752485,-0.011348335665832246,-0.00087292737842903628,0.049297010901731782,0.00058944604177379621,0.0065379904061213462,0.29108053426432079
12.359999999999999,10.504642,0.003715729838793173,0.08353392525076897,-0.014871641059911123,-0.00039056675146387221,-0.011371870451154589,-0.00089939852441010381,0.04906957834026901,0.0005879611142942272,0.0065200024356331446,0.29058053426432084
12.380000000000001,10.050217999999999,0.0037135204517373035,0.083572669899811491,-0.014876198471750257,-0.00028885077507956325,-0.011439578168745518,-0.00091917642909231459,0.048840791626189151,0.00058647150626618834,0.0065016189070512985,0.29008053426432079
12.4,9.8432309999999994,0.0037126433674813737,0.083611429048234417,-0.014886391157842738,-0.00025399966088723858,-0.011501431765490133,-0.00087282835257669698,0.048610767839593207,0.00058497796599091397,0.0064841623399997644,0.28958053426432084
12.42,10.343408,0.0037118412573048489,0.083650192330132225,-0.014891041404458516,-0.00016817969822602308,-0.011559363281734668,-0.00089630017573406092,0.048379585420575286,0.00058348099282241731,0.0064662363364850831,0.28908053426432079
12.44,11.885930999999999,0.0037114806698631503,0.083688971053362662,-0.014899910558487162,-8.2731818191517092e-05,-0.01161328683610738,-0.00091897620957050771,0.048147324525816312,0.00058198125256437596,0.0064478568122936725,0.28858053426432084
12.460000000000001,11.511537000000001,0.0037123575149860259,0.08372777551837074,-0.014925236144048615,-5.000740521587943e-05,-0.011619881719136662,-0.00093305133732249346,0.047914931708394858,0.00058048496462165407,0.0064291957855472223,0.28808053426432079
12.48,13.475628,0.0037128448814285754,0.083766638328285667,-0.013933302114922386,0.0017832052938298038,-0.011671488380666444,-0.00094211989498849276,0.047681506750994543,0.00057898640842528326,0.006410353387647452,0.28758053426432084
12.5,8.7703749999999996,0.0037848753700278417,0.08380201413970649,-0.013998982556711281,0.001582040914761107,-0.011717321509897854,-0.00087521106564233497,0.047447165122597001,0.00057748622626488757,0.0063928491663346057,0.28708053426432079
12.52,10.092934,0.0038465778698736626,0.08383771224271587,-0.014067147420037451,0.0014401621550494959,-0.01175782356063706,-0.0008777205529682218,0.047212013443430623,0.00057598498062821999,0.0063752947552752409,0.28658053426432084
12.540000000000001,8.0251409999999996,0.003899148626300425,0.083873743407519172,-0.015169538825407836,-0.00054531705079674531,-0.011795693448118743,-0.00087193445598670813,0.04697610435563384,0.00057448302733760157,0.0063578560661555067,0.28608053426432078
12.56,10.379268,0.0038680947303920063,0.083913736972619918,-0.01509754130933938,-0.00046893481362508815,-0.011833019559051531,-0.00085968652659505231,0.046739448734692893,0.00057298041926725314,0.0063406623356236057,0.28558053426432084
12.58,11.613217000000001,0.0038413913007424366,0.083953588748659685,-0.014320784218851079,0.0010433547185331182,-0.011866977121650506,-0.00083945492913827229,0.046502113950618817,0.00057147753177202954,0.0063238732370408399,0.28508053426432078
12.6,11.15859,0.0038750315028694658,0.083990633628031025,-0.015160814130052547,-0.00042455993791845614,-0.011898366164745631,-0.00081452348040608974,0.046264151373378422,0.00056997460487628827,0.006307582767432718,0.28458053426432084
12.620000000000001,12.40762,0.003849396446303261,0.084030597143675403,-0.01515396304910499,-0.00032165284741769717,-0.011926989541418189,-0.00078374845713371838,0.046025616315973773,0.00056847187489404358,0.0062919077982900437,0.28408053426432078
12.640000000000001,12.464623,0.0038278046414016321,0.084070480222798297,-0.014244609498712868,0.001383932271005639,-0.011953470642428599,-0.0007523872933387259,0.045786551623951358,0.00056696948080806791,0.0062768600524232693,0.28358053426432084
12.66,11.022736,0.003874586453149084,0.084107119813758277,-0.015207948758494405,-0.00034745308245365258,-0.011979374259899353,-0.00071675346406709268,0.045546968847715474,0.00056546735078602875,0.0062625249831419275,0.28308053426432078
12.68,11.248234,0.0038523720576710396,0.084147153891932863,-0.01521294591375677,-0.00036501431932944861,-0.011921307493874312,-0.00067714629012309124,0.045308547363161145,0.00056397582528799851,0.0062489820573394658,0.28258053426432084
12.700000000000001,9.6671399999999998,0.0038336528596906137,0.084187161844623465,-0.014734369291435789,0.00056250247821587607,-0.011874450745385189,-0.00063767089554573394,0.0450710629757263,0.00056249328472252806,0.0062362286394285508,0.28208053426432078
12.720000000000001,9.9189059999999998,0.0038566911549679306,0.084225358913227216,-0.015348857144704686,-0.00056378557385827754,-0.011837883877541063,-0.00046677261551288584,0.044834309895089269,0.00056101792438184681,0.0062268931871182929,0.28158053426432084
12.74,10.074184000000001,0.0038392189983822572,0.084265536318644682,-0.01531922233552685,-0.00059313666069082949,-0.011895417879864397,-0.0003214566005065957,0.044596406145069156,0.0005595372687815899,0.0062204640551081613,0.28108053426432078
12.76,10.014098000000001,0.0038246993753707176,0.084305577421200831,-0.015336911827947275,-0.00060917145881900225,-0.011941277060344009,-0.00019576196423827717,0.044357585221518017,0.00055805214018829431,0.0062165488158233955,0.28058053426432084
12.780000000000001,9.9207959999999993,0.0038131913633478263,0.084345545445236952,-0.015315267427689627,-0.00057646131005073542,-0.011918817080078007,-0.00022313508397422374,0.044119213482679623,0.0005565708034597969,0.0062120861141439108,0.28008053426432078
12.800000000000001,11.092638000000001,0.003802997883763491,0.084385460960414493,-0.014802467420821031,0.00045694365036363926,-0.011967520774577349,-0.00024318415019760402,0.043879867681826064,0.00055508452968136232,0.0062072224311399589,0.27958053426432083
12.82,8.8004719999999992,0.0038321069485218831,0.084423542270753466,-0.015348274075075441,-0.00056292541022529008,-0.01201077927927257,-0.0001514661904028554,0.043639656721674025,0.00055359383152364476,0.0062041931073319014,0.27908053426432078
12.84,10.013673000000001,0.0038213476939707156,0.084463518100481652,-0.015363897575588537,-0.00052699651291843175,-0.011975101835364878,-0.00017283792119044487,0.043400159291841739,0.00055210833811332699,0.0062007363489080926,0.27858053426432083
12.859999999999999,9.7161310000000007,0.0038108729923016678,0.084503507503194894,-0.015362078388312606,-0.00046171484990931155,-0.012022028955494703,-0.00018532989671025377,0.043159723332320057,0.00055061788462840589,0.0061970297509738878,0.27808053426432078
12.880000000000001,10.554871,0.0038032488613627524,0.08454344912427332,-0.014835272005370492,0.00042480847292214463,-0.012064660978873943,-7.2413720361812382e-05,0.042918434744858215,0.00054912276766472018,0.0061955814765666519,0.27758053426432083
12.9,11.769740000000001,0.0038332787167917677,0.084581530178303221,-0.015406161817875907,-0.00053204531657424781,-0.012063758612458111,-9.318694705590825e-05,0.042677164201902831,0.0005476281620727081,0.0061937177376255341,0.27708053426432078
12.92,11.703621,0.0038217992640955708,0.084621570384228684,-0.015342112017144416,-0.00047482977667412385,-0.012113356174868233,-0.00011392012836800806,0.04243490172362395,0.00054612791347231611,0.0061914393350581739,0.27658053426432083
12.94,11.441699,0.0038120890663514168,0.084661503155369439,-0.015351789398102555,-0.00044667590220370812,-0.012155549864825423,-6.5567050355293114e-05,0.042191795385024579,0.00054462287549525369,0.0061901279940510682,0.27608053426432078
12.960000000000001,12.607172,0.0038033915202235957,0.084701383280374812,-0.015303334672341129,-0.00038014432679789323,-0.012194964259060531,-0.00010258192113502536,0.041947900771107778,0.00054311336753588672,0.0061880763556283677,0.27558053426432083
12.98,8.4005109999999998,0.0037961304788616777,0.084741174083118612,-0.015302271992713945,-0.00026516010914723331,-0.012228651264848567,-0.00013938366223652433,0.041703332426317116,0.00054160028152794271,0.0061852886823836372,0.27508053426432078
13,12.622354,0.003790933560743317,0.084780932088764846,-0.015312889398313989,-0.00021755941932033451,-0.012216893219866713,-0.0001750129411178945,0.0414589992331744,0.00054008941855179749,0.0061817884235612795,0.27458053426432083
13.02,13.917890999999999,0.0037860955128874536,0.084820694352979495,-0.015299444947028062,-0.00014517292908555746,-0.012251089267012657,-0.00020598305846223521,0.041213982126393309,0.00053857526005644904,0.0061776687623920348,0.27408053426432077
13.040000000000001,13.737059,0.0037826875350846826,0.084860408905143292,-0.015287621131070295,-0.00014239669508886443,-0.012283138399926686,-0.00015947856050513293,0.040968324043646656,0.00053705803827344754,0.0061744791911819323,0.27358053426432083
13.06,13.215495000000001,0.0037793480611068206,0.084900070136732189,-0.01526944979511824,-8.0747429773042612e-05,-0.012311824964635489,-0.0001904491459830074,0.040722092235227887,0.00053553813473936746,0.0061706702082622725,0.27308053426432077
13.08,13.777265999999999,0.003777320952274614,0.084939693166784153,-0.015278954452890625,-5.6915136842583536e-05,-0.012294418824314601,-0.00021682212643148803,0.040476208536804364,0.00053402138141932405,0.0061663337657336427,0.27258053426432083
13.1,14.05381,0.0037749928602940856,0.084979331246250719,-0.015262654484415661,-1.0361015220450298e-05,-0.012325590763795016,-0.00023674577850504679,0.040229701404557831,0.00053250190051747613,0.0061615988501635419,0.27208053426432077
13.120000000000001,13.58832,0.0037736028485878793,0.085018927953902715,-0.015255812176941719,-1.9985890672424844e-05,-0.012348383002101646,-0.00019062977443469559,0.039982738429701292,0.00053098066528100641,0.0061577862546748482,0.27158053426432083
13.140000000000001,13.543767000000001,0.0037719091665103484,0.085058493842855284,-0.015248491095946282,2.0342424788433178e-05,-0.012369683913016891,-0.00021736012311910971,0.039735349438493238,0.00052945781524196334,0.0061534390522124663,0.27108053426432077
13.16,13.599629,0.0037705254798073391,0.085098040619862009,-0.015233862767490169,6.1122205919250661e-05,-0.012384874158904303,-0.00023820770441227991,0.039487656641179675,0.00052793422351801451,0.0061486748981242206,0.27058053426432083
13.18,15.753714,0.0037692965979714103,0.085137563703360328,-0.015224107761536265,8.8553045669348407e-05,-0.01239845421349417,-0.00025567049252599205,0.039239692240382471,0.00052641018581290342,0.0061435614882737006,0.27008053426432077
13.200000000000001,13.933141000000001,0.0037682299152787578,0.085177067927242639,-0.015215177384053424,0.00010948835283075553,-0.012411543693579944,-0.00026716014254586683,0.038991466046954901,0.00052488583693065098,0.0061382182854227835,0.26958053426432083
13.220000000000001,14.072791,0.0037673746348129257,0.085216549354362597,-0.014700916961341348,0.0010516595342422441,-0.012422217873225011,-0.00026951707746434986,0.03874302636577541,0.00052336151039655387,0.0061328279438734963,0.26908053426432077
13.24,13.245779000000001,0.0038028828645887192,0.085254275482418332,-0.015239424485845032,3.5505695470838816e-05,-0.012430851865549982,-0.00026824611870063139,0.038494413999800275,0.00052183746133369774,0.0061274630214994833,0.26858053426432082
13.26,15.101293999999999,0.0037966420067193475,0.085293901673119857,-0.015211285871186142,3.2404802088992213e-05,-0.012437129506938557,-0.00026176744883124814,0.038245676075278165,0.00052031396096328822,0.0061222276725228586,0.26808053426432077
13.280000000000001,16.871196999999999,0.0037906375240947887,0.085333482404679223,-0.014441201543354154,0.0014463402878555076,-0.01244355744903404,-0.00025549858471563913,0.037996809586444205,0.00051879096049657224,0.0061171177008285463,0.26758053426432082
13.300000000000001,15.126379999999999,0.0038402212591864913,0.085370424284575211,-0.015279500328920337,-8.7350155753673775e-05,-0.012448003742119825,-0.00024512481474584928,0.037747854165789581,0.00051726866216515689,0.0061122152045336295,0.26708053426432077
13.32,14.401961999999999,0.0038275409321402594,0.08541024951567236,-0.015228193564375658,-9.8519131190633047e-05,-0.012451442929958648,-0.0002336705523914089,0.037498829955376206,0.00051574713556299745,0.0061075417934858016,0.26658053426432082
13.34,14.149283,0.0038159138188882378,0.085449981562686003,-0.015252676251905295,-9.282373322783144e-05,-0.012453936711459982,-0.00021954452712056544,0.037249755863369136,0.00051422643307002299,0.0061031509029433901,0.26608053426432077
13.359999999999999,13.83681,0.0038062562290899927,0.08548969411185002,-0.0152203871030967,-9.2691977445547025e-05,-0.012454980426197767,-0.0002070214282384415,0.037000660890971274,0.00051270666568737592,0.0060990104743786216,0.26558053426432082
13.380000000000001,13.414243000000001,0.0037984032393806673,0.085529322906697333,-0.015217437209681051,-5.4853127116061273e-05,-0.012455119244292406,-0.00019234950948079324,0.036751563136195604,0.00051118787619005299,0.0060951634841890055,0.26508053426432077
13.4,14.232559999999999,0.0037921252330141075,0.085568902804964306,-0.015210810812129605,-4.3795372782984288e-05,-0.012454511541410735,-0.00017563264940446049,0.036502477529664741,0.00050967007738719956,0.0060916508312009159,0.26458053426432082
13.42,10.721278,0.0037879061914013056,0.085608437475147139,-0.014719621125923732,0.0008562078830469666,-0.012411777461421017,-0.00015797638794862564,0.036254246583821967,0.00050815831459595636,0.0060884913034419431,0.26408053426432077
13.44,14.63383,0.0038201976088079181,0.085646249651247036,-0.015247771579272262,-0.00017651022975662123,-0.012417504429804783,-0.00013991513073317218,0.036005901096231197,0.00050664659405627382,0.0060856930008272797,0.26358053426432082
13.460000000000001,14.389248,0.0038119668149665439,0.085685896505783177,-0.015238554663646209,-0.00022223160318657342,-0.012420348848405123,-5.4167850961696777e-05,0.035757498718388153,0.0005051350093407056,0.0060846096438080454,0.26308053426432076
13.48,10.051423,0.0038051517121624151,0.08572550072209309,-0.015255774353926776,-0.00027971507424551234,-0.012359734280217532,-4.8123678370820339e-05,0.035510308607925374,0.00050363105441054914,0.0060836471702406291,0.26258053426432082
13.5,9.4911220000000007,0.0037984711646623145,0.085765105005413414,-0.015258586421812881,-0.00024920931045180339,-0.012373966854568154,-4.2691028805103927e-05,0.035262833849876697,0.00050212559237835521,0.0060827933496645269,0.26208053426432076
13.52,10.233681000000001,0.0037939460074640332,0.085804674687180213,-0.014754905207428837,0.0006120499166248905,-0.01238256348738013,6.569976906515727e-05,0.035015187162699642,0.00050061902746801115,0.0060841073450458296,0.26158053426432082
13.540000000000001,9.8294870000000003,0.0038256478741587941,0.085842484009101605,-0.01528284630388077,-0.0003931909785046539,-0.012392306633957715,5.5133270977344989e-05,0.034767345618018843,0.00049911097765153621,0.0060852100104653766,0.26108053426432076
13.56,8.8296150000000004,0.0038161883574774741,0.085882132558376345,-0.01525051641592623,-0.00037007744776218487,-0.012398424069348326,4.4423756046527966e-05,0.034519381728397323,0.00049760193652405088,0.0060860984855863071,0.26058053426432082
13.58,8.8450989999999994,0.0038075781142632653,0.085921715924246383,-0.015242287530195631,-0.00035052265128787674,-0.012403686160151249,3.4812468793465376e-05,0.034271312600104853,0.00049609205837460111,0.0060867947349621766,0.26008053426432076
13.6,10.851433,0.0038002777982440584,0.085961251145206113,-0.015238224154617286,-0.00032306546813187786,-0.012407877063808271,2.5822972842841486e-05,0.034023159656207627,0.00049458151960544029,0.0060873111944190336,0.25958053426432082
13.620000000000001,10.858692,0.0037950551640623313,0.086000738281212019,-0.015251157999778941,-0.00033236580124618165,-0.012371353075069001,2.0170599595970949e-05,0.033775737179245015,0.00049307531347946335,0.0060877146064109528,0.25908053426432076
13.640000000000001,9.0454799999999995,0.0037902421593930175,0.086040207648898859,-0.015233543467414901,-0.00029834652592786171,-0.012381817853040152,1.5686134510453294e-05,0.033528105411141533,0.00049156774447927276,0.0060880283291011618,0.25858053426432082
13.66,9.8420749999999995,0.0037867931663213479,0.086079636346364508,-0.015224828337105256,-0.00034403854824760494,-0.012390477295691881,7.7242831519537094e-05,0.033280300458796444,0.00049005889085153743,0.0060895731857315526,0.25808053426432076
13.68,9.8738089999999996,0.0037833313782603432,0.08611900637812385,-0.014703874163114028,0.00061775504976857576,-0.012399681135308652,5.9426965557036062e-05,0.033032311435135103,0.00048854857749771805,0.0060907617250426935,0.25758053426432082
13.700000000000001,8.4899349999999991,0.0038165531998731175,0.086156634082953196,-0.015232760156341341,-0.0003839475418758731,-0.012408192861209158,3.9405363656824834e-05,0.032784152181606574,0.00048703698213201497,0.0060915498323158299,0.25708053426432076
13.720000000000001,10.793533,0.003809004593219647,0.086196089631578654,-0.015227376594310726,-0.00038054885339056099,-0.012374531736200123,1.6459158403731531e-05,0.032536666138931448,0.00048552934918718162,0.0060918790154839047,0.25658053426432081
13.74,11.664918999999999,0.0038013496611901702,0.086235535489361498,-0.015205487512752192,-0.00036260467368354199,-0.012387555164992414,-2.7967550467963412e-06,0.032288919632719522,0.00048402009570385428,0.0060918230803829691,0.25608053426432076
13.76,10.151679,0.0037952866834553203,0.086274912452789634,-0.015212246584085709,-0.00038008195369343412,-0.012396620650742559,4.2098626554054586e-05,0.032040991820750465,0.0004825096402753109,0.0060926650529140505,0.25558053426432081
13.780000000000001,11.477460000000001,0.0037897044858220034,0.086314247429882432,-0.015193115297204574,-0.00033543809648972633,-0.012404102150877238,1.0690167919413035e-05,0.031792914382353363,0.00048099814231282109,0.0060928788562724387,0.25508053426432076
13.800000000000001,10.145776,0.0037850358118163507,0.086353526746656223,-0.015182144686743726,-0.00028987838149374667,-0.012410500197255508,-1.702910570349063e-05,0.031544708985307902,0.00047948588045198978,0.0060925382741583685,0.25458053426432081
13.82,9.6116320000000002,0.0037810975516383723,0.086392763810206968,-0.015152892168322718,-0.00026633564602196458,-0.012417317785291711,-4.1554173269311431e-05,0.031296367238146092,0.00047797293333149603,0.0060917071906929823,0.25408053426432076
13.84,8.8820169999999994,0.0037777600505569595,0.086431927695281172,-0.015140474433267159,-0.00023376798033880597,-0.012422006817250319,-6.2511121352436982e-05,0.031047931710510478,0.0004764596734265355,0.0060904569682659337,0.25358053426432081
13.859999999999999,8.3588100000000001,0.003774875007516634,0.086471056978260449,-0.015131260198607221,-0.00021011790640979022,-0.012425510769465664,-8.2812768869248087e-05,0.030799426102931078,0.00047494634780501831,0.0060888007128885487,0.25308053426432076
13.880000000000001,9.2405100000000004,0.0037731881636672853,0.086510152021042855,-0.015140918158867422,-0.00022591692946538622,-0.012385926977815091,-9.9335860339819904e-05,0.030551712153758341,0.00047343829437324981,0.0060868139956817523,0.25258053426432081
13.9,9.5352560000000004,0.0037710822900180138,0.086549248960526487,-0.015124267866194252,-0.00020773975196841654,-0.012393699076803438,-0.00011814488310031453,0.030303842762205078,0.00047192983371469082,0.0060844510980197462,0.25208053426432075
13.92,9.9615340000000003,0.0037697737226903847,0.08658830248624097,-0.015114720955676675,-0.00024722277650202074,-0.012400250284445512,-6.5485888139779277e-05,0.030055842346154157,0.00047042103110127873,0.0060831413802569503,0.25158053426432081
13.94,9.9322769999999991,0.0037680926949278265,0.086627309303804384,-0.015093217165655703,-0.00023484678542717852,-0.012404348981762604,-8.9366702284482465e-05,0.029807759955337028,0.00046891211394016339,0.0060813540462112603,0.25108053426432075
13.960000000000001,12.44807,0.0037664959922085396,0.086666264509983701,-0.015085862544783724,-0.00020902902894115449,-0.012408591212583099,-0.00011147817925803563,0.029559592718441725,0.00046740317916744555,0.0060791244826260997,0.25058053426432081
13.98,10.868793,0.0037650321802964763,0.086705194310536665,-0.014569769165531432,0.00074165656933256052,-0.012410838672674077,-0.00013087029765102508,0.029311380529518656,0.00046589457263296482,0.0060765070766730794,0.25008053426432075
14,11.674937999999999,0.0037999079898898458,0.086742423187883555,-0.015096384881391534,-0.0002843117971489395,-0.012411960823404672,-0.00015030420262282491,0.029063145893754277,0.00046438652766730618,0.0060735009926206228,0.24958053426432078
14.02,9.5592500000000005,0.0037929729351953282,0.086781450876094346,-0.015079966715790705,-0.00026233394671693055,-0.012410570736628431,-0.00016523857279170947,0.028814939054455646,0.00046287943479500612,0.0060701962211647887,0.24908053426432078
14.040000000000001,9.6940190000000008,0.0037863444230445513,0.086820467157338668,-0.015087623265329753,-0.0002698865356485225,-0.012408301335884976,-0.00017589308000723469,0.028566777597196429,0.00046137346406743953,0.0060666783595646444,0.24858053426432078
14.06,10.096717999999999,0.0037806733121881981,0.086859440221319847,-0.015036671729221518,-0.00028817423340243842,-0.012405503582396008,-0.0001841489108889202,0.028318672088557401,0.000459868726181624,0.0060629953813468663,0.24808053426432078
14.08,9.1826369999999997,0.0037758058944630819,0.086898320029272835,-0.015044190912001709,-0.00024603328392913681,-0.012403778629007878,-0.00018949946824012168,0.028070601072731745,0.00045836512443906319,0.0060592053919820638,0.24758053426432078
14.1,8.6414489999999997,0.0037717893131874354,0.086937171959870121,-0.015040047927177946,-0.00023652508541971429,-0.012400860718790759,-0.00019278132774507646,0.027822588408293668,0.00045686282451404828,0.0060553497654271624,0.24708053426432078
14.120000000000001,8.6496220000000008,0.0037684418707006027,0.086975989335855708,-0.015029256392059986,-0.00023700500423684545,-0.012397452186079782,-0.00019700845747038637,0.027574643907406885,0.00045536190397740968,0.0060514095962777544,0.24658053426432078
14.140000000000001,9.5745360000000002,0.0037656641322152836,0.087014759273611561,-0.015019901425387783,-0.00023334259416296632,-0.012392621340468798,-0.00019963830075224752,0.027326796015713056,0.00045386255137666842,0.0060474168302627092,0.24608053426432078
14.16,10.288798999999999,0.0037632812472248671,0.0870534905598363,-0.015007918810679977,-0.00023406315477259021,-0.012387671512638228,-0.00020498532998387112,0.027079047112702152,0.00045236480009394636,0.0060433171236630315,0.24558053426432078
14.18,14.225857,0.0037620148346758468,0.087092180638609462,-0.014137693134277263,0.0013769783732850982,-0.012340880294277429,-0.00020908758684016858,0.02683223401078174,0.00045087372816468791,0.0060391353719262278,0.24508053426432078
14.200000000000001,10.961465,0.0038238577392891919,0.087127987667930631,-0.014126344572858218,0.0012878148977579773,-0.01234198136033769,-0.00021104227897089639,0.026585398881679153,0.00044938356022853856,0.0060349145263468096,0.24458053426432078
14.220000000000001,10.764684000000001,0.0038810990707984238,0.087163844025394288,-0.015144978615559301,-0.00071714210942674939,-0.012341625167862854,-0.00014341401102531984,0.026338570871015956,0.00044789431019638502,0.0060320462461263035,0.24408053426432078
14.24,10.098727999999999,0.0038590184084127629,0.087203067082033903,-0.015079757916767744,-0.00069986825414147802,-0.012341932792538535,-0.00015505187219336464,0.026091736703527314,0.00044640575975927918,0.0060289452086824359,0.24358053426432077
14.26,10.674496,0.0038391867996636422,0.0872421735679903,-0.015083443804833285,-0.00067186489104287261,-0.012338029769314042,-0.00016434275770658182,0.025844980590332169,0.00044491846818838458,0.0060256583535283044,0.24308053426432077
14.280000000000001,10.651513,0.0038226190499646784,0.087281196552648765,-0.015051097888496789,-0.00063673805722141985,-0.012335134909058881,-0.0001735936883524708,0.025598282368266962,0.00044343235926250023,0.0060221864797612547,0.24258053426432077
14.300000000000001,9.5657770000000006,0.0038090186506417557,0.087320108092579563,-0.015041117490043443,-0.0005610385251377803,-0.012332190425812264,-0.00018359153148519519,0.025351643029492887,0.00044194748604049804,0.0060185146491315506,0.24208053426432077
14.32,9.2842490000000009,0.0037979603144966691,0.087358944311325293,-0.015018268484385144,-0.00052717996597873018,-0.012328655881688511,-0.00018987371038886502,0.025105074374778033,0.00044046395924803153,0.0060147171749237735,0.24158053426432077
14.34,11.395864,0.003788940894055379,0.087397689299977058,-0.014998810498887294,-0.00050032443983782926,-0.012324708286523024,-0.0001950610801412782,0.02485858466483052,0.00043898185630061453,0.0060108159533209483,0.24108053426432077
14.359999999999999,12.62288,0.0037815575458165249,0.08743634516393442,-0.014994584678163503,-0.00046946429520855482,-0.012320173495044625,-0.0001999531179206548,0.024612185643222661,0.00043750127199387081,0.0060068168909625354,0.24058053426432077
14.380000000000001,12.135147,0.003776825304554476,0.08747494911063769,-0.014257411278783105,0.0009000106065542024,-0.012244704489591194,-0.00020426598957663691,0.024367295968529063,0.00043603074711138162,0.0060027315711710027,0.24008053426432077
14.4,10.402975,0.0038278070780681868,0.087511104885835925,-0.015083615492504809,-0.0006934933137483501,-0.012175871229228757,-0.00020835680969517547,0.024123782928191825,0.00043456949353328666,0.0059985644349770991,0.23958053426432077
14.42,11.490043,0.0038161845009757741,0.087549959257345614,-0.015037490134218845,-0.00077995752255621831,-0.012197502925771661,-9.4482057990729956e-05,0.023879837257280812,0.0004331063826491391,0.0059966747938172849,0.23908053426432077
14.44,13.116528000000001,0.0038055093053515209,0.087588689332437811,-0.015065721159374657,-0.00085291541203491583,-0.012211615396766535,5.6253362010815698e-06,0.023635609340724867,0.00043164179596340328,0.0059967873005413062,0.23858053426432077
14.460000000000001,15.257917000000001,0.0037953290403328647,0.087627371295870796,-0.014276887090505119,0.00063918495570280953,-0.012224615285361227,-4.7128391459892097e-05,0.023391121430463402,0.00043017575162025354,0.0059958447327121082,0.23808053426432077
14.48,9.1224670000000003,0.0038413660384568533,0.087663529048628647,-0.015048081136440961,-0.00086287925468853111,-0.012233658276229764,-9.5260059846401875e-05,0.023146452661547263,0.00042870897117105246,0.0059939395315151802,0.23758053426432077
14.5,10.050758999999999,0.003825533231933641,0.087702269949786901,-0.014998170492324103,-0.00080713553106659397,-0.012240975851692572,-0.00013828014524665494,0.022901637540324798,0.00042724188510732741,0.0059911739286102467,0.23708053426432077
14.52,11.060611,0.0038111303465304196,0.087740909115279861,-0.015004917109866178,-0.00076251804408866697,-0.012245685331467296,-0.00017599376511395011,0.022656728226586809,0.00042577500429655609,0.0059876540533079677,0.23658053426432077
14.540000000000001,9.8983799999999995,0.0037989845805923316,0.087779489790596674,-0.014959128972464208,-0.00073259335012454407,-0.012248326392197778,-0.00020577460060360064,0.022411766086982129,0.00042430874230750082,0.0059835385612958952,0.23608053426432077
14.56,9.8078149999999997,0.0037888357763340673,0.087817965119709698,-0.014959490128966801,-0.00064605810115936357,-0.012250355988333248,-0.00023118487087411902,0.022166763349776197,0.00042284330791568525,0.0059789148638784125,0.23558053426432077
14.58,9.5782570000000007,0.003781576718559164,0.08785638699925602,-0.014963765457259637,-0.00065834913874462941,-0.012191708138972164,-0.0002530145989911274,0.021922933541517437,0.000421386069826325,0.0059738545718985899,0.23508053426432077
14.6,10.859619,0.0037746282370841673,0.087894774486752092,-0.01491605540988683,-0.00063656773419662471,-0.01220671806658518,-0.00027119925473229268,0.021678803532422429,0.00041992831740891347,0.0059684305868039442,0.23458053426432077
14.620000000000001,9.9437090000000001,0.0037696195856824909,0.08793303889793283,-0.014913975686140613,-0.00067282257634460052,-0.012216439169344367,-0.00018816987597078378,0.021434479098039024,0.00041847052642760344,0.0059646671892845289,0.23408053426432077
14.640000000000001,9.7561689999999999,0.003764536044927849,0.08797123311244584,-0.014903388528822226,-0.00061590711625192363,-0.012227501538056592,-0.00022685252482912015,0.021189933414166001,0.00041701243029020676,0.0059601301387879465,0.23358053426432077
14.66,11.329924999999999,0.0037612730065721529,0.088009386305957421,-0.014919439167102144,-0.00061492678094876574,-0.012172742833135186,-0.00026938858646046099,0.020946482877724364,0.00041556207208033147,0.0059547423670587374,0.23308053426432077
14.68,10.517374,0.0037574845750296248,0.088047550936665012,-0.014879734319442672,-0.00058142078057743518,-0.012186739215105812,-0.00031454583695102959,0.020702752410136041,0.0004141114694553292,0.0059484514503197168,0.23258053426432077
14.700000000000001,11.298688,0.0037550440310552551,0.088085623708263353,-0.014891777858637156,-0.00061005525401758298,-0.01219523786742662,-0.0002478119127808352,0.020458851964352234,0.00041266122681827704,0.0059434952120640998,0.23208053426432076
14.720000000000001,9.1974769999999992,0.0037520902770336738,0.088123673235741926,-0.01484132822796902,-0.0005964151638777615,-0.012203437880409085,-0.00029507140406046439,0.020214787513333027,0.00041121133403096617,0.0059375937839828904,0.23158053426432076
14.74,9.8183369999999996,0.0037494072970484758,0.088161614550791828,-0.014832936337993208,-0.00054781413184024075,-0.012207059512582994,-0.00033524811256682003,0.019970650621811595,0.00040976254979929017,0.0059308888217315539,0.23108053426432076
14.76,10.287694,0.0037469503143057409,0.088199527000373507,-0.014821278072195132,-0.00051783178453490564,-0.01221034765771954,-0.00036960605595688032,0.019726447958336855,0.00040831509658958824,0.0059234967006124165,0.23058053426432076
14.780000000000001,11.615512000000001,0.003744678727023925,0.088237403093471847,-0.014798420189502171,-0.00050347128388450457,-0.012213656850843331,-0.00039958932144339274,0.019482179101032678,0.00040686913000238871,0.0059155049141835486,0.23008053426432076
14.800000000000001,11.538907,0.0037426701522604478,0.088275219231692945,-0.014786983240652973,-0.00048578655554276651,-0.012212720366061417,-0.00042134049353130044,0.01923792896123476,0.00040542527940716218,0.0059070781043129225,0.22958053426432076
14.82,12.084096000000001,0.0037407875547341022,0.088312995654866652,-0.014760949563597525,-0.00048693097740826197,-0.012211707165787128,-0.00044260428427860926,0.018993699072624357,0.00040398365860899624,0.00589822601862735,0.22908053426432076
14.84,12.866740999999999,0.0037390273189771548,0.088350700161888729,-0.014759461935276552,-0.00046477111274678684,-0.012209927035180335,-0.00046092235435234115,0.018749504772992313,0.00040254445431993032,0.0058890075715403029,0.22858053426432076
14.859999999999999,13.433821999999999,0.0037373234820424228,0.088388388558520159,-0.014745630386918895,-0.00045897677274786552,-0.012209642097856582,-0.00048072253539509067,0.01850531615846672,0.00040110758300644422,0.0058793931208324006,0.22808053426432076
14.880000000000001,13.572901,0.0037357994652926557,0.088426032506737334,-0.014735392708858708,-0.00045207299321758931,-0.012206128545539653,-0.00049510327165828419,0.01826119779976524,0.00039967350734936285,0.0058694910553992348,0.22758053426432076
14.9,13.357521999999999,0.0037343270326488328,0.088463640440963401,-0.014718828490620894,-0.00045422274543271968,-0.01220395526196961,-0.00050849644097618947,0.018017122891607656,0.00039824213656238714,0.0058593211265797109,0.22708053426432076
14.92,12.78593,0.0037329981364637786,0.088501199474714784,-0.014207897989431117,0.00049385903187859626,-0.012197861246728463,-0.00051858857175339111,0.017773169846977906,0.00039681398613200064,0.0058489493551446428,0.22658053426432076
14.94,12.626348,0.0037681006222414193,0.088537147332886618,-0.014734801120241059,-0.00055191399450738032,-0.012191689805739283,-0.00053012998739993889,0.017529340214096648,0.00039538911535302493,0.005838346755396644,0.22608053426432076
14.960000000000001,15.114765,0.0037612221165401576,0.088574791765778552,-0.014707822043261709,-0.00056109208333765537,-0.012185180745070011,-0.00053993973902384464,0.017285640744981033,0.00039396761305707511,0.0058275479606161671,0.22558053426432076
14.98,14.529937,0.0037546121589235011,0.088612378938410424,-0.014688824102600084,-0.00057881230050171872,-0.012177449155814514,-0.00054557382344916925,0.017042095889613536,0.00039254965642742523,0.0058166364841471833,0.22508053426432076
15,13.154560999999999,0.0037488270756866433,0.088649899812358282,-0.014691431057998972,-0.00057041468653240557,-0.012169554527211133,-0.00054865850650794067,0.01679870890865098,0.00039113528227664566,0.0058056633140170242,0.22458053426432076
15.02,12.582808,0.0037440237267911498,0.088687385331565727,-0.01468237134290129,-0.00057284019054137936,-0.012160315764747572,-0.0005504975201004814,0.016555506684298137,0.00038972465504831446,0.0057946533636150143,0.22408053426432076
15.040000000000001,11.021388,0.0037400324072927515,0.088724818944114242,-0.014169838213871522,0.00037985130846385218,-0.012151881267737114,-0.0005509273309152905,0.016312473131536512,0.00038831768307472168,0.0057836348169967083,0.22358053426432076
15.06,10.294858,0.0037730792866871635,0.088760640757517273,-0.01469188715003289,-0.00067021422475255221,-0.012143157766027647,-0.00055141337920116933,0.01606961403040174,0.00038691439826230923,0.0057726065494126851,0.22308053426432076
15.08,8.6086130000000001,0.0037645853422025415,0.088798129730191508,-0.014668097390081236,-0.00067967579740169093,-0.012134469058822348,-0.00055024943827251772,0.015826928685076531,0.00038551479110641377,0.0057616015606472351,0.22258053426432076
15.1,9.4404050000000002,0.0037566994458289246,0.088835561421633125,-0.014680846298949835,-0.00069351405650408537,-0.012125292660383442,-0.00054873628858498411,0.015584426849312879,0.00038411890743002221,0.005750626834875535,0.22208053426432076
15.120000000000001,9.8860159999999997,0.0037507829869880419,0.088872959294530249,-0.014171676198288186,0.00021857388811952205,-0.01207512217486198,-0.00054681511479660102,0.015342928391421935,0.00038273144520227791,0.0057396905325796032,0.22158053426432076
15.140000000000001,10.344706,0.0037816978936520201,0.08890876042278173,-0.014698148621279827,-0.00080364829691847994,-0.012073206366137955,-0.0005451733689922386,0.015101468233938998,0.00038134683982285521,0.0057287870651997587,0.22108053426432075
15.16,10.518238,0.0037720024728606178,0.088946228019501167,-0.014671606104958435,-0.00087375508257969692,-0.012069269415367376,-0.00047436796744753648,0.014860086800077473,0.00037996514693270012,0.0057192997058508081,0.22058053426432075
15.18,10.347906999999999,0.003762664489736541,0.088983599936618821,-0.014683070571641643,-0.00087243107545642573,-0.012064168699421807,-0.00048447801099928204,0.014618807365632014,0.00037858635147183431,0.0057096101456308229,0.22008053426432075
15.200000000000001,10.79477,0.0037547456764133267,0.089020928940451147,-0.014641840482387258,-0.00087444915367984599,-0.012059793256178052,-0.00049461468698790514,0.014377615425139403,0.00037721041756632234,0.0056997178518910646,0.21958053426432075
15.220000000000001,10.217741999999999,0.0037480657385995119,0.089058166154767554,-0.014647548282381351,-0.000825628964925329,-0.012055113293611872,-0.00050540039935071431,0.01413651706863296,0.00037583742863006288,0.0056896098439040499,0.21908053426432075
15.24,12.588487000000001,0.0037433075261625857,0.089095368303660702,-0.014653884399072448,-0.00084789782876826258,-0.012008856947909268,-0.00051488560304618273,0.013896343810097887,0.00037447215840618849,0.0056793121318431264,0.21858053426432075
15.26,15.321028,0.0037387715360701025,0.089132547663225065,-0.014626256174027796,-0.00083679751982734807,-0.012010064623514491,-0.00052394388308090953,0.01365614638426965,0.00037310924612496708,0.0056688332541815082,0.21808053426432075
15.280000000000001,14.749129999999999,0.0037355309120996366,0.089169652268546215,-0.014622062011248382,-0.00088751436828560237,-0.012009199623555693,-0.00046282020515401928,0.013415966244726034,0.00037174880201596967,0.0056595768500784282,0.21758053426432075
15.300000000000001,14.097367,0.0037322415984800766,0.089206690401727198,-0.014618175437201009,-0.00086730886755592707,-0.012009467206374148,-0.00048230893777548637,0.013175780740764387,0.00037039059765738968,0.0056499306713229183,0.21708053426432075
15.32,13.607908,0.0037301638577552313,0.089243684487017694,-0.01461471057444641,-0.0008962254374684786,-0.011967938237717845,-0.0005012476642499927,0.012936425789595562,0.00036903944418697197,0.0056399057180379188,0.21658053426432075
15.34,12.751766,0.0037276916249399856,0.089280652283399056,-0.014598525859372269,-0.00087781464243419371,-0.011973762191307974,-0.0005199911827624622,0.012696954347418006,0.00036769007878053911,0.0056295058943826694,0.21608053426432075
15.359999999999999,14.004784000000001,0.0037260634140313335,0.0893175660560417,-0.014589522750680595,-0.00091827820111589631,-0.011976824806901811,-0.00047090242241060827,0.012457421640538513,0.00036634274175138381,0.0056200878459344572,0.21558053426432075
15.380000000000001,12.695518,0.0037240107868441773,0.089354425675942678,-0.014573835496207055,-0.00090162850913633186,-0.01198052084298909,-0.00049962526578800593,0.012217815001037606,0.00036499731438409242,0.0056100953406186971,0.21508053426432075
15.4,8.8841490000000007,0.0037220995121053382,0.089391235819740983,-0.014557235118589529,-0.00087900042640209897,-0.011980463998040857,-0.00053164078797080178,0.011978209484555611,0.00036365436437084224,0.0055994625248592814,0.21458053426432075
15.42,8.9743650000000006,0.0037202690915505922,0.089428007502049336,-0.014543726484290809,-0.00086905867792586022,-0.011980881091371898,-0.0005615204338937531,0.011738595611671216,0.00036231398696937901,0.0055882321161814059,0.21408053426432075
15.44,10.559391,0.0037185300961980077,0.089464720748369572,-0.014527378549702652,-0.0008495090940436878,-0.011981776148572381,-0.00058964442001468477,0.011498963822507657,0.0003609762679890185,0.0055764392277811124,0.21358053426432075
15.460000000000001,10.510529999999999,0.003716912891664253,0.089501392775953897,-0.014518652825103451,-0.00083966616322439513,-0.011980314986027044,-0.00061241025122980809,0.011259361240078829,0.00035964159229574468,0.0055641910227565159,0.21308053426432075
15.48,8.6678739999999994,0.0037153726730404391,0.089538026522451714,-0.014503222817420114,-0.00083108025363798355,-0.011978656255764133,-0.00063535306950616576,0.011019791815107944,0.00035831009065382947,0.0055514839613663922,0.21258053426432075
15.5,9.3806480000000008,0.0037138947852176953,0.089574615337542796,-0.014488914107943063,-0.00082260518727217402,-0.011976844999462366,-0.00065602360222936755,0.010780258597531478,0.00035698188362022335,0.0055383634893218046,0.21208053426432075
15.52,10.311226,0.0037124301222239684,0.089611161413534479,-0.014475349284284844,-0.000814004861461326,-0.011974931104835797,-0.00067908302719737893,0.010540763639550295,0.00035565708634646703,0.0055247818287778574,0.21158053426432075
15.540000000000001,10.972803000000001,0.0037110377102524692,0.089647664311163763,-0.013967964398886479,0.00015426415075858735,-0.011971881390747544,-0.00069919750121645412,0.010301329656685686,0.00035433592653713012,0.0055107978787535287,0.21108053426432075
15.56,10.910935,0.0037461817516232093,0.08968262314468986,-0.01447585979264665,-0.00090042902396314517,-0.011968398879905598,-0.00072014352434194076,0.010061965304255438,0.00035301854843742463,0.0054963950082666897,0.21058053426432075
15.58,10.045585000000001,0.0037391940704758929,0.089719180700826809,-0.014452814895565935,-0.000897052259757114,-0.01196397863237264,-0.00073841032773937329,0.0098226893362548563,0.00035170514684914353,0.0054816268017119025,0.21008053426432075
15.6,10.476685,0.0037324021926481944,0.089755685966600385,-0.013942342066839641,7.8788937435847473e-05,-0.011958639760150358,-0.00075847000229985933,0.0095835201244656807,0.00035039591143721626,0.0054664574016659055,0.20958053426432074
15.620000000000001,11.089040000000001,0.0037631703868063549,0.089790634084763801,-0.014474023618940013,-0.0009743679320208809,-0.011952727997876413,-0.00077603557944471075,0.0093444691260983065,0.00034909099149752767,0.0054509366900770111,0.20908053426432074
15.640000000000001,11.762672,0.003752462236640081,0.089827193695771357,-0.014467946461819925,-0.00095296357018237465,-0.011946067863290668,-0.00079082912413340576,0.009105551308032497,0.00034779054218616988,0.005435120107594343,0.20858053426432074
15.66,10.28675,0.0037427458212515225,0.089863721633602067,-0.01445659643595032,-0.00095729109268738455,-0.011939359677495737,-0.0008039540753830601,0.0088667676309978505,0.00034649463120992155,0.0054190410260866817,0.20808053426432074
15.68,11.505077999999999,0.0037344900106564948,0.089900173829503979,-0.014407203599427043,-0.00096374482218908319,-0.011932058272980516,-0.0008148147474405518,0.0086281299589693085,0.000345203375728059,0.0054027447311378709,0.20758053426432074
15.700000000000001,11.895303,0.0037275341742302806,0.089936521268221978,-0.014414417171280891,-0.00092031711707596386,-0.011924315113028735,-0.00082426453954098525,0.0083896471267538523,0.00034391686711282126,0.0053862594403470514,0.20708053426432074
15.720000000000001,11.292234000000001,0.0037218068433103584,0.089972824643600069,-0.014406346289308036,-0.00091058321678616494,-0.011916235513821396,-0.00083248515366488203,0.0081513258629042542,0.00034263517858828277,0.0053696097372737533,0.20658053426432074
15.74,11.771818,0.0037178366504522337,0.090009079549202828,-0.014420884998675887,-0.00093524751615126078,-0.011867342723791226,-0.00083956297735587524,0.0079139824194050922,0.00034136271737936078,0.0053528184777266357,0.20608053426432074
15.76,10.021788000000001,0.0037139940360097954,0.090045317499993796,-0.014414252809561656,-0.00092985980993698369,-0.011865017207428316,-0.00084556164593451496,0.0076766854641601122,0.00034009450427030979,0.0053359072448079456,0.20558053426432074
15.780000000000001,11.479647999999999,0.0037113904978960687,0.090081509461040224,-0.01365853635208758,0.00045349496285429503,-0.011861034367487132,-0.00078043511466928471,0.0074394681439935474,0.00033883057401984379,0.0053202985425145595,0.20508053426432074
15.800000000000001,9.7709790000000005,0.0037641937920733118,0.090115412715805726,-0.014449226826533934,-0.0011517952219450844,-0.011815574265588292,-0.00079651404707036411,0.0072031599931337044,0.0003375752145277145,0.0053043682615731523,0.20458053426432074
15.82,10.750330999999999,0.0037532903485103832,0.090151724693312146,-0.014401731208912194,-0.0011501642512845578,-0.011818288562247533,-0.00081132216394790761,0.0069667975369484634,0.00033632336697296333,0.0052881418182941942,0.20408053426432074
15.84,10.239947000000001,0.0037434548076375335,0.090187951586753648,-0.014420698100532592,-0.0012095867532806448,-0.011820232177269747,-0.00075389075216008336,0.0067303961894396224,0.0003350750137258295,0.0052730640032509924,0.20358053426432074
15.860000000000001,9.5822880000000001,0.0037344719760566848,0.090224121338876778,-0.014376305907798981,-0.0012035946785937668,-0.011821049821938089,-0.00077706243946632913,0.0064939784701800929,0.00033383019357043325,0.0052575227544616656,0.20308053426432074
15.880000000000001,9.1172229999999992,0.0037269353746300954,0.090260191944386392,-0.01439940800463968,-0.0011376038688359902,-0.011817733550523448,-0.00079719443505456267,0.0062576270558675961,0.00033258944341449576,0.0052415788657605746,0.20258053426432074
15.9,9.3398470000000007,0.0037207033308213505,0.090296260027536199,-0.014347810674459227,-0.0011346483974585819,-0.011815341542015899,-0.00081636035248534562,0.0060213234610806974,0.00033135275728461445,0.0052252516587108673,0.20208053426432074
15.92,9.8996270000000006,0.003715402204781205,0.090332219528581045,-0.01435572647054062,-0.0011021725463551402,-0.011812527268577221,-0.0008347770672532663,0.0057850761306094626,0.00033012026648652815,0.0052085561173658016,0.20158053426432074
15.94,10.595749,0.0037109952786439598,0.09036812707131818,-0.013844420088252485,-0.00012777187253587563,-0.011811187843382738,-0.00084884788823264034,0.0055488555675628892,0.0003288918925090332,0.0051915791596011491,0.20108053426432074
15.960000000000001,9.9463679999999997,0.0037438134026873829,0.090402516088247301,-0.01436977002710188,-0.0011659674726431923,-0.011809438641491275,-0.00086131133339991382,0.0053126699671116476,0.00032766773959972843,0.005174352932933151,0.20058053426432074
15.98,10.375451999999999,0.0037360958860646071,0.090438466404320988,-0.01433721675974059,-0.0012306066960949824,-0.011745869688363475,-0.00087478296231306458,0.0050777557075437378,0.00032645425450831145,0.0051568572736868899,0.20008053426432074
16,9.0715710000000005,0.0032602887499419003,0.09047436390862805,-0.013552227934324257,0.00062736855227152333,-0.011753538548795302,-0.0008870029185464839,0.0048426880514570196,0.00032524411852291368,0.0051391172153159598,0.20008053426432074
16.02,13.753269,0.0028714450083166367,0.090507393764409375,-0.012642832480605326,0.0021445012448038092,-0.011756542210202024,-0.00079737466233500076,0.004607560302583075,0.00032403763372158687,0.0051231697220692598,0.20008053426432074
16.039999999999999,11.233546,0.0025470462048846356,0.090537776524097793,-0.011775404039826354,0.0036040160767440987,-0.011760800663753387,-0.000830739852942168,0.0043723473661403979,0.00032283454144325561,0.0051065549250104165,0.20008053426432074
16.059999999999999,9.7595100000000006,0.0022796876265935248,0.090565709667881467,-0.010956111913898003,0.0050113647051199806,-0.011760990443926415,-0.00086186077659830801,0.0041371306138137283,0.00032163541103107855,0.0050893177094784503,0.20008053426432074
16.080000000000002,17.513549000000001,0.0020659127518720881,0.090591253503319119,-0.010219668682441174,0.005923387354546561,-0.011763056374648001,-0.00089534103062309501,0.0039018725223710178,0.00032044020393939848,0.0050714108888659888,0.20008053426432074
16.100000000000001,7.9882369999999998,0.0018844649013654425,0.09061492215948197,-0.0095244025602370108,0.0069278768225058407,-0.011760682387368748,-0.00092625106049130175,0.0036666618883327848,0.00031924952263919453,0.0050528858676561631,0.20008053426432074
16.120000000000001,8.9385820000000002,0.0017353208851517284,0.090636686691448351,-0.008881806365267364,0.007559645221834943,-0.01175919579398259,-0.0009503709755667066,0.0034314809634809797,0.00031806340530232501,0.0050338784481448288,0.20008053426432074
16.140000000000001,14.548458,0.0016083908630143751,0.090656860828469257,-0.0082838691712343593,0.0080730291618547056,-0.011715913277826491,-0.00097273870666293315,0.0031971656552600581,0.00031688615989250359,0.0050144236740115701,0.20008053426432074
16.16,13.358976999999999,0.0014968785562516299,0.090675673142116886,-0.0076439389141104153,0.008697556462363254,-0.011720067416370458,-0.00099130905288795671,0.0029627672422321955,0.00031571310076059975,0.0049945974929538114,0.20008053426432074
16.18,12.868121,0.0014027596626806878,0.090692969642521187,-0.0070791759215610428,0.0092156046185167817,-0.01172113454560271,-0.0009375054921059165,0.0027283474643023616,0.00031454445634250642,0.0049758473831116928,0.20008053426432074
16.199999999999999,13.066677,0.0013211996509080817,0.090708951817478303,-0.0065767437373175364,0.0095059896399918298,-0.011657698194704018,-0.00096298087230561424,0.0024951963755774323,0.00031338656778905305,0.0049565877656655806,0.20008053426432074
16.219999999999999,9.8721870000000003,0.0012492750184061015,0.090723868114365447,-0.0061203783497660869,0.0098464908290880615,-0.011526019967782892,-0.00099155630174216532,0.0022646787965830729,0.00031224626358788846,0.0049367566396307369,0.20008053426432074
16.240000000000002,12.730067999999999,0.0011864855787179624,0.090737785515703814,-0.0057120195091916459,0.0098973289283421639,-0.011336384736998193,-0.00088256534433987343,0.0020379538548223205,0.0003111289696777201,0.0049191053327439392,0.20008053426432074
16.260000000000002,14.393055,0.0011307070128524633,0.090750833652525287,-0.005344973357011118,0.0098268506539127554,-0.011098552283981364,-0.00066967236912095728,0.001815985487413124,0.00031003856158755283,0.0049057118853615203,0.20008053426432074
16.280000000000001,12.713647999999999,0.0010815312499595244,0.090763022131726434,-0.005060186894068508,0.0096078304602920106,-0.010824151492001416,-0.00036370477906042258,0.001599505058648045,0.00030897734982443769,0.0048984377897803117,0.20008053426432074
16.300000000000001,14.244559000000001,0.0010374468604386193,0.090774520517187707,-0.0048098749979494926,0.0092370162033075243,-0.010520226760437368,2.5597951041356269e-05,0.0013891030479941731,0.00030794664656112378,0.0048989497488011388,0.20008053426432074
16.32,13.147201000000001,0.00099729566369875008,0.090785415102803232,-0.0046033493108799117,0.0088083636967031254,-0.010194059010720831,0.00045673878350555426,0.0011852243188833567,0.00030694691570645082,0.0049080845244712495,0.20008053426432074
16.34,11.953021,0.00096085895939101757,0.090795734506404407,-0.0044157109234073122,0.0082879429348219347,-0.0098515419841171455,0.00093380871232518815,0.0009881958614020277,0.0003059780357049816,0.0049267606987177534,0.20008053426432074
16.359999999999999,11.024469,0.00092741998585483491,0.090805528687682088,-0.0042954281378629888,0.0077311997348157302,-0.0094908700055169881,0.0014266508685609042,0.00079838077836423701,0.00030504014658284045,0.0049552937160889715,0.20008053426432074
16.379999999999999,11.953175999999999,0.00089650038353123655,0.090814920445039374,-0.0041673233718515501,0.0071192455793964715,-0.009120029678428801,0.001925611343326865,0.00061598244164686703,0.00030413278948347516,0.0049938059429555084,0.20008053426432074
16.399999999999999,12.723086,0.00086775847514662435,0.090823920481136522,-0.0041017725832639407,0.0064896830884542123,-0.0087451538107196757,0.0024384207410640055,0.00044108156765280721,0.00030325509627287059,0.0050425743577767884,0.20008053426432074
16.420000000000002,11.415438,0.0008409700068902152,0.090832617484059283,-0.0040290120847696897,0.0058366262737443719,-0.0083704261019078748,0.0029564174720636319,0.00027367519903517834,0.00030240598069839126,0.0051017027072180606,0.20008053426432074
16.440000000000001,11.721128,0.00081574666337764004,0.090841025120313459,-0.0039595199182823615,0.0051836598108669918,-0.0079997699099041975,0.003462637746078666,0.00011368191132186969,0.00030158419529459628,0.0051709554621396344,0.20008053426432074
16.460000000000001,8.7979319999999994,0.00079212982103539628,0.090849131964644905,-0.0039140413683114161,0.004512599690452257,-0.0076361660962358168,0.0039614931922959127,-3.9039337385095139e-05,0.00030078842327577806,0.0052501853259855529,0.20008053426432074
16.48,9.3188449999999996,0.00076981722721809601,0.090856991880974652,-0.0038654085656658621,0.0038767924192020242,-0.0072856557368126624,0.0044322896903705696,-0.0001847504098244123,0.00030001694759594681,0.0053388311197929642,0.20008053426432074
16.5,8.6813199999999995,0.00074855249703708216,0.090864629812249395,-0.0038334803023208908,0.0032936652290365132,-0.0069497541650276077,0.0048679508301059963,-0.00032374347594487946,0.00029926811372994218,0.0054361901363950841,0.20008053426432074
16.52,12.991323,0.0007282430678155745,0.090872041542449419,-0.0037923925333777087,0.0027297394815317677,-0.0066305886626388472,0.0052598617765497215,-0.00045635325161835446,0.00029854023937501034,0.0055413873719260785,0.20008053426432074
16.539999999999999,12.760975,0.00070880058401613351,0.090879269103047083,-0.0037491105595131025,0.002214955575502886,-0.0063280306447023186,0.0055997187870961418,-0.0005829118819003998,0.00029783183465366988,0.0056533817476680012,0.20008053426432074
16.559999999999999,8.5987919999999995,0.00069006837970974158,0.09088632416132586,-0.0037088487637801926,0.0017518578069772861,-0.0060459405113171601,0.0058866115509315781,-0.00070382871935528247,0.00029714112019466044,0.0057711139786866331,0.20008053426432074
16.580000000000002,9.0684889999999996,0.000672068514878246,0.090893146416542267,-0.0036509409173115515,0.0013167300590692932,-0.0057816244224608224,0.0061172087618766181,-0.00081945924115810534,0.0002964667222668183,0.0058934581539241658,0.20008053426432074
16.600000000000001,12.496349,0.00065463251777796779,0.090899770456848203,-0.0035974792952344625,0.00096555488512706233,-0.0055384319149855595,0.0062924422437045666,-0.00093022591451142483,0.00029580694578097141,0.0060193069987982571,0.20008053426432074
16.620000000000001,8.7839790000000004,0.00063768385996639703,0.090906228429336655,-0.0035395949464713805,0.00066676868120563171,-0.0053136536345197499,0.0064118044478643048,-0.0010364970207277456,0.00029516044549677813,0.0061475430877555434,0.20008053426432074
16.640000000000001,8.8817299999999992,0.00062113104215946811,0.090912508892258076,-0.0034876119596169985,0.00043296794619829271,-0.0051057114389857538,0.0064775674543947675,-0.001138609279071463,0.00029452608343776292,0.0062770944368434386,0.20008053426432074
16.66,11.239466999999999,0.00060486401726938502,0.090918652928685326,-0.0034119606058367058,0.00024294080104536597,-0.0049148872525581486,0.0064914285905290359,-0.0012369050473087816,0.00029390268246021775,0.0064069230086540195,0.20008053426432074
16.68,9.9302790000000005,0.00058894518075884301,0.090924637117380469,-0.0033263466110631246,0.00014373933820666096,-0.0047392060192648902,0.0064567002072387488,-0.0013316871829128548,0.00029328929225347209,0.0065360570127987946,0.20008053426432074
16.699999999999999,8.7925559999999994,0.00057292834386487646,0.09093047168261835,-0.0032544147567390436,9.9312991445277277e-05,-0.0045785198216948732,0.0063751551342725917,-0.0014232555850664521,0.00029268494955416157,0.0066635601154842461,0.20008053426432074
16.719999999999999,7.8856719999999996,0.0005575822732376848,0.090936083655154584,-0.0031624659325721893,7.9384304598306699e-05,-0.0044305738184587315,0.0062523508585020805,-0.0015118650570426862,0.00029208894584796188,0.006788607132654288,0.20008053426432074
16.740000000000002,10.398543,0.00054277586491435596,0.090941493042787966,-0.0030655128983396729,7.7953756005388897e-05,-0.004293910642372163,0.00609476415635623,-0.0015977412553496871,0.00029150072292472696,0.0069105024157814126,0.20008053426432074
16.760000000000002,10.581734000000001,0.0005283745325003321,0.090946724179717553,-0.0029789869538409119,0.0001315011642444297,-0.0041676468072021564,0.0059060132858290218,-0.0016810921670757353,0.00029091979412576851,0.0070286226814979926,0.20008053426432074
16.780000000000001,8.9036069999999992,0.00051400145727081349,0.090951833428819698,-0.002876841026212551,0.00020585431324571246,-0.0040492920551902295,0.005691673538452533,-0.0017620759752462805,0.0002903459705579024,0.0071424561522670429,0.20008053426432074
16.800000000000001,8.0441299999999991,0.0005000000779580491,0.090956759227801443,-0.0027904536068155128,0.0003358701253961538,-0.003938418146228093,0.0054571509925306376,-0.0018408422981890415,0.00028977907736497233,0.0072515991721176553,0.20008053426432074
16.82,9.3600449999999995,0.00048597267454632276,0.090961575367727726,-0.0026877242574575577,0.00044926174697801358,-0.0038339122131049769,0.0052057746670698514,-0.0019175184973209366,0.00028921905075473219,0.0073557146654590526,0.20008053426432074
16.84,7.5350510000000002,0.00047236887139740478,0.090966227536867922,-0.0025889787662328745,0.00059925807193716985,-0.0037356199033068919,0.0049447517142899916,-0.0019922288469159557,0.00028866579838643088,0.0074546096997448524,0.20008053426432074
16.859999999999999,9.4838249999999995,0.00045914849304159072,0.090970706536469659,-0.0025067047979276946,0.00078389178227533662,-0.0036409765900974052,0.0046785241638401167,-0.0020650463299162663,0.00028811955544190421,0.0075481801830216549,0.20008053426432074
16.879999999999999,8.5769210000000005,0.00044602519569428994,0.090975086692577603,-0.0024050939713198272,0.00094511889682635797,-0.0035487991310212837,0.0044121714406443555,-0.0021360202669105282,0.00028758068953139705,0.0076364236118345421,0.20008053426432074
16.899999999999999,9.9694850000000006,0.00043357894642616205,0.090979261916307924,-0.0023081563775080305,0.0010884303268261508,-0.0034599627061296287,0.004148899678864104,-0.0022052174813832915,0.0002870493889257565,0.0077194016054118238,0.20008053426432074
16.920000000000002,17.455020999999999,0.00042181624202205484,0.090983253308777531,-0.0022168137686306988,0.0012276153395198719,-0.0033724902441443377,0.0038951485003378217,-0.0022726652563055936,0.00028652609477332298,0.0077973045754185805,0.20008053426432074
16.940000000000001,10.520441,0.00041051869363674121,0.090987106827217654,-0.0021322734085335027,0.0013684556332547171,-0.0032858344705974703,0.0036543134661742608,-0.0023383799292385149,0.00028601128550206646,0.0078703908447420659,0.20008053426432074
16.960000000000001,9.9500539999999997,0.00039919540860525854,0.090990868036902803,-0.0020518011177620421,0.0014829210126887649,-0.003200768887491324,0.0034273617517456148,-0.0024023933070392773,0.00028550527069018237,0.007938938079776978,0.20008053426432074
16.98,13.926634,0.00038834224852390644,0.09099447675303006,-0.0019728361530667593,0.0015882542641372233,-0.0031158526742053991,0.003214760597088541,-0.0024647083807769455,0.00028500854137743117,0.0080032332917187483,0.20008053426432074
17,16.873597,0.00037796722742337028,0.090997956151389198,-0.0018974658836607983,0.0016816377772976843,-0.0030323636023139259,0.0030196127508145673,-0.0025253536958679311,0.00028452134103834409,0.0080636255467350405,0.20008053426432074
17.02,9.2915500000000009,0.00036790221941429508,0.091001327957420677,-0.0018409125142514471,0.0017909621543172882,-0.0029488179740849649,0.0028423266689242017,-0.0025843281244371796,0.00028404410666693744,0.0081204720801135253,0.20008053426432074
17.039999999999999,16.953472000000001,0.00035777385604289031,0.091004607026627368,-0.0017759664636934902,0.0018495135231046955,-0.0028655482754471116,0.0026858314889467187,-0.002641637187834567,0.00028357718046140133,0.0081741887098924597,0.20008053426432074
17.059999999999999,9.4173360000000006,0.00034806300631054997,0.091007772083022534,-0.0017239289712108752,0.0019113408641084906,-0.0027838780808503278,0.0025475884030811274,-0.0026973128777355677,0.00028312064824656031,0.0082251404779540814,0.20008053426432074
17.080000000000002,9.8242890000000003,0.00033875526926670734,0.09101080624672829,-0.001670933701944155,0.0019416189768954872,-0.0027020607223509092,0.0024291092858236105,-0.0027513522533563549,0.00028267484400241121,0.0082737226636705533,0.20008053426432074
17.100000000000001,12.917175,0.00032983821225698244,0.091013731870678002,-0.00162096680132362,0.0019511624706824993,-0.0026204943232208009,0.0023316659818085582,-0.0028037603358602513,0.00028224000210266495,0.008320355983306724,0.20008053426432074
17.120000000000001,12.103448,0.00032125180064303813,0.091016559685839049,-0.0015776829639019274,0.0019489507993648569,-0.0025396127056862344,0.0022522085519586991,-0.0028545508223219922,0.00028181625343553303,0.0083654001543458974,0.20008053426432074
17.140000000000001,11.285011000000001,0.00031293899770699023,0.091019294959645197,-0.0015435695374513836,0.0019395303987628232,-0.0024599052335825258,0.0021882824887412139,-0.0029037471965461638,0.00028140361984753886,0.0084091658041207211,0.20008053426432074
17.16,7.5287360000000003,0.00030490957121709177,0.091021932397677127,-0.0015204364375471791,0.0019264119450430606,-0.0023815879076618356,0.0021385970816213654,-0.0029513772620147964,0.00028100206260106304,0.0084519377457531481,0.20008053426432074
17.18,8.2251650000000005,0.00029721272505553063,0.091024463871846664,-0.0014847499345140847,0.0018782972365221084,-0.0023046450015265455,0.0021023662476145778,-0.0029974685075258036,0.0002806115239108155,0.0084939850707054405,0.20008053426432074
17.199999999999999,8.9161260000000002,0.00028968594070069565,0.09102691877271181,-0.001467223409982843,0.0018454640762508578,-0.0022292336026931048,0.002076806044666249,-0.0030420515633723107,0.0002802319010220568,0.0085355211915987654,0.20008053426432074
17.219999999999999,9.5133410000000005,0.00028256626773523827,0.091029278550296688,-0.0014342758589093174,0.0018079250363896016,-0.0021567438008446055,0.0020605696292489159,-0.0030851848605047724,0.00027986283805261897,0.0085767325841837432,0.20008053426432074
17.240000000000002,9.9083439999999996,0.00027537473731543727,0.091031575334743126,-0.0014158116397359199,0.0017600537761472967,-0.0020861941760586498,0.0020521900827299949,-0.0031269072020712334,0.00027950413162675439,0.0086177763858383428,0.20008053426432074
17.260000000000002,9.0393899999999991,0.00026868633909321739,0.091033763095552778,-0.0013868085602833924,0.0016880955689932975,-0.0020184491534084607,0.0020523316455319171,-0.0031672746789775342,0.00027915541658923805,0.0086588230187489811,0.20008053426432074
17.280000000000001,9.8821870000000001,0.00026236122216617474,0.091035841632939776,-0.0013745536452676177,0.0016311420496053497,-0.0019531489648900117,0.0020567420393401478,-0.00320633618694194,0.00027881637799696601,0.008699957859535784,0.20008053426432074
17.300000000000001,10.610822000000001,0.00025626943288233224,0.091037839835297743,-0.0013546861436740665,0.0015597359421535284,-0.0018902969168745499,0.0020653887197260375,-0.00324414068773533,0.00027848669126576906,0.0087412656339303056,0.20008053426432074
17.32,9.2303139999999999,0.00025036291520257097,0.091039769900951653,-0.0013343177958844432,0.0014782630872243185,-0.0018301957967630526,0.0020756968357095481,-0.0032807431985826278,0.00027816597103082674,0.0087827795706444962,0.20008053426432074
17.34,10.501538,0.00024468751113865234,0.091041617794082152,-0.0013148007125801664,0.0014077145234039357,-0.0017733220830343456,0.002086045665453545,-0.0033162082658552659,0.00027785374127861314,0.0088245004839535672,0.20008053426432074
17.359999999999999,10.134771000000001,0.00023916856054968948,0.091043407877690732,-0.001297607557435132,0.0013399403971221524,-0.001720252957426788,0.0020955737664847323,-0.0033506119790506113,0.00027754941680264625,0.0088664119592832616,0.20008053426432074
17.379999999999999,9.2057350000000007,0.00023377417152344008,0.09104512754932198,-0.0013214572546511594,0.0012809133326416866,-0.0016695771445278766,0.0021038067327457119,-0.0033840022032048237,0.00027725265504063975,0.0089084880939381758,0.20008053426432074
17.400000000000002,8.9666259999999998,0.00022848411097418732,0.091046806961248811,-0.0012727546449710081,0.0012116547880984818,-0.0016225444366224323,0.0021105568692592713,-0.0034164517981671791,0.00027696288564122508,0.008950699231323361,0.20008053426432074
17.420000000000002,11.710578999999999,0.00022337384274540397,0.091048377591533475,-0.0012513981605530855,0.0011585332023666961,-0.0015775245038000408,0.00211336174400936,-0.0034480010184425205,0.00027667982371545657,0.0089929664662035478,0.20008053426432074
17.440000000000001,10.830071999999999,0.00021831582866750599,0.091049902253040882,-0.0012310633103280733,0.0011032542497488862,-0.0015355036786907433,0.0021135891317694347,-0.0034787098443659899,0.00027640300371768132,0.0090352382488389366,0.20008053426432074
17.460000000000001,8.9259269999999997,0.00021342513015306714,0.091051362207459546,-0.0012250600907125486,0.0010659005656863396,-0.0014953167083304739,0.0021110593802745044,-0.003508614952120283,0.00027613216522514661,0.009077459436444427,0.20008053426432074
17.48,10.553148,0.00020870512950450508,0.091052746399561957,-0.0012057168812924512,0.0010253811691121051,-0.001458153659709238,0.0021051932111518334,-0.0035377768182207761,0.00027586682833307595,0.0091195633006674638,0.20008053426432074
17.5,12.563732,0.00020409318159087875,0.091054080513316746,-0.0011829065874725542,0.00098244946031766922,-0.001423086848539711,0.0020944433014408949,-0.0035662373662267021,0.00027560667722877134,0.0091614521666962823,0.20008053426432074
17.52,7.0994679999999999,0.00019960544862057095,0.09105536155364366,-0.0011700228827103976,0.00096099622000056506,-0.0013898650136051516,0.0020802169719679534,-0.0035940334946591044,0.0002753514389345273,0.0092030565061356415,0.20008053426432074
17.539999999999999,10.194041,0.00019525651589843296,0.09105657238231446,-0.0011485369529712353,0.00092995173139609477,-0.0013583730060837699,0.0020616797169866071,-0.0036211997991375277,0.0002751008587109864,0.0092442901004753733,0.20008053426432074
17.559999999999999,8.0423449999999992,0.00019104210355516408,0.091057718429229842,-0.0011294118059697045,0.00091066338598921881,-0.0013286280321116177,0.0020383706181846925,-0.0036477712193709309,0.00027485467612627719,0.0092850575128390674,0.20008053426432074
17.580000000000002,12.199991000000001,0.00018695377194302755,0.09105880375799269,-0.0011037394589786809,0.0008900337014665638,-0.001303821876117983,0.0020113917497594776,-0.0036738465279714189,0.00027461203390645314,0.0093252853478342571,0.20008053426432074
17.600000000000001,10.195715999999999,0.00018297357484924279,0.091059839159790212,-0.0010949993952908965,0.00088745957190061731,-0.0012775075371719948,0.0019811795522043274,-0.0036993955630649071,0.00027437326874102413,0.009364908938878343,0.20008053426432074
17.620000000000001,10.531423,0.00017909917755711419,0.09106079492289107,-0.0010795983753144611,0.00088756944872003807,-0.0012520795666087657,0.0019485790366562793,-0.0037244360517379601,0.00027413827201258753,0.0094038805196114683,0.20008053426432074
17.640000000000001,9.7386529999999993,0.00017532817419924201,0.091061692969719693,-0.0010568889797037961,0.00087826628878850954,-0.0012275329044439055,0.0019129947938994231,-0.0037489856198700613,0.00027390693432799895,0.009442140415489457,0.20008053426432074
17.66,8.6184159999999999,0.00017166747827551809,0.09106254451328695,-0.0010465379654001072,0.00088496254741188274,-0.0012049548823662908,0.001875795853885136,-0.0037730836389872099,0.0002736789386155501,0.0094796563325671591,0.20008053426432074
17.68,9.0797530000000002,0.00016811581642214605,0.091063335757711389,-0.0010246073193639349,0.00090514283581111243,-0.0011830537744319813,0.0018369274400660861,-0.0037967436472215997,0.00027345420849361681,0.0095163948813684809,0.20008053426432074
17.699999999999999,13.207568,0.00016458294205392839,0.091064100112893814,-0.0010008070112901279,0.0009010925957957383,-0.0011614772894743542,0.0017978055310552009,-0.0038199721371866653,0.0002732327326964616,0.0095523509919895853,0.20008053426432074
17.719999999999999,10.496333,0.00016112731900084481,0.091064825473152963,-0.00098565445210896385,0.00090550981922632445,-0.0011410072067607445,0.0017582149810226122,-0.0038427912363541471,0.00027301434877623529,0.0095875152916100378,0.20008053426432074
17.740000000000002,10.080759,0.00015786894437167602,0.09106545726671067,-0.00094924194328416256,0.00093234894137594893,-0.0011208269127144499,0.0017180093917842927,-0.0038652067406516138,0.00027279904806499513,0.0096218754794457229,0.20008053426432074
17.760000000000002,11.540623,0.00015457004638140033,0.091066053652658088,-0.00094868330947461832,0.00093370781784840595,-0.0011011010189498321,0.0016787971844955576,-0.0038872277380734769,0.00027258678850870121,0.0096554514231356348,0.20008053426432074
17.780000000000001,9.0361229999999999,0.00015145511372460695,0.091066599428885661,-0.00093138587340146906,0.00093634926163987942,-0.0010812468671297724,0.0016398143379349162,-0.0039088516639750994,0.00027237763862868349,0.0096882477098943331,0.20008053426432074
17.800000000000001,8.3897849999999998,0.0001484925454273258,0.091067092395869922,-0.00092104320021724195,0.00095381897357138534,-0.001062666355069323,0.0016019051643699658,-0.0039301039903417486,0.00027217139391006384,0.0097202858131817324,0.20008053426432074
17.82,8.7328609999999998,0.0001456324702083672,0.091067539860543126,-0.00090536566321242073,0.0009765467254070348,-0.0010446853533138132,0.0015649032789225093,-0.0039509967071750295,0.00027196797735300058,0.0097515838787601821,0.20008053426432074
17.84,9.0729480000000002,0.0001427859661427862,0.091067962291258686,-0.00088532355693338172,0.0009688764813520212,-0.0010266442114342798,0.0015300700592127826,-0.003971528612074701,0.00027176743823099908,0.009782185279944438,0.20008053426432074
17.859999999999999,8.8507130000000007,0.00014012930324893642,0.091068330639194228,-0.00087559627838462717,0.00097998403246690735,-0.0010095627779263595,0.0014974634753004853,-0.0039917188986187853,0.00027156962443595362,0.0098121345494504471,0.20008053426432074
17.879999999999999,9.3920849999999998,0.00013756678462831782,0.091068645620177802,-0.00086485616175902003,0.00099028013914304047,-0.00099239489583886876,0.0014662539775763832,-0.0040115658382278048,0.00027137458630951982,0.0098414596290019741,0.20008053426432074
17.900000000000002,10.465973999999999,0.00013499818318650375,0.091068932683421033,-0.00084719084802997724,0.00098294319700120703,-0.0009749958551811674,0.0014375215230012074,-0.0040310648082526861,0.0002711824014584976,0.0098702100594619986,0.20008053426432074
17.920000000000002,12.169805,0.00013255606905477772,0.091069179710134757,-0.0008311100796859483,0.00097773590004734956,-0.00095809824982064854,0.0014120935056552431,-0.0040502258371947373,0.00027099300133806808,0.0098984519295751035,0.20008053426432074
17.940000000000001,8.1527270000000005,0.00013015055733876237,0.091069401595233065,-0.00082579980708774592,0.0009736463899963077,-0.0009399077464843275,0.0013879891409561591,-0.004069023068632,0.00027080667084011388,0.009926211712394226,0.20008053426432074
17.960000000000001,9.1228529999999992,0.00012779289215211325,0.091069584975953063,-0.0008148865029962149,0.00099046915374145783,-0.00092349524394012372,0.0013657427675106174,-0.0040874920610957923,0.0002706230854256943,0.009953526567744439,0.20008053426432074
17.98,11.309210999999999,0.0001254325484575887,0.091069752354365402,-0.00080553503981817265,0.00097354877039790289,-0.00090730930897605516,0.0013468742218391517,-0.004105637345952675,0.00027044222546765206,0.0099804640521812225,0.20008053426432074
18,9.3658059999999992,0.0001233336287954091,0.091069855677664402,-0.00079228465246028446,0.0009673969246128955,-0.00089189775866488753,0.0013293067388005025,-0.0041234744103488827,0.00027026396024355353,0.010007050186957233,0.20008053426432074
18.02,9.4514519999999997,0.000121257121568881,0.091069937894765834,-0.00077941871319220368,0.00095661390862256113,-0.00087674530607240609,0.0013130511569357172,-0.0041410084361901533,0.00027008826025588356,0.010033311210095947,0.20008053426432074
18.039999999999999,9.4372740000000004,0.00011919878575609678,0.091069999863997289,-0.00077649305806448687,0.00094791529060578306,-0.00086146792632838291,0.0012991072928966398,-0.0041582369252600518,0.00026991517182360099,0.01005929335595388,0.20008053426432074
18.059999999999999,9.4098839999999999,0.00011712735392846705,0.091070031831585324,-0.0007663950168202982,0.00093775453741962167,-0.00084692432091637408,0.0012877120680278909,-0.0041751745524926231,0.00026974456738541099,0.010085047597314437,0.20008053426432074
18.080000000000002,12.445715999999999,0.00011508338038056931,0.091070042915951069,-0.00075454783640016565,0.00092280036506409147,-0.00083295783158988306,0.0012764822321965554,-0.0041918328597993909,0.00026957634920545844,0.010110577241958369,0.20008053426432074
18.100000000000001,9.2564430000000009,0.00011309289841875289,0.091070031308115348,-0.00075442113089985163,0.00091469679694911044,-0.00081894248723990393,0.0012667791841968789,-0.0042082108702983581,0.00026941054492809346,0.010135912825642307,0.20008053426432074
18.120000000000001,10.770676,0.00011124734260052998,0.091069972071264299,-0.00074330039415004823,0.00090161371534791535,-0.00080501317423766372,0.0012584463940920397,-0.0042243103046910807,0.00026924715425244591,0.010161081753524148,0.20008053426432074
18.140000000000001,7.9931789999999996,0.00010938670701611907,0.091069903306800593,-0.00074144942263432156,0.00089535409660812526,-0.00079204482349048272,0.0012501082910155253,-0.0042401503813874093,0.00026908599836002764,0.010186083919344458,0.20008053426432074
18.16,10.241061999999999,0.00010764341643627995,0.091069794704245366,-0.00073023757645696019,0.00088002702986056391,-0.00077948144218665865,0.0012419208083123178,-0.0042557391995036832,0.00026892701023758776,0.010210922335510705,0.20008053426432074
18.18,9.1752380000000002,0.00010593614378243748,0.091069671074683708,-0.00072987435745497375,0.00087465719878521142,-0.00076741055248957693,0.001233956019747321,-0.0042710866085006781,0.00026877010418960328,0.010235601455905652,0.20008053426432074
18.199999999999999,7.9723610000000003,0.0001042280675807432,0.091069512105055359,-0.00072228341761870762,0.00086039169266127757,-0.00075546292798975344,0.0012277276223083959,-0.0042861950736876641,0.00026861526905028904,0.01026015600835182,0.20008053426432074
18.219999999999999,8.1494319999999991,0.00010265999317053908,0.091069320159194597,-0.00071212964340616747,0.00085659758648248818,-0.0007436577479546161,0.0012206596982403321,-0.0043010674439353412,0.00026846248929642008,0.010284569202316627,0.20008053426432074
18.240000000000002,10.497814999999999,0.00010113593754985978,0.091069119111727853,-0.00070271182448633507,0.00083895363373232001,-0.00073279618082871222,0.0012135924838171544,-0.0043157225906326124,0.00026831158423915318,0.01030884105199297,0.20008053426432074
18.260000000000002,7.2560190000000002,9.9646562706328772e-05,0.091068902580735953,-0.00070494542071886102,0.00082800709221242386,-0.00072219523142810565,0.0012061875738640078,-0.0043301657259781521,0.00026816251274815889,0.01033296480347025,0.20008053426432074
18.280000000000001,9.5487439999999992,9.8184186640540541e-05,0.091068660987811995,-0.00069500793519805537,0.00082327835395989979,-0.00071168527905295413,0.0011986187661102497,-0.0043443986699345733,0.0002680152683878332,0.010356937178792455,0.20008053426432074
18.300000000000001,12.287056,9.6750912678071499e-05,0.091068412630491036,-0.00068273770730553629,0.00080657119506732933,-0.00070221868819367523,0.001190789673879822,-0.0043584422887291965,0.00026786964706148849,0.010380752972270051,0.20008053426432074
18.32,9.7099259999999994,9.5352459188425379e-05,0.091068152494232127,-0.0006915004839284089,0.00080672435462547654,-0.00069278895429463123,0.001182366661171581,-0.0043722973195706163,0.00026772565240751892,0.010404400305493482,0.20008053426432074
18.34,9.1130110000000002,9.4008993570402383e-05,0.091067852543266062,-0.00068084546635360788,0.00080752306677234209,-0.00068415282632700578,0.0011738880711776977,-0.004385979633825721,0.00026758313036345593,0.010427878066917036,0.20008053426432074
18.359999999999999,9.4569969999999994,9.250227335600419e-05,0.091067560554156698,-0.0006802801761800481,0.00080416734650889943,-0.00067546281674679286,0.0011649936333050315,-0.0043994881540226688,0.00026744210266529798,0.010451177939583136,0.20008053426432074
18.379999999999999,13.235761,9.1328232419319851e-05,0.091067207973314621,-0.00066979662761590397,0.00079446818965256405,-0.00066761429401171479,0.0011562083659032287,-0.0044128397090793543,0.00026730240371823199,0.010474302106901201,0.20008053426432074
18.400000000000002,14.180611000000001,9.0154232573086323e-05,0.091066847848116736,-0.00065975896421899272,0.00078380672557765152,-0.00065992996299021574,0.0011468628348216352,-0.0044260375827436535,0.00026716400876851924,0.010497239363597633,0.20008053426432074
18.420000000000002,12.398394,8.8956633692486689e-05,0.09106648225285531,-0.00066225241888850928,0.00078711550705645728,-0.00065218311949918884,0.0011377202145472873,-0.0044390805249277798,0.00026702694044464828,0.010519993767888579,0.20008053426432074
18.440000000000001,9.0635580000000004,8.7867879807753213e-05,0.091066073180914323,-0.00065933040303278734,0.000796612721715384,-0.00064444040523067988,0.0011281176503716674,-0.0044519686183046329,0.00026689120737180056,0.010542556120896012,0.20008053426432074
18.460000000000001,8.7290939999999999,8.6727866076663076e-05,0.091065657312844217,-0.0006596252228383559,0.00078684105932658177,-0.00063765722896042313,0.0011188494927674181,-0.004464721052658085,0.00026675661643938596,0.01056493311075136,0.20008053426432074
18.48,8.179233,8.5670797931706167e-05,0.091065225898842,-0.00065243289359540046,0.0007883628441880397,-0.00063073893127064105,0.0011088825528396259,-0.0044773351257944502,0.00026662320475102078,0.010587110761808152,0.20008053426432074
18.5,9.717041,8.461969561757252e-05,0.091064783760245127,-0.00064363343435269726,0.00077925154773206273,-0.00062350769348603772,0.0010987506601707552,-0.0044898045793488372,0.00026649104730890012,0.010609085775011566,0.20008053426432074
18.52,10.090922000000001,8.3545450090726341e-05,0.091064333406083567,-0.00063394727122512151,0.00077061920873933154,-0.00061772033242610041,0.0010889186026572897,-0.0045021582893150216,0.00026635984628589328,0.010630864147064711,0.20008053426432074
18.539999999999999,9.9073189999999993,8.2505283781545474e-05,0.09106387014013223,-0.00062832127624790068,0.00076817183434174652,-0.00061163914418717574,0.0010784921224156556,-0.0045143903795564193,0.00026622967176027744,0.010652433989513025,0.20008053426432074
18.559999999999999,9.553445,8.1510092068658358e-05,0.091063386540976829,-0.00062334490214266403,0.00076869035406290642,-0.00060612129853395693,0.0010687409187873031,-0.004526512116360632,0.00026610041131006984,0.010673808807888771,0.20008053426432074
18.580000000000002,8.617661,8.0540682718962498e-05,0.091062886857564876,-0.0006190917613037028,0.00076750440125872288,-0.00060029666981464293,0.0010596691468518968,-0.0045385173644856506,0.00026597213748984693,0.010695002190825809,0.20008053426432074
18.600000000000001,9.2990119999999994,7.9605515638797768e-05,0.091062371367430589,-0.00061535623776098891,0.00076613855781215712,-0.00059423259506488039,0.001050930003214213,-0.0045504013353555011,0.00026584490864262533,0.010716020790890093,0.20008053426432074
18.620000000000001,9.072908,7.8703303555644605e-05,0.091061841169636185,-0.00061117161683954535,0.00076599569428048575,-0.00058898107091193749,0.001042038841383151,-0.0045621802791189934,0.00026571855764931867,0.010736861567717755,0.20008053426432074
18.640000000000001,7.762251,7.7833245983158333e-05,0.09106129659367633,-0.00061358749065287821,0.00077670875649782367,-0.000584016371238824,0.0010329350361942078,-0.0045738599319990157,0.0002655930293569953,0.01075752026844164,0.20008053426432074
18.66,13.202783999999999,7.7039617560236936e-05,0.091060724481665009,-0.00060319031806399526,0.00076773050748490945,-0.00057957363108097817,0.001024652817685952,-0.0045854507326416301,0.00026546821749489003,0.010778013324795358,0.20008053426432074
18.68,12.144373999999999,7.6226302664917148e-05,0.091060151730528185,-0.00059905516019587157,0.00076620628576185013,-0.00057498630979717076,0.0010175919929646148,-0.0045969497896460911,0.00026534415867888978,0.01079836516465465,0.20008053426432074
18.699999999999999,12.243209,7.5432685069115862e-05,0.091059566830947097,-0.0005952517596743423,0.0007652101566015812,-0.0005701370627123985,0.001010266956691538,-0.004608351864855734,0.00026522091491647118,0.010818570503788481,0.20008053426432074
18.719999999999999,12.068849999999999,7.465644030601826e-05,0.091058970775188167,-0.00059848746563806454,0.00077274747948230527,-0.00056497941053183125,0.001003519652656909,-0.0046196507905853241,0.00026509855852242028,0.010838640896841618,0.20008053426432074
18.740000000000002,12.711292,7.395104843793606e-05,0.091058350337475641,-0.00058991129154473132,0.00076570615690996213,-0.00055987735029600636,0.00099653641550314612,-0.0046308476786654125,0.00026497708312668236,0.010858571625151681,0.20008053426432074
18.760000000000002,14.632830999999999,7.3193499529152419e-05,0.091057734746819843,-0.00058324769353812478,0.0007591929416657095,-0.00055487859979778834,0.00098936726567751786,-0.004641944595225587,0.00026485647192509075,0.010878358970465232,0.20008053426432074
18.780000000000001,12.136207000000001,7.2460604536435391e-05,0.091057112373038901,-0.00058895325109475927,0.00076886950415100408,-0.00055003213130323347,0.00098247592682203862,-0.0046529445857810044,0.00026473669727366405,0.010898008489001673,0.20008053426432074
18.800000000000001,11.328569,7.1827543982773434e-05,0.091056459408601534,-0.0005802279423661183,0.00076205951508123704,-0.00054536513930129307,0.00097606139701858019,-0.0046638512397011471,0.00026461772529257364,0.010917529716942044,0.20008053426432074
18.82,8.2385380000000001,7.1168607730202432e-05,0.09105580940302424,-0.00058315296671596073,0.00076203907074967603,-0.00054082278733863748,0.00096996877597828172,-0.0046746670496884525,0.00026449953375141282,0.010936929092461609,0.20008053426432074
18.84,10.211693,7.0549128917273116e-05,0.091055133503257224,-0.00057712687071898028,0.00076033718508194958,-0.00053693404965867537,0.00096416441752032462,-0.0046854050872938806,0.00026438198436794209,0.010956212380812015,0.20008053426432074
18.859999999999999,8.9385270000000006,6.995718407607225e-05,0.09105445375777417,-0.0005721886288848621,0.00075495844201745044,-0.00053258227605775671,0.00095871931421332443,-0.0046960560923978685,0.00026426518289892909,0.010975386767096282,0.20008053426432074
18.879999999999999,8.8614870000000003,6.9363211353039121e-05,0.091053771748270271,-0.00056619325888307426,0.00074728214230224133,-0.00052832759555758305,0.00095440373386432656,-0.0047066220067893648,0.00026414911239172275,0.01099447484177357,0.20008053426432074
18.900000000000002,7.8524560000000001,6.8776257908762862e-05,0.091053087031304172,-0.00056894846170962854,0.00074816130570809491,-0.00052418748902928935,0.00094970705894872691,-0.004717105121851365,0.00026403375183175218,0.011013468982952544,0.20008053426432074
18.920000000000002,9.8581669999999999,6.8235875871524966e-05,0.091052388127126474,-0.00056959628607755608,0.00076368241064050935,-0.00052072792144205386,0.0009451981642443968,-0.0047275190475772628,0.00026391895530206416,0.011032372946237433,0.20008053426432074
18.940000000000001,9.2718170000000004,6.7677525146442617e-05,0.091051679275038211,-0.00056775703615885575,0.000753783243607975,-0.00051691167364442767,0.00094090367280137211,-0.0047378566508329348,0.00026380480510155066,0.011051191019693461,0.20008053426432074
18.960000000000001,8.0086279999999999,6.7126018872618726e-05,0.091050967482314768,-0.00056244175603092916,0.00074800275284814255,-0.00051293140534872681,0.00093743339509795717,-0.004748114651445999,0.00026369134118842331,0.011069939687595419,0.20008053426432074
18.98,9.6997029999999995,6.6641659889024338e-05,0.091050236664256434,-0.0005592316822713439,0.00075766358033524384,-0.0005098182642384292,0.00093366969819427251,-0.0047583103909333881,0.00026357837515045209,0.011088613081559305,0.20008053426432074
19,10.331885,6.6186019207658406e-05,0.091049504905654624,-0.00056217192351271095,0.00074944471424220893,-0.0005063014750311428,0.00092966985491860113,-0.0047684357968612798,0.00026346599969541759,0.011107206478657677,0.20008053426432074
19.02,11.789021999999999,6.5701586575407861e-05,0.091048766276341384,-0.00056058255459878747,0.00077839551978642341,-0.00050337724257383976,0.00092663175449321576,-0.0047785027196658655,0.00026335408641195023,0.011125739113747542,0.20008053426432074
19.039999999999999,10.618346000000001,6.4946463612702114e-05,0.091048059866642689,-0.00055752636406058986,0.0007534919782865579,-0.00050025185120635438,0.0009232896100601557,-0.0047885071364461287,0.00026324268290687125,0.011144204905948744,0.20008053426432074
19.059999999999999,14.507208,6.4702345858815306e-05,0.091047274845297274,-0.00055092613016016756,0.00074728184167138778,-0.000497034711673599,0.00092015884081584796,-0.0047984472123824016,0.00026313181260196542,0.011162608082765061,0.20008053426432074
19.080000000000002,11.249535,6.4424519174336692e-05,0.091046495162120572,-0.00054957650364073629,0.00075778101967505229,-0.00049364830147763654,0.00091710313525779612,-0.0048083195623025883,0.00026302151630063755,0.011180950145470218,0.20008053426432074
19.100000000000001,7.1866009999999996,6.4029311439701007e-05,0.091045730534074873,-0.00055272934951566821,0.00074809427388067284,-0.00049082744459184771,0.00091384907590134261,-0.0048181354965961178,0.00026291167054091544,0.011199227126988245,0.20008053426432074
19.120000000000001,7.4159689999999996,6.3639279239587364e-05,0.091044952630316728,-0.00054978939243599534,0.00075054697162402206,-0.00048834255853629589,0.00091024143355376396,-0.0048279017342848637,0.00026280220274645853,0.011217431955659321,0.20008053426432074
19.140000000000001,9.1139299999999999,6.3225469816216128e-05,0.091044169039056461,-0.00054788604295008536,0.0007441523102067471,-0.00048595593106863239,0.00090692780320800138,-0.0048376202404413673,0.00026269309334122081,0.011235570511723482,0.20008053426432074
19.16,9.3913039999999999,6.2826115282337914e-05,0.091043377466436495,-0.00054767188769877517,0.00073761445253217595,-0.00048337255469924707,0.00090495921993188411,-0.0048472870803583741,0.00026258438881712298,0.011253669696122119,0.20008053426432074
19.18,9.4118289999999991,6.2426652145173585e-05,0.091042594326560283,-0.00054605563314202854,0.00073276840239677732,-0.00048078485640953942,0.00090239277283780982,-0.0048569021676257498,0.00026247609245595661,0.011271717551578875,0.20008053426432074
19.199999999999999,10.110279,6.2046375608269946e-05,0.091041810767882925,-0.00053642320945401778,0.00072407698813004018,-0.00047869781005860119,0.00089956745768007276,-0.0048664755146689206,0.00026236809369220001,0.011289708900732477,0.20008053426432074
19.219999999999999,9.7196909999999992,6.167373287102773e-05,0.091041008240522761,-0.00054276166993250108,0.00073392131706451202,-0.00047668963279369822,0.00089762792734835524,-0.0048760086987879158,0.00026226037666230844,0.011307661459279444,0.20008053426432074
19.240000000000002,9.126811,6.1319746782898148e-05,0.091040197627065736,-0.00054059058190736309,0.00073511350103627748,-0.00047463208641183874,0.00089521144796027047,-0.0048855007326815327,0.00026215295439696216,0.011325565688238649,0.20008053426432074
19.260000000000002,12.198161000000001,6.0924956114715132e-05,0.091039384913299881,-0.00053335563761414129,0.00072219835890852124,-0.00047223938551708706,0.00089506406732963134,-0.0048949449137064786,0.00026204590458860783,0.011343466969585242,0.20008053426432074
19.280000000000001,9.4753229999999995,6.0545828421043892e-05,0.091038573451278415,-0.00053706221669869159,0.00072181403760795959,-0.00046997586669175317,0.00089310658504420065,-0.0049043438253562974,0.00026193919981849166,0.011361329101286125,0.20008053426432074
19.300000000000001,8.6182379999999998,6.0251730383658227e-05,0.091037737982242697,-0.00053528852021167417,0.00074985201320565409,-0.00046819793771129468,0.00089082005777706933,-0.0049137071788199994,0.00026183273167948012,0.011379145502441667,0.20008053426432074
19.32,12.926786999999999,5.9877586985974918e-05,0.091036914063633997,-0.00052736078536275155,0.00074019681238901569,-0.00046635708950943657,0.00088944624979164679,-0.0049230337158100877,0.00026172651611185393,0.0113969344274375,0.20008053426432074
19.34,15.927194999999999,5.9507183069875338e-05,0.091036092758967194,-0.00051893524575463701,0.00073230448178285279,-0.00046454466854442864,0.00088745221518139825,-0.0049323240048498584,0.00026162054825473296,0.011414683471741127,0.20008053426432074
19.359999999999999,7.7532690000000004,5.9102189312526604e-05,0.091035278867226149,-0.00053056103644388841,0.0007095907129588408,-0.00046289639752130339,0.00088576438286613543,-0.0049415813287395915,0.00026151479223432699,0.01143239875939845,0.20008053426432074
19.379999999999999,10.416465000000001,5.8868020920117695e-05,0.091034421715143518,-0.00052501998635279268,0.00070350491709869623,-0.00046128079724108684,0.00088371684929291821,-0.0049508063408657665,0.00026140924208854272,0.011450073096384308,0.20008053426432074
19.400000000000002,12.077964,5.879206042696568e-05,0.091033548284093685,-0.00051457715479130695,0.00068850735986303313,-0.0004590369863423843,0.00088132206253869116,-0.0049599864778557571,0.00026130404333794783,0.011467699537635082,0.20008053426432074
19.420000000000002,9.0498399999999997,5.8698695018087637e-05,0.091032671061276729,-0.00050426371284850724,0.00065720022335136186,-0.00045753812092373143,0.00087872574585816181,-0.0049691366376585343,0.000261199027039201,0.011485274052552246,0.20008053426432074
19.440000000000001,12.877681000000001,5.8726039405422474e-05,0.091031774746804031,-0.00050180429119128789,0.0006514321970934045,-0.0004560114307314146,0.00087565978730617423,-0.0049782562638305966,0.00026109420116014016,0.011502787248298368,0.20008053426432074
19.460000000000001,10.729266000000001,5.8672636956209358e-05,0.09103088985105999,-0.00051967748532866231,0.0006771021739189198,-0.00045404429256277741,0.00087350834759301931,-0.0049873365480110378,0.00026098966864859699,0.011520257415250229,0.20008053426432074
19.48,10.843989000000001,5.8099303499306152e-05,0.091030058020864849,-0.0005120689788907784,0.0006557217925460268,-0.00045257845377926457,0.00087158104071408625,-0.0049963875155385707,0.00026088531566282843,0.011537689036064511,0.20008053426432074
19.5,12.723585999999999,5.7616674294417169e-05,0.091029219916201193,-0.00050791705917052621,0.00064794716493499216,-0.00045111407886246649,0.0008688328895371572,-0.0050054091957024887,0.00026078114330976994,0.011555065693855254,0.20008053426432074
19.52,16.794340999999999,5.7230832186026957e-05,0.091028371680006673,-0.0005001570345600781,0.00063223178967763971,-0.00044914617506377363,0.00086623169537333625,-0.0050143915186130648,0.00026067726954069213,0.011572390327762722,0.20008053426432074
19.539999999999999,11.994101000000001,5.7075982527971788e-05,0.091027499648479282,-0.00049904170315206997,0.00062981833520625585,-0.00044668439016052166,0.00086584467220400996,-0.0050233246073267818,0.00026057381037921236,0.011589707221206802,0.20008053426432074
19.559999999999999,11.64996,5.7106387837713949e-05,0.091026603800979169,-0.00050359940273381198,0.00064384212598511681,-0.00044542315104407001,0.00086477687653239651,-0.0050322324711629682,0.00026047048917921044,0.01160700275873745,0.20008053426432074
19.580000000000002,8.5294170000000005,5.7052037924931745e-05,0.091025711975617735,-0.00051477815262768178,0.00066660114456040809,-0.00044383380757696524,0.00086320046616866796,-0.005041108548487481,0.00026036738326971697,0.011624266768060823,0.20008053426432074
19.600000000000001,8.0692900000000005,5.6732312776478164e-05,0.091024838226810609,-0.0005113481007406051,0.00065489814141383995,-0.00044154713917721677,0.00086006496029770454,-0.0050499388937602597,0.00026026465640007466,0.011641468067266778,0.20008053426432074
19.620000000000001,16.714227000000001,5.6425839303015348e-05,0.091023965258939313,-0.00050438816448450385,0.00064013406901985981,-0.00043864367596362097,0.00085668452499695804,-0.0050587111719445346,0.00026016245442919369,0.011658601757766717,0.20008053426432074
19.640000000000001,12.059638,5.618960750446477e-05,0.091023090347642652,-0.00049852774722569659,0.00062869810867027809,-0.00043582956326535362,0.00085242365424442995,-0.0050674271699573982,0.00026006075916785461,0.011675650230851606,0.20008053426432074
19.66,11.281272,5.611292821257254e-05,0.091022200737775866,-0.00049578341484279864,0.00063255360932479299,-0.00043476382684988642,0.00084614682361362618,-0.0050761218529682406,0.00025995916489716101,0.011692573167323878,0.20008053426432074
19.68,9.4292510000000007,5.6163721484790881e-05,0.091021293988930455,-0.00049389658531251435,0.00063706640418548233,-0.00043318078086935396,0.00083984835847189683,-0.0050847848755127285,0.00025985779448961456,0.011709370134493316,0.20008053426432074
19.699999999999999,10.046725,5.6239026070884934e-05,0.09102038299793859,-0.00049269553034680946,0.0006394087003231963,-0.00043141585293428628,0.00083582654262754871,-0.0050934126002219696,0.0002597566925274464,0.011726086665345867,0.20008053426432074
19.719999999999999,16.843613999999999,5.6319211285709212e-05,0.091019470685545875,-0.00048515794194059492,0.00062835993495413689,-0.00042919128845681208,0.00083049880399727451,-0.0051019958350188759,0.00025965596886556408,0.011742696641425812,0.20008053426432074
19.740000000000002,13.08034,5.6505507023627288e-05,0.0910185516389206,-0.0004774494291869269,0.00061776690332893125,-0.00042709826862234252,0.00082494237580982678,-0.0051105372106406031,0.00025955559500123537,0.011759195488942008,0.20008053426432074
19.760000000000002,8.2316339999999997,5.678770128213231e-05,0.091017626967099793,-0.00050992716233733137,0.0006939130117966652,-0.0004255889909963558,0.00081859166135209464,-0.0051190484011488704,0.00025945543595321652,0.011775567322169051,0.20008053426432074
19.780000000000001,9.1563009999999991,5.6153377580802029e-05,0.091016777784367564,-0.0005053782366432058,0.00070390843962209182,-0.00042514808529211428,0.00081246910806853786,-0.0051275507725204797,0.0002593552419900574,0.011791816704330422,0.20008053426432074
19.800000000000001,9.2540469999999999,5.5583402457899885e-05,0.091015925772265027,-0.00051085659030181141,0.00071520080536613406,-0.00042447000197227947,0.00080776111269783896,-0.005136039581545339,0.00025925507029143767,0.011807971926584379,0.20008053426432074
19.82,15.266565999999999,5.5050591735958454e-05,0.091015070497423453,-0.00050375941121449941,0.00070777930603149741,-0.00042328894735243051,0.00080501578713048402,-0.0051445047695101017,0.00025915504078813465,0.011824072242326988,0.20008053426432074
19.84,9.8203709999999997,5.4588760734020028e-05,0.09101421247716357,-0.00050140800448561507,0.00072491798947860175,-0.00042174554961438022,0.00080159027938311791,-0.0051529390900726365,0.00025905524050646084,0.01184010404791465,0.20008053426432074
19.859999999999999,9.0128450000000004,5.4537245790453552e-05,0.091013297690639858,-0.00050349140119543279,0.00069104879064951774,-0.00042013176598273641,0.00079730426569131648,-0.0051613411356311121,0.00025895568776461913,0.011856050133228477,0.20008053426432074
19.879999999999999,9.1450410000000009,5.4440706237661377e-05,0.09101240004061395,-0.0005125043983298383,0.00067900642351892415,-0.0004185249987030161,0.0007924557103287282,-0.0051697110465218432,0.00025885638269441562,0.011871899247435052,0.20008053426432074
19.900000000000002,10.568353,5.407845946458148e-05,0.091011539076528453,-0.00050163523040047675,0.00068284764071280257,-0.00041698080175115468,0.00078819765907056714,-0.0051780500740821094,0.00025875731221075527,0.011887663200616462,0.20008053426432074
19.920000000000002,15.905011999999999,5.3426406753587395e-05,0.091010691758799375,-0.00049562418480941783,0.00067010686151114385,-0.00041497308471497669,0.00078454052421245992,-0.00518634894858345,0.00025865858822107736,0.011903354011100712,0.20008053426432074
19.940000000000001,13.835023,5.2819353227297845e-05,0.091009844421684152,-0.00049966072925922145,0.00068823336844592298,-0.00041253429958817105,0.00078128745223626751,-0.005194599049295397,0.00025856031524710811,0.011918979760145438,0.20008053426432074
19.960000000000001,13.244590000000001,5.2519830335851017e-05,0.091008942374042681,-0.00049327395587206446,0.00067294429547382073,-0.00041300434143313347,0.0007774343371747751,-0.0052028585486428242,0.00025846180155822141,0.011934528446888934,0.20008053426432074
19.98,12.576233999999999,5.2324837703824266e-05,0.091008034025670842,-0.00050512763556498363,0.00070192729366569395,-0.00041305408492634226,0.00077305269371966861,-0.0052111190412607389,0.0002583631479261692,0.011949989500763328,0.20008053426432074
20,16.109311999999999,5.2151515348671793e-05,0.091007124527639094,-0.00049560375930446376,0.00068288316633147161,-0.0004135482572488061,0.00077451347176386561,-0.0052193894150907878,0.00025826424827672651,0.011965479770198606,0.20008053426432074
20.02,12.351008,5.1970606094332795e-05,0.091006211759179431,-0.00049202281336879761,0.00068074569571874299,-0.00041341066609823594,0.000776611489863898,-0.0052276570357600192,0.00025816525329092912,0.011981011999995884,0.20008053426432074
20.039999999999999,17.393744000000002,5.1870053575649969e-05,0.091005283028318631,-0.00048508630006127706,0.0006635475966920712,-0.00041309397276533249,0.00077940091688729609,-0.0052359183214764002,0.00025806620559361997,0.011996600018333631,0.20008053426432074
20.059999999999999,10.277889999999999,5.1841230846563071e-05,0.091004350273163406,-0.00049873550181145365,0.00069870731092169791,-0.0004129799432082937,0.00078147045342783861,-0.0052441773252189482,0.00025796705632478366,0.012012229427402188,0.20008053426432074
20.080000000000002,9.0984929999999995,5.1842101633679035e-05,0.091003397627307026,-0.00049271653347204847,0.00068017385332863611,-0.00041361672695843123,0.00078466035335295124,-0.0052524490621626502,0.00025786762462906202,0.012027922634469246,0.20008053426432074
20.100000000000001,12.624135000000001,5.2003272849202897e-05,0.09100242756811161,-0.00048646863263923645,0.00066687595185910276,-0.00041329801387266098,0.00078517254867575782,-0.0052607144237443882,0.00025776813979822802,0.01204362608544276,0.20008053426432074
20.120000000000001,8.1917500000000008,5.2097775139979397e-05,0.091001471783228455,-0.00049687557987165842,0.00069390562172677583,-0.00041251814023042001,0.00078477228838368638,-0.005268964187423065,0.00025766871317377423,0.012059321531210435,0.20008053426432074
20.140000000000001,11.716530000000001,5.2039094957923456e-05,0.091000526532419648,-0.00049326369929891811,0.0006676802688940775,-0.00041214759635154228,0.00078467816646140675,-0.0052772065392022631,0.00025756924649951581,0.012075015094539662,0.20008053426432074
20.16,16.567017,5.2105895305595676e-05,0.090999566760104747,-0.00048727695741634935,0.00065694053130371799,-0.00041129026581383413,0.00078365917967346971,-0.0052854317440613674,0.00025746985773230198,0.012090688278133132,0.20008053426432074
20.18,15.549671,5.2106273095940968e-05,0.090998618877711282,-0.00048377791061904318,0.0006547312372917613,-0.00041149130905279035,0.00078402944324757872,-0.0052936609679318618,0.00025737029137413894,0.012106368866998084,0.20008053426432074
20.199999999999999,12.362880000000001,5.2126865935276645e-05,0.090997670047590518,-0.00049503418201624072,0.0006947430222230544,-0.00041089090483863774,0.00078325908215462947,-0.0053018781830376756,0.00025727074150510079,0.012122034048641176,0.20008053426432074
20.219999999999999,15.675274999999999,5.1958613617316755e-05,0.09099673759834033,-0.00048839418510715493,0.00067418790910700466,-0.00041005693617433462,0.00078465532679261086,-0.005310078718435373,0.00025717126511102043,0.012137727155177028,0.20008053426432074
20.240000000000002,15.922915,5.1841371067182048e-05,0.090995802703492834,-0.00048631767301809958,0.00066587523343697441,-0.00040873754718889126,0.00078457124997655949,-0.0053182528664376142,0.0002570719805187931,0.012153418580176559,0.20008053426432074
20.260000000000002,12.67876,5.1759474934168026e-05,0.090994869469674972,-0.00048330999198931135,0.00066248432433102522,-0.00040867015467823168,0.00078433636152028924,-0.0053264256651306225,0.00025697258407290333,0.012169105307406964,0.20008053426432074
20.280000000000001,12.490012,5.1740578210782371e-05,0.090993914386416547,-0.00049039715214060919,0.00067949807139378038,-0.00040811575359958548,0.00078285991572695445,-0.0053345873750653599,0.00025687319455799804,0.012184762505721503,0.20008053426432074
20.300000000000001,13.315740999999999,5.1659920012580233e-05,0.090992954757284528,-0.0004926471687496381,0.00067404207746823985,-0.00040710439227153398,0.00078404632761032585,-0.0053427288577186606,0.00025677392377319462,0.01220044343227371,0.20008053426432074
20.32,11.172953,5.1605010002051289e-05,0.09099199746853659,-0.00049283100551555936,0.00067355214628617155,-0.00040704816569118584,0.00078380309303933764,-0.0053508692143667373,0.00025667453907047216,0.012216119494134496,0.20008053426432074
20.34,9.3725389999999997,5.1441377884622083e-05,0.090991056090458641,-0.00049066628465121997,0.00067371027193430244,-0.00040670127624303169,0.00078260378677435453,-0.0053590026321864159,0.00025657511166169767,0.012231771569869983,0.20008053426432074
20.359999999999999,10.099432999999999,5.129655824881224e-05,0.090990108138432071,-0.00048606342166768179,0.00066389715393833093,-0.00040589804502798733,0.00078345569376168087,-0.0053671199850269932,0.00025647575349853927,0.012247440683745217,0.20008053426432074
20.379999999999999,10.330615,5.1131984959636458e-05,0.090989160415771861,-0.00049072400695748808,0.00067716120458083395,-0.00040488830392595336,0.00078233727872014346,-0.0053752171430053184,0.00025637651572113425,0.01226308742931962,0.20008053426432074
20.400000000000002,9.0198020000000003,5.098766829606024e-05,0.090988222237900457,-0.00049040521451304553,0.00067146973026344092,-0.00040490320935408021,0.00078050543738899917,-0.0053833145975178427,0.00025627714773993136,0.012278697538067401,0.20008053426432074
20.420000000000002,9.5541529999999995,5.0925097854835662e-05,0.090987263193815046,-0.00048845286851506575,0.00066561320052560546,-0.00040437190878165474,0.0007786288560462704,-0.0053914014252706829,0.00025617778406158341,0.012294270115188327,0.20008053426432074
20.440000000000001,9.9234670000000005,5.0808922981944541e-05,0.09098631668326547,-0.0004910269386401156,0.0006751436441501113,-0.00040372353133789776,0.00077979511722038575,-0.0053994752849064066,0.00025607845387983028,0.012309866017532735,0.20008053426432074
20.460000000000001,9.9892339999999997,5.0726292252845536e-05,0.09098535918468352,-0.00048889181570332951,0.00066772445966467586,-0.00040289342710214709,0.00077938531031638593,-0.0054075325421671545,0.0002559792023057115,0.012325453723739062,0.20008053426432074
20.48,11.635078999999999,5.0693298681631346e-05,0.090984396794197384,-0.00048514931827903229,0.00065924416223017701,-0.00040272794586440109,0.00077839426888254954,-0.0054155864885077577,0.00025587986603465039,0.012341021609116713,0.20008053426432074
20.5,9.4112360000000006,5.060284905151999e-05,0.090983448292749902,-0.00049190506848817428,0.00067586158947641195,-0.00040276363612379458,0.00077721860445068046,-0.005423641147052862,0.00025578039566096617,0.012356565981205726,0.20008053426432074
20.52,9.4928810000000006,5.0535749130583816e-05,0.090982490786088832,-0.00048622406790610473,0.00064034473150931248,-0.00040281082901519268,0.00077736086969960058,-0.0054316967478363291,0.00025568078840134415,0.012372113198599719,0.20008053426432074
20.539999999999999,10.891864999999999,5.0691371283039889e-05,0.090981507877615067,-0.00048410038850166259,0.00064798032424917551,-0.00040267570754245818,0.00077709545096016613,-0.0054397496448481035,0.00025558108937584766,0.012387655107618922,0.20008053426432074
20.559999999999999,10.101092,5.0597349977456924e-05,0.090980557230348286,-0.00048928974714790296,0.0006744305838111142,-0.0004021765382617916,0.00077681114227300271,-0.0054477925576910087,0.00025548138896098652,0.012403191330464382,0.20008053426432074
20.580000000000002,11.907017,5.0429656213279673e-05,0.090979604799331218,-0.00048284620811100964,0.00065624669155028847,-0.00040210974771186334,0.00077655649474928871,-0.0054558341332761086,0.00025538158018839939,0.012418722460359369,0.20008053426432074
20.600000000000001,8.9175979999999999,5.0276584142042155e-05,0.090978656351232021,-0.00048254870707165054,0.00065912458585382083,-0.00040202350165099521,0.00077560110575642424,-0.0054638739825230102,0.00025528166803204233,0.012434234482474497,0.20008053426432074
20.620000000000001,12.500361,5.0182413550415472e-05,0.090977699231013773,-0.00047569255972024216,0.00064456110181199122,-0.0004017857423232545,0.00077567565836437981,-0.0054719090754005292,0.0002551816903178471,0.012449747995641785,0.20008053426432074
20.640000000000001,9.7054209999999994,5.0169911523702567e-05,0.090976737816674175,-0.00047466895511816265,0.00064432541763181916,-0.0004017829849869949,0.00077532963522100855,-0.005479944111583976,0.00025508158866592063,0.012465254588346205,0.20008053426432074
20.66,9.4028120000000008,5.0297507418746923e-05,0.090975761203284836,-0.00047879077252321878,0.00065869423811770744,-0.00040160534949263099,0.00077457776457803406,-0.0054879755937814424,0.00025498140679018855,0.012480746143637766,0.20008053426432074
20.68,9.9939750000000007,5.0443849880316796e-05,0.09097477811866328,-0.00048002808785940765,0.00066379779115699478,-0.00040113850876968523,0.00077457009026847253,-0.0054959977383396072,0.00025488121709463463,0.012496237545443135,0.20008053426432074
20.699999999999999,9.7588699999999999,5.0623285085914158e-05,0.090973787625972372,-0.0004886067700217156,0.00068829524152058674,-0.0004012726820939069,0.00077402084843225668,-0.0055040225646019892,0.00025478086961575812,0.012511717962411781,0.20008053426432074
20.719999999999999,9.5520530000000008,5.0686358853013374e-05,0.090972801337624171,-0.00048689312001748419,0.0006813014840554299,-0.00040092736247745124,0.0007728870063104567,-0.0055120404834600343,0.00025468048446217873,0.012527175702537989,0.20008053426432074
20.740000000000002,10.306219,5.0762355179339783e-05,0.090971828442377764,-0.00048238470753980689,0.00067642722971750224,-0.00040044244967773053,0.00077303947441262604,-0.0055200487032711501,0.00025458009692102526,0.012542636492026242,0.20008053426432074
20.760000000000002,13.085794,5.0817199681690431e-05,0.09097085047552772,-0.00048765947737727799,0.00068165025409472335,-0.00040043186409024898,0.00077058731859176266,-0.0055280567098366261,0.00025447958841984226,0.012558048238398078,0.20008053426432074
20.780000000000001,9.7725600000000004,5.086826754661535e-05,0.090969881292363414,-0.00048018652193915212,0.00068129835541896888,-0.00039989374470294819,0.00076884921364663245,-0.00553605395331581,0.0002543790918742647,0.012573425222671011,0.20008053426432074
20.800000000000001,9.3270759999999999,5.0910348992539117e-05,0.090968901273548869,-0.00047757137193094046,0.00068368666383555876,-0.0003993851731265368,0.00076915430673067295,-0.0055440410246218588,0.00025427860029540467,0.012588808308805625,0.20008053426432074
20.82,11.909941,5.0835239954531089e-05,0.090967927477977481,-0.00047097786079475235,0.00067193794027708975,-0.00039836514886503691,0.0007681114263331755,-0.0055520076955153782,0.00025417824290174698,0.012604170537332289,0.20008053426432074
20.84,7.7411450000000004,5.0787057684535825e-05,0.090966957510260765,-0.00048454783308948812,0.00069590035945665818,-0.00039736342363962481,0.0007673452325009213,-0.005559954331955815,0.00025407801584866947,0.012619517441982309,0.20008053426432074
20.859999999999999,9.0738950000000003,5.0612565288115677e-05,0.090965993059717462,-0.00047847892786967439,0.00064578540885773528,-0.00039680026696673897,0.00076556381016680292,-0.0055678897046233869,0.00025397780919865129,0.012634828718185645,0.20008053426432074
20.879999999999999,9.2799750000000003,5.0973344239482854e-05,0.090964990969551629,-0.00048076377317407548,0.00067526802852824197,-0.00039639507693142316,0.00076387863130034464,-0.0055758169726043355,0.00025387758363099532,0.012650106290811652,0.20008053426432074
20.900000000000002,10.393969,5.0360607278996159e-05,0.090964085805507577,-0.00047989634138312365,0.00065377518441045446,-0.00039673426373831291,0.00076335059211205209,-0.005583751022246391,0.00025377715113132382,0.012665373302653894,0.20008053426432074
20.920000000000002,10.427794,5.0097803733979272e-05,0.090963141277653009,-0.00048304551098532489,0.00067150646724645213,-0.00039689886365115739,0.00076322905790378488,-0.0055916883620882448,0.00025367655579368119,0.01268063788381197,0.20008053426432074
20.940000000000001,9.0699430000000003,4.966340314486704e-05,0.090962216011002683,-0.00048383891843051252,0.00066178259873139744,-0.00039667711313111142,0.00076490508355190267,-0.0055996212657385361,0.00025357589543402486,0.012695935985483008,0.20008053426432074
20.960000000000001,8.0923890000000007,4.9518913703921723e-05,0.090961257157776976,-0.00048480931496175383,0.0006696525803293607,-0.00039691031117222708,0.00076596338525468193,-0.0056075588314314093,0.00025347505438458106,0.012711255253188102,0.20008053426432074
20.98,9.6210290000000001,4.9308125773727326e-05,0.090960303241163082,-0.00048332978935528015,0.00065633935958087086,-0.00039650708493738838,0.00076659816122976549,-0.0056154883317054965,0.00025337419425635845,0.012726587216412698,0.20008053426432074
21,7.3865790000000002,4.9155044827989437e-05,0.090959347026259213,-0.00048617502878101071,0.00067522184833146426,-0.00039592975364463075,0.00076757410855563749,-0.0056234062847416236,0.00025327335950974938,0.01274193869858381,0.20008053426432074
21.02,9.8995940000000004,4.912138081296045e-05,0.090958371336337454,-0.0004768281234849292,0.00064258722598653506,-0.00039486940903693605,0.000768462185322312,-0.0056313030310594023,0.00025317267351308148,0.012757307942290257,0.20008053426432074
21.039999999999999,8.8217580000000009,4.9301395353544086e-05,0.090957374307619618,-0.00047577240725260594,0.00064631682426985471,-0.00039502858884427256,0.00076946819169128376,-0.0056392029591645406,0.00025307182543245552,0.012772697306124082,0.20008053426432074
21.059999999999999,14.120463000000001,4.9268003819285291e-05,0.090956402355902632,-0.00046937450627881905,0.00063196455085257064,-0.00039467394677271172,0.00076955174450480854,-0.0056470957934544987,0.00025297094641720501,0.012788088341014178,0.20008053426432074
21.080000000000002,9.0709479999999996,4.92380299893522e-05,0.090955435574274546,-0.0004835977771699973,0.00067456683202049561,-0.00039454229913566671,0.00077138070455954667,-0.005654985993451849,0.00025286997946854476,0.012803515955105369,0.20008053426432074
21.100000000000001,14.053744,4.9246144732607507e-05,0.090954451313923573,-0.00047761650302180492,0.00065920708919242621,-0.0003943526911529046,0.00076943170334893085,-0.0056628724000440892,0.00025276893952754171,0.012818904589172349,0.20008053426432074
21.120000000000001,8.6462129999999995,4.9248631347990936e-05,0.090953473495323664,-0.00048536362168016822,0.00067086689876783012,-0.00039444043561296955,0.00076976088124054709,-0.0056707605598250409,0.00025266775569091667,0.012834299806797159,0.20008053426432074
21.140000000000001,10.100089000000001,4.9350879276570228e-05,0.09095247778698147,-0.00048597957140694703,0.00066958006848483187,-0.0003945844696876196,0.00076849879483769864,-0.0056786515984925496,0.00025256641352127139,0.012849669782693912,0.20008053426432074
21.16,8.7403750000000002,4.9418756168207192e-05,0.090951489095035573,-0.000486866817301701,0.00066857226229499744,-0.0003947936689139017,0.00076861256672881623,-0.0056865468192400835,0.00025246489626409017,0.012865042034028489,0.20008053426432074
21.18,9.1966809999999999,4.9448550701351584e-05,0.090950505335591486,-0.00048131478298796271,0.00066006247072269986,-0.00039486052052052319,0.00076800865236503215,-0.0056944433753481063,0.00025236324047651589,0.01288040220707579,0.20008053426432074
21.199999999999999,13.813423,4.9424856951181497e-05,0.090949532315590734,-0.00047437291545515681,0.00064635670584989313,-0.00039515407836476047,0.00076801819490729211,-0.0057023458005630214,0.00025226138772987288,0.012895762570973935,0.20008053426432074
21.219999999999999,7.6753809999999998,4.9403786311173035e-05,0.090948565734911932,-0.00048628184881227554,0.00068074478020085927,-0.00039465143079237593,0.00076705444655005516,-0.0057102381720989335,0.00025215954338926139,0.012911103659904936,0.20008053426432074
21.240000000000002,9.4298749999999991,4.9384345671031858e-05,0.090947588093168635,-0.00047941244518590054,0.00065680365974274402,-0.00039411257441792269,0.0007675316634139245,-0.005718119765842849,0.00025205771715687992,0.012926454293173215,0.20008053426432074
21.260000000000002,9.0572730000000004,4.9462430172748607e-05,0.090946603585928376,-0.00048498445493683207,0.0006729382755692459,-0.00039310289399273487,0.00076559415265007626,-0.0057259811661052934,0.00025195603126883812,0.012941766176226216,0.20008053426432074
21.280000000000001,11.382395000000001,4.9429527353540817e-05,0.090945625689202975,-0.00048537321263508737,0.00066770229398427361,-0.00039336125154778787,0.00076405253624262841,-0.0057338477315292576,0.00025185415821948832,0.012957047226951068,0.20008053426432074
21.300000000000001,11.200733,4.9462432117452641e-05,0.090944646523450676,-0.00048120637981696746,0.00066227214070258,-0.00039310303220605706,0.00076156051113705,-0.0057417091314452984,0.00025175223210946034,0.01297227843717381,0.20008053426432074
21.32,10.759308000000001,4.9414663621509516e-05,0.090943677547854165,-0.00047888668855178285,0.00066048819631925326,-0.00039350623679729982,0.00076233979297188922,-0.0057495785932196982,0.00025165008153136577,0.012987525233033247,0.20008053426432074
21.34,14.792877000000001,4.9373374788084244e-05,0.090942706192670406,-0.00047486648027472711,0.00065503749673356815,-0.00039391954440320422,0.00076194723558241546,-0.0057574563188902755,0.00025154770358327847,0.013002764177744895,0.20008053426432074
21.359999999999999,12.468362000000001,4.9375726161950355e-05,0.090941732421262064,-0.00048684919671915239,0.00068043810961837536,-0.00039436419782510923,0.00076243156358528916,-0.0057653429353150933,0.00025144508984981193,0.013018012809016601,0.20008053426432074
21.379999999999999,12.893945,4.9369233288474843e-05,0.090940751995388244,-0.00047979950619958522,0.00063884720682971796,-0.00039430880848171187,0.00076279102594469341,-0.0057732284424810137,0.00025134237025712779,0.013033268629535496,0.20008053426432074
21.400000000000002,12.753099000000001,4.960534869828365e-05,0.090939742943840177,-0.0004841110754142397,0.00064783167669557606,-0.00039368949714942787,0.00076305396154397625,-0.0057811015629052461,0.00025123969186679421,0.013048529708766375,0.20008053426432074
21.420000000000002,12.291427000000001,4.9558210390530886e-05,0.090938781491604365,-0.00048104648116731319,0.00065191307425194189,-0.00039410922788426806,0.00076267841252084315,-0.0057889830756611849,0.0002511367837554361,0.013063783277016792,0.20008053426432074
21.440000000000001,12.069179999999999,4.9475164324324198e-05,0.090937823584337135,-0.00048148115550816772,0.00067103788607170145,-0.00039392334439695048,0.00076132542012748844,-0.0057968608694957376,0.00025103380412328506,0.013079009785419341,0.20008053426432074
21.460000000000001,13.181488999999999,4.936904270459862e-05,0.090936852326138073,-0.0004800049920925531,0.00066536563476260469,-0.00039421319739593096,0.00076257104525661874,-0.0058047444583236565,0.00025093062857987864,0.013094261206324474,0.20008053426432074
21.48,12.44881,4.9316120583742197e-05,0.090935872361911543,-0.00047252953746168558,0.00065368304524793253,-0.00039450588066441825,0.000761988160853514,-0.0058126338987406464,0.0002508272561546716,0.013109500969541544,0.20008053426432074
21.5,8.2105929999999994,4.9217024576733681e-05,0.090934901714764399,-0.00048253343336368548,0.00067580388365651167,-0.00039442739297828575,0.00076262122000875113,-0.0058205217679620138,0.00025072378403639663,0.013124753393941719,0.20008053426432074
21.52,13.824137,4.9165572018593246e-05,0.090933918261010993,-0.00047583178359711376,0.00066246825028160039,-0.00039416647901439336,0.00076283140979965976,-0.005828404417774732,0.00025062026011889085,0.013140010022137712,0.20008053426432074
21.539999999999999,10.101894,4.9088371132640457e-05,0.090932945147686503,-0.00047253239926925428,0.00065636411824643304,-0.00039360192755830776,0.00076263147728631469,-0.0058362757759540642,0.00025051676440056764,0.013155262651683439,0.20008053426432074
21.559999999999999,12.194848,4.9067713213174632e-05,0.090931968384855372,-0.00046645434799008623,0.00064599759611572161,-0.00039407698058731153,0.00076231394138541009,-0.0058441566327917353,0.00025041302359057654,0.013170508930511146,0.20008053426432074
21.580000000000002,12.315674,4.9167919825003625e-05,0.090930981437202046,-0.00046531285693773849,0.00064662881898369662,-0.00039392608281485313,0.00076161839410312908,-0.0058520344703541522,0.00025030920245151523,0.013185741298393209,0.20008053426432074
21.600000000000001,14.886711999999999,4.9356620165562492e-05,0.090929984294768063,-0.00047024665620809536,0.00066021104189051272,-0.00039414401364304804,0.00076282295324942853,-0.0058599166645701894,0.00025020520371628221,0.013200997757458198,0.20008053426432074
21.620000000000001,8.1179629999999996,4.9499956036040713e-05,0.090928989519639222,-0.00047668066521533436,0.00067862179202737849,-0.00039408869043615081,0.00076091209989265945,-0.0058677977508330278,0.00025010109949172993,0.013216215999456051,0.20008053426432074
21.640000000000001,12.738671999999999,4.952631553468425e-05,0.090928003164476773,-0.00048353343905993551,0.00067646137463772682,-0.00039407457255120887,0.00075977937151888199,-0.00587567855317884,0.0002499968791539198,0.013231411586886429,0.20008053426432074
21.66,10.773792,4.9512806704515454e-05,0.090927038064535087,-0.00048851746008604646,0.00068161656724274877,-0.00039394077323140242,0.00075901698201879327,-0.0058835566781889606,0.00024989257454913677,0.013246591926526805,0.20008053426432074
21.68,8.6168659999999999,4.9484967654805611e-05,0.090926064929094108,-0.00047926480260263027,0.00067085375349318355,-0.00039320714074650692,0.0007597004372031543,-0.0058914201302531612,0.00024978834476628619,0.013261785935270868,0.20008053426432074
21.699999999999999,10.898097,4.9429001853034013e-05,0.090925083636424375,-0.00047687251759964688,0.00066690655523404807,-0.00039336773289727546,0.00075992593868856215,-0.0058992867922928053,0.0002496839528704246,0.013276984454044639,0.20008053426432074
21.719999999999999,10.309473000000001,4.9333790318333946e-05,0.090924110639030539,-0.00048198311228808688,0.00067540856229220125,-0.00039296245442247779,0.00075928353062191829,-0.0059071453478913389,0.00024957954913939768,0.013292170124657077,0.20008053426432074
21.740000000000002,8.8823980000000002,4.9240274665540613e-05,0.090923133696561451,-0.0004817287886905719,0.00066520997048669095,-0.00039232714555260457,0.00076029821937024773,-0.0059149911968488103,0.00024947519497550073,0.013307376089044483,0.20008053426432074
21.760000000000002,9.2237399999999994,4.9206899136440313e-05,0.090922151597545756,-0.00048217546443729553,0.00066558622070922446,-0.00039125692205644328,0.00076027395964197982,-0.0059228156416460285,0.0002493710065014621,0.013322581568237322,0.20008053426432074
21.780000000000001,8.8372840000000004,4.910345465700432e-05,0.090921187040655313,-0.00048086226917043451,0.00066529751436816831,-0.00039020035990097892,0.00075980526837965423,-0.0059306189554929022,0.00024926698076459957,0.013337777673604915,0.20008053426432074
21.800000000000001,16.227722,4.9014057220986103e-05,0.090920215104674143,-0.00047459353555134864,0.00065113430174568165,-0.00038965447525304533,0.00075860903608276453,-0.0059384113510385752,0.00024916298223737454,0.013352949854326571,0.20008053426432074
21.82,10.759345,4.8879446893049602e-05,0.090919255683918621,-0.00048448246930932193,0.00067972690091000487,-0.00038969113579627647,0.00075753511263096124,-0.0059462044781520102,0.00024905885577042157,0.01336810055657919,0.20008053426432074
21.84,8.7005049999999997,4.8814365771464546e-05,0.090918284471102326,-0.00047712290726653617,0.0006615505297178359,-0.00039028628733512195,0.0007575219266374503,-0.0059540095056529905,0.00024895445202682652,0.013383250995111938,0.20008053426432074
21.859999999999999,8.2049079999999996,4.8802065436945072e-05,0.090917309648327685,-0.00047676834191812123,0.00065941798030011434,-0.00039123063110878481,0.00075885469645384381,-0.0059618334167520718,0.0002488496770260705,0.013398428089041015,0.20008053426432074
21.879999999999999,8.4784520000000008,4.8800909252202407e-05,0.090916332669870981,-0.00048255232313443308,0.00067483732414252984,-0.00039132125154766917,0.00075994473587816832,-0.0059696591385048443,0.00024874475889933505,0.013413626983758578,0.20008053426432074
21.900000000000002,11.785933,4.8830251129877627e-05,0.09091534421467945,-0.00048492647743325623,0.00066639322706563142,-0.00039120653525753627,0.00076134199398788973,-0.005977482564541438,0.0002486397525127189,0.013428853823638336,0.20008053426432074
21.920000000000002,10.273828,4.8832762209225616e-05,0.090914375584184082,-0.00050417584414141903,0.00069897450900113789,-0.00039152256789845417,0.00076186391081000478,-0.0059853123090599257,0.00024853454203450546,0.013444091101854535,0.20008053426432074
21.940000000000001,9.4829849999999993,4.8830976729110519e-05,0.090913432356967569,-0.00048812507556472706,0.00067561813829364326,-0.00039178605085269557,0.00076206419754805334,-0.0059931473211564962,0.0002484291413528295,0.013459332385805496,0.20008053426432074
21.960000000000001,9.8128720000000005,4.8811576416885988e-05,0.090912471853268451,-0.00047559576240230328,0.0006666003607349591,-0.00039205975930913455,0.00076287289646249728,-0.0060009878053176027,0.00024832354747396552,0.013474589843734746,0.20008053426432074
21.98,7.8894019999999996,4.8810967743816034e-05,0.090911478961365325,-0.0004828356453014937,0.0006629910045381493,-0.00039219829717313675,0.00076288496365000714,-0.0060088310583721527,0.00024821779661348656,0.013489847543007746,0.20008053426432074
22,10.065294,4.8823298352448917e-05,0.090910493490203484,-0.00047721826775315446,0.00065266697157451148,-0.00039180868986984045,0.00076292375163455634,-0.006016666518375951,0.00024811203125109837,0.013505106018040437,0.20008053426432074
