time,solve_ms,error_m,sigma,v_cmd,w_cmd,v_actual,w_actual,base_x,base_y,yaw,target_x
0,59.282935000000002,0,0.091754758612154014,-0.000871090340928804,0.0002171605664726961,0,0,0,0,0,0.20008053426432076
0.02,11.544430999999999,1.2221249881778088e-05,0.091752872961717843,-0.00087140219179981937,0.00022223557181577647,0,0,0,0,0,0.20008053426432076
0.040000000000000001,11.611008,2.2245402476081838e-05,0.091751212188069656,-0.00087295081370175609,0.0002290403752494008,0,0,0,0,0,0.20008053426432076
0.059999999999999998,9.1676310000000001,3.0571347980397368e-05,0.091749729689376988,-0.00088442522884901731,0.00024456118043869601,0,0,0,0,0,0.20008053426432076
0.080000000000000002,9.8582560000000008,3.7393334598530461e-05,0.09174841713448198,-0.00088250137572065679,0.00027043649305635853,0,0,0,0,0,0.20008053426432076
0.10000000000000001,8.8636940000000006,4.2825930442042698e-05,0.091747227110832816,-0.00087981327050967728,0.00029952732058102782,0,0,0,0,0,0.20008053426432076
0.12,8.5879429999999992,4.7049357961557141e-05,0.091746170767353336,-0.00088414108676715397,0.00033500830336508081,0,0,0,0,0,0.20008053426432076
0.14000000000000001,9.6773600000000002,4.9328535921221076e-05,0.091745177869904299,-0.00085537850304395757,0.00043186333901434892,-7.1459816910627124e-05,0,-1.4291963382125424e-06,0,0,0.20008053426432076
0.16,9.5895740000000007,5.084921767388416e-05,0.0917442194291892,-0.00080901216940032494,0.0004557595811145454,-0.00013578046509498298,1.5866064253391148e-05,-4.1448056401121682e-06,-4.3086031671046501e-13,3.1732128506782297e-07,0.20008053426432076
0.17999999999999999,12.168964000000001,5.1863234572181803e-05,0.091743245398365772,-0.00078056188803110604,0.00053010927267616026,-0.00019377919500456462,3.1092369521572785e-05,-8.0203895402026959e-06,-2.865676447610406e-12,9.3916867549927872e-07,0.20008053426432076
0.20000000000000001,8.9703250000000008,5.2332020224863884e-05,0.091742287977963619,-0.00074263188536816127,0.00060198124828736432,-0.00024690412053333119,4.5846045072505469e-05,-1.2958471950864498e-05,-9.7672842524519023e-12,1.8560895769493882e-06,0.20008053426432076
0.22,9.8893710000000006,5.2350701351920908e-05,0.091741327032306322,-0.00071822335510307589,0.00067200914745968454,-0.00029454477655704967,6.0793997443698273e-05,-1.8849367481987608e-05,-2.4282624925298536e-11,3.0719695258233536e-06,0.20008053426432076
0.23999999999999999,10.26423,5.1976514689246164e-05,0.091740385544073419,-0.00069696669681507117,0.00073912935326281293,-0.00033718833517876461,7.6680367946449355e-05,-2.5593134185513213e-05,-5.0170415849632136e-11,4.6055768847523406e-06,0.20008053426432076
0.26000000000000001,11.437227999999999,5.1483179227569555e-05,0.091739422643370705,-0.00067665533984517801,0.00080084659592505325,-0.00037591136916001748,9.3680316724995864e-05,-3.3111361568598089e-05,-9.183928932448588e-11,6.4791832192522582e-06,0.20008053426432076
0.28000000000000003,9.277075,5.0973450311514593e-05,0.091738439256018878,-0.00065232983793139798,0.00084814697846602449,-0.00040839239277947972,0.00011218979137407186,-4.1279209423951727e-05,-1.5392376355616725e-10,8.7229790467336946e-06,0.20008053426432076
0.29999999999999999,14.881071,5.0520644478627255e-05,0.091737427473862251,-0.00062876934965416797,0.0008732844342429491,-0.000433813124580769,0.00013659672355020836,-4.995547191512554e-05,-2.4145810976316699e-10,1.1454913517737862e-05,0.20008053426432076
0.32000000000000001,7.0317150000000002,5.0046060574440885e-05,0.091736406482084365,-0.00060991957932199359,0.00091794306013226468,-0.00045435118992687807,0.00016119501588842395,-5.9042495712887332e-05,-3.6019701096149911e-10,1.4678813835506341e-05,0.20008053426432076
0.34000000000000002,9.2509309999999996,4.977820047256409e-05,0.091735320965682335,-0.0005963659728263071,0.00092467948770758035,-0.00046971846987407979,0.00018965868201871618,-6.8436865109078402e-05,-5.1591244762521222e-10,1.8471987475880667e-05,0.20008053426432076
0.35999999999999999,10.701784999999999,4.9611482264904521e-05,0.091734223424188618,-0.0006027962513056595,0.0009361750822138859,-0.00048154263388358484,0.00022156050187470031,-7.8067717784689213e-05,-7.1515160318246641e-10,2.2903197513374675e-05,0.20008053426432076
0.38,13.355779999999999,4.9515805640469026e-05,0.091733128448872478,-0.00058665862465745455,0.00092717015584242723,-0.00049043748771789117,0.00025654676063734762,-8.78764675358658e-05,-9.6496736589261057e-10,2.8034132726121627e-05,0.20008053426432076
0.40000000000000002,10.31949,4.9447152276042107e-05,0.091732032161583779,-0.00057238383626645462,0.00091913045626390577,-0.00049677427951716415,0.00029420856301235143,-9.781195312144241e-05,-1.2727311369651934e-09,3.3918303986368652e-05,0.20008053426432076
0.41999999999999998,9.4821449999999992,4.9297717676132999e-05,0.09173094537570832,-0.00056779398906958711,0.00093512392804284694,-0.00050048018737207205,0.00033398074917992892,-0.00010782155686193635,-1.6456700691533706e-09,4.0597918969967232e-05,0.20008053426432076
0.44,13.666347999999999,4.9068517119224603e-05,0.09172984695030309,-0.00055643784935033302,0.000912292727801578,-0.00050188174853125925,0.00037467558733519956,-0.00011785919182269228,-2.0907857279757916e-09,4.8091430716671223e-05,0.20008053426432076
0.46000000000000002,8.1355240000000002,4.8863079498514281e-05,0.091728751070601411,-0.00055785388340556796,0.00088666692292860283,-0.00050159644624413787,0.00041461505624605459,-0.00012789112073388764,-2.6148294303374958e-09,5.6383731841592317e-05,0.20008053426432076
0.47999999999999998,8.5190929999999998,4.8833687630762848e-05,0.091727625330168525,-0.00055377576863369082,0.00087986228584235882,-0.00050022788024700084,0.0004552735119693112,-0.00013789567832025293,-3.2244718239159073e-09,6.5489202080978547e-05,0.20008053426432076
0.5,10.541181999999999,4.880170101862206e-05,0.091726496832075746,-0.00055213748181293099,0.00085286571667397837,-0.00049952403762857864,0.0004938345100641171,-0.00014788615904804791,-3.9280768779030538e-09,7.536589228226089e-05,0.20008053426432076
0.52000000000000002,9.7402829999999998,4.8763311989208692e-05,0.091725369881463806,-0.00055741830764866052,0.00084624893059093154,-0.00049756691540916206,0.00053077935404189812,-0.00015783749732384828,-4.730888017221812e-09,8.598147936309886e-05,0.20008053426432076
0.54000000000000004,8.3520859999999999,4.8723115091155404e-05,0.091724246782602478,-0.00056575007844161807,0.00081316078175919237,-0.00049463498850332345,0.00056471318285435188,-0.00016773019705238618,-5.6373423568204807e-09,9.7275743020185898e-05,0.20008053426432076
0.56000000000000005,7.7977239999999997,4.8813430526130041e-05,0.091723114670343511,-0.00055089438243138833,0.0008009320958437538,-0.00049162049669290654,0.00059589829585830658,-0.0001775626069338503,-6.6523885002502903e-09,0.00010919370893735203,0.20008053426432076
0.57999999999999996,8.2771980000000003,4.8875770883577677e-05,0.091721986210123355,-0.00054725183342518857,0.00077624638923823319,-0.00048797664596311247,0.00062626566326682144,-0.00018732213978806442,-7.7791886982658724e-09,0.00012171902220268846,0.20008053426432076
0.59999999999999998,12.087281000000001,4.8847035107983186e-05,0.091720863132091268,-0.00054002506129768868,0.00075659780003634047,-0.00048481430162802737,0.00065303078263674195,-0.00019701842574088322,-9.0227308823029135e-09,0.00013477963785542331,0.20008053426432076
0.62,11.201435,4.8813365677057274e-05,0.0917197489771506,-0.00054358436568791024,0.00074565580742258497,-0.00048163447457586883,0.00067621891160146274,-0.00020665111513590951,-1.0386159347028347e-08,0.00014830401608745256,0.20008053426432076
0.64000000000000001,12.546552999999999,4.8825826681820188e-05,0.091718621938234879,-0.00053787024747564693,0.00073366259214835416,-0.00047863906873448728,0.00069743297859241457,-0.00021622389639519283,-1.1872604998324267e-08,0.00016225267565930085,0.20008053426432076
0.66000000000000003,13.306018,4.8797192823106759e-05,0.091717507221164299,-0.00053261127395498598,0.00071773608726921623,-0.00047637720232020768,0.0007153234644800766,-0.00022575144030488454,-1.3486627262747821e-08,0.0001765591449489024,0.20008053426432076
0.68000000000000005,15.075374999999999,4.8744496860698607e-05,0.091716399646263339,-0.00053078217050872567,0.00070579774245449478,-0.00047502561271040966,0.00073159103215555477,-0.0002352519523984864,-1.5233534468744181e-08,0.00019119096559201348,0.20008053426432076
0.70000000000000007,14.918760000000001,4.8628760101075169e-05,0.091715300819362688,-0.00052613091070152773,0.00069412137005886443,-0.00047259085139982277,0.00074440501307097471,-0.00024470376924001802,-1.7110996280362412e-08,0.00020607906585343297,0.20008053426432076
0.71999999999999997,12.081296999999999,4.8498609511472017e-05,0.091714208585271087,-0.00053622956306720315,0.00069693296390127557,-0.00047010138956015123,0.0007555093965777443,-0.00025410579681666887,-1.9119590572854378e-08,0.00022118925378498784,0.20008053426432076
0.73999999999999999,11.36899,4.8534459404290712e-05,0.091713084326320388,-0.00053556487075612225,0.00072200456946847069,-0.00046726868019414288,0.00076410294297308461,-0.00026345117017587442,-2.1258095042715056e-08,0.00023647131264444953,0.20008053426432076
0.76000000000000001,11.939142,4.8506679135812548e-05,0.091711974877555419,-0.00053367030296191942,0.00069544078692640454,-0.00046501197301846608,0.00077071359232284043,-0.00027275140935898909,-2.35290130628894e-08,0.00025188558449090634,0.20008053426432076
0.78000000000000003,15.582667000000001,4.8507643901665963e-05,0.091710859998552552,-0.00052620487064902743,0.00068432388635608632,-0.00046251277214091771,0.00077610375641605413,-0.00028200166448999811,-2.5930810614776938e-08,0.0002674076596192274,0.20008053426432076
0.80000000000000004,11.778074999999999,4.8540665018378282e-05,0.091709750380471883,-0.00053092005219912419,0.00069141062010436016,-0.00045983272837866562,0.00078027436692736953,-0.00029119831870929062,-2.8461825595273656e-08,0.00028301314695777476,0.20008053426432076
0.82000000000000006,13.307327000000001,4.8515043902228545e-05,0.091708646734806373,-0.00052610810577624623,0.00068667401967670294,-0.00045727134260019635,0.00078301572822241387,-0.0003003437451744895,-3.1121711722095802e-08,0.00029867346152222306,0.20008053426432076
0.83999999999999997,11.979003000000001,4.8508323287312695e-05,0.09170754568567871,-0.00052867512100340797,0.00069296796633944169,-0.00045458520249987665,0.00078471025320502139,-0.00030943544879738217,-3.3908505932076756e-08,0.00031436766658632349,0.20008053426432076
0.85999999999999999,8.1557910000000007,4.8534628880893683e-05,0.0917064373708463,-0.0005211931578076312,0.0006889690830731432,-0.00045299682398186754,0.00078544375737527592,-0.00031849538480668616,-3.6827817677584868e-08,0.00033007654173382902,0.20008053426432076
0.88,9.6701709999999999,4.8531191892190933e-05,0.091705340685201156,-0.00052555600126380497,0.00070036624644531642,-0.00045151317254714032,0.00078633596207653995,-0.00032752564774198565,-3.9879503959316999e-08,0.00034580326097535981,0.20008053426432076
0.90000000000000002,10.363355,4.8540614591792144e-05,0.091704237536011743,-0.00052081240269974405,0.00069520930805788694,-0.0004500228552562404,0.00078900310787424831,-0.00033652610428413663,-4.3062905196446971e-08,0.00036158332313284477,0.20008053426432076
0.92000000000000004,8.8498649999999994,4.8556540318939073e-05,0.09170313913784553,-0.00052308827780656042,0.00070097566521054588,-0.00044806953508140724,0.00078955958873716482,-0.00034548749437408416,-4.6373950070467986e-08,0.00037737451490758807,0.20008053426432076
0.94000000000000006,11.774009,4.8600929520792417e-05,0.091702035130382373,-0.00051527657264527349,0.00069525949148996347,-0.00044669886947442246,0.00078926840925902888,-0.00035442147110053385,-4.9815918430098099e-08,0.00039315988309276864,0.20008053426432076
0.95999999999999996,9.7249320000000008,4.861147961115646e-05,0.091700944096901993,-0.00051913662828850793,0.00070203883310338,-0.00044507088286101346,0.00078951354266357482,-0.00036332288804187931,-5.3385876557761798e-08,0.00040895015394604015,0.20008053426432076
0.97999999999999998,9.6959809999999997,4.8649454292262657e-05,0.09169983817356335,-0.00051495830200853909,0.00070266925821793613,-0.00044381670737796407,0.00078939700009659152,-0.000372199221418267,-5.7085924182209262e-08,0.00042473809394797199,0.20008053426432076
1,8.1813559999999992,4.867954305414374e-05,0.091698740622441141,-0.00051868200201277137,0.00071050735071009896,-0.0004420744966955247,0.00078974772521684668,-0.00038104071052473104,-6.0911067110699332e-08,0.0004405330484523089,0.20008053426432076
1.02,8.6728880000000004,4.8743321788633002e-05,0.091697648606029844,-0.00051126470815587854,0.00070363976571186093,-0.00044086487015800784,0.00078978394766586609,-0.00038985800704135489,-6.4865015481815469e-08,0.00045632872740562622,0.20008053426432076
1.04,8.201473,4.8770074470312433e-05,0.091696569273979081,-0.00050946155461062403,0.00070270096141200611,-0.00043938738331885155,0.00079065055622068057,-0.00039864575376078907,-6.8944597420443789e-08,0.00047214173853003984,0.20008053426432076
1.0600000000000001,13.124309999999999,4.8788064941518662e-05,0.091695489323551801,-0.00050146669842943137,0.00069369602837454636,-0.00043824473444893826,0.00079108519512171628,-0.00040741064743983073,-7.315220765957581e-08,0.00048796344243247418,0.20008053426432076
1.0800000000000001,11.52314,4.8779848440013506e-05,0.091694421431725334,-0.00049596909207960671,0.00068738301148685288,-0.00043657581807249383,0.00079191344924137705,-0.00041614216272774273,-7.7482014315903826e-08,0.00050380171141730171,0.20008053426432076
1.1000000000000001,8.6904470000000007,4.8750811236240163e-05,0.091693361535687787,-0.00049754923326950085,0.00068994615882589372,-0.00043539089100631459,0.00079227131804945395,-0.00042484997940774624,-8.193801718493417e-08,0.00051964713777829076,0.20008053426432076
1.1200000000000001,10.800846,4.8753559022268227e-05,0.091692294283026429,-0.00051235781433189853,0.00070803830049093186,-0.00043398199926420497,0.00079310170184629034,-0.00043352961818509045,-8.6517205420242912e-08,0.00053550917181521655,0.20008053426432076
1.1400000000000001,11.383834999999999,4.879149758415197e-05,0.091691213163420993,-0.00050503258933254358,0.00069754563696933225,-0.00043301984014820034,0.00079392525635373318,-0.00044219001370919022,-9.1223684185642903e-08,0.00055138767694229126,0.20008053426432076
1.1599999999999999,12.594333000000001,4.8810241351073955e-05,0.091690143037424343,-0.000500456564453855,0.00069102754930328025,-0.00043154567263818211,0.0007952690191210546,-0.00045082092581181301,-9.605130223327977e-08,0.00056729305732471232,0.20008053426432076
1.1799999999999999,10.349784,4.8815432102782503e-05,0.091689079048448155,-0.00049503074188950169,0.00068380598592665542,-0.00043007138754806517,0.00079602543887407891,-0.00045942235213959772,-1.0099930175958857e-07,0.00058321356610219395,0.20008053426432076
1.2,9.4295069999999992,4.8804749708970756e-05,0.091688023036623878,-0.00051073071508211942,0.00070631189494974045,-0.00042808906090400996,0.0007966650901133919,-0.00046798413186153217,-1.0606085714319764e-07,0.00059914686790446179,0.20008053426432076
1.22,9.0563559999999992,4.8887419938881467e-05,0.091686933264373216,-0.00050400905301206667,0.00070796394806227347,-0.00042585449196685753,0.00079660608709329682,-0.00047650122013122889,-1.1123169218255111e-07,0.00061507898964632769,0.20008053426432076
1.24,9.4717500000000001,4.9008494673238572e-05,0.09168584482071572,-0.00050172447269292153,0.00070160291011100995,-0.00042397359359592899,0.00079608960399081422,-0.00048498069035737232,-1.1651474102651639e-07,0.00063100078172614394,0.20008053426432076
1.26,8.6924299999999999,4.9082758656181668e-05,0.091684769297175686,-0.00050865235460928471,0.0007129419105971202,-0.00042349609970129685,0.00079579328412947542,-0.00049345061062239823,-1.2192667112805246e-07,0.00064691664740873349,0.20008053426432076
1.28,11.665103,4.9096113077312683e-05,0.091683694670282367,-0.00050248641221783963,0.00070511637832249008,-0.00042246555644831284,0.00079683767553201835,-0.000501899919939518,-1.2745999805539807e-07,0.0006628534009193739,0.20008053426432076
1.3,8.7792399999999997,4.9105231235710774e-05,0.091682628989785284,-0.00050919358142420545,0.00071162773853039596,-0.00042116294441911864,0.00079704893810609982,-0.00051032317693264738,-1.331105209281168e-07,0.00067879437968149591,0.20008053426432076
1.3200000000000001,10.091009,4.9142693806371551e-05,0.091681551431050529,-0.00051084825511482634,0.00071811260363507934,-0.00041954582887726691,0.00079677052399236429,-0.00051871409153143779,-1.3887308383833557e-07,0.0006947297901613432,0.20008053426432076
1.3400000000000001,9.3170509999999993,4.9218883861087261e-05,0.091680474416928628,-0.00051025275294880323,0.00072206051353118639,-0.00041937879551574267,0.00079598222487732779,-0.00052710166537097477,-1.4476694581877709e-07,0.00071064943465888976,0.20008053426432076
1.3600000000000001,9.1550720000000005,4.9282152162448433e-05,0.091679396559003257,-0.0005107275865735561,0.00071798924816146581,-0.00041867709842676604,0.00079688844852893398,-0.00053547520517741021,-1.5078432595558098e-07,0.00072658720362946843,0.20008053426432076
1.3800000000000001,11.344738,4.9334962467446473e-05,0.091678323207904602,-0.00050398064461054659,0.00070721298366005492,-0.00041785834001626331,0.00079785765409130967,-0.00054383236972302678,-1.5692321415419863e-07,0.00074254435671129466,0.20008053426432076
1.4000000000000001,7.7403789999999999,4.9368262525193206e-05,0.091677260620667042,-0.00050993647550434673,0.00072108457005426452,-0.00041769000066561705,0.00079830038210893601,-0.00055218616738352769,-1.6319296903998889e-07,0.00075851036435347339,0.20008053426432076
1.4199999999999999,8.2023899999999994,4.9457056309847184e-05,0.091676185954697481,-0.00050555012635622454,0.00070739754575743774,-0.00041703271694276624,0.00079954335549151784,-0.00056052681927218611,-1.695861283230412e-07,0.00077450123146330374,0.20008053426432076
1.4399999999999999,7.806902,4.9443020467028667e-05,0.091675132009556334,-0.00050230786373850478,0.00071507393203229519,-0.00041699155625083979,0.0008001354163580831,-0.00056886664784392077,-1.7611206707607511e-07,0.00079050393979046541,0.20008053426432076
1.46,7.9819659999999999,4.9469617648072909e-05,0.091674074550315052,-0.00051018986579964842,0.00072012135661236876,-0.00041709026344515854,0.00080116549687342788,-0.00057720845045334331,-1.8277312796385981e-07,0.000806527249727934,0.20008053426432076
1.48,9.2258359999999993,4.9491245864448413e-05,0.091673011857250533,-0.00050417706076621993,0.00071497756723726269,-0.00041713022202749306,0.00080260376278621737,-0.00058555105212624659,-1.8956862308455353e-07,0.0008225793249836583,0.20008053426432076
1.5,9.6117319999999999,4.9512229688284176e-05,0.091671954809535813,-0.00050512429489057986,0.00070954752010088384,-0.00041720512718927113,0.00080423886222055557,-0.0005938951517915987,-1.9649941504101253e-07,0.00083866410222806936,0.20008053426432076
1.52,9.3590669999999996,4.9508889266680449e-05,0.091670896721413694,-0.00049983705688372293,0.00070287290276094261,-0.00041671903738977917,0.00080547236588278718,-0.00060222952955179914,-2.0355629127906265e-07,0.00085477354954572508,0.20008053426432076
1.54,9.8592630000000003,4.9504302824795986e-05,0.091669845964846716,-0.00050755553890935445,0.00073764257304032022,-0.00041677027029278914,0.00080583997542422136,-0.00061056493185488803,-2.1074834448121388e-07,0.00087089034905420951,0.20008053426432076
1.5600000000000001,8.7615490000000005,4.9654775192727442e-05,0.091668767902113563,-0.00050579771680581143,0.00070948131775838696,-0.00041645653269510314,0.00080719764917932461,-0.00061889405929135225,-2.1806933558787521e-07,0.00088703430203779601,0.20008053426432076
1.5800000000000001,10.758896,4.9620797630702653e-05,0.091667717941835883,-0.00050346077411855816,0.00071472288823049013,-0.00041590827254472723,0.00080746885582466286,-0.00062721222140990629,-2.2551499927396697e-07,0.00090318367915428923,0.20008053426432076
1.6000000000000001,11.856861,4.9462042680421604e-05,0.091666690669353887,-0.00050219912663385102,0.000711409222666326,-0.00041606158173822401,0.00080828363654862796,-0.00063553344958966788,-2.3309785798113557e-07,0.00091934935188526178,0.20008053426432076
1.6200000000000001,12.211036999999999,4.9392139711579563e-05,0.091665648852870249,-0.0005023545847623323,0.00071755848107812881,-0.00041570625982987659,0.0008094152941316012,-0.00064384757121056227,-2.4080873828761403e-07,0.00093553765776789382,0.20008053426432076
1.6400000000000001,7.7520429999999996,4.9390066317947146e-05,0.091664583497570715,-0.00050150054174047387,0.0007146069029178026,-0.00041546426970676321,0.00081009906116317988,-0.00065215685290518006,-2.4864969996226629e-07,0.00095173963899115746,0.20008053426432076
1.6600000000000001,8.5156189999999992,4.9351026078992531e-05,0.091663527735286673,-0.00051020290212833164,0.00071718918896057637,-0.00041481280406815307,0.00081034255041978985,-0.00066045310516487841,-2.566128026005072e-07,0.00096794648999955321,0.20008053426432076
1.6799999999999999,9.2605699999999995,4.9468054585248872e-05,0.091662456465060368,-0.00050481929774404133,0.00071922623552245213,-0.00041485984107903119,0.00081008287411312677,-0.00066875029803422086,-2.647112580254175e-07,0.00098414814748181583,0.20008053426432076
1.7,13.629559,4.9434369241427867e-05,0.091661408243833647,-0.00049905140028061457,0.00070813790111379227,-0.00041475795925761542,0.00081238005945678099,-0.00067704545313565165,-2.7294231043895145e-07,0.0010003957486709515,0.20008053426432076
1.72,8.583107,4.938550113811709e-05,0.091660369811834383,-0.00050975325792268489,0.00071207028728648147,-0.00041447458149784978,0.00081247342983673443,-0.00068533494054993178,-2.8130243112396697e-07,0.0010166452172676861,0.20008053426432076
1.74,12.088896,4.9526318777626779e-05,0.091659299039093881,-0.0005031848193508548,0.00070083275589460925,-0.00041411611680960378,0.00081294380994197677,-0.0006936172585372296,-2.897899436561319e-07,0.0010329040934665256,0.20008053426432076
1.76,8.6328639999999996,4.9636644116659136e-05,0.091658240339069497,-0.00050609413748070597,0.00071118071345432909,-0.00041380634573824041,0.00081314212926802249,-0.00070189338096734804,-2.9840568414283119e-07,0.001049166936051886,0.20008053426432076
1.78,12.188559,4.9884046720760282e-05,0.091657159976938102,-0.00050134100516119329,0.00070225153304304122,-0.0004134575717970916,0.00081377709086938733,-0.00071016252778127601,-3.0714869524966325e-07,0.0010654424778692737,0.20008053426432076
1.8,9.0338580000000004,5.0049116291200168e-05,0.091656094984526509,-0.00051432695972353226,0.00070360601840180337,-0.00041385766420242202,0.00081415596374483654,-0.00071843967629527312,-3.1603491318439694e-07,0.0010817255971441704,0.20008053426432076
1.8200000000000001,8.5028089999999992,4.9964974500149844e-05,0.091655059056210256,-0.00050498921203578906,0.00071289375025296309,-0.00041377599878248707,0.00081469937087709846,-0.0007267151913559999,-3.2505417379536691e-07,0.0010980195845617124,0.20008053426432076
1.8400000000000001,16.051054000000001,4.9879861762295449e-05,0.091654028463125731,-0.0004983975998720247,0.00070222092584404372,-0.00041322935241090816,0.00081535699671716328,-0.00073497977334786553,-3.341962362569724e-07,0.0011143267244960557,0.20008053426432076
1.8600000000000001,12.194336,4.9787211894154881e-05,0.091653006343191595,-0.00049738730072623749,0.00069728499632337737,-0.00041361544017762015,0.0008151626071444657,-0.0007432520769400391,-3.4348172184828221e-07,0.001130629976638945,0.20008053426432076
1.8800000000000001,11.517609999999999,4.9726094989730428e-05,0.091651975214645742,-0.00050391247764525193,0.00069871714195168799,-0.0004134239764965594,0.00081526790449811047,-0.0007515205511085815,-3.5289772089069319e-07,0.0011469353347289073,0.20008053426432076
1.9000000000000001,12.974862999999999,4.9762081606284795e-05,0.09165092597230734,-0.00050087737303383673,0.00069379034328354017,-0.00041349037512185001,0.00081454546496634729,-0.00075979035309418246,-3.624500145444864e-07,0.0011632262440282343,0.20008053426432076
1.9199999999999999,8.7584540000000004,4.9750129936539328e-05,0.09164988326608299,-0.00050994991641972742,0.00071094829431062045,-0.00041316019366666206,0.00081462507598011697,-0.00076805355129848949,-3.72129302067021e-07,0.0011795187455478366,0.20008053426432076
1.9399999999999999,8.8893330000000006,4.9759234311833095e-05,0.091648828036206761,-0.0005051841525279821,0.00071767818982726439,-0.00041392841868444002,0.00081404723758323459,-0.00077633211383357616,-3.8196141779582056e-07,0.0011957996902995014,0.20008053426432076
1.96,8.0331860000000006,4.9708643751108781e-05,0.09164778442803205,-0.0005063595901494411,0.0007140656138344692,-0.0004138535981353474,0.00081360516369974789,-0.00078460917979763622,-3.9192647816297536e-07,0.0012120717935734963,0.20008053426432076
1.98,7.8550500000000003,4.9752383182835153e-05,0.091646723331576405,-0.00050537549225981859,0.00072589919496568456,-0.00041324553698910473,0.00081386982160783097,-0.00079287408438454986,-4.0201140645876348e-07,0.001228349190005653,0.20008053426432076
2,9.7083200000000005,4.9884617921642808e-05,0.091645655243945245,-0.00050732649819751341,0.0007047401288229338,-0.00041261556187275765,0.00081333785089633573,-0.00080112638931357128,-4.1221524285374449e-07,0.0012446159470235797,0.20008053426432076
2.02,11.257619999999999,4.98991374032539e-05,0.09164460866134061,-0.00050732415357968019,0.00071162381922373896,-0.00041258404203303945,0.00081247913649426452,-0.00080937806367930665,-4.2255245689921923e-07,0.001260865529753465,0.20008053426432076
2.04,12.954242000000001,4.9807327245261352e-05,0.091643580331168359,-0.00050120832165079232,0.00070515750347666106,-0.0004123066979255015,0.00081177975021697729,-0.00081762419099836575,-4.3301666059843397e-07,0.0012771011247578045,0.20008053426432076
2.0600000000000001,7.918946,4.9686138519645324e-05,0.091642562598886493,-0.00051688216109280205,0.00070491966793428951,-0.00041280142634784724,0.00081076495044557506,-0.00082588021270682825,-4.436273779807754e-07,0.001293316423766716,0.20008053426432076
2.0800000000000001,10.081989,4.9921013984197195e-05,0.091641501572667913,-0.00049799389699078933,0.00066250011040391854,-0.00041285559297467989,0.00081106837026367125,-0.00083413731757373596,-4.5437340415067993e-07,0.0013095377911719894,0.20008053426432076
2.1000000000000001,12.383582000000001,5.0321281376186512e-05,0.091640405703614453,-0.00050244209710403887,0.00067218013191339132,-0.00041300075562977436,0.00081184416044902054,-0.00084239732551573919,-4.6525726139716061e-07,0.0013257746743809697,0.20008053426432076
2.1200000000000001,8.962771,4.9972384530063419e-05,0.091639403830276522,-0.00051118084266832398,0.0006556776496096095,-0.00041305063350992744,0.00081230659875622412,-0.00085065833083659836,-4.7627660426333835e-07,0.0013420208063560943,0.20008053426432076
2.1400000000000001,11.709725000000001,4.9820119489158836e-05,0.09163840104069039,-0.00050408377931865367,0.00063852270729869431,-0.00041325556109579663,0.00081360416181000962,-0.0008589234345251827,-4.8743579738848322e-07,0.0013582928895922945,0.20008053426432076
2.1600000000000001,9.2814619999999994,4.9617554087534619e-05,0.091637410898036731,-0.00050118336184168388,0.00067330122267983405,-0.00041343974975612343,0.0008132731681870024,-0.0008671922218008943,-4.9873448721088171e-07,0.0013745583529560345,0.20008053426432076
2.1800000000000002,9.0612060000000003,4.9335345696774396e-05,0.09163639534580334,-0.00050008265796419593,0.00065887492292349137,-0.00041310375945509653,0.00081346618866144985,-0.00087545428909211473,-5.1015839722284226e-07,0.0013908276767292634,0.20008053426432076
2.2000000000000002,16.956091000000001,4.9318632161795795e-05,0.091635346521752856,-0.00049257229547139403,0.00064477423998599015,-0.00041408725842907235,0.0008131744768605304,-0.00088373602615664769,-5.2174421887379518e-07,0.001407091166266474,0.20008053426432076
2.2200000000000002,18.555451000000001,4.9237732202459542e-05,0.091634313119779306,-0.00048631885812167042,0.00063022012641633651,-0.00041342265215090249,0.00081288396824866086,-0.0008920044709194412,-5.3344589513241051e-07,0.0014233488456314471,0.20008053426432076
2.2400000000000002,10.051383,4.9258406146021533e-05,0.09163327447870423,-0.00048169867798852906,0.00062493410355024537,-0.00041318958875838938,0.0008095127287338985,-0.00090026825422822416,-5.4527504602271149e-07,0.001439539100206125,0.20008053426432076
2.2600000000000002,15.002024,4.9557299693448104e-05,0.091632204700746275,-0.00047507219797371381,0.00061429715666827533,-0.00041369677511950576,0.00080706344756853216,-0.00090854218106129392,-5.5725247141683636e-07,0.0014556803691574956,0.20008053426432076
2.2800000000000002,7.4374419999999999,5.0151917859498721e-05,0.091631104341308278,-0.00050078789118590539,0.00069154193561637989,-0.00041357090267997188,0.00080356447160218319,-0.00091681359025428484,-5.6935947415619389e-07,0.0014717516585895393,0.20008053426432076
2.3000000000000003,8.7322550000000003,5.0088031593609001e-05,0.091630064564834066,-0.00050297001088683846,0.00071845542404447293,-0.00041321971506215688,0.00079903498864647589,-0.00092507797550752031,-5.8158864111544705e-07,0.0014877323583624689,0.20008053426432076
2.3199999999999998,7.8504969999999998,4.9917099489928608e-05,0.091629037159987298,-0.00050177098876147408,0.00072357720672844295,-0.00041281344230684219,0.00079733496740247629,-0.00093333423511846253,-5.9393758495131965e-07,0.0015036790577105184,0.20008053426432076
2.3399999999999999,10.997479999999999,4.9946697417540981e-05,0.091627987210237238,-0.00050202389399645053,0.00072704269501500107,-0.00041183179163480158,0.00079468921815832041,-0.00094157086154075028,-6.0638829267416127e-07,0.0015195728420736847,0.20008053426432076
2.3599999999999999,10.824564000000001,4.9941907177355841e-05,0.091626943694119153,-0.00049612076981175868,0.00072397174504512662,-0.00041043556370675598,0.00079118176654432949,-0.00094977956323856613,-6.1892696834573631e-07,0.0015353964774045712,0.20008053426432076
2.3799999999999999,9.3176819999999996,4.9939167064655117e-05,0.091625899449244153,-0.00049440141691858841,0.00072414569383894012,-0.00040880030924875352,0.00078683436807419627,-0.00095795555968728385,-6.3154470605944273e-07,0.0015511331647660551,0.20008053426432076
2.3999999999999999,9.6997979999999995,4.9947039183984102e-05,0.091624858515804541,-0.00049622326367593228,0.00072539919125969021,-0.00040678540706832865,0.0007823776609754635,-0.00096609125794235658,-6.4422791960199792e-07,0.0015667807179855643,0.20008053426432076
2.4199999999999999,7.6602579999999998,4.9933492002207792e-05,0.091623823199079316,-0.00050275628459561794,0.00076585657066607915,-0.00040708210889613263,0.00077742766113897193,-0.00097423289002780624,-6.5704737766041564e-07,0.0015823292712083437,0.20008053426432076
2.4399999999999999,9.0880010000000002,5.0003245341932854e-05,0.09162277272440876,-0.00050381053494508166,0.00074331394653603944,-0.00040752807260046307,0.00077843655317971739,-0.0009823834411756278,-6.7000769111073377e-07,0.001597898002271938,0.20008053426432076
2.46,8.2917050000000003,4.9988683356713877e-05,0.091621734047392406,-0.00049786862997935888,0.00074204547306044866,-0.00040783096112614647,0.00078134752485018453,-0.00099054004988300922,-6.831048625860077e-07,0.0016135249527689417,0.20008053426432076
2.48,9.4251579999999997,4.9745826493164319e-05,0.091620730979919018,-0.00049550669890807697,0.0007357711240356668,-0.00040812422830027235,0.00078444729485781933,-0.00099870252372008896,-6.9633925970070219e-07,0.0016292138986660981,0.20008053426432076
2.5,9.5491279999999996,4.9644770350959483e-05,0.091619708780810577,-0.00050407663322182827,0.00073510798619036422,-0.00040790382947146812,0.00078760282694345391,-0.0010068605893774395,-7.0969475874282629e-07,0.0016449659552049672,0.20008053426432076
2.52,15.330514000000001,4.962949102266162e-05,0.091618668316549454,-0.00049848476645464324,0.00072332925690132832,-0.00040756448145742619,0.00079033300788362165,-0.0010150118678720231,-7.2316776887163765e-07,0.0016607726153626396,0.20008053426432076
2.54,8.6927839999999996,4.9585681743425249e-05,0.091617639992948557,-0.00050690391766117227,0.00072778035154130727,-0.0004074086124112909,0.00079290200625765624,-0.0010231600287756934,-7.3676463091775173e-07,0.0016766306554877927,0.20008053426432076
2.5600000000000001,9.8621660000000002,4.9716343008649848e-05,0.091616577925896475,-0.00050069105131045344,0.00071576017830077276,-0.00040780430698756292,0.00079539896153464585,-0.001031316103342673,-7.5050424189447683e-07,0.0016925386347184856,0.20008053426432076
2.5800000000000001,10.538831,5.005352553455161e-05,0.091615494358818314,-0.00049813039086143984,0.00068482009649550868,-0.00040824681350430794,0.00080069275447724618,-0.0010394810278068552,-7.6438908134257436e-07,0.0017085524898080306,0.20008053426432076
2.6000000000000001,10.344996,5.0250214356563941e-05,0.091614423332773032,-0.0004958020811312025,0.00067070239224942263,-0.00040815750950668947,0.00080400237690947526,-0.0010476441659698561,-7.7840187696426756e-07,0.0017246325373462201,0.20008053426432076
2.6200000000000001,12.047874,5.0380196245668135e-05,0.091613368320103153,-0.00049089353461528873,0.0006579591397812834,-0.00040788339856482844,0.00080700852535980341,-0.0010558018216954422,-7.9253668257970608e-07,0.0017407727078534161,0.20008053426432076
2.6400000000000001,8.7831489999999999,5.0556002466612968e-05,0.091612313366900497,-0.0005038908103228712,0.00068588460872165413,-0.00040833980449752634,0.00080936479229661755,-0.0010639686052961862,-8.0681931021525479e-07,0.0017569600036993485,0.20008053426432076
2.6600000000000001,8.9212419999999995,5.0384274166581606e-05,0.091611291677941034,-0.00049776319135130809,0.00063825944273299129,-0.00040829172167522205,0.00081152253335447827,-0.0010721344270094039,-8.212326148141289e-07,0.0017731904543664379,0.20008053426432076
2.6800000000000002,15.432569000000001,5.0479334610165052e-05,0.091610243146836579,-0.00049050000773631641,0.00062041147832925247,-0.00040893912406830271,0.00081268227195835667,-0.001080313196514762,-8.3580161364891812e-07,0.001789444099805605,0.20008053426432076
2.7000000000000002,12.717824,5.0589577569196327e-05,0.091609199758019538,-0.00050586502045069093,0.00067594962277750525,-0.00040901194424869055,0.00081409334753323158,-0.0010884934221832875,-8.5050628071797908e-07,0.0018057259667562697,0.20008053426432076
2.7200000000000002,12.783357000000001,5.0137678155387279e-05,0.091608220347535269,-0.00050170391268700154,0.00066800000930333781,-0.00040886739973693614,0.00081453633725607608,-0.0010966707567257642,-8.6533892966856371e-07,0.0018220166935013912,0.20008053426432076
2.7400000000000002,14.333596,4.9958458788358133e-05,0.091607204933609049,-0.00049534143389784457,0.00063073138376901206,-0.00040854634496552617,0.00081269058493299562,-0.0011048416699411226,-8.8029289088623279e-07,0.001838270505200051,0.20008053426432076
2.7600000000000002,9.246575,4.9985167890455807e-05,0.091606171767787292,-0.00050636308334961466,0.00067249420889736733,-0.00040785480783265876,0.00080993093299117785,-0.0011129987521936769,-8.9535389844672516e-07,0.0018544691238598745,0.20008053426432076
2.7800000000000002,10.341502999999999,4.962390742133759e-05,0.091605187597632462,-0.00050380504569658147,0.00066653056272003575,-0.00040829883638361913,0.00080641600923309954,-0.0011211647147573434,-9.105632931043489e-07,0.0018705974440445365,0.20008053426432076
2.8000000000000003,8.3975980000000003,4.9514501936998347e-05,0.091604167857017291,-0.00050244591604697852,0.00064540616022479291,-0.00040819566678543343,0.00080516523411443568,-0.001129328613686515,-9.2590041249383875e-07,0.0018867007487268252,0.20008053426432076
2.8199999999999998,9.1882470000000005,4.9589856922920951e-05,0.091603121618755862,-0.0005047630438441697,0.0006738315434553499,-0.00040750700663825504,0.0008005145604163276,-0.001137478739190148,-9.4134252180371025e-07,0.0019027110399351516,0.20008053426432076
2.8399999999999999,7.4867140000000001,4.9323507799399814e-05,0.091602120327590728,-0.00050109666548603382,0.00067848413784510342,-0.0004081478608107201,0.00079485610081772465,-0.0011456416815064391,-9.5693914489139821e-07,0.0019186081619515061,0.20008053426432076
2.8599999999999999,10.787407999999999,4.9278277912405597e-05,0.091601090333911867,-0.00050285395876292771,0.00065662138816824367,-0.00040838310514163721,0.00079361573850163778,-0.0011538093284518395,-9.7267449818404782e-07,0.0019344804767215389,0.20008053426432076
2.8799999999999999,11.734043,4.9445007566453342e-05,0.091600036943570842,-0.00049894253344684447,0.00066208198365491633,-0.00040807281788106321,0.00079187356749174187,-0.0011619707694132263,-9.8852729461655364e-07,0.0019503179480713738,0.20008053426432076
2.8999999999999999,8.1834629999999997,4.9376969091580213e-05,0.091599017347592432,-0.00049832645216563165,0.00068385174552032524,-0.00040869780085743556,0.00078751945982467766,-0.0011701447097587794,-1.0045334690084791e-06,0.0019660683372678673,0.20008053426432076
2.9199999999999999,10.762893999999999,4.931485636770917e-05,0.09159798018077292,-0.00049192777519690978,0.00065558150364952716,-0.00040905027299137234,0.00078649392755843423,-0.0011783256992803257,-1.0206822174341802e-06,0.0019817982158190361,0.20008053426432076
2.9399999999999999,12.427701000000001,4.9477706754686256e-05,0.09159691849958311,-0.00049287706574419055,0.00066796482594599915,-0.00040925590925408015,0.00078509800121300032,-0.001186510801264183,-1.0369677205039918e-06,0.0019975001758432962,0.20008053426432076
2.96,13.859344999999999,4.9441127773058752e-05,0.091595886275541799,-0.00048728272396214578,0.00066607084353087487,-0.00040963101324607902,0.00078224760531400467,-0.0011947034050565407,-1.0533965564886882e-06,0.0020131451279495763,0.20008053426432076
2.98,12.054401,4.9412189399695269e-05,0.091594854686558841,-0.00049084338572680242,0.00067702968772942462,-0.00040966773729853224,0.00078165555720283218,-0.0012028967430705146,-1.0699550012182184e-06,0.0020287782390936331,0.20008053426432076
3,12.825513000000001,0.00049257390169127639,0.091593812866702914,0.00038031273799521426,0.0025623885722712014,-0.00040984493869395186,0.00078144114325802622,-0.0012110936248452215,-1.0866487334780766e-06,0.0020444070619587938,0.20058053426432076
3.02,12.829622000000001,0.00090557334874073877,0.091589809454480448,0.0014090108607612839,0.0045101714143995775,-0.00040968349998582579,0.00077964306180180012,-0.0012192872775909629,-1.1034637998656257e-06,0.0020599999231948299,0.20108053426432076
3.04,12.271371,0.0012456894207357884,0.091582953859694061,0.0022839381974578687,0.0059177319797627526,-0.00040948770738024882,0.00077835846328079116,-0.0012274770142299909,-1.1203984263572223e-06,0.0020755670924604459,0.20158053426432077
3.0600000000000001,13.214116000000001,0.0015281547706687847,0.091573627596890916,0.003075860102451311,0.007053714550252943,-0.00040878663057896991,0.00077874621400606686,-0.00123565272909874,-1.1374313638092149e-06,0.0020911420167405671,0.20208053426432077
3.0800000000000001,14.203595,0.0017649695036303726,0.091562109401552003,0.0038226857544199078,0.0079943117726972712,-0.00040823372056694414,0.00077704380334148756,-0.0012438173855256205,-1.1545682880377454e-06,0.0021066828928073969,0.20258053426432077
3.1000000000000001,12.424377,0.0019654179088915424,0.091548633485214248,0.0045224379790064217,0.0087857976096703538,-0.00040727731546450841,0.00077635456652609138,-0.0012519629136260222,-1.1717915965869296e-06,0.0021222099841379186,0.20308053426432077
3.1200000000000001,12.955624,0.0021367436731521889,0.091533379110009749,0.0052215772248427328,0.0094562670178774955,-0.00040670890064654647,0.00077557085170442417,-0.0012600970731875783,-1.1891171035921538e-06,0.0021377214011720071,0.20358053426432077
3.1400000000000001,13.416230000000001,0.0022832929667966958,0.091516481392282648,0.0057827218953661053,0.0099911460022295007,-0.00033473226321458779,0.00077563772245178907,-0.0012667917030438993,-1.2034803052217846e-06,0.0021532341556210429,0.20408053426432077
3.1600000000000001,14.392388,0.0024073841620771397,0.091498232229864071,0.006332591763245965,0.010229214438235434,-0.000185583038004863,0.00091344737389290401,-0.0012705033551264377,-1.2115062777575504e-06,0.0021715031030989009,0.20458053426432077
3.1800000000000002,13.04602,0.002512693135724187,0.091478676584772836,0.0062326838772013282,0.0093033646281888149,2.0386673537829003e-05,0.0011847874352806224,-0.0012700956226275179,-1.2106160531929213e-06,0.0021951988518045134,0.20508053426432077
3.2000000000000002,12.438832,0.0026418946005292722,0.091459603434209183,0.0071461792522340417,0.010215138932617496,0.00027067055522333647,0.0015416836282339391,-0.0012646822247502332,-1.1986490914260639e-06,0.0022260325243691923,0.20558053426432077
3.2200000000000002,12.770929000000001,0.0027120773369553566,0.091437873404026648,0.0074570535698926799,0.009956091610516804,0.00055712608342543119,0.0019588448054916876,-0.0012535397311765424,-1.1736272321116783e-06,0.002265209420479026,0.20608053426432077
3.2400000000000002,12.554636,0.0027712080170854973,0.091415288856676782,0.007759496370896346,0.0095933433885386776,0.00087226492828370705,0.0024181574159362553,-0.001236094478328967,-1.1336881575655198e-06,0.0023135725687977509,0.20658053426432077
3.2600000000000002,10.047231,0.0028215734706120632,0.091391934305511027,0.007460513526045931,0.0081758745528612842,0.0012131609384934592,0.0029060424447230602,-0.0012118313261364824,-1.0768483927417055e-06,0.0023716934176922122,0.20708053426432077
3.2800000000000002,8.6621749999999995,0.0029039241838223796,0.091369503266136659,0.0082260394327777764,0.0086759222110976975,0.0015659112596836731,0.0034118384138221219,-0.0011805131915766194,-1.001502709641027e-06,0.0024399301859686548,0.20758053426432077
3.3000000000000003,9.3666959999999992,0.0029354311351728721,0.091344769035611367,0.0083616673219933935,0.0081342513437998587,0.0019284024196837817,0.0039244981022041247,-0.0011419452617084643,-9.058858597726601e-07,0.0025184201480127374,0.20808053426432077
3.3200000000000003,10.566402,0.0029629571076921764,0.091319566639395167,0.0080172436915468825,0.006628059815665166,0.0022463533171167447,0.0044218989369412508,-0.0010970183428867519,-7.9075412725009627e-07,0.0026068581267515625,0.20858053426432077
3.3399999999999999,10.822265,0.003026244630033341,0.091295420991101495,0.0087221919969848738,0.0071346396850084925,0.0026073641215951368,0.0048199752435099004,-0.0010448712442565034,-6.5230023681914915e-07,0.0027032576316217607,0.20908053426432077
3.3599999999999999,8.8747880000000006,0.0030417603861802017,0.091269151921929942,0.0083218188337217391,0.0056108004199815209,0.0029576815686186671,0.0052593126986927767,-0.00098571783751142642,-4.8928186327362264e-07,0.0028084438855956162,0.20958053426432077
3.3799999999999999,11.927541,0.0030949698966067788,0.091244076811292568,0.0089818963370271732,0.006138171126021108,0.0032976861239565822,0.0056517413678325865,-0.00091976438570629373,-3.0032725931810465e-07,0.0029214787129522679,0.21008053426432077
3.3999999999999999,10.492648000000001,0.0031028732411492693,0.091216968132123655,0.0090968590773099489,0.0056895892575596907,0.0035790738873993362,0.0059926724422767509,-0.00084818322609401728,-8.6914168508856135e-08,0.0030413321617978029,0.21058053426432077
3.4199999999999999,9.8532489999999999,0.0031105196516602882,0.091189539092474722,0.0092404750982323369,0.0052826696125265471,0.0038950488131114279,0.0062083265129772268,-0.00077028262497093477,1.5484453492506727e-07,0.0031654986920573473,0.21108053426432077
3.4399999999999999,9.4755109999999991,0.0031183345884632676,0.091161796149091048,0.0093253274163699329,0.0048662882726353551,0.0041904694735831506,0.0064467792821863313,-0.00068647367267730876,4.2554558334642786e-07,0.0032944342777010741,0.21158053426432077
3.46,10.156337000000001,0.0031278554926948499,0.091133838356507055,0.0094543900316845786,0.0045126606558114624,0.0044280157113735742,0.006630469190039315,-0.00059791385857454224,7.231731222677697e-07,0.0034270436615018605,0.21208053426432077
3.48,9.4684760000000008,0.0031381916938980525,0.09110557126824162,0.0095744420347088077,0.0042420845566599752,0.0046995753014351278,0.0066924149385216057,-0.00050392292626052961,1.0515757506483634e-06,0.0035608919602722927,0.21258053426432078
3.5,8.7661650000000009,0.0031495097084664621,0.091077065514558464,0.0097040720199657038,0.0039897471528824724,0.0049110630283871982,0.0067874266755509642,-0.00040570231237812161,1.4079969615490448e-06,0.0036966404937833122,0.21308053426432078
3.52,10.112297999999999,0.0031614311602699697,0.091048285418524028,0.0098102394528813974,0.0038101682482971633,0.0051554958310707933,0.0067650530011581526,-0.0003025931262837721,1.7961317785120214e-06,0.0038319415538064752,0.21358053426432078
3.54,12.420169,0.0031731458246960003,0.091019292348120534,0.0099123361290610612,0.0036127798343059681,0.005384852108514874,0.0067826348221953856,-0.00019489690305095992,2.2161241821552371e-06,0.0039675942502503826,0.21408053426432078
3.5600000000000001,9.368544,0.0031851382334341736,0.090990082794514385,0.010019265100390751,0.0034533305928354796,0.005602994042527505,0.0067663227781168921,-8.2837934551664022e-05,2.6683134271533376e-06,0.0041029207058127203,0.21458053426432078
3.5800000000000001,13.039777000000001,0.0031974280426081692,0.090960657929178193,0.010126050327797342,0.0033252280321705019,0.0058062253380056885,0.0067213195494461603,3.3285562506353878e-05,3.1525667660344692e-06,0.0042373470968016438,0.21508053426432078
3.6000000000000001,8.9524080000000001,0.0032098977777121613,0.090931019361779483,0.010229035817838739,0.0032292199573689118,0.0059996677629521105,0.0066487612587749967,0.00015327780644905939,3.6689967389861689e-06,0.004370322321977144,0.21558053426432078
3.6200000000000001,9.3743440000000007,0.00322245338474033,0.090901175204387411,0.010332788959700578,0.0031589587060845137,0.0061835635908126466,0.0065549878290376918,0.00027694786152983851,4.2175848965120792e-06,0.0045014220785578977,0.21608053426432078
3.6400000000000001,8.2920390000000008,0.0032349852811701129,0.090871128229645812,0.010437235968905667,0.0031054138686490429,0.0063596557177143034,0.0064474183650207401,0.00040413965006301001,4.798333444065629e-06,0.0046303704458583129,0.21658053426432078
3.6600000000000001,10.292225,0.0032474859816455123,0.090840879996655466,0.010537969464426422,0.0030684045647753067,0.0065268018151314654,0.0063282641133355936,0.000534674248489083,5.4110220641882242e-06,0.004756935728125025,0.21708053426432078
3.6800000000000002,8.9584580000000003,0.003259873338575572,0.090810435924621777,0.010632390119593937,0.0030432180968995581,0.0066855648916252014,0.0062035787767160556,0.00066838399377018901,6.0553705058937863e-06,0.0048810073036593465,0.21758053426432078
3.7000000000000002,10.047560000000001,0.0032721052937056488,0.090779805139861613,0.009961971707844075,0.0016324854195732819,0.0068371818680721154,0.0060724134542598463,0.00080512596144669988,6.7311180872365008e-06,0.005002455572744543,0.21808053426432078
3.7200000000000002,10.767713000000001,0.0033411018347303954,0.090751354309041327,0.0099851920282414408,0.0015504791380611671,0.0069823574394576229,0.0059379527618722604,0.0009447713212078591,7.4379859080522754e-06,0.0051212146279819883,0.21858053426432078
3.7400000000000002,9.8810800000000008,0.0034106353593958074,0.090722878712600513,0.011026629537523314,0.0033360706087484093,0.0071214257270832571,0.0058026968229776812,0.0010871979254638516,8.1756542971064992e-06,0.0052372685644415419,0.21908053426432078
3.7600000000000002,9.9075070000000007,0.0034032772065471749,0.09069118460002408,0.011068777916869443,0.0033431611852519083,0.0072550620377163652,0.0056690411580941945,0.0012322971329191221,8.9438107249592531e-06,0.0053506493876034258,0.21958053426432078
3.7800000000000002,8.8673210000000005,0.0033970103430630799,0.090659367285600159,0.0111917045233626,0.0033234007422837664,0.0073838679171680608,0.0055387649421495839,0.0013799723333148813,9.7421561050414563e-06,0.0054614246864464174,0.22008053426432078
3.8000000000000003,10.665547999999999,0.0033932655440726679,0.090627385531701368,0.011267676297767037,0.0032852390998703296,0.0075080230395640013,0.0054128742555630081,0.0015301305100715141,1.0570369950216693e-05,0.0055696821715576772,0.22058053426432078
3.8200000000000003,8.3398339999999997,0.0033919478976911703,0.090595298158695103,0.011352199769537941,0.00322358357397734,0.0076274758288969995,0.0052922978837984464,0.0016826776153293442,1.1428091128513135e-05,0.0056755281292336464,0.22108053426432078
3.8399999999999999,10.271876000000001,0.0033939064604502291,0.09056306477408449,0.011443963324019535,0.0032336807514823374,0.0076799542502835041,0.0051775611393508857,0.0018362741811626822,1.2307794933262719e-05,0.0057790793520206638,0.22158053426432078
3.8599999999999999,15.360628999999999,0.0033986605968851133,0.090530665899100901,0.01152626265817791,0.0033302043978788998,0.0077290759223793311,0.0049670620781043489,0.0019908530737162335,1.3208806852810696e-05,0.0058784205935827512,0.22208053426432078
3.8799999999999999,12.362062999999999,0.0034032718673989498,0.09049811877594717,0.011616530597083008,0.0033493170603051681,0.0078587067563045815,0.0047639786899498051,0.0021480244490147031,1.4140224816176567e-05,0.0059737001673817475,0.22258053426432078
3.8999999999999999,14.02431,0.0034075913541502345,0.090465418812859716,0.011675135560623162,0.0032798654930452642,0.0079787980963652218,0.0047042880394735148,0.002307597518688548,1.5100984875030647e-05,0.0060677859281712179,0.22308053426432078
3.9199999999999999,14.541231,0.0034123457535525626,0.090432588401516037,0.011714904286516781,0.0032052704228966444,0.0080969330321177674,0.0046489172718345642,0.0024695331523537393,1.609111622640288e-05,0.0061607642736079089,0.22358053426432078
3.9399999999999999,14.261478,0.0034174063322611058,0.090399641321466384,0.011778760984991643,0.0031348396355375119,0.0082094557824829231,0.0045956294695228472,0.0026337191054536858,1.7110185644567936e-05,0.0062526768629983659,0.22408053426432079
3.96,12.702306,0.0034227374157282339,0.090366553306009678,0.011811133061738088,0.0030724130867549881,0.0083176305778164209,0.0045429475455000708,0.0028000684177376433,1.8157885155430549e-05,0.0063435358139083669,0.22458053426432079
3.98,9.8804569999999998,0.0034281598770512993,0.090333360494732992,0.01135765996628324,0.0020883730379721577,0.008422487295185634,0.0044891164129634053,0.0029685147262675945,1.9234006736791757e-05,0.0064333181421676348,0.22508053426432079
4,9.5656839999999992,0.0034713312786570898,0.090301646538554922,0.011962802818150431,0.0030282880056817785,0.008523582217462378,0.0044394516236692712,0.0031389827940693613,2.0338265342665446e-05,0.0065221071746410205,0.22558053426432079
4.0200000000000005,11.892262000000001,0.0034711078676847389,0.090268015941012358,0.011974795759685741,0.0029745812089549961,0.0086219462159978465,0.0044000022561074574,0.0033114180011571534,2.1470509668793852e-05,0.00661010721976317,0.22608053426432079
4.04,13.618242,0.0034707855841425326,0.09023430000612459,0.012048112977278369,0.0029322324223000074,0.008715255631167821,0.0043644619083670266,0.0034857192553407316,2.2630284074719031e-05,0.0066973964579305108,0.22658053426432079
4.0600000000000005,11.211334000000001,0.0034713133021527474,0.090200449513084188,0.012085851725260444,0.0028622383028589216,0.0088024720199072152,0.0043261109755870063,0.00366176469622195,2.3816964080954114e-05,0.0067839186774422506,0.22708053426432079
4.0800000000000001,8.5613440000000001,0.0034726805401579198,0.090166502634178483,0.012161571110721137,0.0027588002563410097,0.0088861823398987232,0.0042847526786648701,0.0038394842016541168,2.5030232442546821e-05,0.0068696137310155477,0.22758053426432079
4.0999999999999996,9.4508240000000008,0.0034749109743043641,0.090132383177395595,0.012188413272062326,0.0027064885328915711,0.00896415528084335,0.0042408828120612989,0.0040187630245682006,2.6269431445647464e-05,0.006954431387256774,0.22808053426432079
4.1200000000000001,8.6966079999999994,0.0034784963694939348,0.090098181388688206,0.012264840237360519,0.0026747121136381224,0.0089971098231063189,0.0041952461446543533,0.0041987008170181889,2.7528365851938728e-05,0.0070383363101498607,0.22858053426432079
4.1399999999999997,11.439845999999999,0.0034824443680021209,0.090063800795408988,0.012302732406403005,0.0026793516984311427,0.0090764030941042073,0.0040806207962671677,0.0043802243303471327,2.8813418139735513e-05,0.0071199487260752044,0.22908053426432079
4.1600000000000001,11.307041,0.0034861198507071729,0.090029337370609447,0.011839385092784926,0.0016931653031364569,0.0091487300506362338,0.0040419677439030776,0.0045631942407458881,3.0123572495945499e-05,0.0072007880809532663,0.22958053426432079
4.1799999999999997,10.445527,0.0035274727822996793,0.089996371168545905,0.012387136642381447,0.0026685806796049594,0.0092198198853369537,0.004001852697478196,0.0047475858045885333,3.1458739483893169e-05,0.0072808251349028305,0.23008053426432079
4.2000000000000002,9.4721589999999996,0.0035257049292954212,0.089961551540776064,0.012421722261010681,0.0026167724588121999,0.0092868779588135292,0.003961198607363949,0.0049333183870606066,3.2818407462941625e-05,0.0073600491070501097,0.23058053426432079
4.2199999999999998,11.130224,0.0035240533557410279,0.089926602128274788,0.012489670591165902,0.0025674530841961474,0.0093534242443160387,0.0039180199986017976,0.0051203817511019942,3.4202557448610319e-05,0.0074384095070221456,0.23108053426432079
4.2400000000000002,12.010588,0.0035233579722971503,0.089891531593726523,0.012515492598858979,0.0025370690066541801,0.0094155004164322483,0.0038700342020452621,0.0053086864955151801,3.5610558946908566e-05,0.0075158101910630512,0.23158053426432079
4.2599999999999998,13.072397,0.003523519847892479,0.089856390729192617,0.011595089898021271,0.00075390219629145605,0.0094776223455082798,0.0038212827614795236,0.0054982335342104258,3.7042428876162098e-05,0.007592235846292642,0.23208053426432079
4.2800000000000002,8.6149539999999991,0.0035946598477917973,0.089824231815695751,0.012649846046354329,0.0025871990518764321,0.0095366242453226897,0.0037733147814839429,0.0056889604672619356,3.8497697701979654e-05,0.0076677021419223204,0.23258053426432079
4.2999999999999998,9.2225210000000004,0.0035863487754725963,0.08978859586562056,0.012666691519065632,0.0025886396142273949,0.0095516998029282381,0.0037287409674371403,0.0058799887928039233,3.9969598081824845e-05,0.0077422769612710629,0.23308053426432079
4.3200000000000003,11.418710000000001,0.0035784584135957025,0.089752855889360134,0.012744602717965292,0.0026047350794389246,0.0096101985935797222,0.0036149539616577952,0.0060721869501580783,4.1464627474244135e-05,0.0078145760405042182,0.23358053426432079
4.3399999999999999,11.647584999999999,0.0035718515905185338,0.089717021983595172,0.012764368845223806,0.0025483519937536947,0.009665669367906006,0.003579679567004195,0.0062654943807538884,4.2982194051595454e-05,0.0078861696318443027,0.23408053426432079
4.3600000000000003,10.383981,0.0035670898811115568,0.089681152345385817,0.012794264601784899,0.0024723802626795965,0.0097211526298872086,0.003542866696490456,0.0064599113331930916,4.4522319266600839e-05,0.0079570269657741124,0.23458053426432079
4.3799999999999999,9.7300609999999992,0.0035640080552415535,0.089645213377624225,0.012797873702997564,0.002414549586672754,0.0097731912984451493,0.0035047951778815951,0.0066553689167391881,4.6084464177410187e-05,0.0080271228693317449,0.2350805342643208
4.4000000000000004,12.987646,0.0035636861204183497,0.089609243847692741,0.012871084665599941,0.0024073823614054746,0.0097445072797568803,0.0034669286174949313,0.0068502527291704387,4.7655611005434104e-05,0.0080964614416816436,0.2355805342643208
4.4199999999999999,11.462217000000001,0.0035642148992400084,0.08957311080920953,0.0129242512133666,0.002446201932137182,0.0098052260218253525,0.0033011931261168357,0.0070463507695317854,4.9249819922731566e-05,0.0081624853042039803,0.2360805342643208
4.4400000000000004,11.310853,0.0035644538972102258,0.08953690254553584,0.012941558663469466,0.0023840818364289085,0.0098612388580754176,0.0032799570230393491,0.0072435689236566665,5.0866115063269165e-05,0.0082280844446647669,0.2365805342643208
4.46,13.828308,0.0035651333031572448,0.089500627489835088,0.012452376646369334,0.0013997519993109719,0.0099180271364411373,0.0032601787458701628,0.007441922698467684,5.250469063166149e-05,0.0082932880195821703,0.2370805342643208
4.4800000000000004,11.435416999999999,0.0036034627262617027,0.089465941529947496,0.013013357617391863,0.0023493715005771243,0.009970743183367695,0.003242836150661085,0.007641330650699745,5.4164943047801699e-05,0.0083581447425953928,0.2375805342643208
4.5,10.644489999999999,0.0035991880011711965,0.089429361729719145,0.012514223337572905,0.0013644014722675735,0.010020626274833353,0.0032224787157318136,0.0078417361218871655,5.5846458465642973e-05,0.0084225943169100297,0.2380805342643208
4.5200000000000005,11.327788999999999,0.0036333261664995048,0.089394390994782705,0.012306936535602442,0.00097457232592290666,0.010065804027109279,0.0031978672884821172,0.0080430450074551758,5.7548479685746546e-05,0.0084865516626796717,0.2385805342643208
4.54,9.1324670000000001,0.0036809085996135299,0.089360038503501354,0.013148302444963678,0.0024816603714090668,0.010112457992392897,0.0031705982271392104,0.008245286829675751,5.9271269303155197e-05,0.0085499636272224552,0.2390805342643208
4.5600000000000005,11.954103,0.0036642270151457761,0.089322876615031452,0.013143567624729124,0.0023983883744209678,0.010158795819891714,0.0031445423473392036,0.0084484552651232,6.1014783551930684e-05,0.00861285447416924,0.2395805342643208
4.5800000000000001,11.034041,0.0036495548042686735,0.089285677905892299,0.013199578633073639,0.0023158069711513019,0.010201907508605,0.0031229822404081277,0.0086524857924577519,6.2778484557530386e-05,0.0086753141189774025,0.2400805342643208
4.6000000000000005,12.372558,0.0036386962422540895,0.089248421841307476,0.013228843703960491,0.00227112097944282,0.010200566702404157,0.0030982567625696756,0.0088564893945657138,6.4554645320271103e-05,0.0087372792542287966,0.2405805342643208
4.6200000000000001,10.245521999999999,0.0036304512680255295,0.08921113263506697,0.013264817756207581,0.002229298312753869,0.010245380351948968,0.0030031895495425107,0.0090613891264672234,6.6351111053474768e-05,0.0087973430452196466,0.2410805342643208
4.6399999999999997,10.581847,0.0036247234813867211,0.089173799004628879,0.013282250803170914,0.0021919652021615832,0.010244754430490907,0.0029835579570454984,0.0092662762325102198,6.8159733112067088e-05,0.0088570142043605561,0.2415805342643208
4.6600000000000001,10.095765,0.0036218470338405659,0.089136429406300455,0.013338051464730327,0.0022144144767723972,0.010227186511632444,0.0028932134147712481,0.0094708118874052057,6.9977273803724049e-05,0.0089148784726559814,0.2420805342643208
4.6799999999999997,11.113813,0.0036195634265393344,0.089098963123678862,0.012842680528770356,0.0013106909875661987,0.010280401374933339,0.002780141644815287,0.0096764116935650502,7.181593606927563e-05,0.0089704813055522872,0.2425805342643208
4.7000000000000002,9.5430150000000005,0.0036544614326315772,0.089063164914560414,0.013409404329271846,0.0022252911957465482,0.010327892353897888,0.0027843817031347178,0.0098829611782199692,7.3674585651235867e-05,0.0090261689396149824,0.2430805342643208
4.7199999999999998,12.383808999999999,0.0036473929604091443,0.089025449749589536,0.012879859484499434,0.0012344627046141365,0.010375216618923714,0.0027822677301436163,0.010090457005597185,7.5553302468924242e-05,0.0090818142942178555,0.2435805342643208
4.7400000000000002,9.6684789999999996,0.0036788496860938641,0.088989425809364586,0.013444825387885051,0.0021949215404921674,0.010420196784646552,0.0027742548845126765,0.010298852294251117,7.7451743710466652e-05,0.0091372993919081082,0.2440805342643208
4.7599999999999998,9.5062739999999994,0.0036678812371536457,0.088951488335017662,0.01292059433257231,0.0011993003964649862,0.010463618247375557,0.002763487572469647,0.010508115870237259,7.936968432908307e-05,0.0091925691433575006,0.2445805342643208
4.7800000000000002,10.468451,0.0036961813605760098,0.088915254355803122,0.01349805659493164,0.0021529239776669762,0.01050411627713776,0.0027503504309845839,0.010718189266321374,8.1306631189081291e-05,0.0092475761519771917,0.2450805342643208
4.7999999999999998,12.036619,0.0036826380716054874,0.088877099083193301,0.013466466762686258,0.0020981892103504318,0.010545131468875753,0.0027353224134009321,0.010929082824386814,8.3262710136453863e-05,0.0093022826002452097,0.2455805342643208
4.8200000000000003,10.678985000000001,0.0036716997269206188,0.088838986213153323,0.01353018537803663,0.0020381198468482076,0.010541396658668817,0.0027228917412775917,0.011139901582417736,8.5229603233957056e-05,0.0093567404350707612,0.2460805342643208
4.8399999999999999,10.620521,0.0036629869337306289,0.088800780505492158,0.01352003814082392,0.0020199223352517226,0.010584527445913282,0.0026452254655132778,0.011351582812330743,8.7215907297624778e-05,0.0094096449443810265,0.24658053426432081
4.8600000000000003,10.381216,0.003656589157881892,0.088762618270336879,0.013582142863654223,0.0019461529198738781,0.010579892662476125,0.0026393279444131314,0.011563171245438857,8.9212523099273884e-05,0.0094624315032692894,0.24708053426432081
4.8799999999999999,12.709424,0.003651907025638538,0.088724348149660584,0.013074831318334423,0.0010184624369828921,0.010622069501271028,0.0025614146911324964,0.011775603073229297,9.1228146463424804e-05,0.00951365979709194,0.24758053426432081
4.9000000000000004,11.311083,0.0036857575717688805,0.088687785804334562,0.013642851527821076,0.0019785421729814345,0.010617012331029279,0.0025586364205765792,0.011987933658737359,9.3253681625885871e-05,0.0095648325255034711,0.24808053426432081
4.9199999999999999,9.5481649999999991,0.0036779025009473546,0.088649290402740444,0.013605972348349815,0.0019871971347442674,0.010659834270316632,0.0024832935874503411,0.012201120541255746,9.52981351808392e-05,0.0096144983972524783,0.24858053426432081
4.9400000000000004,11.703226000000001,0.0036703536714457769,0.088610839110502312,0.012856716243054511,0.00052813986624733467,0.010695771299014377,0.0024824226274986153,0.012415026029172299,9.7360103053846072e-05,0.0096641468498024508,0.24908053426432081
4.96,9.2617460000000005,0.0037200234598431382,0.088574921220583608,0.013700474368139703,0.0019897126943382304,0.010733332336409843,0.0024776081399351235,0.012629682600039162,9.9439959108378622e-05,0.0097136990126011537,0.24958053426432081
4.9800000000000004,11.163069999999999,0.003706790122496759,0.088536145817295964,0.013688257905118628,0.0019165905157036978,0.010766294976571365,0.0024687115438287535,0.012844998289310081,0.00010153685271745855,0.0097630732434777281,0.25008053426432081
5,10.662239,0.0036947865333219719,0.088497352630144979,0.013712117677229352,0.001857953729284878,0.010801047450013382,0.0024590520559829021,0.013061008891166421,0.00010365115937403178,0.0098122542845973867,0.25058053426432081
5.0200000000000005,11.610086000000001,0.0036858215528174313,0.088458548546776192,0.012970989783933962,0.00044141965747845902,0.010790698291507615,0.0024446181032745781,0.013276812415928147,0.00010577402247687142,0.0098611466466628789,0.25108053426432081
5.04,9.0326430000000002,0.0037342991462476376,0.088422281566014921,0.013821661108268657,0.0019270910342996661,0.010827984253406397,0.0023633250773500061,0.01349336152118097,0.00010791463243859925,0.0099084131482098797,0.25158053426432081
5.0600000000000005,9.2660009999999993,0.003720006822680057,0.088383152678634655,0.013778417709600088,0.0018674027745904098,0.010858506445419989,0.0023573546020746578,0.013710520938873266,0.00011007152780796661,0.0099555602402513731,0.25208053426432081
5.0800000000000001,10.606952,0.0037083533622853044,0.088344061828307563,0.013304203997434261,0.00092398673831239897,0.010824503244779977,0.002352396744120589,0.013927000224588331,0.00011223186454011954,0.010002608175133786,0.25258053426432081
5.1000000000000005,10.600740999999999,0.0037360722321556294,0.088306656716547763,0.013854196137323749,0.001977669663468351,0.01086312691658122,0.0022411538347529335,0.014144251845458007,0.00011440988928718242,0.010047431251828845,0.25308053426432081
5.1200000000000001,10.241372999999999,0.0037221612377651815,0.088267412526235892,0.013861552893173812,0.001862813698324306,0.010896875899844498,0.0022437808618738079,0.014362178313869522,0.00011660445446735204,0.010092306869066321,0.25358053426432081
5.1399999999999997,8.4432679999999998,0.0037102099920043189,0.088228139946237655,0.013868939891928056,0.0017814470886940992,0.01092919845448188,0.0022408981557291321,0.014580751101667322,0.00011881533150553673,0.010137124832180903,0.25408053426432081
5.1600000000000001,9.1487239999999996,0.0037017001237522264,0.088188868496128503,0.013910721707997231,0.0017521128045130396,0.010897481904450905,0.0022339149675794012,0.014798689492048914,0.00012102954491320361,0.010181803131532491,0.25458053426432081
5.1799999999999997,9.4405079999999995,0.0036950699499034654,0.088149541271435095,0.013927247248220143,0.0017534010667126232,0.010938730084858612,0.0021238825320561592,0.015017452706400952,0.00012326167262475922,0.010224280782173615,0.25508053426432081
5.2000000000000002,11.853256999999999,0.0036893345640334019,0.088110228293866111,0.013924561084429077,0.0016725587605008752,0.010972295144667573,0.0021294036098865,0.015236887091578975,0.00012550998270607406,0.010266868854371345,0.25558053426432081
5.2199999999999998,9.7893410000000003,0.0036856902831833975,0.088070914705357661,0.013943892899448196,0.0016321668653596078,0.010963592803512305,0.0021302121271879952,0.015456147343176485,0.00012776584925506445,0.010309473096915104,0.25608053426432081
5.2400000000000002,9.9074039999999997,0.0036829696073345602,0.088031556640363787,0.013956856298823594,0.0016217018191184707,0.01100088153742204,0.0020620418116156637,0.015676153234897097,0.00013003861153375592,0.010350713933147418,0.25658053426432081
5.2599999999999998,14.857748000000001,0.0036804555267129493,0.087992190768502065,0.013192304410750588,0.00018921444785946484,0.01103503511444914,0.0020751970150561191,0.015896842067202606,0.0001323275603058566,0.01039221787344854,0.25708053426432081
5.2800000000000002,11.409145000000001,0.003733875636267554,0.0879554117860748,0.014025289336611624,0.0016287711052020981,0.011066370354738597,0.0020791227907726059,0.016118157475056485,0.00013463220296076195,0.010433800329263991,0.25758053426432082
5.2999999999999998,12.296526,0.0037240253728987719,0.087915725908738335,0.013979779311918183,0.0015850394623027064,0.01109799140794171,0.0020768537629108253,0.016340105173442018,0.00013695265499926148,0.010475337404522207,0.25808053426432082
5.3200000000000003,10.450005000000001,0.0037146766420345662,0.087876067301964914,0.014015925661399642,0.0015334911154676334,0.011127797721402747,0.0020725860495439691,0.016562648868783416,0.00013928857348607086,0.010516789125513086,0.25858053426432082
5.3399999999999999,10.329528,0.0037069648164341101,0.087836383825573017,0.01401072292987704,0.0014832885732061207,0.011154395215365034,0.0020686842789713381,0.016785724387543371,0.00014163931341223122,0.010558162811092514,0.25908053426432082
5.3600000000000003,10.192027,0.0037008762583745831,0.087796726533553721,0.014044885771088644,0.001403382767439787,0.011179911857499178,0.0020591245656467216,0.017009310113366493,0.00014400466005231569,0.010599345302405448,0.25958053426432082
5.3799999999999999,9.9399920000000002,0.0036962758084549204,0.087757025587709175,0.014028398251417773,0.0013645318895547653,0.011203933584487147,0.0020472226423679601,0.017233376149319947,0.00014638428992785711,0.010640289755252807,0.26008053426432082
5.4000000000000004,9.4914629999999995,0.0036939509526487282,0.087717353805726733,0.014082835116199788,0.0013536919204322206,0.011162826884592116,0.0020353141886366769,0.017456620000656547,0.0001487643030689031,0.010680996039025541,0.26058053426432082
5.4199999999999999,11.222849,0.0036923965795215138,0.087677575963858084,0.014077998981655515,0.00140081594344732,0.01119417549445592,0.0019195046179757544,0.017680490693998668,0.00015115985369220134,0.010719386131385056,0.26108053426432082
5.4400000000000004,11.093094000000001,0.0036907091938043518,0.087637828845505861,0.013580156356159168,0.00044523978039245904,0.011218647598544691,0.0019162473117907771,0.017904850709150412,0.00015356924723474485,0.010757711077620871,0.26158053426432082
5.46,8.7925520000000006,0.0037262754490383319,0.087599799629250172,0.014118725346681571,0.0014120354468536434,0.011243631326854974,0.0019100023740276752,0.018129710277498979,0.00015599261014407679,0.010795911125101424,0.26208053426432082
5.4800000000000004,9.9597350000000002,0.0037198262694441301,0.087559829434673192,0.014117071004747017,0.0013634476937127715,0.011265683314480655,0.0019003889941612343,0.018355010767304929,0.00015842931079569118,0.010833918904984649,0.26258053426432082
5.5,9.4211430000000007,0.0037138343344073864,0.0875198254936429,0.014142289853750878,0.0013306463104021393,0.011288326856723338,0.001887720042455334,0.018580764008819185,0.00016087946089222857,0.010871673305833756,0.26308053426432082
5.5200000000000005,10.262414,0.003709042863484004,0.087479801736761426,0.014127659852656516,0.001311019320381801,0.011307347544993707,0.0018700199720418054,0.018806897549310829,0.00016334223697302648,0.010909073705274592,0.26358053426432082
5.54,10.467783000000001,0.0037052628808964699,0.087439812054002045,0.014167729971200416,0.0012543093981189912,0.011328926891700238,0.0018506087587208018,0.019033462559181258,0.00016581814274839424,0.010946085880449008,0.26408053426432082
5.5600000000000005,11.495113999999999,0.003702545902031801,0.087399757525345678,0.014157646319167272,0.0012300339893578371,0.011347945903829938,0.0018316419065290994,0.019260407835107553,0.00016830656177210739,0.010982718718579591,0.26458053426432082
5.5800000000000001,11.687480000000001,0.0037013071420423519,0.087359715358928558,0.014208378731161764,0.0012128593988429692,0.011324217544683419,0.0018173260459643629,0.019486878481613897,0.00017079804139753387,0.011019065239498877,0.26508053426432082
5.6000000000000005,10.066996,0.0037006508180688546,0.08731957895264994,0.014195293035430656,0.0012466798763237641,0.011347049712127381,0.0017341062226030957,0.019713805655033275,0.0001733026035722323,0.01105374736395094,0.26558053426432082
5.6200000000000001,13.003341000000001,0.003699840313319408,0.087279475672865051,0.013440338518506012,-0.00014108975035664884,0.011367456951921286,0.0017268223476279378,0.019941140861419154,0.0001758195380179003,0.011088283810903498,0.26608053426432082
5.6399999999999997,9.132816,0.0037544391467949786,0.087241993218003522,0.014280561714787088,0.0013335015595050681,0.011387886933538666,0.0017164525081008971,0.020168884555441406,0.0001783488378269093,0.011122612861065516,0.26658053426432082
5.6600000000000001,9.7709109999999999,0.003745785198224261,0.087201540618410026,0.014255432798908507,0.001288148433397085,0.011405068380029403,0.0017043466311686332,0.020396971770417383,0.00018088975611777578,0.01115669979368889,0.26708053426432082
5.6799999999999997,9.4833590000000001,0.0037374480357108921,0.087161071903622003,0.014263772690284893,0.0012710160375577484,0.011423814317509702,0.0016915778292329107,0.020625433794319782,0.00018344260918750941,0.011190531350273548,0.26758053426432082
5.7000000000000002,11.439928,0.0037305510869204725,0.087120610162991344,0.014296505722753317,0.0012249317071768573,0.011439853525941296,0.0016754789929910021,0.020854216496159737,0.00018600674974666428,0.011224040930133369,0.26808053426432082
5.7199999999999998,9.7029619999999994,0.0037251753510063258,0.087080117537014778,0.014263261776573444,0.0012052439338818832,0.011458446429463242,0.0016586319323472522,0.021083370946959477,0.00018858269800338663,0.011257213568780315,0.26858053426432082
5.7400000000000002,8.9647199999999998,0.0037210198349156547,0.08703968541606516,0.014291452053341813,0.001148626693265653,0.01147410167514655,0.0016416030994625627,0.021312838397638964,0.00019116973864821964,0.011290045630769565,0.26908053426432083
5.7599999999999998,10.275460000000001,0.0037191156341184637,0.086999205674384766,0.014345802820150855,0.0011582694654177494,0.011426254659093518,0.0016281298450610132,0.021541348884449044,0.00019375346301489158,0.011322608227670786,0.26958053426432083
5.7800000000000002,10.088017000000001,0.0037178712579831736,0.086958637954399523,0.014362761453635797,0.0011985605825934886,0.011452132545687728,0.0015141222824175782,0.021770376814426801,0.00019635023557009585,0.011352890673319137,0.27008053426432083
5.7999999999999998,10.803827,0.0037164382001009582,0.08691806534656514,0.014365529409971489,0.0011540121284203675,0.011473354398186836,0.0015151118924592141,0.021999829075261931,0.00019895877083063083,0.011383192911168322,0.27058053426432083
5.8200000000000003,10.362106000000001,0.0037154679229968669,0.086877480258121642,0.014369677433955896,0.0011152367367803784,0.011493132653517889,0.0015127249071386817,0.022229676796420343,0.00020157876221005885,0.011413447409311096,0.27108053426432083
5.8399999999999999,9.0021909999999998,0.0037148149457865037,0.086836876563556473,0.01438038640752537,0.0010801601242893533,0.011513613139685526,0.0015092382368596497,0.022459934021272401,0.00020421038064082929,0.011443632174048288,0.27158053426432083
5.8600000000000003,10.385256999999999,0.0037145567841145553,0.086796246845430539,0.014390279427336061,0.0010497527779573801,0.011529313033713386,0.001502606652988938,0.022690505144026447,0.00020685253197653077,0.011473684307108068,0.27208053426432083
5.8799999999999999,10.395123999999999,0.0037145293754524758,0.086755589449128506,0.014397757263437727,0.0010225730275252864,0.011545751401383027,0.0014949590328601212,0.022921404933133521,0.0002095053718365736,0.01150358348776527,0.27258053426432083
5.9000000000000004,9.3707329999999995,0.0037146562186421766,0.08671490598909444,0.014413066427702681,0.00099485627390971665,0.011565000274783929,0.0014836619700085724,0.023152689595050173,0.00021216952355920828,0.011533256727165441,0.27308053426432083
5.9199999999999999,9.1402169999999998,0.0037149345467304851,0.086674189649152703,0.014458052140128408,0.00095904590421835856,0.011583710404876055,0.0014737889579684775,0.023384348355725702,0.00021484483660464415,0.011562732506324811,0.27358053426432083
5.9400000000000004,10.015337000000001,0.0037154126507477434,0.086633412575882154,0.014418214264501961,0.00094110744978626037,0.011600771676587442,0.001467488507961315,0.02361634824017882,0.00021753091379346048,0.011592082276484037,0.27408053426432083
5.96,10.771181,0.0037158684067200936,0.086592652292159733,0.014436472437896253,0.00091840725580083493,0.011616462622570708,0.0014583345738092084,0.023848661843724667,0.00022022742119678159,0.011621248967960221,0.27458053426432083
5.9800000000000004,10.622102,0.0037164725209143747,0.086551856768346869,0.013931933035117083,3.0732583953252401e-06,0.011631458862232154,0.0014469306887700227,0.024081275273321837,0.00022293416768703778,0.011650187581735623,0.27508053426432083
6,10.840142999999999,0.0037537241373257115,0.086512833048668025,0.014485552981252092,0.00098964081648023061,0.011645763111983676,0.0014336903955412289,0.024314174690384112,0.00022565095185742427,0.011678861389646448,0.27558053426432083
6.0200000000000005,9.6170869999999997,0.0037487764236281856,0.086471795179822564,0.014453898681952571,0.00097303300099604861,0.011659246623198933,0.0014190718025138046,0.024547343681637076,0.00022837753328936258,0.011707242825696724,0.27608053426432083
6.04,13.29138,0.0037439614130479817,0.086430771157219893,0.014485250334704824,0.00095681777416856129,0.011672634127601179,0.0014033985095907389,0.024780780327535602,0.00023111383414680509,0.01173531079588854,0.27658053426432083
6.0600000000000005,11.512254,0.0037400142308443417,0.08638971400891457,0.013986647612641123,2.6148477124676717e-05,0.011688369764018847,0.0013866984588117592,0.02501453158800445,0.00023386034564268606,0.011763044765064774,0.27708053426432083
6.0800000000000001,8.7420150000000003,0.0037736809302998478,0.086350449927730874,0.014550711068358924,0.0010058057625172978,0.01169925960715522,0.0013684457154849174,0.025248500554473859,0.00023661586219714812,0.011790413679374473,0.27758053426432083
6.1000000000000005,8.7391459999999999,0.0037658722543601358,0.086309175839968486,0.014541788328739536,0.00097156242094675882,0.01171055541323719,0.0013500449220869885,0.02548269534633146,0.00023938040580761386,0.011817414577816213,0.27808053426432083
6.1200000000000001,9.9316990000000001,0.003759649878935247,0.086267895417395532,0.014602809199909417,0.00097497242901845027,0.01167932882771577,0.0013311576087073342,0.025716265575977559,0.00024214384016249012,0.01184403772999036,0.27858053426432083
6.1400000000000006,8.3173080000000006,0.0037546970648470396,0.086226545615568584,0.014587675606240524,0.001017221007135749,0.01169664926468761,0.0012465976495701447,0.02595018211870271,0.00024491740248559849,0.011868969682981763,0.27908053426432083
6.1600000000000001,9.0193490000000001,0.003750423362158709,0.08618525397719308,0.014634464857521512,0.00095367155165915207,0.011709636350997603,0.0012395035580792003,0.026184358315794961,0.00024769986622341601,0.011893759754143347,0.27958053426432083
6.1799999999999997,9.1403689999999997,0.0037472768500999274,0.086143899817234776,0.014617479294777858,0.00093250830870261758,0.011723893247460801,0.0012316479146670361,0.026418819561776507,0.00025049151160264348,0.011918392712436688,0.28008053426432084
6.2000000000000002,10.681524,0.0037456902983207183,0.086102576947473572,0.014675268782060491,0.00091125083118948069,0.011695817880582779,0.001223107907424146,0.026652719271783719,0.00025328221345823933,0.011942854870585171,0.28058053426432084
6.2199999999999998,9.9309940000000001,0.0037446953224573318,0.086061155864423408,0.014675008351778374,0.00094110242607503558,0.011716830318991055,0.0011471157915362478,0.026887039134319859,0.00025608348293054283,0.011965797186415895,0.28108053426432084
6.2400000000000002,10.981636,0.003743619174716664,0.086019753595452761,0.014697574111965039,0.00089272704312870488,0.01173500401828117,0.0011475389631215795,0.027121722380429866,0.00025889448255689133,0.011988747965678326,0.28158053426432084
6.2599999999999998,12.483067,0.0037428944173461239,0.085978306433699525,0.014685276691800642,0.00087075973338657242,0.01175636141574163,0.001145433314000239,0.027356832679216625,0.00026171598914305082,0.012011656631958332,0.28208053426432084
6.2800000000000002,12.637221,0.003742442465011841,0.085936872685407492,0.014185950242395329,-6.1054692072737282e-05,0.011774335980724285,0.0011437109186328829,0.027592302378670303,0.0002645471998357788,0.01203453085033099,0.28258053426432084
6.2999999999999998,8.9692439999999998,0.0037786331513556693,0.085897229236781142,0.014708754433000015,0.00091522147826528233,0.011794346719969293,0.0011451849686591443,0.027828172199007361,0.00026738862104781536,0.012057434549704172,0.28308053426432084
6.3200000000000003,8.8033629999999992,0.0037727847193920498,0.085855590748835975,0.014701040207354188,0.00087420344486965895,0.011810957720157722,0.0011419221181512495,0.028064374150105324,0.00027023944627179504,0.012080272992067197,0.28358053426432084
6.3399999999999999,9.8398769999999995,0.0037672030058525088,0.085813939403198009,0.014718410435034412,0.00083662276661433665,0.011830644012603106,0.001137320869052004,0.028300969733231041,0.00027310041578909475,0.012103019409448237,0.28408053426432084
6.3600000000000003,8.6895819999999997,0.0037626107990107794,0.085772276938615166,0.014734684884641025,0.00079486645985094029,0.011848335140612011,0.0011314595821394645,0.028537919047984257,0.00027597103935982797,0.012125648601091027,0.28458053426432084
6.3799999999999999,11.584655,0.0037590114817134409,0.085730607920230253,0.014742071979774174,0.00075098354682556767,0.011866103689139125,0.001128152614683083,0.028775223642608913,0.00027885133007219331,0.012148211653384689,0.28508053426432084
6.4000000000000004,9.6842500000000005,0.0037563384971160008,0.085688936149807396,0.014742690942468606,0.00071106245132690482,0.01188108189796727,0.0011215219003427022,0.029012827714407659,0.00028174060180375776,0.012170642091391543,0.28558053426432084
6.4199999999999999,9.8737080000000006,0.0037551380801944226,0.085647263073079891,0.014772160889559349,0.00071017499613890145,0.011853596151850552,0.0011137085481406311,0.029249882047430006,0.00028462848819298646,0.012192916262354355,0.28608053426432084
6.4400000000000004,10.954561999999999,0.0037544131365199124,0.085605532762223074,0.014789629469547982,0.0007354116098925445,0.011871754394011851,0.0010383131402254371,0.029487299456051733,0.00028752590774152004,0.012213682525158864,0.28658053426432084
6.46,9.8181899999999995,0.0037536010558390201,0.08556379028432598,0.014777980761463083,0.0007042203570364336,0.011887459206699104,0.0010390479849341965,0.029725030877219019,0.00029043209874629388,0.012234463484857547,0.28708053426432084
6.4800000000000004,9.4755129999999994,0.0037530689723177962,0.085522046953195138,0.014808924213105201,0.00067139003583971402,0.011903014378127172,0.0010367391889991515,0.029963073318114816,0.00029334703386246438,0.012255198268637531,0.28758053426432084
6.5,11.207452,0.0037528788680629625,0.085480268196678241,0.014811700679127182,0.00064441565329587114,0.011918345019672236,0.0010318317470322906,0.030201422288429512,0.0002962706537252256,0.012275834903578177,0.28808053426432084
6.5200000000000005,8.6324930000000002,0.0037528945941954998,0.085438472361062043,0.014825061025002917,0.00061947487788893696,0.011932744569981687,0.001024186095345722,0.030440059167854361,0.00029920271227531966,0.012296318625485091,0.28858053426432084
6.54,9.0496479999999995,0.0037531341633123918,0.085396650838262436,0.014829956874764738,0.00059965591095845205,0.011945751159611068,0.0010138212639056031,0.030678956099568583,0.00030214283548184179,0.012316595050763204,0.28908053426432084
6.5600000000000005,11.600576,0.0037534928323721094,0.08535481313282503,0.014862633416776294,0.00056955973362415868,0.011959871238386119,0.0010011998996406022,0.030918135352111187,0.00030509125347659698,0.012336619048756017,0.28958053426432084
6.5800000000000001,11.539191000000001,0.0037539998597414283,0.085312912936760479,0.014854367742343944,0.00056957173568483732,0.011974008633863366,0.00098931758039606712,0.031157597272276918,0.00030804792323742931,0.012356405400363937,0.29008053426432084
6.6000000000000005,11.301902999999999,0.0037545788825853366,0.085271022325796572,0.014863690516410344,0.00054537316425284921,0.01198577297574467,0.0009800358968538557,0.031397294403016404,0.00031101221838062895,0.012376006118301015,0.29058053426432084
6.6200000000000001,8.5289099999999998,0.003755200629050172,0.08522910400578744,0.014871590606311047,0.00053156570263168668,0.011998896236648132,0.00096906650719774364,0.03163725392101973,0.00031398443619729525,0.012395387448444969,0.29108053426432084
6.6400000000000006,9.4453859999999992,0.0037559087631669976,0.08518716523507415,0.014883884391050373,0.00051555927258628564,0.012010931491632622,0.00095639715262212501,0.031877454068329342,0.00031696426020521586,0.012414515391497412,0.29158053426432085
6.6600000000000001,9.7956050000000001,0.0037566862886065765,0.085145200171993216,0.014891880804849933,0.00050284683489421056,0.01202285607468797,0.00094256395113590668,0.03211789263226518,0.00031995160845007658,0.01243336667052013,0.29208053426432085
6.6799999999999997,9.7844490000000004,0.0037575227187263516,0.085103214530785731,0.014893805631852164,0.00049676648962426739,0.01203398669790723,0.00092778960910199827,0.032358553735517229,0.00032294622356195422,0.012451922462702171,0.29258053426432085
6.7000000000000002,9.6221840000000007,0.0037583554611464285,0.085061225643235414,0.014918715949271744,0.00047448132933114451,0.012046681952378775,0.00091250827664659509,0.032599468668995477,0.00032594843139603045,0.012470172628235103,0.29308053426432085
6.7199999999999998,11.687668,0.0037592879558138929,0.085019180075630932,0.014415785670816805,-0.00041636274373346716,0.012057426273006934,0.00089600137734044806,0.032840598417819888,0.00032895767772589093,0.012488092655781912,0.29358053426432085
6.7400000000000002,11.641151000000001,0.0037966020434880075,0.084978969974958712,0.014210257637881529,-0.00074550053389055293,0.012067858132383195,0.00088054671738008845,0.033081936734041591,0.00033197381509104734,0.012505703590129515,0.29408053426432085
6.7599999999999998,9.6529570000000007,0.0038464039430953804,0.084939467796383353,0.015035755827990993,0.00072642342323603337,0.012077892148937902,0.00086430841779208494,0.033323475662216467,0.00033499667477743185,0.012522989758485356,0.29458053426432085
6.7800000000000002,12.370392000000001,0.0038330073106270703,0.084896856480233443,0.014998898014441542,0.00070498198874058282,0.012087928647807496,0.00084809557986283179,0.03356521525280886,0.00033802618596163206,0.012539951670082613,0.29508053426432085
6.7999999999999998,9.3682660000000002,0.0038208827787606751,0.084854294500118707,0.015069581976555724,0.00065585371524568004,0.012097614845674197,0.00083174592207538897,0.033807148501181897,0.00034106218882393337,0.012556586588524122,0.29558053426432085
6.8200000000000003,12.617000000000001,0.0038111515646689401,0.084811690637291548,0.015068167437247371,0.00062016869269787556,0.0121064877825778,0.00081550882263494578,0.034049259144241721,0.00034410440660726931,0.01257289676497682,0.29608053426432085
6.8399999999999999,10.797992000000001,0.0038034740536691384,0.084769127693010649,0.015079778267383825,0.00057066278895834266,0.012116514610842734,0.00079986166268052907,0.03429157025882202,0.00034715305823707228,0.012588893998230431,0.29658053426432085
6.8600000000000003,9.5819980000000005,0.0037983668079853258,0.084726576136418805,0.015083940312503707,0.00057826540573802099,0.012084278282964338,0.00078358292044473107,0.034533236649691816,0.000350197425497233,0.012604565656639326,0.29708053426432085
6.8799999999999999,9.6935330000000004,0.0037956000690835545,0.08468403067369093,0.015144584095188818,0.00062488321230991239,0.012038413581600257,0.00070325465574414415,0.034773985774190767,0.00035323381770672432,0.012618630749754209,0.29758053426432085
6.9000000000000004,10.645749,0.003793152658171697,0.084641411556552151,0.015139661628352341,0.00066744896590464897,0.012064867066195795,0.00060399540159400097,0.035015263886506207,0.00035628003626223741,0.012630710657786089,0.29808053426432085
6.9199999999999999,8.529128,0.0037906789244090532,0.084598834641272214,0.015149287410820778,0.00060906002628580147,0.012085644626655132,0.00061859908573401207,0.035256957479590414,0.00035933445580834311,0.01264308263950077,0.29858053426432085
6.9400000000000004,13.437818,0.0037887378085989772,0.084556245220275689,0.015131909877765248,0.00056751983228520153,0.01211013752602258,0.00063070608544133562,0.035499140853294246,0.00036239809108410358,0.012655696761209596,0.29908053426432085
6.96,14.061833999999999,0.0037872448475057253,0.084513680392298576,0.015157927480423439,0.00050914997434814424,0.012132058660525073,0.00063845257990404977,0.035741762575640913,0.00036547035124629172,0.012668465812807677,0.29958053426432085
6.9800000000000004,13.617668,0.0037862230031619052,0.084471082039476272,0.014639487607745805,-0.00041009281759141203,0.012152734417148958,0.00064309848305709784,0.035984797740511776,0.0003685509618507813,0.01268132778246882,0.30008053426432085
7,13.960380000000001,0.0038218108350404852,0.08443037296405001,0.015211407568501922,0.00053257914541071649,0.012171678600392527,0.00064383150518918398,0.036228211718886252,0.00037163950720577716,0.012694204412572603,0.30058053426432085
7.0200000000000005,14.915198999999999,0.0038155802828429004,0.084387554459308164,0.015176305979320737,0.00050037362480348513,0.012193698296615601,0.00064507329760153068,0.036472066015837808,0.0003747367830759658,0.012707105878524635,0.30108053426432085
7.04,14.140997,0.0038096556044541307,0.084344774656866378,0.014667315127847469,-0.00042989940212145861,0.012213106425385891,0.00064964196159042356,0.036716308403873389,0.00037784215097635553,0.012720098717756444,0.30158053426432085
7.0600000000000005,10.133888000000001,0.0038411901020889562,0.084303895846708124,0.015215764083649663,0.0005373512599620156,0.012231358293713954,0.00065702955220234705,0.03696091575911592,0.00038095535590652239,0.012733239308800491,0.30208053426432085
7.0800000000000001,11.743223,0.0038315570398909484,0.084260955122547082,0.015224343820677833,0.00045763940351872812,0.012246354616814691,0.00065968062998502947,0.037205822975468157,0.00038407560251698503,0.012746432921400191,0.30258053426432086
7.1000000000000005,11.991180999999999,0.0038230292344868808,0.084217988698174193,0.014440070832580698,-0.00091869459040094803,0.012261981720327358,0.00065912786801631141,0.037451042667303751,0.00038720306473290103,0.012759615478760518,0.30308053426432086
7.1200000000000001,9.8110979999999994,0.0038715697165525036,0.084177905390154947,0.015309626076226435,0.00056189924750005282,0.012233511841047331,0.00065434572670841694,0.037695692966852309,0.00039032647902181584,0.012772702393294685,0.30358053426432086
7.1400000000000006,12.885719999999999,0.0038580638244228331,0.084134637727902278,0.014773382271510371,-0.00033420180075083294,0.012254813829593182,0.00058270696656022151,0.037940769232731063,0.00039345836377721388,0.01278435653262589,0.30408053426432086
7.1600000000000001,10.30768,0.0038828371039310479,0.084093344123239849,0.015347271788056727,0.00061597187691453392,0.01227110046841026,0.00058450401761827892,0.038186171168170933,0.00039659727516377208,0.012796046612978255,0.30458053426432086
7.1799999999999997,9.6312750000000005,0.0038674336330728918,0.084049954703225793,0.015335168708204172,0.00059013016330689005,0.012243999147265436,0.00058383362855911672,0.038431031084913352,0.00039973211490294092,0.012807723285549438,0.30508053426432086
7.2000000000000002,10.815675000000001,0.0038541812637823466,0.084006606737487166,0.015370780199869372,0.00056200954106433443,0.012264607036909191,0.00051523884880336354,0.03867630309114823,0.00040287492661193801,0.012818028062525506,0.30558053426432086
7.2199999999999998,11.773633,0.0038430505853065899,0.083963286870156598,0.015340382512397999,0.00050172101808154679,0.012283852562650639,0.00052168175733874106,0.038921959943650226,0.00040602521726325927,0.01282846169767228,0.30608053426432086
7.2400000000000002,14.938969999999999,0.0038353730870830756,0.083920062505441734,0.015413631277017559,0.00045479297063621971,0.012236830717507348,0.0005218904389606518,0.039166676403805917,0.00040916600258548758,0.012838899506451493,0.30658053426432086
7.2599999999999998,13.173716000000001,0.0038294022774686995,0.083876751093564586,0.015390401590205771,0.00048685751461907678,0.012265857293018692,0.00042152888213059579,0.039411973317952771,0.00041231655223780505,0.012847330084094104,0.30708053426432086
7.2800000000000002,14.268839,0.0038248059386639692,0.083833534646295477,0.01543264468194494,0.0004334126345444389,0.012247982875075492,0.0004357339057848905,0.03965691274624529,0.00041546461052699608,0.012856044762209801,0.30758053426432086
7.2999999999999998,14.172608,0.0038212024783482756,0.083790258859978595,0.014905376810045334,-0.00044486581319702623,0.012278979568142242,0.00038356374348263479,0.039902472031338405,0.00041862264765463598,0.012863716037079453,0.30808053426432086
7.3200000000000003,13.952904999999999,0.0038540944707429912,0.083748940542613809,0.014680800056962928,-0.00082739792209407526,0.012305875575230772,0.00040413747861826595,0.040148569167156201,0.00042178954069054203,0.012871798786651819,0.30858053426432086
7.3399999999999999,11.093712999999999,0.0039000030451668997,0.083708387444023605,0.015490039261985555,0.00059639389729437831,0.012332996302564202,0.00042151279227536936,0.040395208646401518,0.00042496544957227526,0.012880229042497327,0.30908053426432086
7.3600000000000003,11.400468999999999,0.0038835297998552286,0.08366470732803985,0.014949636541809808,-0.0003808746617870451,0.012354904162084526,0.0004357268989365348,0.040642286219233728,0.00042814911806333787,0.012888943580476058,0.30958053426432086
7.3799999999999999,10.459621,0.0039061215274007379,0.083623015224206412,0.015499345824644295,0.00056469605969677872,0.012380624437061916,0.00044463090992834833,0.04088987812677157,0.00043134159396789003,0.012897836198674625,0.31008053426432086
7.4000000000000004,11.005241,0.0038880620086567371,0.083579252419740846,0.01544355141629461,0.00049797406020335444,0.012401860283588079,0.0004495391730974552,0.041137894687333018,0.00043454176345171237,0.012906826982136573,0.31058053426432086
7.4199999999999999,14.818683,0.0038724761142048571,0.083535610150584153,0.014665665683161411,-0.00092304585505575965,0.012424432375826772,0.00045647749951232202,0.041386362623106923,0.00043775000858736182,0.012915956532126819,0.31108053426432086
7.4400000000000004,11.843894000000001,0.0039152173377508424,0.083494909637224862,0.015569398685201352,0.00049218788202254338,0.012401486958110382,0.0004590691478924106,0.041634371659447778,0.00044095459938064258,0.012925137915084668,0.31158053426432086
7.46,11.274412,0.0038983836715464014,0.083450977006125845,0.015571594122963162,0.00049918733143283767,0.012362418975508977,0.00039732743785423182,0.041881599373989387,0.00044415121211035591,0.012933084463841752,0.31208053426432086
7.4800000000000004,9.9998430000000003,0.0038831080702248296,0.083407065074429132,0.015604602498952458,0.00048149971088284893,0.012393653917396117,0.00031156985191466038,0.042129451712432354,0.00044735765843437235,0.012939315860880046,0.31258053426432086
7.5,10.587197,0.0038707809621725464,0.083363208562695468,0.015594248464838034,0.0004320905652308582,0.012377425272888272,0.00033529864848494119,0.042376979484423143,0.0004505615073148738,0.012946021833849745,0.31308053426432086
7.5200000000000005,11.535239000000001,0.0038608341038682595,0.083319414387534943,0.015083809465519016,-0.00049001454143993151,0.012407919106492799,0.00028611545262337257,0.042625117062042688,0.00045377479136876625,0.012951744142902212,0.31358053426432086
7.54,9.0812069999999991,0.0038886868126294266,0.083277599270994915,0.015627303272789161,0.00041169367885340868,0.012430778457986352,0.00030914960880478647,0.042873711769196347,0.00045699547511606734,0.012957927135078307,0.31408053426432087
7.5600000000000005,11.43628,0.0038775654666822245,0.0832337095799911,0.015643072218900267,0.0003653870450730512,0.012387532084689751,0.00032584186096204981,0.043121441601077573,0.00046020652724698837,0.012964443972297549,0.31458053426432087
7.5800000000000001,8.9878450000000001,0.0038677021929102288,0.083189793073499968,0.01563410283573774,0.00037767114950604252,0.012422759362496759,0.00023764918019746981,0.043369875901187252,0.00046342811077299396,0.012969196955901499,0.31508053426432087
7.6000000000000005,9.0848309999999994,0.0038588718963786526,0.083145959203625192,0.01511521758593537,-0.00058617293102503076,0.012454634762235068,0.00025847271290484794,0.043618947639670592,0.00046665919621852658,0.012974366410159597,0.31558053426432087
7.6200000000000001,9.8400619999999996,0.0038878491867850124,0.083104100924928703,0.015681379286251462,0.00030861014115357577,0.012486022088704241,0.00027848133669608146,0.043868647054472742,0.00046989976519779263,0.012979936036893519,0.31608053426432087
7.6400000000000006,8.7117979999999999,0.0038763919939806845,0.083060133083769583,0.015658075358219281,0.00022177868957040658,0.012513413046058958,0.00029592328205419529,0.044118894223635553,0.00047314888054078959,0.012985854502534602,0.31658053426432087
7.6600000000000001,10.154422,0.0038670942327318804,0.083016214947976244,0.015160854036781468,-0.00069790683228920791,0.012496183896251914,0.00030864440625953606,0.04436879681922188,0.00047639503315491681,0.012992027390659792,0.31708053426432087
7.6799999999999997,10.777893000000001,0.0038957203915164925,0.08297423768059102,0.015695170361935795,0.00029873798571911081,0.012525267651907937,0.00025318496346342048,0.044619281022569825,0.00047965014819416557,0.012997091089929061,0.31758053426432087
7.7000000000000002,11.089275000000001,0.0038832948537350308,0.082930210683405781,0.015686213822629802,0.00020235639341037448,0.012552728996896044,0.00026713796373030994,0.044870314389469708,0.00048291370617825223,0.013002433849203668,0.31808053426432087
7.7199999999999998,9.3523409999999991,0.0038724753423810339,0.082886213375903448,0.015713900376525647,0.00011828888177434216,0.012576701191834192,0.00027681903579066132,0.04512182714196742,0.00048618486476486531,0.013007970229919482,0.31858053426432087
7.7400000000000002,8.7032129999999999,0.0038644439358627488,0.082842239402118267,0.015186112274249597,-0.00077719719513558161,0.012555703166436732,0.00028678099245131166,0.045372919951062296,0.0004894519769933776,0.013013705849768508,0.31908053426432087
7.7599999999999998,9.2568570000000001,0.0038940456888031812,0.082800243618246019,0.01576209252915528,0.0001805589380685646,0.012583255482542131,0.00022568861020893125,0.045624563743055846,0.00049272754819204513,0.013018219621972686,0.31958053426432087
7.7800000000000002,10.498908999999999,0.0038828149236550705,0.082756126993665607,0.015712022630412936,0.00012788602599211885,0.01260613359450634,0.00023386148461312982,0.045876665043447284,0.00049601023336740761,0.013022896851664949,0.32008053426432087
7.7999999999999998,10.391610999999999,0.0038736706860197458,0.082712098416371324,0.015743747387055973,8.9779694538272281e-05,0.012585928380198556,0.00023516977869951445,0.046128362258432073,0.00049928883756671311,0.01302760024723894,0.32058053426432087
7.8200000000000003,8.1563359999999996,0.0038661763684013045,0.082668050505718682,0.015760176901994938,7.5270089002321683e-05,0.01261158158558854,0.00016920119359294954,0.046380572480715983,0.00050257514422953728,0.013030984271110799,0.32108053426432087
7.8399999999999999,11.513147999999999,0.003859790038484768,0.082624040333408477,0.015764343319585872,6.8106258801492459e-06,0.012633927983460382,0.00018025060782275859,0.046633229581516125,0.00050586815679739053,0.013034589283267254,0.32158053426432087
7.8600000000000003,14.088742999999999,0.0038547594753242003,0.082580058578300988,0.015234145273267052,-0.00091366668084402747,0.012656305135953512,0.00018355448122605689,0.046886334175355246,0.00050916792274068403,0.013038260372891776,0.32208053426432087
7.8799999999999999,13.562659,0.0038876524991897097,0.082538064647012688,0.015027217090229028,-0.001235061779005342,0.01263314164661752,0.00018050582964586917,0.04713897552678023,0.00051246256924020151,0.013041870489484693,0.32258053426432087
7.9000000000000004,13.808106,0.0039334752653947926,0.08249682032547101,0.015875720954375283,0.00022884917754151246,0.012659551078193708,0.00011222584914021903,0.047392145012264186,0.0005157648442661361,0.013044115006467497,0.32308053426432087
7.9199999999999999,14.481525,0.0039168381994907145,0.08245235684309106,0.015820039911085604,0.00016802457087972122,0.012679205150299194,0.00011826982265964699,0.047645707538131195,0.00051907283055576087,0.013046480402920689,0.32358053426432087
7.9400000000000004,11.701893,0.0039020036086619488,0.082407990157430625,0.015866547436991119,8.561034963694425e-05,0.012699491190366232,0.00012008048263685281,0.047899675742379362,0.00052238671477790517,0.013048882012573426,0.32408053426432087
7.96,12.974532,0.0038899478066119117,0.08236364479971231,0.015844417535035626,3.1840193236876146e-05,0.012719091091843044,0.00011899171396069536,0.048154035903354743,0.000525706321624686,0.01305126184685264,0.32458053426432087
7.9800000000000004,13.800706999999999,0.003880279599199175,0.082319395396620684,0.015851202123550956,-5.3321799372341161e-05,0.012737067646734492,0.00011691219875923693,0.048408755556970669,0.00052903122113861882,0.013053600090827825,0.32508053426432082
8,14.359507000000001,0.0034107916444070215,0.082275176242245465,0.015072166021147582,-0.0017716014615360987,0.012709747075881081,0.00010996338554081346,0.048662928838185959,0.00053234956551488166,0.013055799358538641,0.32508053426432082
8.0199999999999996,16.317689000000001,0.0030281132658875908,0.082234788503577932,0.014149667023050649,-0.003105219799461878,0.012668190403476425,3.6205758378267801e-05,0.04891627105194038,0.00053565743030988564,0.013056523473706207,0.32508053426432082
8.0400000000000009,14.78196,0.0027095854797354471,0.082197827207249594,0.013250639145103493,-0.0042433702041491106,0.012700407250962812,-5.6335665034549479e-05,0.049170257548394949,0.00053897365630586338,0.013055396760405515,0.32508053426432082
8.0600000000000005,17.373722999999998,0.0024434772971971002,0.082164002494416133,0.01239072276048292,-0.0053040440632623476,0.012724826162274215,-3.6027465660085482e-05,0.049424732384521081,0.00054229602332641507,0.013054676211092313,0.32508053426432082
8.0800000000000001,12.268186999999999,0.0022217978892294294,0.082133029412729389,0.011559019224264833,-0.0064526999311909083,0.012750612009222338,-2.1456675810995672e-05,0.049679722895552614,0.00054562497628007044,0.013054247077576093,0.32508053426432082
8.0999999999999996,18.518577000000001,0.0020452125834794191,0.082104939433499169,0.010818447081190175,-0.0070686585871981844,0.012771997074049657,-1.3835235037990422e-05,0.049935141072613806,0.00054895942234335648,0.013053970372875333,0.32508053426432082
8.120000000000001,13.015599,0.001892713591196991,0.082078999229027547,0.010083009524381348,-0.0077175504406785667,0.012791794588477835,-1.0627746585076288e-05,0.05019095516704411,0.00055229897445820402,0.013053757817943632,0.32508053426432082
8.1400000000000006,13.297922,0.0017650115808555012,0.082055214259326312,0.0094447802537988013,-0.0080771550663893965,0.012745698995608509,-1.3846608494787565e-05,0.050445847428978736,0.00055562643001950409,0.013053480885773737,0.32508053426432082
8.1600000000000001,12.260061,0.001654508504712449,0.08203314937467282,0.008856299265008305,-0.0082685320253785832,0.012628547948104788,-0.00014240044450862348,0.050698396874733258,0.00055892290694471464,0.013050632876883564,0.32508053426432082
8.1799999999999997,13.587527,0.0015597958946870019,0.08201269645679965,0.0083626307221792429,-0.0082390156606462206,0.012449391106120325,-0.00036020247003871303,0.05094736350517852,0.00056217136657841875,0.01304342882748279,0.32508053426432082
8.1999999999999993,8.8560580000000009,0.0014762119878199774,0.081993546609139295,0.0079140186787944877,-0.0081392528807997522,0.012217653843393779,-0.00064728709304070434,0.051191695816944723,0.00056535689664097678,0.013030483085621975,0.32508053426432082
8.2200000000000006,14.139313,0.0014039120453902024,0.081975669357042355,0.0074889174580774487,-0.0078816600753626176,0.011940922451268342,-0.00099358099703171368,0.051430494022254844,0.00056846635568489571,0.013010611465681341,0.32508053426432082
8.2400000000000002,19.434145000000001,0.0013399237996032029,0.081958902258543881,0.007163060421769174,-0.0074799397395455269,0.011631184116428189,-0.0014017410989375821,0.051663098058457389,0.0005714895861402403,0.012982576643702589,0.32508053426432082
8.2599999999999998,12.260923999999999,0.00128183320318343,0.081942976346046484,0.0068376929037384793,-0.0070415874034874815,0.01129216941809238,-0.0018289073712888073,0.051888922468025137,0.0005744174027567698,0.012945998496276813,0.32508053426432082
8.2799999999999994,9.9878029999999995,0.0012303028124019937,0.081927973772550719,0.0065532463315873812,-0.0065178663592846409,0.010934788155285202,-0.0022762754142043569,0.052107599969192897,0.00057724358099097654,0.012900472987992725,0.32508053426432082
8.3000000000000007,8.8944430000000008,0.0011833936486726389,0.081913696194205812,0.0063177167327256312,-0.0059573412264550818,0.010564962904403652,-0.0027214227881861381,0.052318881719182656,0.00057996361588698872,0.012846044532229003,0.32508053426432082
8.3200000000000003,9.0970220000000008,0.001140245051839954,0.081900035150199529,0.0061153746277943233,-0.0053943036747541306,0.010191719263186329,-0.0031521999767472118,0.052522699368650616,0.00058257558472237262,0.012783000532694058,0.32508053426432082
8.3399999999999999,10.159632,0.0011002333409006089,0.081886907638611742,0.0059321218733667802,-0.0048447608344581727,0.009819096174378936,-0.0035533834652312383,0.052719065336528467,0.00058507888895389275,0.012711932863389433,0.32508053426432082
8.3599999999999994,7.9456069999999999,0.001062718541770816,0.081874232368949973,0.0057537240674803147,-0.0042910493828758334,0.0094489601279454122,-0.0039217258401737093,0.052908029364475855,0.00058747370454165725,0.01263349834658596,0.32508053426432082
8.3800000000000008,7.889888,0.0010276538439256586,0.081862006864958356,0.005582186181262494,-0.0037722958720098898,0.0090892032540436062,-0.0042477875384315938,0.053089799020288098,0.00058976249095031043,0.012548542595817327,0.32508053426432082
8.4000000000000004,10.579879999999999,0.00099449801219610645,0.081850178687658343,0.0054328378577467307,-0.0033142792841180935,0.0087388250668059206,-0.0045237313484592142,0.053264561860166003,0.00059194771796460303,0.012458067968848142,0.32508053426432082
8.4199999999999999,16.828609,0.00096289529689442665,0.081838681085346393,0.005290537702332121,-0.0029025443198318346,0.008400242180226879,-0.0047500730072761333,0.053432553765700538,0.00059403269984939304,0.012363066508702619,0.32508053426432082
8.4399999999999995,8.2774009999999993,0.00093264526566072623,0.081827486122830473,0.0051158383299829691,-0.0024936096215475434,0.0080762848655332627,-0.0049237346292375665,0.053594067217063814,0.00059602164942632702,0.012264591816117868,0.32508053426432082
8.4600000000000009,8.3378890000000006,0.00090377070892814137,0.08181664485081358,0.0049476583197248791,-0.0021573262707264007,0.007768209257018913,-0.0050453825674879249,0.053749419813332325,0.00059791924183947632,0.01216368416476811,0.32508053426432082
8.4800000000000004,9.9700919999999993,0.00087609558964011106,0.081806126319410061,0.00481244700587935,-0.0018942456367969651,0.0074759890056969687,-0.0051181461324642779,0.053898928625353414,0.00059973025629642335,0.012061321242118825,0.32508053426432082
8.5,8.9637650000000004,0.00084933567296142075,0.081795849188418868,0.0046731256714582781,-0.0016666430613876404,0.0071984326865294117,-0.0051461248256395005,0.054042886896424371,0.00060145925810626991,0.011958398745606036,0.32508053426432082
8.5199999999999996,8.1637439999999994,0.00082342805625555649,0.081785800829724045,0.0045265189308429932,-0.0014790471605070632,0.006934632807546825,-0.0051318665339539051,0.05418156972086921,0.00060311064364711555,0.011855761414926957,0.32508053426432082
8.5400000000000009,8.4032809999999998,0.00079832635017242255,0.081775992676483306,0.0043872321496108979,-0.0013386165561917185,0.0066850304302116421,-0.0050806155058884988,0.054315261013525865,0.00060468893669162057,0.011754149104809188,0.32508053426432082
8.5600000000000005,8.1643950000000007,0.00077396652525473886,0.081766410305191897,0.0042329776569789423,-0.0012205675128573734,0.0064487802710611998,-0.0049991654212843068,0.054444227785037852,0.00060619845302011097,0.011654165796383502,0.32508053426432082
8.5800000000000001,7.8077969999999999,0.0007503662541614648,0.081757068224497478,0.0040974809047226168,-0.0011380968704250982,0.0062218857343574506,-0.004892821129832357,0.054568657120087564,0.00060764254984756042,0.011556309373786855,0.32508053426432082
8.5999999999999996,7.555409,0.00072745788805008565,0.081747921347447336,0.0039489130142669193,-0.0010685858331971332,0.0060039436157767407,-0.0047633727924105869,0.054688728040290659,0.00060902446813473194,0.011461041917938643,0.32508053426432082
8.620000000000001,10.500406999999999,0.00070522907087471,0.0817390091030257,0.0038163360350450537,-0.0010402491789223145,0.0057967609060698014,-0.0046175999712009365,0.054804655705363074,0.00061034782436564944,0.011368689918514625,0.32508053426432082
8.6400000000000006,7.3325519999999997,0.00068364079509394262,0.081730297545631533,0.003674064150842149,-0.0010164573693125512,0.0055989216731100631,-0.0044618907062919161,0.05491662695914807,0.00061161584899675249,0.011279452104388786,0.32508053426432082
8.6600000000000001,10.821953000000001,0.00066273070694431661,0.081721798040397226,0.0035502342950508581,-0.0010163814917401037,0.0054088914574229917,-0.0042994699508165195,0.055024797959211558,0.00061283135898778317,0.011193462705372456,0.32508053426432082
8.6799999999999997,11.445904000000001,0.0006424209340320829,0.081713488736449555,0.0034230459468765906,-0.0010171648309373893,0.0052264877983609582,-0.0041336881204289922,0.055129321215067952,0.00061399706381524781,0.011110788942963877,0.32508053426432082
8.7000000000000011,13.028950999999999,0.0006227592113006125,0.081705372017997477,0.0032536286015197868,-0.00098833988866298128,0.0050497181622202666,-0.0039682052543420533,0.055230309388965927,0.00061511516036499131,0.011031424837877037,0.32508053426432082
8.7200000000000006,9.3079350000000005,0.00060372490762128513,0.081697498562320697,0.0031579926552426363,-0.00099253482624694911,0.0048795564563978763,-0.0038046375399624082,0.055327894620996063,0.00061618799497231236,0.010955332087077788,0.32508053426432082
8.7400000000000002,10.945947,0.00058527058165702857,0.081689768446701297,0.0030462417832447519,-0.00099523527752243268,0.0047142678625840193,-0.0036454624061580823,0.055422174357864569,0.00061721746477852717,0.010882422838954625,0.32508053426432082
8.7599999999999998,8.9363880000000009,0.00056738369214554094,0.081682215741319925,0.0029388922111261984,-0.00099001765406780962,0.0045546756025513458,-0.0034913469268004959,0.055513262510551532,0.00061820558312535836,0.010812595900418616,0.32508053426432082
8.7799999999999994,8.8429369999999992,0.00055008778859397744,0.081674827673579156,0.0028460629483426647,-0.00099176127492817123,0.004399413226069549,-0.0033449771006526939,0.055601245663444571,0.00061915400311990702,0.010745696358405561,0.32508053426432082
8.8000000000000007,8.0732789999999994,0.00053331766575793018,0.081667582058839797,0.0027306397772237645,-0.00097421734456570874,0.0042495594976166701,-0.0032061916421188713,0.055686231975715754,0.00062006455024054804,0.010681572525563184,0.32508053426432082
8.8200000000000003,7.8862480000000001,0.00051707868478245039,0.081660524191597209,0.0026337233036110019,-0.00095792602312050334,0.0041042966181327181,-0.0030762402055533496,0.055768313252218343,0.00062093881539033069,0.010620047721452117,0.32508053426432082
8.8399999999999999,14.251018999999999,0.00050141081404607099,0.081653626692395037,0.0025500283981395588,-0.00095155744710551105,0.0039597000449406883,-0.0029546229073551165,0.05584750281200971,0.00062177750389712672,0.010560955263305015,0.32508053426432082
8.8599999999999994,8.7875399999999999,0.00048621097966737413,0.081646877273192739,0.0024566519783617569,-0.00092622036809020258,0.0038217556227634641,-0.002838645703289041,0.055923933684839354,0.0006225825470935058,0.010504182349239234,0.32508053426432082
8.8800000000000008,9.0825549999999993,0.00047149805776559894,0.081640273641563968,0.0023661753329438096,-0.00089807664597363335,0.0036884744027740383,-0.002730361842817493,0.055997699124278384,0.00062335540693489087,0.010449575112382883,0.32508053426432082
8.9000000000000004,14.020351,0.0004572229210731312,0.081633821467881992,0.0022840171753452099,-0.00087237392055605767,0.0035597499001485833,-0.0026291721298315959,0.056068890254831909,0.00062409747913788095,0.010396991669786252,0.32508053426432082
8.9199999999999999,12.019196000000001,0.00044336917069460032,0.081627509554997812,0.0021944226814429868,-0.00083224139374604711,0.0034363164185356294,-0.0025340462157670417,0.056137612886750711,0.00062481027186504052,0.010346310745470912,0.32508053426432082
8.9399999999999995,11.797083000000001,0.00042998674474056694,0.081621362026504093,0.0021333666757115122,-0.00081066902266369034,0.0033157899768742386,-0.0024451064818478089,0.056203925153650816,0.00062549476208797106,0.010297408615833956,0.32508053426432082
8.9600000000000009,17.343328,0.00041701246523609663,0.081615329672697745,0.0020678781016285619,-0.00079078759099893148,0.0031993973028509185,-0.002360549739688262,0.056267909722740712,0.00062615215008290828,0.010250197621040191,0.32508053426432082
8.9800000000000004,9.3731050000000007,0.00040442047309696059,0.08160942772534846,0.0019846288708836868,-0.00074600743185926355,0.0030878085640633733,-0.0022801883438568235,0.056329662664213999,0.00062678374387496109,0.010204593854163054,0.32508053426432082
9,10.584463,0.00039206882810611106,0.081603652297328716,0.0019206533908709966,-0.00071442019949174984,0.0029797478830367367,-0.0022044800531727114,0.056389254532370536,0.00062739056196831164,0.010160504253099599,0.32508053426432082
9.0199999999999996,11.315854,0.00038031332482330965,0.08159801918158921,0.0018613699452229016,-0.0006806110497925566,0.0028750994100383625,-0.0021317426344533556,0.056446753564905028,0.00062797357538020397,0.010117869400410533,0.32508053426432082
9.0400000000000009,9.3010999999999999,0.0003689493618029173,0.081592515536556387,0.001800125644832784,-0.0006575326549627114,0.0027742034344039831,-0.0020615818086230468,0.056502234805191065,0.00062853380257179669,0.010076637764238072,0.32508053426432082
9.0600000000000005,9.9378679999999999,0.00035794044574895452,0.081587136016214437,0.0017366296808503101,-0.00061789728251238074,0.0026760736815907311,-0.0019940118092828833,0.056555753572340564,0.00062907204277689926,0.010036757528052415,0.32508053426432082
9.0800000000000001,10.698396000000001,0.00034725665250020122,0.081581878460192409,0.001682449781330031,-0.00059662697087525807,0.0025827739550202886,-0.0019278133586174279,0.056607406459651732,0.00062958949181997153,0.0099982012608800658,0.32508053426432082
9.0999999999999996,10.134992,0.00033680728042340764,0.08157672692537847,0.0016217317400609721,-0.00055399902239239296,0.0024934563580681275,-0.0018642551312823535,0.056657273103560821,0.00063008715544165855,0.0099609161582544185,0.32508053426432082
9.120000000000001,8.0791629999999994,0.00032664574880332742,0.08157168707392945,0.0015589498584492878,-0.00049460899341879916,0.0024062646379687477,-0.0018032925078423291,0.056705396017484269,0.00063056565172393885,0.0099248503080975724,0.32508053426432082
9.1400000000000006,8.8522540000000003,0.00031683977550928783,0.08156676151759204,0.0015157453884302452,-0.00047663162477440402,0.0023225667690411145,-0.001742941031356362,0.056751845073122135,0.00063102585712600516,0.009889991487470445,0.32508053426432082
9.1600000000000001,10.239927,0.00030726872395403986,0.081561924248096371,0.0014639425236449011,-0.00044367470381101448,0.0022423973590827481,-0.001684125670728071,0.056796690834452886,0.00063146864045230278,0.009856308974055884,0.32508053426432082
9.1799999999999997,10.984491,0.00029803660089514951,0.081557202481512589,0.0014146532596731598,-0.00041445217500202247,0.0021652417768683839,-0.0016265862507129135,0.056839993573480456,0.00063189475502432456,0.0098237772490416264,0.32508053426432082
9.2000000000000011,11.550716,0.00028906413532627531,0.081552584481040136,0.0013651024787684207,-0.00038109221704574203,0.0020906131329911427,-0.0015710255081432592,0.056881803825024654,0.00063230484592258782,0.0097923567388787606,0.32508053426432082
9.2200000000000006,12.945085000000001,0.00028031567568718551,0.081548065686685753,0.0013097233202319369,-0.00033177144670437642,0.0020190223123907084,-0.0015161077398232593,0.056922182341232641,0.00063269964715630491,0.0097620345840822957,0.32508053426432082
9.2400000000000002,10.773213,0.00027182553516455455,0.08154365127758105,0.0012745301036614087,-0.00032637872264706935,0.0019496283789584383,-0.0014631337710768755,0.056961173056448093,0.0006330797174175127,0.0097327719086607589,0.32508053426432082
9.2599999999999998,11.545612999999999,0.00026355254828905648,0.08153932341705393,0.0012110985627478144,-0.00028703937402951851,0.0018820417599865191,-0.0014104193770720669,0.056998812114026284,0.00063344553042860735,0.0097045635211193172,0.32508053426432082
9.2799999999999994,9.6012780000000006,0.00025555108076480648,0.081535120103685951,0.0011777721175879607,-0.00025382067567392141,0.0018176872804980899,-0.0013567233631143973,0.057035164152561164,0.00063379782892791304,0.0096774290538570295,0.32508053426432082
9.3000000000000007,10.160600000000001,0.00024777116859782758,0.081530990284422108,0.001146971540981645,-0.00026531556534048484,0.0017555355090556331,-0.0013051339195447155,0.057070273223081419,0.00063413714681081622,0.0096513263754661356,0.32508053426432082
9.3200000000000003,10.509461999999999,0.00024013058403213802,0.081526930719331023,0.0010944569225674883,-0.00020530175440014453,0.0016955717993036663,-0.0012544224463389849,0.057104183083789693,0.00063446400669344479,0.0096262379265393567,0.32508053426432082
9.3399999999999999,9.6227339999999995,0.00023292756784815875,0.081522990295206557,0.0010737035344607904,-0.00019292759817357563,0.0016375553168372762,-0.0012048058636192722,0.057136932676502376,0.00063477887719737888,0.0096021418092669709,0.32508053426432082
9.3599999999999994,10.075411000000001,0.00022584254936145736,0.081519090389752052,0.0010202290675099812,-0.0001641265156955285,0.0015808126970385671,-0.0011559121487452982,0.057168547476434212,0.00063508209084679713,0.0095790235662920643,0.32508053426432082
9.3800000000000008,10.101435,0.00021891591274150439,0.081515294980508884,0.00098015549664043355,-0.00014511864483668369,0.0015268721709606643,-0.0011065291406208112,0.057199083522076352,0.00063537426737328266,0.0095568929834796475,0.32508053426432082
9.4000000000000004,14.757317,0.00021218337098199465,0.081511585498418929,0.00095006933407082439,-0.00013867563011848993,0.0014731362648614961,-0.0010598974498908461,0.057228544904889225,0.00063565552293934607,0.0095356950344818309,0.32508053426432082
9.4199999999999999,8.8234340000000007,0.00020567617582803409,0.081507959840484562,0.00091095333520507804,-0.00011614652740044029,0.0014220541317902693,-0.0010133616494495997,0.057256984697215192,0.0006359264361217999,0.009515427801492839,0.32508053426432082
9.4399999999999995,8.9269320000000008,0.00019931000010196199,0.081504410599516505,0.00087553686968244726,-8.2670117628413919e-05,0.0013735669067991437,-0.00096736281536113509,0.057284454794214221,0.00063618756797627384,0.0094960805451856159,0.32508053426432082
9.4600000000000009,10.890855,0.00019310963999132129,0.081500927601011172,0.00084497494337454349,-6.931961221945393e-05,0.0013256331080541955,-0.00092513358624385432,0.057310966263315402,0.00063643908530128409,0.0094775778734607387,0.32508053426432082
9.4800000000000004,12.555559000000001,0.00018705931116652861,0.081497508668689767,0.00081215580992755054,-5.9236570997489579e-05,0.0012808027772076753,-0.00088120933844801927,0.057336581170532058,0.00063668163410701554,0.0094599536866917782,0.32508053426432082
9.5,14.74723,0.00018123413590358985,0.081494177064013282,0.00078497110675002091,-5.2008198662578664e-05,0.001236080481582685,-0.00083917865351592984,0.057361301675956239,0.00063691528845188179,0.0094431701136214602,0.32508053426432082
9.5199999999999996,12.914763000000001,0.00017557173574696155,0.081490916097333888,0.00075137452331275334,-1.708165387692695e-05,0.001192554730571948,-0.00079772075113622735,0.057385151708929161,0.00063714032479163132,0.0094272156985987354,0.32508053426432082
9.5400000000000009,11.728503999999999,0.00017008463185406737,0.081487720064501903,0.00073046476757532286,-2.3904271706731706e-05,0.0011509248715604061,-0.0007575146556363224,0.057408169185156559,0.00063735714755701431,0.0094120654054860083,0.32508053426432082
9.5600000000000005,12.403981,0.00016471003666752285,0.081484580756464767,0.00069389466063662919,1.2847468456200772e-05,0.001110260055572142,-0.00071939864306635906,0.057430373404232384,0.00063756598153965303,0.009397677432624681,0.32508053426432082
9.5800000000000001,13.173310000000001,0.00015960287483164824,0.081481522131882311,0.00067839463078112061,-1.3809001123465947e-05,0.0010707670157072576,-0.00068206431843341334,0.057451787800263401,0.00063776708697775575,0.0093840361462560126,0.32508053426432082
9.5999999999999996,12.428855,0.00015443410398357688,0.081478497381289025,0.00061452952603402444,4.8442163518291892e-05,0.0010327265082568158,-0.00064466206818583301,0.057472441422263917,0.00063796077384468128,0.0093711429048922955,0.32508053426432082
9.620000000000001,12.662489000000001,0.00014982798784978887,0.08147561305817487,0.00062320196502385627,5.5810406374368071e-05,0.00099580772867362949,-0.00060866664626811964,0.057492356703477791,0.00063814728702595318,0.0093589695719669339,0.32508053426432082
9.6400000000000006,12.4559,0.00014516577112660549,0.081472730628024972,0.00058195035875330259,6.8027430484063345e-05,0.00096036042951184986,-0.00057422717418883736,0.057511563071923372,0.00063832693379433823,0.0093474850284831577,0.32508053426432082
9.6600000000000001,12.085393,0.00014058665526754438,0.081469919374496783,0.00056279553081672873,7.3024575664604185e-05,0.00092571107821502263,-0.00054145311614391535,0.057530076485585856,0.00063849989244156244,0.0093366559661602795,0.32508053426432082
9.6799999999999997,15.265406,0.00013615041163652191,0.081467164328646133,0.00054211552693528287,7.7591448582214895e-05,0.00089282043316377807,-0.00050821472963996661,0.057547932116802189,0.00063866651841886868,0.0093264916715674797,0.32508053426432082
9.7000000000000011,12.305955000000001,0.00013183660741415687,0.081464465103214645,0.00051917104522425372,0.00010771543920351512,0.00086022746630354523,-0.00047759184287292768,0.05756513591864431,0.00063882689201472944,0.0093169398347100214,0.32508053426432082
9.7200000000000006,10.800471,0.0001276130067770004,0.081461812594552721,0.00050652846926235728,7.877049869620123e-05,0.00082963081348446537,-0.00044623426318345815,0.057581727815444801,0.00063898140814692224,0.0093080151494463522,0.32508053426432082
9.7400000000000002,13.598763,0.00012324623143906014,0.081459170727291044,0.00046741905768321601,0.00013820796171359895,0.00079686269442803121,-0.00041882148013079839,0.057597664379564463,0.00063912968345974529,0.0092996387198437357,0.32508053426432082
9.7599999999999998,11.598955999999999,0.00011953079757347606,0.081456649091333058,0.0004507476816982825,0.00013951302199921578,0.00076809143692173354,-0.00038860652051542471,0.05761302554459205,0.00063927248116345085,0.0092918665894334267,0.32508053426432082
9.7799999999999994,10.712154,0.00011584687144575462,0.081454169299588056,0.00043608207141987432,0.00013090819441741175,0.00073882079047829844,-0.00035977768685790186,0.057627801323011187,0.00063940972651215281,0.0092846710356962684,0.32508053426432082
9.8000000000000007,11.145676999999999,0.00011210002581729401,0.081451721122545895,0.00042078704065873218,0.00013194432733953931,0.00071091353236272777,-0.00033189243464852445,0.057642018981257058,0.00063954168939380136,0.009278033187003298,0.32508053426432082
9.8200000000000003,8.2271570000000001,0.00010841555666365855,0.08144931602729126,0.0004074421376335513,0.00017844893353968772,0.00068410784796360427,-0.00030541815977998591,0.05765570054971516,0.00063966858929289674,0.0092719248238076982,0.32508053426432082
9.8399999999999999,8.7290880000000008,0.00010491589645001124,0.081446930973621171,0.00039531800122682981,0.00015476420524906942,0.00065810752433620087,-0.00028029643016599134,0.057668862134782194,0.00063979058912270494,0.0092663188952043785,0.32508053426432082
9.8599999999999994,12.413167,0.00010122430594064802,0.081444563395499742,0.00038184123612483578,0.00014877100956245393,0.00063367692976802376,-0.00025457385919518171,0.057681535129575787,0.00063990799223012044,0.0092612274180204745,0.32508053426432082
9.8800000000000008,13.399955,9.7680977540024676e-05,0.081442246809513175,0.00036996386918564106,0.00014530170564253098,0.00060848747459359641,-0.00023260437715691206,0.057693704357431777,0.00064002066913048533,0.009256575330477336,0.32508053426432082
9.9000000000000004,8.1823589999999999,9.4106472444817151e-05,0.081439962292923926,0.00032593187212037744,0.00023563487420941165,0.00058445594640618226,-0.00020769159526952329,0.05770539297580185,0.00064012884451893049,0.0092524214985719461,0.32508053426432082
9.9199999999999999,14.608655000000001,9.1178052246887426e-05,0.081437782406342016,0.00031407485720891248,0.00023345833693699802,0.00056163079117239726,-0.00018427021628640756,0.05771662511102324,0.00064023275123474175,0.0092487360942462172,0.32508053426432082
9.9399999999999995,11.319183000000001,8.8332665757607891e-05,0.081435645552381142,0.00030183200628297602,0.00025590211751813641,0.00053983942027791866,-0.00016296928002275694,0.057727421437820919,0.00064033258886307209,0.0092454767086457626,0.32508053426432082
9.9600000000000009,13.196833,8.5380555343858626e-05,0.081433513539521912,0.00027547222236945501,0.00027718789135078303,0.00051913816230568499,-0.00014294934811301469,0.057737803757454124,0.00064042856624981295,0.0092426177216835027,0.32508053426432082
9.9800000000000004,12.536822000000001,8.2553424748947556e-05,0.081431439447081741,0.00026984005258778865,0.00025984220538477487,0.00049951786511207583,-0.00012080683818909067,0.057747793688152901,0.00064052088992008294,0.0092402015849197203,0.32508053426432082
10,13.473487,7.9602632675139262e-05,0.081429370648379074,0.00025188566219302988,0.0002763872062971906,0.00048075918592117671,-0.00010180507616645363,0.057757408461486123,0.00064060972510329381,0.0092381654833963919,0.32508053426432082
10.02,13.284765,7.6783563283880517e-05,0.081427350737964269,0.00022174481629455567,0.00029339006553907865,0.00046290694310229159,-8.4451451680108607e-05,0.057766666205361285,0.00064069524428732663,0.0092364764543627891,0.32508053426432082
10.040000000000001,13.294574000000001,7.4289863082415046e-05,0.081425409610920402,0.00020862563400336764,0.00029735858042334584,0.00044323245277431143,-6.8456591878803168e-05,0.057775530476342832,0.00064077711517722652,0.0092351073225252125,0.32508053426432082
10.06,18.239384000000001,7.1782102738210949e-05,0.081423497751678078,0.00019961423917846943,0.00028960081454076914,0.00042455789005648836,-4.6880609952922424e-05,0.057784021272089731,0.00064085552683562272,0.0092341697103261542,0.32508053426432082
10.08,12.217122,6.9374145675650881e-05,0.081421624969608239,0.00019734153946271427,0.00031222624823046274,0.0004067513475236519,-2.6837872991915249e-05,0.0577921559522264,0.00064093064380432881,0.0092336329528663157,0.32508053426432082
10.1,12.063985000000001,6.7137286490893432e-05,0.081419762373278096,0.00019429405838655711,0.00027316686091727327,0.00038856771384842621,-6.4319291518786126e-06,0.057799926975217589,0.00064100240011776813,0.0092335043142832782,0.32508053426432082
10.120000000000001,17.571013000000001,6.4582177441040322e-05,0.081417894694823523,0.0001853941551388516,0.0002651588116413528,0.00037174518513267659,1.4229482440492983e-05,0.057807361561971693,0.00064107105041559813,0.0092337889039320886,0.32508053426432082
10.140000000000001,12.035175000000001,6.2157510083521341e-05,0.081416066842795759,0.00015213439283368047,0.00033197283373342934,0.00035513644112398417,3.2307620274269245e-05,0.057814463987975656,0.0006411366368768201,0.0092344350563375744,0.32508053426432082
10.16,13.224868000000001,6.0386861459601435e-05,0.081414335796986384,0.00015133781704601557,0.00032861812758833153,0.00033772033242963613,5.0443121481087903e-05,0.057821218106604524,0.00064119901252687674,0.0092354439187671954,0.32508053426432082
10.18,14.419516,5.8414562362981845e-05,0.081412594250541939,0.0001178929198331069,0.00034500785733726502,0.00032097417820751561,6.8665784245561484e-05,0.057827637316360044,0.00064125830287232977,0.0092368172344521066,0.32508053426432082
10.200000000000001,12.327225,5.642197101324543e-05,0.081410894370249648,0.00012319179623598853,0.00034560200349686987,0.00030516778901089824,8.6017749045637514e-05,0.057833740411728146,0.0006413146829022877,0.0092385375894330195,0.32508053426432082
10.220000000000001,12.051774,5.4452559413046457e-05,0.081409197421511273,0.00011629371416610468,0.00034316861390060183,0.00029075974973833042,0.00010169773365256707,0.057839555358504914,0.00064136841194928145,0.0092405715441060705,0.32508053426432082
10.24,12.270232999999999,5.2591450201870749e-05,0.081407530617379348,0.0001045797148213623,0.00035559587064670772,0.00027754629898723958,0.00011803207072833085,0.057845106047434112,0.00064141971149954998,0.0092429321855206376,0.32508053426432082
10.26,9.8802280000000007,5.0795401468142663e-05,0.08140588699535127,9.7618051221326496e-05,0.0003618688379365409,0.00026492756121320756,0.0001304723010497406,0.057850404372263714,0.00064146869186472184,0.0092455416315416327,0.32508053426432082
10.279999999999999,10.160952,4.9018276676791426e-05,0.081404258756126072,8.7269749763141391e-05,0.00036990249155555155,0.00025084555008798008,0.00014153510480056247,0.057855421068778473,0.00064151508236382133,0.0092483723336376448,0.32508053426432082
10.300000000000001,10.046908999999999,4.7342639107730986e-05,0.081402658756098076,7.9984539259836396e-05,0.00037372255947398791,0.00023811009184534853,0.00015677482192282376,0.057860183066886527,0.00064155913181730868,0.0092515078300761007,0.32508053426432082
10.32,10.238507,4.5703378674798277e-05,0.081401076509364984,5.2183195170751873e-05,0.00038751997810071437,0.00022390787543095163,0.00017079878667042951,0.057864661032682105,0.00064160056858388026,0.0092549238058095094,0.32508053426432082
10.34,8.7710989999999995,4.4151932115009328e-05,0.081399546014391991,3.892325727306023e-05,0.00039434387465231424,0.00021156430386748309,0.00018512699008282237,0.057868892137475772,0.00064163973608801026,0.0092586263456111654,0.32508053426432082
10.359999999999999,10.323623,4.2621263045689286e-05,0.081398043745738002,3.7837450085009827e-05,0.00038535147327722896,0.00019989244809744201,0.00019858600637521112,0.057872889815013304,0.00064167675808773721,0.0092625980657386701,0.32508053426432082
10.380000000000001,7.6608260000000001,4.1193370353129102e-05,0.081396565917663852,4.3448360657394325e-05,0.00039662751584823575,0.00018842988677233844,0.00021100999994863866,0.057876658251011459,0.00064171167254646578,0.0092668182657376433,0.32508053426432082
10.4,8.9420660000000005,3.9794108481903594e-05,0.081395075626251034,4.0728343090878916e-05,0.00038907822133826819,0.00017754549290492256,0.00022355063404447652,0.057880209008331802,0.00064174458564958544,0.0092712892784185333,0.32508053426432082
10.42,10.522194000000001,3.8422115958017852e-05,0.08139360144277015,2.6085926231100842e-05,0.00040764499110279573,0.00016690347535874622,0.00023575083829344753,0.057883546934302144,0.00064177554128344019,0.0092760042951844021,0.32508053426432082
10.44,12.262858,3.7102077584234581e-05,0.081392149013529716,2.2299690391358595e-05,0.00039873813268131997,0.00015673081322688522,0.00024776093374014242,0.057886681415637735,0.00064180462534641522,0.0092809595138592053,0.32508053426432082
10.460000000000001,8.1014689999999998,3.5877697149874676e-05,0.081390725669023029,9.5913587746521145e-06,0.00042312510184983054,0.00014529740853344125,0.00025928517820266567,0.057889587238585685,0.00064183160248092446,0.0092861452174232591,0.32508053426432082
10.48,9.7141380000000002,3.4687635430560812e-05,0.081389313787132156,9.2268895474090229e-06,0.00041024067267492192,0.0001339225696169029,0.00027108347628553432,0.05789226557442665,0.00064185648187256963,0.0092915668869489702,0.32508053426432082
10.5,9.4919410000000006,3.3412711781781218e-05,0.081387908806470718,-1.8557397921670216e-06,0.00042875482309923107,0.00012359912822242807,0.00028262887729957131,0.057894737450219842,0.00064187945711965488,0.0092972194644949623,0.32508053426432082
10.52,9.4033519999999999,3.2352985590698571e-05,0.08138653471995741,8.4139712037689662e-06,0.00041020690645421354,0.00011477103306944127,0.00029278192729944246,0.057897032771613337,0.00064190080456214774,0.0093030751030409517,0.32508053426432082
10.540000000000001,8.91371,3.1234914063458454e-05,0.081385140756630309,2.3959987180965925e-06,0.00040709001346961315,0.00010660492983259494,0.00030311215008311875,0.057899164777886931,0.0006419206458117792,0.0093091373460426133,0.32508053426432082
10.56,12.618811000000001,3.0223165166128606e-05,0.081383776625460064,-4.2452773063583749e-07,0.00039969782792548258,9.8056392499015559e-05,0.00031223285482390205,0.057901125820704807,0.00064193890807962548,0.0093153820031390919,0.32508053426432082
10.58,10.052856,2.9202872711187668e-05,0.081382428430722506,-3.0590727187917999e-05,0.00045568458614564378,9.0054350751660032e-05,0.00032212915584320324,0.05790292682952048,0.00064195569145211414,0.0093218245862559564,0.32508053426432082
10.6,9.0456280000000007,2.8372212950178787e-05,0.081381121109502991,-2.6071532996607694e-05,0.0004391318072256567,8.1812088173150159e-05,0.00033074439071904187,0.057904563000142233,0.00064197094940145573,0.0093284394740703377,0.32508053426432082
10.620000000000001,10.216678,2.7285415469355693e-05,0.081379796311275079,-4.0151771510954504e-05,0.00044631460762856179,7.4366317571901582e-05,0.00034059264857841663,0.057906050261733469,0.00064198482869958287,0.0093352513270419067,0.32508053426432082
10.640000000000001,10.972255000000001,2.6574985274967289e-05,0.081378531510137311,-5.0992652276149464e-05,0.00044830266219442194,6.6757917252741506e-05,0.00034887229321677716,0.057907385361857987,0.00064199729721505687,0.0093422287729062418,0.32508053426432082
10.66,12.960578,2.5927902348725821e-05,0.081377306166971836,-5.4139362038130301e-05,0.00044406823364062653,6.0754830201788224e-05,0.00035797725874494809,0.057908600405396624,0.000642008653109969,0.0093493883180811414,0.32508053426432082
10.68,12.530924000000001,2.5305672835557163e-05,0.081376079805655324,-5.9510947451824059e-05,0.00044197381823463111,5.4859944805956064e-05,0.00036514717048915959,0.057909697556301966,0.00064201891510528143,0.0093566912614909247,0.32508053426432082
10.700000000000001,11.782017,2.4705136428362841e-05,0.081374860289096768,-5.1485858857502897e-05,0.00041838917436676226,4.9324714674298498e-05,0.00037163268933314606,0.057910684007378817,0.00064202814895910991,0.0093641239152775883,0.32508053426432082
10.720000000000001,8.6010869999999997,2.3979632606753777e-05,0.081373623021253907,-7.6389540469845585e-05,0.00046291681204024826,4.1869780014318017e-05,0.00037716504679618579,0.057911521366235515,0.00064203599347890353,0.0093716672162135126,0.32508053426432082
10.74,9.6337790000000005,2.3670263334897561e-05,0.081372469333434047,-7.2153222152926411e-05,0.00045835526051796194,3.5533028624034641e-05,0.00038643550898252238,0.057912231995574479,0.00064204265620192678,0.0093793959263931623,0.32508053426432082
10.76,8.0426660000000005,2.3192594174583962e-05,0.081371288818822218,-7.5992932161872417e-05,0.0004412112228802112,2.8676545702781812e-05,0.00039390614416163859,0.057912805501239888,0.0006420480377556468,0.0093872740492763947,0.32508053426432082
10.779999999999999,8.9592320000000001,2.2668494811771401e-05,0.081370116730579561,-8.3948288033597329e-05,0.00046712535282766865,2.16181813351587e-05,0.00040142574312873093,0.057913237845800297,0.00064205209814743262,0.0093953025641389694,0.32508053426432082
10.800000000000001,9.7644500000000001,2.2284129268821805e-05,0.081368962708476628,-8.3825481183241735e-05,0.00044951592797004558,1.5009367310770178e-05,0.00040861165164272228,0.057913538019886059,0.00064205491968342986,0.0094034747971718236,0.32508053426432082
10.82,9.5734320000000004,2.1772347296726419e-05,0.081367798930155902,-0.00010130941450103848,0.00047848696614538611,8.6225130442552995e-06,0.00041503049962455965,0.057913710462515783,0.00064205654200690258,0.0094117754071643151,0.32508053426432082
10.84,10.619921,2.1457905553692993e-05,0.081366675912457026,-9.8519673957020437e-05,0.00045822513569571122,3.5343591937978467e-06,0.00042088749537494478,0.05791378114656609,0.00064205720758647971,0.0094201931570718142,0.32508053426432082
10.859999999999999,11.249718,2.1119603440467858e-05,0.081365557319570486,-0.00010146096359164858,0.00045905399393419977,-3.0866140696250226e-06,0.00042464831746497653,0.057913719417026208,0.00064205662580293227,0.009428686123421114,0.32508053426432082
10.880000000000001,10.500195,2.0811845641583143e-05,0.081364455821291384,-0.00010712336139240275,0.00048992686490345605,-8.6962249486125761e-06,0.00043142285757122279,0.057913545500265208,0.00064205498519740313,0.0094373145805725384,0.32508053426432082
10.9,10.232156,2.0581020526372097e-05,0.081363349695335388,-0.000104283888743395,0.00045143784665047093,-1.405839157623299e-05,0.00043743263807125471,0.057913264344966013,0.0006420523305376495,0.0094460632333339643,0.32508053426432082
10.92,8.4933069999999997,2.0186526424488744e-05,0.081362223482143101,-0.00010657180684259249,0.00048643768233436191,-1.9535550005650367e-05,0.00044180707368025277,0.057912873651413281,0.00064204863818560982,0.0094548993748075696,0.32508053426432082
10.94,11.836472000000001,2.0109205389419255e-05,0.08136114515248033,-0.00010772789586177556,0.00047467157085412381,-2.4453479508480002e-05,0.00044779621512079041,0.057912384603703876,0.00064204401196080543,0.0094638552991099852,0.32508053426432082
10.960000000000001,10.114855,2.0051338357641264e-05,0.081360087566031539,-0.00011824994164966185,0.00049061803605154886,-3.031261719363008e-05,0.00045211732435792494,0.05791177837853511,0.00064203827182114474,0.0094728976455971444,0.32508053426432082
10.98,11.986364999999999,1.9900423077627625e-05,0.081359008200796584,-0.00012009163741055762,0.00048764405788515042,-3.5355446032582535e-05,0.00045827987803101592,0.057911071301371415,0.00064203157031050286,0.0094820632431577654,0.32508053426432082
11,9.3792770000000001,0.00049827463395415181,0.08135794125811352,-0.0010390104183155557,-0.0012329057401465615,-4.0133955861883816e-05,0.00046256956589716742,0.057910268658373371,0.00064202395565761752,0.0094913146344757088,0.32458053426432087
11.02,9.5568059999999999,0.00091262292324548048,0.08136080945990691,-0.0021053717639212266,-0.0029794159067531023,-4.4897873869723187e-05,0.00046664659123586862,0.057909370741381729,0.00064201542879853424,0.0095006475663004259,0.32408053426432082
11.040000000000001,10.033521,0.0012536338164085901,0.081367440610045194,-0.0030534087231309792,-0.0042448560249312983,-4.8951212901667683e-05,0.00047271955792395229,0.057908391761351832,0.00064200612294619606,0.0095101019574589055,0.32358053426432087
11.06,10.293366000000001,0.0015373872053168099,0.081377286778544444,-0.0039181123747917823,-0.0052379002154230303,-5.278584253035278e-05,0.00047559366017192918,0.057907336092289222,0.00064199607810195192,0.0095196138306623442,0.32308053426432082
11.08,9.7919260000000001,0.0017759762071712321,0.081389967063907401,-0.0047524894680168739,-0.0060395683714318249,-5.6330841646829627e-05,0.00048084184270858382,0.057906209526556209,0.00064198534788975495,0.0095292306675165157,0.32258053426432087
11.1,8.6467829999999992,0.0019787293327339457,0.081405179803995004,-0.0055348135235746554,-0.0067128903099955561,-6.0383584788785106e-05,0.00048489610732668179,0.057905001909747893,0.00064197383402607661,0.0095389285896630496,0.32208053426432082
11.120000000000001,12.134518,0.0021528064841268347,0.081422648732786637,-0.0057006386110950436,-0.0063812860718233111,-6.4181072464049044e-05,0.00048985721823900218,0.057903718346757262,0.00064196158355079712,0.0095487257340278291,0.32158053426432087
11.140000000000001,8.4169269999999994,0.0023425322882124127,0.081440119565330163,-0.0069461899460732113,-0.0077904778662976071,-0.00014298123255569256,0.00049428506142917188,0.057900858852607817,0.00064193426406019508,0.0095586114352564124,0.32108053426432082
11.16,9.8868010000000002,0.0024635541702757403,0.081461568725199426,-0.0069372505082248015,-0.0070627255186148652,-0.00030135953494814038,0.00037272503484381042,0.057894831937464857,0.00064187663089973143,0.0095660659359532892,0.32058053426432087
11.18,9.9855049999999999,0.0026067118865771592,0.081482498152559812,-0.0080476852929797227,-0.0080032611216591665,-0.00052163053307351321,0.00013130489427787807,0.057884399804272901,0.00064177681968244653,0.0095686920338388468,0.32008053426432082
11.200000000000001,12.869033,0.0026887962325014242,0.081506986637849443,-0.0084306442789583436,-0.0078342032113178917,-0.00079075246026586062,-0.00018719352167455161,0.057868585478790716,0.00064162552225976511,0.0095649481634053554,0.31958053426432087
11.220000000000001,14.111781000000001,0.002758988881397422,0.081532555281167179,-0.0088129821063297475,-0.0075121594844416162,-0.0011013395559304102,-0.0005579592805988043,0.05784655969408535,0.0006414149632519362,0.0095537889777933798,0.31908053426432081
11.24,13.445650000000001,0.0028197963567932801,0.08155908937674354,-0.0091494279618399288,-0.0070854605277326232,-0.0014449642457334978,-0.00096368114581734982,0.057817661725390768,0.00064113914826662661,0.0095345153548770326,0.31858053426432087
11.26,11.524027999999999,0.002873771401372406,0.081586463144888724,-0.0094562064982581795,-0.0066292984080666972,-0.0017677396557949415,-0.0013927555225684118,0.057782308534570136,0.00064080255493957443,0.0095066602444256638,0.31808053426432081
11.279999999999999,12.422473,0.0029209637720582571,0.081614603027082983,-0.0096971207080588373,-0.0061394294445904496,-0.0021603314349091674,-0.001770273679437784,0.057739103851026576,0.00064039257522832433,0.0094712547708369083,0.31758053426432087
11.300000000000001,14.527082,0.0029627868718886605,0.081643348192487503,-0.0099359934161784569,-0.0055902080734371307,-0.0025128275716680771,-0.0022267044202299172,0.057688849543113638,0.00063991770875700084,0.0094267206824323099,0.31708053426432081
11.32,14.332405,0.0029996867156307019,0.081672696257681268,-0.010121635873855839,-0.0050601758303305822,-0.0029210759244284773,-0.0026008933989224528,0.057630430606059622,0.00063936851299091469,0.0093747028144538606,0.31658053426432087
11.34,14.280716999999999,0.0030321217199924554,0.081702494806888931,-0.010304860826536699,-0.0044685248907390118,-0.0033198082166643783,-0.0030199663071581078,0.057564037340553119,0.0006387480828534542,0.0093143034883106986,0.31608053426432081
11.359999999999999,12.735348,0.0030613217857813021,0.081732746433451742,-0.010452917292414599,-0.003927225069016993,-0.0037099275972344893,-0.0033999958812847603,0.057489841983724789,0.00063805950765386985,0.0092463035706850036,0.31558053426432087
11.380000000000001,13.284829999999999,0.0030878396266771605,0.081763365207183844,-0.010601622779705333,-0.0034104590199470763,-0.0040885328758409837,-0.0037322915167823634,0.057408074793477044,0.00063730649389397663,0.0091716577403493562,0.31508053426432081
11.4,13.565809,0.0031122065178445951,0.0817943281866058,-0.010748154088651929,-0.0029370305568430233,-0.0044543447311594332,-0.0040122472361449404,0.057318991613080565,0.00063649300507937162,0.0090914127956264572,0.31458053426432087
11.42,12.908677000000001,0.0031349076763345944,0.081825608867670763,-0.010886097041491349,-0.0025140857480430157,-0.0048032426918044168,-0.0042410440680635403,0.057222930692326195,0.00063562372585430232,0.0090065919142651857,0.31408053426432081
11.44,12.940548,0.0031562461424580086,0.081857176682220756,-0.010077346723405212,-0.00058569169096989171,-0.0051367551154557038,-0.0044194777693452219,0.05712019971606553,0.00063470298539400295,0.0089182023588782813,0.31358053426432086
11.460000000000001,9.456944,0.0032429403046499673,0.081885641204703818,-0.011221596828497771,-0.0019374854722562507,-0.0054520578582353506,-0.0045464197113207951,0.05701116285103152,0.00063373550445197516,0.0088272739646518654,0.31308053426432081
11.48,10.693203,0.0032523136262823443,0.081918076298948941,-0.010787620113115848,-0.00076817291674058374,-0.0057507783513973953,-0.0046265515081827706,0.056896151718176524,0.00063272556476494076,0.0087347429344882092,0.31258053426432086
11.5,9.1583670000000001,0.0033003873128000264,0.08194877327860077,-0.011508066555884655,-0.0015550980663319169,-0.0060316941317935949,-0.0046583526550963523,0.05677552238848288,0.00063167749154819774,0.008641575881386282,0.31208053426432081
11.52,11.183185999999999,0.003304100902059859,0.081981825937303368,-0.011597170653653843,-0.0013866794984334074,-0.006296643589713314,-0.0046485801678435535,0.05664959416834154,0.00063059510049828782,0.0085486042780294116,0.31158053426432086
11.540000000000001,10.526797,0.0033090008729086931,0.082015018403526735,-0.011734206568133621,-0.0011993496693105676,-0.0065470491926085542,-0.0046016744398146691,0.056518657917584252,0.0006294817767358951,0.0084565707892331182,0.31108053426432081
11.56,8.7076919999999998,0.0033157421603107438,0.082048389810978645,-0.011874253870520102,-0.001045213591500227,-0.0067836646010701156,-0.0045231668792381314,0.056382989425019708,0.00062834059612376799,0.0083661074516483552,0.31058053426432086
11.58,9.3840350000000008,0.0033257841707064425,0.082081921645575179,-0.012046901723259618,-0.00098734535747246888,-0.0069302105602865377,-0.0044187586882662618,0.056244390013258573,0.00062718715629875668,0.0082777322778830303,0.31008053426432081
11.6,9.8226279999999999,0.0033369335774310884,0.082115692068952681,-0.012150395215716814,-0.0010003821329436224,-0.007155931885027284,-0.0041801092439604885,0.056101276229439438,0.00062600845437274185,0.0081941300930038208,0.30958053426432086
11.620000000000001,11.965812,0.0033488919040248442,0.082149561488518277,-0.012300008942844887,-0.00094222564315660229,-0.0073234205487637868,-0.0040554239364469693,0.055954812687105698,0.00062481422630600162,0.0081130216142748807,0.30908053426432081
11.640000000000001,14.437386,0.003361327534782512,0.082183644680529452,-0.012422143910605254,-0.00094327864009846607,-0.0075332181118423309,-0.003853248461405404,0.055804153236302605,0.00062359770177002776,0.0080359566450467733,0.30858053426432086
11.66,14.412127,0.0033736519073866941,0.082217868300458199,-0.012530324260297432,-0.00089169431285474055,-0.0077292904595744928,-0.0037214438949093862,0.055649572372275267,0.00062236122291864327,0.0079615277671485855,0.3080805342643208
11.68,14.258933000000001,0.0033861650518987566,0.082252243561711721,-0.012636099386712618,-0.00085277774682213092,-0.0079169458007964828,-0.0035857293614804499,0.055491238429361968,0.00062110629398558291,0.0078898131799189763,0.30758053426432086
11.700000000000001,10.08244,0.0033987551834762145,0.082286769887121247,-0.012739155965556637,-0.00083207442168697909,-0.008097275085910129,-0.0034449722118976424,0.055329297924182154,0.0006198341662924659,0.0078209137356810236,0.3070805342643208
11.720000000000001,9.1912040000000008,0.0034112699637938249,0.082321433513268316,-0.012840829464480175,-0.00080469447738984456,-0.0082736872279779352,-0.003301918805359638,0.055163829197696218,0.00061854548724620407,0.0077548753595738304,0.30658053426432086
11.74,9.5300930000000008,0.0034236568503309994,0.082356249719954866,-0.012940558425272974,-0.00078857326850223508,-0.0084409018985268161,-0.0031637488633025558,0.054995016194563852,0.00061724167834382884,0.007691600382307779,0.3060805342643208
11.76,10.400942000000001,0.0034357685744662316,0.082391214847819791,-0.01304350725566239,-0.0007614525803485428,-0.0086036247297814946,-0.0030353317688980165,0.05482294874981581,0.00061592340134577496,0.0076308937469298189,0.30558053426432086
11.779999999999999,10.740239000000001,0.0034476489731221555,0.082426336850372678,-0.012598324165260855,0.00014624768245541375,-0.0087600518679754064,-0.002910844858142787,0.054647752774615338,0.00061459157350289345,0.0075726768497669629,0.3050805342643208
11.800000000000001,10.562719,0.0034963813624694826,0.082459705282853943,-0.013235306958119364,-0.00081589516631508374,-0.0089096697702220947,-0.0027943637390964861,0.054469564450838094,0.00061324716462907505,0.007516789574985033,0.30458053426432086
11.82,10.959588999999999,0.0035018454587801189,0.082495270248684735,-0.013311943038388674,-0.00079718433250475229,-0.0090529638363628546,-0.0026815327455979214,0.054288510252773939,0.00061189104798882064,0.0074631589200730743,0.3040805342643208
11.84,14.525454999999999,0.0035071213353448966,0.082530974089100359,-0.013406983272569617,-0.00078399600116285661,-0.0091903450952293582,-0.0025730449176471059,0.054104708434516764,0.00061052400990655939,0.0074116980217201322,0.30358053426432086
11.859999999999999,13.248970999999999,0.0035129036189634169,0.082566801168718798,-0.012946815971483505,0.00013559046495870142,-0.0093222929197762372,-0.0024699543146748651,0.053918267663063277,0.00060914674716002252,0.0073622989354266352,0.3030805342643208
11.880000000000001,12.991422,0.0035563468823448575,0.082600850269673176,-0.013562644245813105,-0.0008190149952862491,-0.0094491925605769481,-0.0023714293715567034,0.053729288900674972,0.00060775988562026585,0.0073148703479955016,0.30258053426432086
11.9,12.88223,0.0035572591871666876,0.082637053401779834,-0.013616937837739096,-0.00078539808533584221,-0.0095718143036756936,-0.0022780018703450929,0.053537857704351093,0.00060636392730157359,0.0072693103105885993,0.3020805342643208
11.92,14.369861,0.0035594480001503253,0.082673350757339406,-0.013703930833898315,-0.00079581961363839326,-0.0096456211101977867,-0.0021885435053950776,0.053344950348503589,0.00060496582125346037,0.0072255394404806975,0.30158053426432085
11.94,13.91794,0.0035624457678273811,0.082709778683728419,-0.013785193660950212,-0.00079880510720231612,-0.0097642826754043045,-0.0020384650592592478,0.053149669764028233,0.00060355877006609967,0.0071847701392955127,0.3010805342643208
11.960000000000001,15.094462,0.0035658621158642569,0.082746296876751765,-0.013056627299188106,0.00060596996760930999,-0.0098773337502243378,-0.0019682409997011895,0.052952128159875281,0.00060214334292011404,0.0071454053193014885,0.30058053426432085
11.98,14.820938,0.003625453431193811,0.082780101419221638,-0.013958869770944737,-0.00081592274661201891,-0.0099868466404451264,-0.0019011226318221628,0.052752396298914192,0.00060071995087000989,0.007107382866665045,0.3000805342643208
12,12.947003,0.003622319299493611,0.082817100483253372,-0.0139823190711168,-0.00082683788557535998,-0.010047629694197903,-0.0018373156289587613,0.052551448754350812,0.00059929540791222224,0.00707063655408587,0.29958053426432085
12.02,13.372244999999999,0.0036195749970996446,0.082854155734563784,-0.014075473801546057,-0.00082958765248775101,-0.010152837893737469,-0.0017103863273822575,0.052348397047727868,0.00059786315230887202,0.0070364288275382245,0.2990805342643208
12.040000000000001,11.388142,0.003617815590335523,0.082891311827477304,-0.014094958967185711,-0.00078644560834306709,-0.010251951609129444,-0.001661286297539185,0.052143363067462402,0.00059642382785859375,0.0070032031015874411,0.29858053426432085
12.06,9.9483169999999994,0.0036174224566455104,0.082928486811879865,-0.01414838892456538,-0.0006941857879532165,-0.010348264382223646,-0.0016128574618153525,0.051936402831738344,0.00059497775773539343,0.0069709459523511338,0.2980805342643208
12.08,11.354857000000001,0.0036182033339226859,0.082965729390149054,-0.014213804188080048,-0.00061963034533296657,-0.010441586969045933,-0.0015682745821372992,0.051727576143526417,0.00059352528973287725,0.006939580460708388,0.29758053426432085
12.1,11.393126000000001,0.0036212173759151787,0.083003061603287659,-0.014256490909329345,-0.00062661967519206385,-0.01046578490976092,-0.0015267494132763177,0.051518265463247899,0.00059207593391165001,0.0069090454724428617,0.29708053426432079
12.120000000000001,10.668483999999999,0.0036246226008057802,0.08304048334495083,-0.014296744366425362,-0.00063887756916281013,-0.010561572079684266,-0.0013852341846808183,0.051307039042995231,0.00059061946386766435,0.0068813407887492453,0.29658053426432085
12.140000000000001,11.803487000000001,0.0036276827326197909,0.083077945756361848,-0.014340335631998435,-0.00057311354711164775,-0.01064967903428748,-0.0013566179199895852,0.051094050485352295,0.00058915668346129382,0.0068542084303494536,0.29608053426432079
12.16,10.031692,0.0036310022583371545,0.083115477364191684,-0.014353000407989036,-0.00051628983583174026,-0.010736594091027011,-0.0013306217669427796,0.050879323628017351,0.00058768773511317079,0.0068275959950105979,0.29558053426432085
12.18,9.9726719999999993,0.0036345041445728279,0.083153056038809917,-0.014395412691311171,-0.00045101002747238716,-0.010816393276705274,-0.0013064822707304956,0.050663000785362677,0.00058621357353959129,0.0068014663495959884,0.29508053426432079
12.200000000000001,10.812956,0.0036381961136881073,0.083190712532297081,-0.014433271667787961,-0.00039797596676049984,-0.010892574705392642,-0.0012807282546827008,0.050445154311175751,0.00058473466537837387,0.006775851784502334,0.29458053426432085
12.220000000000001,8.8503089999999993,0.0036420245740123765,0.083228439987070649,-0.014465052639869636,-0.00035007415817234211,-0.010966484316530139,-0.0012498739357007193,0.050225829641218848,0.0005832512725856251,0.0067508543057883197,0.29408053426432079
12.24,9.9497730000000004,0.0036459391292201536,0.083266237518363179,-0.01448736056168054,-0.00031955527501748016,-0.011036485354692127,-0.001215537671211829,0.050005104945781025,0.00058176385280218055,0.0067265435523640831,0.29358053426432085
12.26,9.3428330000000006,0.0036498433722711274,0.083304078429757566,-0.014519230152101659,-0.00027852683833229364,-0.011102770091201522,-0.0011838990130601853,0.04978305454987271,0.00058027282758691605,0.0067028655721028795,0.29308053426432079
12.280000000000001,10.638567,0.0036537101349749693,0.083341986076535965,-0.014539484247486745,-0.00024691501082307887,-0.01116598494916528,-0.0011551710733755886,0.049559739850293251,0.00057877853654046902,0.0066797621506353676,0.29258053426432085
12.300000000000001,8.0765560000000001,0.0036575920697827329,0.083379943745599594,-0.014575951154953581,-0.00020966044328130096,-0.011223900671013955,-0.0011234680680551866,0.049335266828039889,0.00057728160983616932,0.0066572927892742636,0.29208053426432079
12.32,10.276782000000001,0.0036614654958777998,0.08341797533701488,-0.014604719986398562,-0.00018705606463087499,-0.011279488896293441,-0.0010896326778874082,0.049109682032763197,0.00057578226177309121,0.0066355001357165152,0.29158053426432085
12.34,9.6534820000000003,0.003665319797019736,0.083456064890143733,-0.01463156459206294,-0.00016582096907380439,-0.011332609455889753,-0.0010531829047263461,0.048883034817532742,0.00057428070918751333,0.0066144364776219884,0.29108053426432079
12.359999999999999,8.6507629999999995,0.0036691340908248452,0.083494214492588467,-0.014670521121197933,-0.00014513786551084706,-0.011383011155992377,-0.0010151799566381762,0.04865537955927457,0.0005727771871939627,0.0065941328784892249,0.29058053426432084
12.380000000000001,10.025061000000001,0.0036729447912146104,0.083532433057328159,-0.014681555044469552,-0.00013386437592988187,-0.011430189475870919,-0.00097609772865712334,0.04842678072517826,0.00057127198570188333,0.0065746109239160824,0.29008053426432079
12.4,13.781390999999999,0.0036766355521827827,0.08357069648589717,-0.014202575023909203,0.0007982301637459166,-0.01147525199081844,-0.0009372749842148782,0.048197280631447667,0.00056976524127743116,0.0065558654242317844,0.28958053426432084
12.42,9.2570910000000008,0.0037168354366553589,0.083607215360287743,-0.014760992090911307,-0.00020905628651868291,-0.011517457960987972,-0.00089792735306528434,0.047966936408790656,0.00056825718233016319,0.0065379068771704791,0.28908053426432079
12.44,11.464884,0.0037146259221743456,0.083645780075798995,-0.01475750937015019,-0.0002090366362275109,-0.011558423807724576,-0.0008587762575027741,0.047735772860206832,0.00056674782030469151,0.0065207313520204233,0.28858053426432084
12.460000000000001,9.5613320000000002,0.0037124868508955269,0.08368435605861077,-0.014788554934138998,-0.0002017548936525948,-0.011597642358136892,-0.00081939691299611481,0.047503824931951363,0.00056523722939468056,0.0065043434137605008,0.28808053426432079
12.48,10.933964,0.0037110929230195315,0.083722972787255948,-0.014298082141387725,0.00073346084337178041,-0.011635130947116663,-0.00078087422118073397,0.047271127223594438,0.00056372547939650595,0.006488725929336886,0.28758053426432084
12.5,10.613524999999999,0.0037470242297009612,0.083759808482266732,-0.014875214573519147,-0.00026079877868689927,-0.011672056625740793,-0.0007432536616705901,0.047037690994162433,0.0005622124895195361,0.0064738608561034743,0.28708053426432079
12.52,9.1925170000000005,0.0037414027654594294,0.083798675470147924,-0.014892627592857033,-0.00023002173610553456,-0.011706185204466308,-0.00070651810491151692,0.04680357218551788,0.00056069846991513197,0.0064597304940052442,0.28658053426432084
12.540000000000001,10.282798,0.0037372832546413537,0.083837588984257486,-0.014949965108229213,-0.00025120489249830236,-0.011697598878645857,-0.00067129866301020454,0.046569625078976086,0.00055918878418559977,0.0064463045207450399,0.28608053426432078
12.56,13.671571999999999,0.0037343096498850177,0.083876569505131462,-0.014185962072135849,0.0010879429560284315,-0.011735683134013859,-0.00057022225685890795,0.046334916284399709,0.00055767709728151598,0.0064349000756078615,0.28558053426432084
12.58,9.8099869999999996,0.0037866066926516341,0.08391282799354291,-0.015029773447423955,-0.00039782196567395012,-0.01176966325592292,-0.00054917744107816995,0.046099527884524455,0.00055616366829561018,0.0064239165267862977,0.28508053426432078
12.6,11.584597,0.0037764638005771734,0.08395207818555904,-0.01496288886225261,-0.00040101888201182767,-0.011802783260413766,-0.00052947158243489263,0.045863477081893457,0.00055464852665799904,0.0064133270951376,0.28458053426432084
12.620000000000001,14.611107000000001,0.0037679560151333913,0.083991257255348062,-0.014089905805743097,0.0012358906427285543,-0.011792346674173379,-0.00051048882072504047,0.045627634990957351,0.00055313717744546792,0.006403117318723099,0.28408053426432078
12.640000000000001,11.335379,0.0038254329383579956,0.084027299977602068,-0.015063367123598681,-0.00059540035978500327,-0.011830301494430942,-0.00042438690400463581,0.045391033805037936,0.00055162317573477482,0.0063946295806430065,0.28358053426432084
12.66,10.617476999999999,0.0038095954312300016,0.084066780118796203,-0.015068632164671358,-0.00050596896664911739,-0.011865879338877127,-0.0004164110590526613,0.045153721064037512,0.00055010661621330789,0.0063863013594619537,0.28308053426432078
12.68,10.703011,0.0037955015631108099,0.084106260109365394,-0.015117875834630423,-0.00044832240356740272,-0.01190259373183333,-0.00040669459891778834,0.044915674037657907,0.00054858732366106172,0.0063781674674835984,0.28258053426432084
12.700000000000001,9.030011,0.003785304594334086,0.084145749132173903,-0.01511521639695057,-0.00045167716760308174,-0.011872952122466087,-0.00039914467448505969,0.044678219819186939,0.00054707372817641665,0.0063701845739938968,0.28208053426432078
12.720000000000001,9.7077000000000009,0.0037772004900223206,0.084185210952233192,-0.015133936182012198,-0.0004343772116632838,-0.011915504449169299,-0.00029423554852575569,0.044439914560944052,0.00054555636036959061,0.0063642998630233814,0.28158053426432084
12.74,11.708659000000001,0.0037703523436516651,0.084224648262437626,-0.014362486337770153,0.0010144987263231986,-0.011948303495511016,-0.00030456045505090402,0.044200953325964937,0.00054403624669183289,0.006358208653922363,0.28108053426432078
12.76,9.0215080000000007,0.0038209910178975811,0.084261374695454222,-0.015222892975009117,-0.00049807862107442702,-0.011906198936533448,-0.00031446131580450173,0.043962834155755477,0.00054252296374352501,0.0063519194276062726,0.28058053426432084
12.780000000000001,13.197319,0.003809448467167804,0.084301109106085834,-0.014319198071128136,0.0011054545944764183,-0.011948173703365319,-0.00020413659670374598,0.043723875499289293,0.00054100558501908548,0.0063478366956721977,0.28008053426432078
12.800000000000001,11.430426000000001,0.0038635370618708455,0.084337634573794451,-0.01527013773027297,-0.00063909401092909768,-0.011986371885553595,-0.00023463547560094043,0.043484152887904352,0.00053948440708711956,0.0063431439861601786,0.27958053426432083
12.82,10.745258,0.003843605070562655,0.0843775992958673,-0.015225767263384316,-0.00055554531210444402,-0.012024779916345159,-0.00025665782402217252,0.043243662123874128,0.00053795953634708823,0.0063380108296797353,0.27908053426432078
12.84,9.3534179999999996,0.0038259817573040402,0.084417472376341854,-0.015221408108713308,-0.00048874766280104787,-0.012059118889045022,-0.00027306577726336062,0.043002484586097844,0.00053643158863226161,0.0063325495141344683,0.27858053426432083
12.859999999999999,8.9775620000000007,0.0038114095202358609,0.084457271755710606,-0.015218975339481688,-0.00038496155935807685,-0.012091550620838033,-0.0002886737740494236,0.042760658418100034,0.00053490089009598264,0.0063267760386534798,0.27808053426432078
12.880000000000001,9.6727659999999993,0.0038009197531321728,0.084497014746758636,-0.01525089619003428,-0.00033889463753200566,-0.012057444843081805,-0.00030202370181347735,0.042519514342980951,0.0005333759335242503,0.0063207355646172107,0.27758053426432083
12.9,9.4323429999999995,0.00379261235894171,0.084536774397760098,-0.015235427328539775,-0.00034999913249178505,-0.012097341981602139,-0.00020866637579445923,0.042277572333235813,0.00053184716656474302,0.0063165622371013216,0.27708053426432078
12.92,8.9928349999999995,0.003786668828741198,0.084576443057201606,-0.015263766100497289,-0.0003190142576625643,-0.012059104397588203,-0.00023176627599969638,0.04203639505319496,0.00053032429399392056,0.0063119269115813276,0.27658053426432083
12.94,10.274525000000001,0.0037819338212020455,0.084616139476336644,-0.015254793622663465,-0.00033824777783397764,-0.012102710863960121,-0.00013623844040662659,0.041794345655589496,0.00052879680537500562,0.006309202142773195,0.27608053426432078
12.960000000000001,10.895451,0.003777350763927761,0.084655769913894161,-0.015258575733284707,-0.00024751813952361701,-0.012138305302768632,-0.00017425423053689582,0.041551584378627153,0.00052726557812181503,0.0063057170581624572,0.27558053426432083
12.98,10.065407,0.0037736905225359608,0.084695397595414557,-0.015231072800420464,-0.00018997539942144925,-0.012169973345575267,-0.00020374451892411923,0.041308189747606083,0.00052573127602575118,0.0063016421677839747,0.27508053426432078
13,10.858616,0.0037707135853083853,0.084734965272701288,-0.014715476606365074,0.00079340703830554915,-0.012198266694144906,-0.00022647617026422506,0.041064229254242364,0.00052419445647772136,0.0062971126443786898,0.27458053426432083
13.02,10.889059,0.0038045828479728893,0.084772754014658613,-0.015244712732308097,-0.0001909004473736875,-0.012226341900376409,-0.00024017722790895842,0.040819707260709361,0.0005226552408968641,0.0062923090998205106,0.27408053426432077
13.040000000000001,8.6381490000000003,0.0037969351343803775,0.084812442837757462,-0.015217530101154009,-0.00015231444942442884,-0.012250333225082352,-0.00024963991785455404,0.040574705442637179,0.00052111420502779762,0.0062873163014634196,0.27358053426432083
13.06,11.515952,0.0037897854420094659,0.084852084695540175,-0.015213761355925559,-0.00011798711675092832,-0.01227424388431775,-0.00025931121769084281,0.04032922541298449,0.00051957141068057963,0.0062821300771096029,0.27308053426432077
13.08,9.5126369999999998,0.0037837673617578003,0.084891692139719435,-0.015212805953939368,-7.238019866862011e-05,-0.012295021140833359,-0.00026610273049995571,0.040083329838291624,0.000518027296734063,0.0062768080224996038,0.27258053426432083
13.1,12.705923,0.0037788643985285433,0.084931272008016395,-0.014439410422594334,0.0013578933376774405,-0.012314025479427388,-0.00027386690493602699,0.039837054175973545,0.00051648212587388507,0.0062713306844008835,0.27208053426432077
13.120000000000001,9.2702720000000003,0.0038294123186988927,0.084968185331800603,-0.015239246026207076,-0.00015822815640298415,-0.012328868191870434,-0.00027450772295147495,0.039590481656769434,0.00051493644468289241,0.0062658405299418542,0.27158053426432083
13.140000000000001,12.340904,0.0038185516715509562,0.085007937895388172,-0.0152312213839364,-0.00015779335581678211,-0.012299925847573742,-0.00027090357019006348,0.039344487964671479,0.00051339573369674782,0.0062604224585380529,0.27108053426432077
13.16,8.9070619999999998,0.0038085075771958311,0.085047688724731133,-0.015226884951106801,-0.000204243007646987,-0.012317301177194945,-0.00019568163473663834,0.039098146765600666,0.00051185399563692083,0.00625650882584332,0.27058053426432083
13.18,12.818451,0.0037996492943416947,0.085087386186612088,-0.014702070729198491,0.00075848873811645845,-0.012330704485360925,-0.00019716568253077359,0.038851537499555014,0.00051031154870304681,0.0062525655121927048,0.27008053426432077
13.200000000000001,10.634769,0.003828780328951566,0.085125276699463945,-0.0152798908506665,-0.00021179059064646566,-0.012342454773514462,-0.00019573605922808019,0.038604693226278727,0.00050876860178191319,0.0062486507910081432,0.26958053426432083
13.220000000000001,8.7131589999999992,0.003817415096967943,0.085165082384397503,-0.015247520442111306,-0.00018337720033634319,-0.012352948570197433,-0.0001918894874838623,0.038357639075184621,0.00050722530066209237,0.0062448130012584657,0.26908053426432077
13.24,9.9042030000000008,0.0038085689750160796,0.085204824094603532,-0.015295685675651538,-0.00021332674431895349,-0.012298944798813296,-0.00018495580553292603,0.03811166497265641,0.00050568967338183307,0.006241113885147807,0.26858053426432082
13.26,9.9599150000000005,0.0038013707163204406,0.085244598874581246,-0.01525496010962113,-0.00029126730399675616,-0.012315970030255688,-7.3965897945335344e-05,0.037865350368154096,0.00050415255811939673,0.0062396345671889,0.26808053426432077
13.280000000000001,10.293081000000001,0.0037947545375958333,0.085284267336895592,-0.015272198719270991,-0.00022399782881188379,-0.012330629965893836,-8.0815216806700256e-05,0.037618742568266209,0.00050261399490144525,0.0062380182628527662,0.26758053426432082
13.300000000000001,10.498244,0.0037894614102531301,0.08532391881068821,-0.015248245801448124,-0.00020145311202601768,-0.012343464318504803,-8.7196519607076736e-05,0.037371878083734288,0.00050107424502922554,0.006236274332460625,0.26708053426432077
13.32,8.9866399999999995,0.003785911057217916,0.085363507206975373,-0.015249763592653398,-0.00019684400156005921,-0.01231195877779992,-9.6565061095083671e-05,0.037125643694938391,0.00049953887770905821,0.0062343430312387232,0.26658053426432082
13.34,9.5223490000000002,0.0037829574415296999,0.085403087298862548,-0.015264096787486303,-0.00020680789365923324,-0.012331013487560178,-3.4998328442696616e-05,0.036879028217332667,0.00049800145862002464,0.0062336430646698689,0.26608053426432077
13.359999999999999,10.956191,0.0037801456748910397,0.085442653694775522,-0.015255428005551352,-0.00018357939428725878,-0.012345502217896587,-4.8242930321513013e-05,0.036632122969469716,0.00049646243861684362,0.0062326782060634391,0.26558053426432082
13.380000000000001,9.7288859999999993,0.0037777715256064577,0.085482179493939325,-0.015240210302158497,-0.00014890518031851485,-0.01236248950013163,-5.8568029699665123e-05,0.036384877980916025,0.00049492156502294179,0.0062315068454694457,0.26508053426432077
13.4,11.000359,0.0037757707450669837,0.085521675723804896,-0.015226065950205814,-0.0001315211083059431,-0.012374432674143772,-7.0423656590978161e-05,0.036137394131531372,0.00049337952205295551,0.0062300983723376259,0.26458053426432082
13.42,10.72214,0.0037739806586558839,0.085561135007450759,-0.015229078071287483,-9.4698709711682483e-05,-0.01238659256152613,-8.7218621007503942e-05,0.035889667086686887,0.00049183635429816735,0.0062283539999174759,0.26408053426432077
13.44,10.035546999999999,0.003772518621914718,0.085600590795420456,-0.015221061606228825,-8.0449625375011991e-05,-0.012395568290808859,-9.8029070538183062e-05,0.035641760527879283,0.00049029252755482798,0.0062263934185067121,0.26358053426432082
13.460000000000001,8.8829200000000004,0.0037712648583373429,0.085640019865464934,-0.015210778691291615,-6.2764632600131876e-05,-0.012403768601454547,-0.00010650382809448587,0.035393689962879643,0.0004887481868760254,0.0062242633419448221,0.26308053426432076
13.48,9.5782100000000003,0.0037701271746423768,0.085679423121201137,-0.015193169420981922,-5.7808862688579765e-05,-0.01241232254947028,-0.00011410206055189874,0.035145448318826086,0.00048720332881707612,0.0062219813007337839,0.26258053426432082
13.5,11.403238999999999,0.0037690978390811955,0.085718791822822896,-0.015202829606481671,-3.2100386417210913e-05,-0.012419307713159777,-0.00012194432040379553,0.034897066970555952,0.00048565818766835609,0.0062195424143257081,0.26208053426432076
13.52,13.60186,0.0037682457095682552,0.08575815513757612,-0.01519186961579444,-2.8311405664283029e-05,-0.012424344142837504,-0.00012758998098018616,0.034648584891784802,0.00048411303996309923,0.0062169906147061041,0.26158053426432082
13.540000000000001,13.272372000000001,0.00376750570955751,0.085797497454440777,-0.015169170590994208,-3.748952408733075e-05,-0.012427715276048478,-0.00013034270833156195,0.034400035387667241,0.0004825681140988641,0.006214383760539473,0.26108053426432076
13.56,10.998446,0.0037668051165198725,0.085836793808824127,-0.015159496185033761,-3.2184293189629898e-05,-0.012430995509552836,-0.00013165000275532256,0.03415142027609909,0.00048102343181261303,0.0062117507604843667,0.26058053426432082
13.58,14.707718,0.0037661855849811621,0.085876065748277289,-0.01515254453188275,-3.4900641114665731e-05,-0.012433289228135828,-0.00013018373502472416,0.03390275928700031,0.0004794791155859959,0.0062091470857838721,0.26008053426432076
13.6,16.337844,0.0037656430607142777,0.085915313915357547,-0.014387582324406401,0.0013589047363173901,-0.012434509414398692,-0.00012776979860820728,0.033654073890663709,0.00047793528929502616,0.0062065916898117078,0.25958053426432082
13.620000000000001,12.426209,0.0038195477860304403,0.08595198193228365,-0.015202875567802976,-0.00018961285065088873,-0.012434162686651503,-0.0001242175202813401,0.033405395424859083,0.00047639213269078497,0.0062041073394060809,0.25908053426432076
13.640000000000001,11.463626,0.0038105678117121402,0.085991460117881099,-0.015165125516892308,-0.00019852415225418696,-0.012434643195189903,-0.00012052941904881594,0.03315670734529249,0.00047484952510891659,0.0062016967510251046,0.25858053426432082
13.66,10.47711,0.0038018963793444325,0.086030886043011831,-0.015186131201010422,-0.00020849435860692545,-0.012434176424824257,-0.00011519792312085955,0.03290802859731809,0.00047330756163709286,0.0061993927925626871,0.25808053426432076
13.68,10.054273,0.0037945800827984769,0.086070290589141382,-0.015151220916934549,-0.00022587596354051165,-0.012431894341661972,-0.00010992917405566139,0.032659395486659443,0.00047176644090713283,0.0061971942090815737,0.25758053426432082
13.700000000000001,9.5287489999999995,0.003788524530004942,0.086109617146857734,-0.015187036158172518,-0.00017682794457463125,-0.012429047427216436,-0.00010566657033252895,0.03241081930987471,0.00047022620901479426,0.0061950808776749236,0.25708053426432076
13.720000000000001,11.250332,0.003783710217926623,0.086148962544325941,-0.015187129613192463,-0.00016396628729653528,-0.012425915673754159,-0.0001012878538414479,0.032162305763770632,0.00046868687952525152,0.0061930551205980943,0.25658053426432081
13.74,9.710051,0.003781001860502758,0.086188275191182662,-0.015175611895610563,-0.00023076315286152393,-0.012360344313094004,-9.7386488192586148e-05,0.03191510361668079,0.00046715616418033733,0.006191107390834243,0.25608053426432076
13.76,9.9939009999999993,0.0037787456729229387,0.086227547630787271,-0.0151918426941825,-0.00030028927148628703,-0.012368229818614412,8.0998220086364971e-06,0.031667743761136485,0.00046562469314721301,0.0061912693872744158,0.25558053426432081
13.780000000000001,9.2754919999999998,0.0037761720529907485,0.086266792268534259,-0.015128384412704476,-0.00031441841134727255,-0.012372227880375669,-6.2694627178545148e-06,0.03142030394591748,0.00046409272253314257,0.0061911439980200586,0.25508053426432076
13.800000000000001,9.1993969999999994,0.0037738028452123759,0.086305946367210146,-0.015168677920324836,-0.00026585394939293572,-0.012377548285213282,-2.0374607135474611e-05,0.031172757724232735,0.00046256015908514826,0.0061907365058773492,0.25458053426432081
13.82,11.152984,0.003771945045157377,0.086345114589470973,-0.015153237578915957,-0.00025999890711925211,-0.012379471390125511,-3.4309800057749041e-05,0.030925173040348662,0.00046102749291233923,0.006190050309876194,0.25408053426432076
13.84,9.887124,0.0037702626962478592,0.086384255127838483,-0.01514121406928981,-0.00024018073772058557,-0.01238413977948054,-4.8627353558774821e-05,0.03067749498919491,0.00045949445417701318,0.0061890777628050182,0.25358053426432081
13.859999999999999,9.6963139999999992,0.0037687884073025406,0.086423356309420898,-0.01512493395897152,-0.00022732305724915136,-0.012388347770271223,-5.8449470061382453e-05,0.030429732778195506,0.00045796115982834869,0.0061879087734037904,0.25308053426432076
13.880000000000001,10.309125999999999,0.003767454888711822,0.086462423050714513,-0.015120441224781622,-0.00022125812531226252,-0.012391189001794051,-6.6706302093863577e-05,0.030181913741734508,0.00045642782398291323,0.0061865746473619134,0.25258053426432081
13.9,10.122603,0.0037661923134504516,0.086501467537533558,-0.01511148174169552,-0.00021138138188891986,-0.012395076855969434,-7.931751282243236e-05,0.029934016947438871,0.00045489436902703144,0.006184988297105465,0.25208053426432075
13.92,9.4855889999999992,0.0037650740968324017,0.086540480252406696,-0.01510067802638082,-0.00020571450539286218,-0.012393369109189525,-9.6205164998670601e-05,0.029686154304734574,0.00045336156039991549,0.0061830641938054919,0.25158053426432081
13.94,10.250045,0.0037639565142197173,0.086579464220617297,-0.01508852735983357,-0.00019399143581999567,-0.012395138059879535,-0.00011304949902958424,0.029438256280485572,0.00045182905172761855,0.0061808032038249,0.25108053426432075
13.960000000000001,9.6071240000000007,0.003762934969635152,0.08661841758628569,-0.015078010242778661,-0.000185109404476691,-0.01239546300386303,-0.0001252727889598409,0.029190351753829381,0.00045029709369166988,0.0061782977480457028,0.25058053426432081
13.98,10.165736000000001,0.0037619752800661659,0.086657349884659188,-0.015067387113799069,-0.00018799159402860255,-0.012394769020579234,-0.00013628977155039673,0.028942461102567898,0.00044876586981439944,0.006175571952614695,0.25008053426432075
14,8.3047819999999994,0.0037611007872212976,0.086696244038489245,-0.015062433400698683,-0.00018337308060112356,-0.012392809080536402,-0.00014515711308533906,0.02869460964505155,0.00044723558563422805,0.0061726688103529879,0.24958053426432078
14.02,11.289453,0.0037602799595076405,0.086735118032965575,-0.015053882747624869,-0.00018791719654087657,-0.012390677088256533,-0.00015252027251941156,0.028446800822014662,0.00044570630238674274,0.0061696184049025993,0.24908053426432078
14.040000000000001,9.9645010000000003,0.003759507925248172,0.086773962777401722,-0.01504906354622737,-0.00018767673315456257,-0.012388023864815171,-0.00015897134268396735,0.028199045057674812,0.00044417811834406126,0.0061664389780489203,0.24858053426432078
14.06,10.596228,0.0037587874534044698,0.086812785746252077,-0.015038754420711231,-0.00019537706327277249,-0.01238475037881228,-0.00016428992020058218,0.027951354756872212,0.00044265113880471741,0.0061631531796449085,0.24808053426432078
14.08,9.5294869999999996,0.0037581024012306387,0.086851575820043381,-0.015044387829110439,-0.00019527454292189717,-0.012380808322400794,-0.00016885571508658699,0.027703743290615607,0.00044112547020855693,0.0061597760653431767,0.24758053426432078
14.1,10.392685,0.0037574839761187716,0.086890351827732873,-0.015027104082910414,-0.00020424452003320326,-0.012376398736312881,-0.00017227419959995024,0.027456220009205508,0.00043960118937508172,0.0061563305813511779,0.24708053426432078
14.120000000000001,8.4765110000000004,0.0037568614362959432,0.086929095418482608,-0.015018347321815728,-0.00021470051119409916,-0.012371559799639303,-0.00017482601893376574,0.02720879349940666,0.00043807836332438816,0.0061528340609725025,0.24658053426432078
14.140000000000001,11.071986000000001,0.0037562557319298579,0.086967810359226835,-0.01500839901303419,-0.00022536009436646687,-0.012366799650228332,-0.00017742588393978475,0.026961462185432359,0.00043655699443387417,0.0061492855432937069,0.24608053426432078
14.16,9.0570819999999994,0.0037556672925168743,0.08700649476230303,-0.01498793549045585,-0.00024649052916814185,-0.01236181531401573,-0.00017952272229854088,0.026714230550869723,0.00043503712120835996,0.0061456950888477361,0.24558053426432078
14.18,9.8440999999999992,0.0037550650312692074,0.087045125155218034,-0.014989739906991595,-0.00024709293781866037,-0.012356935377865714,-0.00018181800785565456,0.026467096507697747,0.00043351874096221734,0.0061420587286906232,0.24508053426432078
14.200000000000001,9.9296749999999996,0.0037544911827446254,0.08708374411943498,-0.0149904750432579,-0.00025282680794935786,-0.012351699008924341,-0.00018394953278412957,0.026220067184378287,0.00043200190769722169,0.0061383797380349407,0.24458053426432078
14.220000000000001,10.512613,0.003753929489906428,0.087122352713025208,-0.01497956568907477,-0.00026216980782622912,-0.012347449788411777,-0.00018650789320430222,0.025973122838251435,0.00043048651107551529,0.0061346495801708548,0.24408053426432078
14.24,8.8481059999999996,0.0037533756662088353,0.087160930600150163,-0.014976374922005431,-0.00026839003691958574,-0.012342208735506227,-0.00018889581546869673,0.025726283305524386,0.00042897268433048118,0.006130871663861481,0.24358053426432077
14.26,9.9307090000000002,0.0037528281872391627,0.087199489150145054,-0.014967760211638148,-0.00028234238562485636,-0.01233677480441025,-0.00019178700492843766,0.025479552443616965,0.00042746046334323504,0.0061270359237629119,0.24308053426432077
14.280000000000001,10.298375999999999,0.0037522827180189785,0.08723801557321513,-0.014963615129509722,-0.00028931828737910337,-0.012331069585098286,-0.00019525797766617057,0.025232935678104258,0.00042594989620992735,0.0061231307642095889,0.24258053426432077
14.300000000000001,10.770291,0.0037517572650186486,0.087276521141114866,-0.014956771509626821,-0.00030249137415561123,-0.012324257663041033,-0.00019928668067482736,0.024986455142522446,0.00042444113601898385,0.0061191450305960919,0.24208053426432077
14.32,12.747681,0.0037512113745345557,0.087314997939212061,-0.014948816417225785,-0.00031098578379928909,-0.012318276747560876,-0.00020460260635298778,0.024740094216920541,0.00042293410304900973,0.0061150529784690325,0.24158053426432077
14.34,11.162265,0.0037506475836310651,0.087353446660279638,-0.014962830281231132,-0.00031179271138848108,-0.01231295580141757,-0.00020962396131886222,0.024493839702012746,0.00042142874110167488,0.0061108604992426551,0.24108053426432077
14.359999999999999,12.602698,0.0037501346624220604,0.087391890921250479,-0.014946883644810005,-0.00031263597820929689,-0.012307273399614158,-0.0002147444194381486,0.024247698826634499,0.00041992511841957485,0.0061065656108538922,0.24058053426432077
14.380000000000001,8.5601959999999995,0.0037495593266930823,0.087430314003645052,-0.014931043974676594,-0.00033419057935590857,-0.012301898976248922,-0.00022022135682825462,0.024001665431182963,0.00041842322251064876,0.006102161183717327,0.24008053426432077
14.4,9.4693480000000001,0.0037489697773777607,0.087468688465718508,-0.014920813134623789,-0.00034623268484867964,-0.012296356699888928,-0.00022580391436467033,0.023755742872500027,0.00041692310011564373,0.0060976451054300333,0.23958053426432077
14.42,13.087967000000001,0.0037483667076806016,0.08750702975014131,-0.014914791549472395,-0.00035182828127822141,-0.012291030065468207,-0.00023205028466975343,0.023509926837660712,0.00041542475303471153,0.0060930040997366382,0.23908053426432077
14.44,10.019902,0.0037477582749027042,0.087545345285726786,-0.01490655906686511,-0.00036237386222048862,-0.012285676077852836,-0.00023840847870029521,0.023264217873541233,0.00041392821459492396,0.0060882359301626327,0.23858053426432077
14.460000000000001,12.532435,0.0037471422759376284,0.087583629267314417,-0.014023018660028863,0.0012841466714024197,-0.01228020629999993,-0.00024532414942304734,0.023018618295716619,0.00041243353048306137,0.006083329447174172,0.23808053426432077
14.48,9.5656140000000001,0.0038100956133322781,0.08761904901245833,-0.014956369050927343,-0.00054307220510962928,-0.012276434562687981,-0.00025241995896215381,0.022773094143806943,0.00041094052752982006,0.0060782810479949288,0.23758053426432077
14.5,10.077211999999999,0.0037994743230563839,0.087657569911242447,-0.014905525512293849,-0.00056151233688606084,-0.012271732808925993,-0.00025912277533271457,0.022527664017602769,0.00040944935186199271,0.0060730985924882745,0.23708053426432077
14.52,10.026662,0.0037891243522631206,0.087696009807265357,-0.014915953237630175,-0.00057719397704159014,-0.012266203059607525,-0.0002654602841719939,0.022282344476528167,0.00040796013503559785,0.0060677893868048343,0.23658053426432077
14.540000000000001,9.5647070000000003,0.003780243192904782,0.087734396481549348,-0.014883400822166992,-0.00058569995121104945,-0.012260388451635863,-0.00027296895272169283,0.022037141217459279,0.00040647294439592264,0.0060623300077504005,0.23608053426432077
14.56,12.139951999999999,0.0037728293718290928,0.08777270413312771,-0.014126603670930438,0.00086404593843547595,-0.012254662851540622,-0.00028087919046604457,0.021792052460056971,0.00040498780569362628,0.0060567124239410798,0.23558053426432077
14.58,12.489418000000001,0.003821280327484505,0.087808542972995535,-0.014944990475181608,-0.00066901724956180963,-0.012248835964383521,-0.00028869442928597378,0.021547080229807346,0.00040350476844711064,0.0060509385353553604,0.23508053426432077
14.6,9.331963,0.0038091063020297597,0.087847026363431155,-0.014938462914697803,-0.00070520274813645756,-0.012171112139501733,-0.0002967823728910512,0.021303662438947022,0.00040203256682721584,0.0060450028878975392,0.23458053426432077
14.620000000000001,8.9228159999999992,0.003797836301352428,0.087885484601866334,-0.014939985022938029,-0.00079519155888641002,-0.012177748426559196,-0.00018405801133953445,0.021060111917692973,0.00040056073358006475,0.0060413217276707488,0.23408053426432077
14.640000000000001,8.4159889999999997,0.0037873975852198349,0.087923865874789689,-0.014935262380572856,-0.00074549876487139954,-0.012179548396749769,-0.00021201257114382123,0.020816525391864009,0.00039908964755855771,0.0060370814762478724,0.23358053426432077
14.66,10.873540999999999,0.0037787104129851047,0.087962189750192099,-0.014913554334816115,-0.00070366597420101762,-0.012182023334639447,-0.00023953390323982099,0.020572889361538404,0.00039761936273578069,0.0060322907981830761,0.23308053426432077
14.68,10.319542999999999,0.0037715306725588631,0.088000432415941007,-0.014894565327376652,-0.00066140357626109925,-0.012181579694228417,-0.00026644806152156342,0.020329262196423468,0.0003961503641667894,0.0060269618369526452,0.23258053426432077
14.700000000000001,10.703056999999999,0.0037666880672168183,0.088038610707804499,-0.014918898913273915,-0.00066812675890814965,-0.012119096748898637,-0.00029226945378028337,0.020086884659336984,0.00039469025473410203,0.0060211164478770392,0.23208053426432076
14.720000000000001,11.89959,0.0037626655427455088,0.088076804191898173,-0.014404447520807162,0.00022128514236774421,-0.012130014796994135,-0.00021052569601780977,0.019844288757905726,0.00039323004965479633,0.0060169059339566832,0.23158053426432076
14.74,10.234786,0.0037947946148415286,0.088113319635743287,-0.014913550981829782,-0.00079159764249836506,-0.012139302684706034,-0.00024599619461942849,0.019601507095416349,0.00039176983485566061,0.0060119860100642944,0.23108053426432076
14.76,12.295387,0.0037853966565604405,0.088151507395225689,-0.014876427746194243,-0.00074613157414460396,-0.012147784210093762,-0.00028185126014685242,0.019358555797777573,0.00039030988224137222,0.0060063489848613573,0.23058053426432076
14.780000000000001,13.655094,0.0037765376186992337,0.088189629566101699,-0.014363063691508193,0.00025169486142040398,-0.012155027933641427,-0.00032199734624829168,0.019115459619466823,0.00038885052699021952,0.0059999090379363913,0.23008053426432076
14.800000000000001,12.15104,0.0038054876959276599,0.088226097122304947,-0.014115378957048508,0.0006337082511067571,-0.012159764564632303,-0.00035595580839141742,0.018872268700351205,0.00038739225177081857,0.0059927899217685626,0.22958053426432076
14.82,9.7801419999999997,0.0038480385051914453,0.088261848485078773,-0.014916422925554396,-0.00089121466324559862,-0.012162468526898139,-0.00038469501378875085,0.018629023692166052,0.00038593545387141946,0.0059850960214927872,0.22908053426432076
14.84,11.749051,0.0038282103483390268,0.088300172551526987,-0.01436982228103223,0.00012158767295988859,-0.012166897586218936,-0.00040851600120366693,0.018385690092831034,0.00038448005561638517,0.005976925701468714,0.22858053426432076
14.859999999999999,9.2143510000000006,0.0038487817012479862,0.088336781365933967,-0.014154019562083509,0.00049187503806935595,-0.012128679603064961,-0.00043131098045605241,0.018143120827311732,0.00038303126613963131,0.0059682994818595929,0.22808053426432076
14.880000000000001,9.5330739999999992,0.0038841309274101374,0.088372703220003387,-0.014943766741682074,-0.001110106382610665,-0.012136057712725282,-0.00038767237841127252,0.017900403990366718,0.00038158358314675924,0.0059605460342913672,0.22758053426432076
14.9,8.6057400000000008,0.003857236225333723,0.088411153823954453,-0.014892434920625641,-0.0010275626498714718,-0.012139650672219568,-0.00042081589690376627,0.017657615283810109,0.00038013743447601984,0.0059521297163532922,0.22708053426432076
14.92,11.550375000000001,0.0038345917616778103,0.088449467120119543,-0.014907819372262376,-0.00099180017077316052,-0.012100769618488357,-0.00044852661178089703,0.017415604172011385,0.00037869802145716847,0.0059431591841176742,0.22658053426432076
14.94,8.424099,0.0038170382908602695,0.088487714269146561,-0.014888317981838761,-0.0010346617857126539,-0.012045468087989501,-0.00040156972856081493,0.017174699059088302,0.00037726723460184943,0.0059351277895464578,0.22608053426432076
14.960000000000001,9.0578459999999996,0.0038021132670213714,0.088525857461713806,-0.014870300236958456,-0.0010127750134052427,-0.012061424805203233,-0.0003296931881206164,0.016933474806979182,0.00037583631635647438,0.0059285339257840455,0.22558053426432076
14.98,8.3734549999999999,0.0037899037893826377,0.088563869564777187,-0.014867238605771438,-0.00095479082994076592,-0.012030941325319932,-0.00037380769809835449,0.016692860203706528,0.00037441070727265444,0.005921057771822078,0.22508053426432076
15,9.3586299999999998,0.0037810001795835495,0.088601826339792467,-0.014882800412497343,-0.00098399694293704876,-0.011985810843814126,-0.00034111565356100828,0.016453148184074135,0.00037299215969250558,0.0059142354587508579,0.22458053426432076
15.02,8.3859440000000003,0.0037731144154020775,0.088639746062647337,-0.014842336970145142,-0.0010007827726399299,-0.012009992102534879,-0.0002834521116247573,0.016212952538862249,0.00037157225039072934,0.0059085664165183628,0.22408053426432076
15.040000000000001,11.421877,0.0037656408224790183,0.088677532778334539,-0.014312555673728022,3.3030240333520311e-05,-0.012027537882641859,-0.00034650436711077166,0.015972405975226412,0.00037015178203684889,0.0059016363291761473,0.22358053426432076
15.06,11.077145,0.0037956157948945139,0.0887136722010749,-0.014830993915101787,-0.00094047376238104441,-0.012044586538240533,-0.00039950991494916481,0.015731518433818273,0.00036873109726930163,0.0058936461308771639,0.22308053426432076
15.08,10.978778,0.0037843864158353603,0.088751466567470502,-0.014291382540697506,7.7184761326565265e-05,-0.012058326055475575,-0.00044652655897895144,0.015490356094819732,0.00036731083221758101,0.0058847155996975846,0.22258053426432076
15.1,10.448732,0.0038111416051565205,0.088787598688433292,-0.014817090519371079,-0.00093907599348508342,-0.012069209928091533,-0.000493680136015764,0.015248976068788844,0.0003658915547024859,0.0058748419969772694,0.22208053426432076
15.120000000000001,10.549531999999999,0.0037963480205262775,0.088825401209551624,-0.014738890053947573,-0.00090860765089084694,-0.012078751394043113,-0.00053623131390519749,0.015007405202121524,0.00036447364312561199,0.0058641173706991652,0.22158053426432076
15.140000000000001,9.8359369999999995,0.0037829874008796886,0.088863059368648495,-0.014753538459999604,-0.00083700431477229387,-0.012088612818630143,-0.00057183590112367061,0.014765637094650395,0.00036305725287980788,0.0058526806526766921,0.22108053426432075
15.16,10.443614,0.0037717024113434381,0.088900652759921997,-0.014696557875945926,-0.00080015894381113561,-0.012094166095734689,-0.0006073065908763967,0.014523757906850985,0.00036164306407164792,0.0058405345208591645,0.22058053426432075
15.18,9.2931080000000001,0.0037629322181751846,0.088938127723598229,-0.014705857327072414,-0.00074854826279979747,-0.012055702026021506,-0.00064174446758713814,0.014282647969708817,0.00036023638451041222,0.0058276996315074214,0.22008053426432075
15.200000000000001,9.6531300000000009,0.0037556690530665257,0.088975573141067341,-0.01466145500788929,-0.00076783547703440647,-0.012063624500273137,-0.00059845704650213097,0.014041379568339606,0.00035883177275583295,0.0058157304905773789,0.21958053426432075
15.220000000000001,11.076762,0.0037498421753310832,0.089012896407220127,-0.014689314421471256,-0.00076125679370386834,-0.012026485676143265,-0.00062905230779955012,0.013800853913695262,0.00035743443768466792,0.0058031494444213882,0.21908053426432075
15.24,8.6276089999999996,0.003745034421887151,0.089050210102735311,-0.01467336540550257,-0.00077123553887403773,-0.012036196895568162,-0.00058334728662199015,0.013560134021002635,0.00035603889277182455,0.0057914824986889483,0.21858053426432075
15.26,9.8659839999999992,0.0037404850680437859,0.089087455267053847,-0.014657409805574173,-0.00074093955838372416,-0.012038519274223536,-0.00061480280033559555,0.013319367664810755,0.00035464596333143812,0.0057791864426822367,0.21808053426432075
15.280000000000001,11.336671000000001,0.0037365190880259739,0.089124638773402778,-0.014138017494203403,0.00024125042319744772,-0.012041810485674036,-0.00064202877882740361,0.013078535467998894,0.00035325567993298732,0.0057663458671056884,0.21758053426432075
15.300000000000001,13.18141,0.0037695799351877435,0.089160221765148553,-0.013532774754435706,0.0013233568212225322,-0.012040097314475586,-0.0006622892289763659,0.012837737515929436,0.00035186873509910537,0.005753100082526161,0.21708053426432075
15.32,9.7720380000000002,0.0038429897429474043,0.089193982914640035,-0.014731435903639567,-0.001013337921534907,-0.012039318790007478,-0.00067856726840991391,0.01259695511551698,0.0003504851084927689,0.005739528737157963,0.21658053426432075
15.34,9.0139619999999994,0.0038217837837574435,0.089231513094957499,-0.014657263847037139,-0.0010206400075027933,-0.012034975782257321,-0.00069003777119211527,0.012356259554918451,0.00034910527518088903,0.005725727981734121,0.21608053426432075
15.359999999999999,9.8697130000000008,0.0038021874494638353,0.089268911565731524,-0.014678095489676468,-0.00099388762719954116,-0.012033353660480058,-0.00070218684291259773,0.012115596417037926,0.00034772897841972572,0.0057116842448758694,0.21558053426432075
15.380000000000001,9.9276549999999997,0.0037856782914227954,0.089306246016357491,-0.01464717595191678,-0.00093820493749730005,-0.012030585800873572,-0.00071308146416269142,0.011874988615994628,0.00034635640347416491,0.0056974226155926157,0.21508053426432075
15.4,7.9024640000000002,0.0037720355753244066,0.089343479029392839,-0.014647182965408678,-0.00087993356032600722,-0.012026786538046671,-0.00072401124339513628,0.011634456779277411,0.00034498771865355235,0.0056829423907247129,0.21458053426432075
15.42,11.079169,0.0037617058481163269,0.089380639823043576,-0.014136505564269597,7.5234678883706607e-05,-0.011980759898384472,-0.00073203141176159624,0.011394845440623923,0.00034362776064742048,0.005668301762489481,0.21408053426432075
15.44,9.7327460000000006,0.0037914397166189497,0.089416209911748007,-0.014683668786940829,-0.0010784368632579255,-0.011889696978960069,-0.00066778054020068473,0.011157055312156328,0.00034228146797461658,0.0056549461516854672,0.21358053426432075
15.460000000000001,9.9920109999999998,0.0037797574143491699,0.089453421031274613,-0.014665153135724585,-0.0011591186624742011,-0.011906096328519607,-0.0005285617002774996,0.010918937185842728,0.00034093616708035711,0.005644374917679917,0.21308053426432075
15.48,10.918715000000001,0.0037681388800173297,0.089490534205246886,-0.014632458842221308,-0.0011198201049360534,-0.011914766737737847,-0.00056893231783248545,0.010680645639351238,0.00033959250172932123,0.0056329962713232672,0.21258053426432075
15.5,9.4589540000000003,0.0037580745007227035,0.089527548163028645,-0.01461294694920745,-0.0010629612354076112,-0.011924276750567311,-0.00060726513865345434,0.010442163879826561,0.0003382505689208185,0.0056208509685501977,0.21208053426432075
15.52,10.06622,0.003749637626971533,0.08956447768706309,-0.014596401937265413,-0.0010084264354279782,-0.011930296782737569,-0.00064120188627927619,0.010203561704821102,0.00033691093750003789,0.0056080269308246122,0.21158053426432075
15.540000000000001,9.4601950000000006,0.0037425680723396932,0.089601335467630841,-0.014571018756451837,-0.00097072664459019187,-0.011935713805815474,-0.00066890886660439324,0.0099648511735234927,0.00033557382518376966,0.0055946487534925243,0.21108053426432075
15.56,9.1983309999999996,0.0037373884390452116,0.089638110742584154,-0.014568820376462455,-0.00097117472549923534,-0.01189869432957894,-0.00069059373462422645,0.0097268810020360828,0.00033424409522822654,0.0055808368788000402,0.21058053426432075
15.58,12.222275,0.0037329626881983037,0.089674848307291638,-0.01405678532528265,-3.6818278692729578e-05,-0.011910273009750271,-0.00064111147398277976,0.0094886792428562402,0.00033291624345079424,0.0055680146493203844,0.21008053426432075
15.6,8.7525460000000006,0.0037650125739993067,0.089710002738983857,-0.014563397041678638,-0.0010511560293016142,-0.011919171850875097,-0.00067906975966429721,0.0092502994920967661,0.00033159054660453414,0.0055544332541270988,0.20958053426432074
15.620000000000001,9.7395099999999992,0.0037554143625225184,0.089746740276526099,-0.014528662500354006,-0.0010108474801033829,-0.011924496397115987,-0.00072050512329266002,0.0090118132335201516,0.00033026759533508958,0.0055400231516612459,0.20908053426432074
15.640000000000001,9.9505669999999995,0.0037464419049595753,0.089783408855236224,-0.014527045706964614,-0.00098720160458376505,-0.011927686433813992,-0.0007564301638171018,0.0087732631556728616,0.00032894781338036242,0.0055248945483849041,0.20858053426432074
15.66,10.549636,0.003738702614818078,0.089820021315755366,-0.014475271823258917,-0.00097406491382878713,-0.011929199360394346,-0.00078591286468917773,0.0085346827994272709,0.00032763154374974347,0.005509176291091121,0.20808053426432074
15.68,9.9874690000000008,0.0037320916969774149,0.089856527258511912,-0.014473866772249377,-0.00092127423746490855,-0.011928478290000179,-0.00080953335324193763,0.0082961168434013462,0.00032631915987349453,0.0054929856240262826,0.20758053426432074
15.700000000000001,8.9308080000000007,0.0037265318835241865,0.08989297501952756,-0.014468941042334316,-0.00088969042629560846,-0.011927649172139827,-0.00082889499734120349,0.0080575674480127656,0.00032501077567842338,0.0054764077240794587,0.20708053426432074
15.720000000000001,7.8075029999999996,0.0037226051901036793,0.089929378839385524,-0.014465347681553387,-0.00091122453254910418,-0.01188489843497763,-0.00084705619114534695,0.0078198730326913234,0.00032371106459855509,0.0054594666002565516,0.20658053426432074
15.74,10.048187,0.0037192719479285864,0.08996575292850488,-0.014453043502337892,-0.00094151027234556928,-0.011887993846563496,-0.00079579522679473422,0.0075821166887378392,0.00032241492099334559,0.0054435506957206566,0.20608053426432074
15.76,12.559602,0.0037158874121913498,0.090002061469848835,-0.01443367024695863,-0.00092373863352346319,-0.01188792945900829,-0.00082190817069887289,0.0073443616115797883,0.00032112263058007922,0.0054271125323066792,0.20558053426432074
15.780000000000001,9.6746829999999999,0.0037129019818829354,0.090038309411708747,-0.014417848925418419,-0.00091246953526824548,-0.011887738893622006,-0.00084341292027507791,0.0071066103241856932,0.00031983432020458644,0.0054102442739011776,0.20508053426432074
15.800000000000001,13.011186,0.003710327369701197,0.090074492261068104,-0.014404761464245963,-0.00089836853031655117,-0.011883320168986366,-0.00086182038101579477,0.0068689473880609066,0.00031855054140705002,0.0053930078662808613,0.20458053426432074
15.82,11.369311,0.0037080104256963192,0.090110632950622355,-0.014393399813335206,-0.00089410410249657346,-0.011879229214208253,-0.00087809564258386054,0.0066313662475450223,0.00031727133827566306,0.0053754459534291841,0.20408053426432074
15.84,12.06424,0.0037059640587971568,0.09014672998471164,-0.01437658212508991,-0.00088990816064993261,-0.011875144347635739,-0.00088947733226656469,0.0063938667806104198,0.00031599677299531487,0.0053576564067838528,0.20358053426432074
15.860000000000001,9.2249099999999995,0.0037041018559890227,0.090182779255729345,-0.014361227599256121,-0.00089594254300595644,-0.011871174259629896,-0.00089782653709807457,0.0061564466915577402,0.00031472687724476607,0.0053396998760418916,0.20308053426432074
15.880000000000001,9.2491570000000003,0.0037023885495213005,0.090218772086824287,-0.014357237185462779,-0.00089319416719346734,-0.011866592850988015,-0.00090721727469973202,0.0059191182064925697,0.00031346175546441261,0.0053215555305478968,0.20258053426432074
15.9,10.360536,0.0037008157948453129,0.090254734149156454,-0.01434268110972664,-0.00090008965911181349,-0.011860881503323361,-0.000918222614420529,0.0056819039237143831,0.00031220157278646747,0.0053031910782594862,0.20208053426432074
15.92,8.9040060000000008,0.0036993755085181343,0.090290645643622908,-0.014340228211167705,-0.00090247529802667259,-0.011854444889898416,-0.00092722857712308337,0.0054448183481851393,0.00031094644927753687,0.0052846465067170247,0.20158053426432074
15.94,12.311476000000001,0.0036980619163425681,0.090326522671825435,-0.013460328916278019,0.00077659555935993829,-0.011847579999774781,-0.00093483759273148227,0.0052078700452178302,0.00030969646474260062,0.0052659497548623955,0.20108053426432074
15.960000000000001,8.3069380000000006,0.0037608533316067804,0.090359788218170978,-0.014371437927773845,-0.0010798312318485159,-0.011840471349801717,-0.00094093173283706186,0.0049710638898806392,0.00030845167214614766,0.005247131120205654,0.20058053426432074
15.98,9.1902120000000007,0.0037497667259787002,0.090395823411898335,-0.014322369299295756,-0.0011022766189303645,-0.011832695794463702,-0.00094632615786680019,0.0047344132200668578,0.00030721216320456983,0.0052282045970483181,0.20008053426432074
16,12.315796000000001,0.0032713060529370661,0.09043177740427373,-0.013337984048500728,0.0008435057147759828,-0.011824440229862513,-0.00095107043797041876,0.0044979276358209199,0.00030597800612634801,0.0052091831882889097,0.20008053426432074
16.02,9.3579709999999992,0.0028760111360899981,0.090464741386914613,-0.012618895625409243,0.0024395195355315646,-0.011816685036901997,-0.00095595342462065044,0.0042615971298448282,0.00030474916536293465,0.0051900641197964968,0.20008053426432074
16.039999999999999,9.6648870000000002,0.0025568319135811464,0.090495033619268125,-0.01179096492838605,0.0038298458226730947,-0.011808513293873318,-0.00096032460229644712,0.0040254300330316364,0.00030352570001341715,0.0051708576277505677,0.20008053426432074
16.059999999999999,11.788254,0.0022939695638514992,0.090522919995110376,-0.01100694380852385,0.0049486434026024817,-0.011800959648233869,-0.00096492116417914563,0.0037894139836081456,0.00030230756117648655,0.005151559204466985,0.20008053426432074
16.080000000000002,11.133839,0.0020756569388794385,0.090548661607897499,-0.010300796775621124,0.0058310351366952506,-0.011721980892557193,-0.00096939925866303437,0.0035549774648986621,0.00030110210957296548,0.0051321712192937243,0.20008053426432074
16.100000000000001,9.5172830000000008,0.0018914910487749879,0.09057254166935115,-0.0095788407493569983,0.0068077355575690834,-0.011725663501983483,-0.00085091679399003166,0.003320467273063218,0.00029990054808795498,0.005115152883413924,0.20008053426432074
16.120000000000001,8.4278130000000004,0.0017414964059931856,0.090594402407915359,-0.0089262862004858556,0.0074430562142091539,-0.011724951542714553,-0.00087561396991237938,0.0030859712995171314,0.00029870310820434375,0.0050976406040156765,0.20008053426432074
16.140000000000001,7.3147279999999997,0.0016145524972716991,0.090614679569424483,-0.0083112746082943945,0.0081408654836516714,-0.011643557011836614,-0.00090037801814314212,0.002853103174282712,0.00029751811665901516,0.0050796330436528141,0.20008053426432074
16.16,9.0606539999999995,0.0015084980574000737,0.090633436920796187,-0.0078165162318825088,0.008333488434308256,-0.011511332959797255,-0.00078140312286579248,0.0026228794761806672,0.00029635045371778667,0.0050640049811954985,0.20008053426432074
16.18,8.8470999999999993,0.0014173144825070083,0.090650998866097759,-0.0073576177667352693,0.0085436201714026438,-0.011324446823590521,-0.00055339894076498477,0.0023963934374167141,0.00029520477088867768,0.0050529370023801989,0.20008053426432074
16.199999999999999,7.8982530000000004,0.0013396541429071922,0.090667390223587274,-0.0069769208816724548,0.0084181374839087386,-0.011091981287389939,-0.00023833762630506833,0.0021745566410156848,0.00029408436272570056,0.0050481702498540977,0.20008053426432074
16.219999999999999,8.7262559999999993,0.0012715030052205909,0.090682831386283372,-0.006636824413691067,0.008260862076920894,-0.010824894656759503,0.00013839767208070935,0.001958061508006041,0.00029299114952018035,0.0050509382032957123,0.20008053426432074
16.240000000000002,13.022811000000001,0.0012124203459175967,0.090697348863219729,-0.006349810761323238,0.0079275974210135658,-0.010525361245413834,0.00055560664409865022,0.0017475569742305291,0.00029192672547959645,0.0050620503361776857,0.20008053426432074
16.260000000000002,7.890746,0.0011594897274279368,0.090711151718811098,-0.0060672160883599169,0.0075673230956379012,-0.010202327597809327,0.0010176017569032355,0.0015435130470705261,0.00029089175961923041,0.0050824023713157505,0.20008053426432074
16.280000000000001,9.6250070000000001,0.0011131670904719723,0.090724146959526603,-0.0058527505917777001,0.0071023049756147039,-0.0098612297432003164,0.0014965887799401737,0.0013462910144603866,0.00028988643758304141,0.0051123341469145539,0.20008053426432074
16.300000000000001,10.449293000000001,0.0010711858198168259,0.090736559723679694,-0.0056604657930137137,0.0065839738926056768,-0.0095137438086683717,0.0019960509674827659,0.0011560186442443013,0.00028890989513988112,0.0051522551662642095,0.20008053426432074
16.32,11.363594000000001,0.0010329011567070754,0.090748423043018958,-0.0055041578164155558,0.0060920255061458484,-0.0091634520446638897,0.0024777745679059435,0.00097275205930369489,0.00028796110952162272,0.0052018106576223284,0.20008053426432074
16.34,12.437643,0.00099805782858950138,0.090759774474473628,-0.0053341924435177379,0.0055343975169834803,-0.0088170510306269777,0.0029441686098975513,0.00079641345155993337,0.00028703862935169482,0.0052606940298202797,0.20008053426432074
16.359999999999999,12.627971000000001,0.00096572091302971487,0.090770646743987257,-0.0052205261437384687,0.0050319231463471503,-0.0084774813211368726,0.0033716889943579795,0.00062686620143637616,0.00028614096815182574,0.0053281278097074393,0.20008053426432074
16.379999999999999,15.881399999999999,0.00093545467339735844,0.090781142999536282,-0.005090651149982639,0.0045271278864047471,-0.0081484126353750276,0.0037604888521729041,0.00046390029473984955,0.00028526652826552643,0.0054033375867508972,0.20008053426432074
16.399999999999999,11.436705,0.00090682282077731563,0.090791292849173547,-0.0049674045881282769,0.0040671140930716998,-0.0078291546233349024,0.0041001763545171835,0.00030731952289390701,0.00028441404098503875,0.0054853411138412406,0.20008053426432074
16.420000000000002,11.814169,0.00087978316711035277,0.090801075833071856,-0.0048528284641884412,0.0036437753784446247,-0.0075243126115543627,0.0043919062150786364,0.00015683557104384223,0.00028358196758334914,0.0055731792381428129,0.20008053426432074
16.440000000000001,12.398256,0.00085399056018314358,0.09081054168119046,-0.0047332322843407493,0.0032583297249217935,-0.0072342608050178607,0.0046310802338475577,1.2152639420697924e-05,0.00028276891473167178,0.005665800842819764,0.20008053426432074
16.460000000000001,8.3687810000000002,0.00082923710823497722,0.090819712560570129,-0.0046163956913236603,0.0029351864297924024,-0.006960467653728806,0.0048171506915228842,-0.00012705444110356587,0.00028197348066581377,0.0057621438566502221,0.20008053426432074
16.48,12.110543,0.00080543508891471572,0.090828604825232515,-0.0044978284578078842,0.0026534927159758137,-0.0067001826383873862,0.0049554274341593969,-0.00026105583083503949,0.00028119469627151019,0.00586125240533341,0.20008053426432074
16.5,9.1419180000000004,0.00078242891268604398,0.090837237384264136,-0.0043775381136775815,0.0024367448186144447,-0.0064566698866850266,0.0050441559070911824,-0.00039018697209021469,0.00028043130359006686,0.005962135523475234,0.20008053426432074
16.52,9.0047610000000002,0.00076025110244904272,0.09084556642210434,-0.0042551174343379294,0.002262484464123915,-0.006226918088105023,0.0050905215567344638,-0.00051472308241356395,0.00027968245385988745,0.0060639459546099235,0.20008053426432074
16.539999999999999,10.135242999999999,0.00073873525825384292,0.0908536513081529,-0.0041342373896249285,0.0021180275240173518,-0.0060100912956804293,0.0050970530014113622,-0.00063492266102860057,0.00027894743431381314,0.006165887014638151,0.20008053426432074
16.559999999999999,13.411951,0.00071786047705564245,0.090861487797739574,-0.0040144541407240997,0.0020122672797266983,-0.0058056048924891033,0.0050695591719868149,-0.00075103251525738765,0.00027822561851515684,0.0062672781980778877,0.20008053426432074
16.580000000000002,15.095375000000001,0.00069759346434970229,0.090869092297198667,-0.003895215793953577,0.0019245796069093934,-0.0056118097784412123,0.005012886750737789,-0.00086326647118102758,0.0002775165814965123,0.0063675359330926436,0.20008053426432074
16.600000000000001,11.608876,0.00067788622936266845,0.090876487335874889,-0.0037762433120188676,0.0018809950899394412,-0.0054278603988945186,0.0049316627111285986,-0.00097182144419096384,0.00027681999067906394,0.0064661691873152153,0.20008053426432074
16.620000000000001,11.972825,0.00065879271033363203,0.090883644420633389,-0.0036575479505768227,0.0018458729582557787,-0.0052526276213744061,0.0048320027024922815,-0.0010768717674863001,0.00027613563179989544,0.0065628092413650609,0.20008053426432074
16.640000000000001,12.594269000000001,0.00064024750524480708,0.090890592346311624,-0.0035445576399456558,0.0018411302318439571,-0.0050850961409459267,0.0047181093203871143,-0.0011785714685345146,0.00027546338796835676,0.0066571714277728032,0.20008053426432074
16.66,12.132265,0.00062227472060652554,0.090897322800823438,-0.0034303724226663057,0.0018318557848511219,-0.004924319043215831,0.0045956341562093479,-0.0012770556368159297,0.00027480322611763325,0.0067490841108969902,0.20008053426432074
16.68,11.70956,0.00060485163766325065,0.090903844751301491,-0.0033181667149723149,0.0018293969104081764,-0.0047697455016241916,0.004468228004609328,-0.0013724483453683588,0.00027415514036944225,0.006838448670989177,0.20008053426432074
16.699999999999999,17.294091999999999,0.00058797060807426005,0.090910163839131003,-0.0032120228368242021,0.0018283835294552464,-0.0046208435066708324,0.0043383824119877972,-0.0014648630270965564,0.00027351914796954911,0.0069252163192289329,0.20008053426432074
16.719999999999999,11.262936,0.00057159233433281024,0.090916307175617703,-0.0031185473978999623,0.0018559123615857764,-0.0044770891149956303,0.0042090799883838211,-0.0015544026360753938,0.00027289528791967952,0.0070093979189966094,0.20008053426432074
16.740000000000002,11.980840000000001,0.00055576590150326684,0.090922259437754088,-0.003017420803636317,0.0018603413366198307,-0.004337988024394778,0.0040816065462534979,-0.001641160240352836,0.00027228361811025618,0.0070910300499216795,0.20008053426432074
16.760000000000002,17.892112000000001,0.00054043912473988745,0.090928029209404945,-0.0029221279218086815,0.0018613375982448055,-0.0042030964160754509,0.0039590678337393815,-0.0017252200315874214,0.00027168420946130345,0.0071702114065964676,0.20008053426432074
16.780000000000001,12.102606,0.00052558818743115427,0.090933637727187031,-0.0028407448573988248,0.0018784905668045582,-0.0040724602494680053,0.0038417678206163477,-0.0018066671203591288,0.00027109707743830131,0.0072470467630087942,0.20008053426432074
16.800000000000001,14.641230999999999,0.00051127010840423673,0.090939053624424435,-0.0027466738549060121,0.0018752961533079482,-0.0039455548386052751,0.0037315924052205309,-0.0018855761235525602,0.00027052226547285066,0.007321678611113205,0.20008053426432074
16.82,11.658932999999999,0.00049742497268480076,0.090944283225244602,-0.0026676801067326839,0.0018666003184579782,-0.0038221685168783191,0.0036277567114607117,-0.0019620174245958077,0.00026995980357905893,0.0073942337453424189,0.20008053426432074
16.84,10.020695,0.00048403157172726715,0.090949359256915496,-0.0026018234770459614,0.0018574454427953135,-0.0037024457326823739,0.0035303549034179944,-0.0020360642955819562,0.00026940965946720884,0.0074648408434107791,0.20008053426432074
16.859999999999999,10.726063,0.00047109911769772689,0.090954273414526166,-0.0025261663219929842,0.0018414953327761108,-0.0035870584242564205,0.0034390828019233819,-0.0021078034467695598,0.00026887166086709641,0.007533622499449247,0.20008053426432074
16.879999999999999,9.0240189999999991,0.0004585708122431073,0.090959045679464959,-0.0024584465689609925,0.001834799947933563,-0.0034749442434313473,0.0033556353271022585,-0.0021773003418183055,0.00026834575539434811,0.0076007352059912926,0.20008053426432074
16.899999999999999,9.4258400000000009,0.00044646642035190592,0.090963656196328679,-0.0023949152402735763,0.0018199232808027155,-0.0033662535857939685,0.0032778264015671096,-0.0022446234520099749,0.00026783183354365262,0.0076662917340226348,0.20008053426432074
16.920000000000002,10.266674999999999,0.00043474253091972122,0.090968125904709582,-0.0023409749244195366,0.0017952740997295713,-0.0032617842904072176,0.0032050460941259874,-0.0023098572047484107,0.00026732963187146554,0.0077303926559051548,0.20008053426432074
16.940000000000001,11.416978,0.00042340922632434059,0.090972452779505747,-0.002273380591700791,0.0017663008385397916,-0.0031600722584126909,0.0031381545528193951,-0.0023730567461363056,0.00026683908145044627,0.0077931557469615425,0.20008053426432074
16.960000000000001,11.987240999999999,0.00041241550112881055,0.090976651215538287,-0.0022134894097074476,0.0017573714261875928,-0.0030620779004332807,0.0030752900994758859,-0.0024342964297480525,0.00026635993798350801,0.0078546615489510606,0.20008053426432074
16.98,12.744486,0.00040174432421399424,0.09098070990407571,-0.0021557167676212741,0.0017261891521622719,-0.0029685061749007272,0.0030157942978022313,-0.0024936647077241064,0.00026589182012705853,0.0079149774349071052,0.20008053426432074
17,11.943314000000001,0.00039140473999535241,0.090984635458732976,-0.0021194847267883565,0.001708945941192308,-0.0028781096717108768,0.0029594190524263549,-0.0025512250846138947,0.00026543451796896936,0.007974165815955633,0.20008053426432074
17.02,14.579832,0.0003813172575125485,0.090988473654972077,-0.0020643418333395891,0.0016735678498656092,-0.0027912211786760527,0.0029054691383015338,-0.002607047720376851,0.00026498774756683965,0.0080322751987216643,0.20008053426432074
17.039999999999999,17.715523000000001,0.00037150836611015006,0.090992200032250642,-0.0020106433883593233,0.0016363656832043549,-0.0027078325703742369,0.0028544662440629625,-0.0026612026123304534,0.00026455120528311735,0.0080893645236029231,0.20008053426432074
17.059999999999999,12.357010000000001,0.00036195018406097934,0.090995821073886915,-0.00195743636298229,0.0016007813633529544,-0.0026283797369152703,0.0028056249309365423,-0.0027137684751726249,0.00026412449668379345,0.0081454770222216533,0.20008053426432074
17.080000000000002,10.671177999999999,0.0003526299066182215,0.090999339799963663,-0.0019069492498886564,0.0015658247833048033,-0.0025513479610091297,0.0027580935288737001,-0.0027647937301305239,0.00026370745503171317,0.0082006388927991277,0.20008053426432074
17.100000000000001,12.794623,0.00034375216175523498,0.091002685521261048,-0.0018606685251325583,0.0015326417711971629,-0.0024771264282529241,0.002711472683088969,-0.0028143345817912787,0.00026329983591204861,0.0082548683464609071,0.20008053426432074
17.120000000000001,8.4100699999999993,0.00033516318709669553,0.091005913629353813,-0.0018245233346034784,0.0015068638893733777,-0.0024056071704195783,0.0026671688306650707,-0.002862445075349755,0.00026290139782469664,0.0083082117230742093,0.20008053426432074
17.140000000000001,10.286674,0.00032704975894925071,0.091008960307937606,-0.0017828961211496797,0.001483002900443342,-0.0023382863315002428,0.0026234085707803069,-0.0029092091777456327,0.0002625116359227648,0.0083606798944898149,0.20008053426432074
17.16,10.178929999999999,0.00031911764241744812,0.091011923289523247,-0.0017431542542573064,0.0014561302265672094,-0.0022731916167686287,0.0025811756888278626,-0.00295467141128101,0.00026213035834189594,0.0084123034082663715,0.20008053426432074
17.18,9.3548570000000009,0.00031139493159169316,0.091014784993614026,-0.0017112916146492241,0.0014357454481264131,-0.0022102183242891636,0.0025390479420678014,-0.0029988742042183067,0.00026175737985470709,0.0084630843671077271,0.20008053426432074
17.199999999999999,9.3827510000000007,0.00030391271684804402,0.091017527863338249,-0.0016718453446161741,0.0014194636217363943,-0.0021491940681846221,0.0024968853646221518,-0.003041856537160425,0.00026139253476309627,0.0085130220744001703,0.20008053426432074
17.219999999999999,11.02267,0.00029661767988828304,0.091020192209691236,-0.0016320693145747134,0.0013917336368520772,-0.0020901465606388975,0.0024548083771593157,-0.0030836579448724507,0.00026103564364072531,0.0085621182419433565,0.20008053426432074
17.240000000000002,11.943533,0.00028951666809311926,0.09102276948048757,-0.0015947850033605215,0.0013658796052038458,-0.0020332226782665266,0.0024128573918316171,-0.0031243208994813369,0.00026068649289592844,0.0086103753897799895,0.20008053426432074
17.260000000000002,7.2969299999999997,0.000282609542551771,0.091025256324520215,-0.0015659736835597071,0.0013423807093013718,-0.001979040968385774,0.0023711539627049001,-0.0031639002435335005,0.00026034475290678187,0.0086577984690340871,0.20008053426432074
17.280000000000001,10.680526,0.00027590164527194579,0.091027628752409689,-0.0015440490472967694,0.0013538438835887234,-0.0019268767762340893,0.0023302233518550913,-0.003202436326943879,0.00026001020888205794,0.0087044029360711893,0.20008053426432074
17.300000000000001,12.698167,0.00026933392329035928,0.091029944292038367,-0.0015062478517121614,0.0013255090675927672,-0.0018766824843494678,0.0022901563876651771,-0.0032399685472488905,0.00025968264545047303,0.0087502060638244925,0.20008053426432074
17.32,9.8841990000000006,0.00026296074240474691,0.091032170915456068,-0.0014701845772505662,0.0012986866769617578,-0.0018289069569834284,0.0022506780244423703,-0.0032765452788618187,0.00025936176005538354,0.0087952196243133406,0.20008053426432074
17.34,11.475061,0.00025679900433628686,0.091034296558113834,-0.0014398229523604478,0.0012799814587054481,-0.0017826855599371372,0.0022122247878342874,-0.0033121976041114234,0.00025904739316820485,0.0088394641200700268,0.20008053426432074
17.359999999999999,8.7680299999999995,0.00025083202269906917,0.091036333323596133,-0.0014110904236378508,0.0012614812537448117,-0.0017378354201371929,0.0021750311527599523,-0.0033469529479552397,0.00025873941055267195,0.0088829647431252264,0.20008053426432074
17.379999999999999,8.0736430000000006,0.0002450505884470229,0.091038286341942637,-0.0013891601114472962,0.0012480769916729528,-0.0016944234596108533,0.0021381804733206192,-0.0033808400736922402,0.00025843765986654886,0.008925728352591639,0.20008053426432074
17.400000000000002,10.139134,0.00023946300053042836,0.091040143587136677,-0.0013576691128969198,0.0012272454713717629,-0.0016530005637575868,0.0021017879657311352,-0.0034138987618440139,0.00025814188428112834,0.0089677641119062616,0.20008053426432074
17.420000000000002,12.948672999999999,0.00023399884492287515,0.091041936389710434,-0.0013254598815612972,0.0012053965786373855,-0.0016139322521185869,0.0020659965175855066,-0.0034461761029707734,0.0002578517540375799,0.009009084042257972,0.20008053426432074
17.440000000000001,8.5082930000000001,0.00022867559860636385,0.09104366528371298,-0.0013090691206473215,0.0012046843402147012,-0.0015756800157151292,0.0020333222253054901,-0.0034776884186359606,0.00025756720845738985,0.0090497504867640809,0.20008053426432074
17.460000000000001,7.9881080000000004,0.00022354533600619909,0.091045298443984526,-0.0012818626266066779,0.0011884505397194989,-0.0015383046028739798,0.0020006588514692959,-0.0035084532452851584,0.00025728817130193189,0.0090897636637934671,0.20008053426432074
17.48,12.423539999999999,0.00021851854343395185,0.091046876217410672,-0.0012617657282589789,0.001176840346143404,-0.0015021858352358751,0.0019681162006350002,-0.0035384957154548711,0.00025701449350733939,0.0091291259878061668,0.20008053426432074
17.5,9.5021369999999994,0.00021367958023506574,0.091048368494845572,-0.001234232375819877,0.0011578287458391401,-0.0014673313609650399,0.0019362796359995934,-0.0035678411146019993,0.00025674601996238247,0.0091678515805261578,0.20008053426432074
17.52,8.6173020000000005,0.00020897272538482383,0.091049802500035318,-0.0012179849552779176,0.001157866841140498,-0.0014341724378591199,0.0019051191638729771,-0.0035965233529378811,0.00025648251161416454,0.0092059539638036179,0.20008053426432074
17.539999999999999,8.5277349999999998,0.00020439055438861665,0.091051163318397618,-0.0011935314822794085,0.0011391834001628354,-0.0014017547554106059,0.0018749640393038234,-0.0036245572552291478,0.0002562238998390805,0.0092434532445896944,0.20008053426432074
17.559999999999999,12.451879,0.00019994198342397317,0.091052463526584568,-0.0011678303021408487,0.0011206314903018377,-0.0013699450746976597,0.0018452075831888234,-0.0036519549815530231,0.00025597013743567499,0.0092803573962534705,0.20008053426432074
17.580000000000002,11.651005,0.00019560792310212172,0.091053709009898606,-0.001142755188200395,0.0011038906020175432,-0.0013399801026311798,0.0018157500727177891,-0.0036787534250353159,0.00025572094452776034,0.0093166723977078265,0.20008053426432074
17.600000000000001,9.8922100000000004,0.00019138493762239884,0.091054901414611672,-0.001120903622400804,0.0010895326102842162,-0.0013107876161302795,0.0017881167418085987,-0.0037049680352259718,0.00025547623573722919,0.0093524347325439992,0.20008053426432074
17.620000000000001,9.1503460000000008,0.00018727609002854227,0.091056036218091788,-0.001105129216011469,0.0010819192461954952,-0.0012828733987729217,0.001761057376545245,-0.0037306243768757039,0.00025523582761777198,0.0093876558800749035,0.20008053426432074
17.640000000000001,9.4740939999999991,0.00018330129410697011,0.09105710407048985,-0.0010889685040355035,0.001073081907100315,-0.0012554992390583514,0.0017348732271243426,-0.0037557332511243568,0.00025499967157662054,0.0094223533446173898,0.20008053426432074
17.66,9.4793099999999999,0.00017944555969507447,0.09105811260927478,-0.0010737386344230604,0.0010647627913498159,-0.0012295368297672768,0.0017089677915793752,-0.0037803228921725958,0.00025476755216677507,0.0094565327004489767,0.20008053426432074
17.68,8.4572420000000008,0.00017571628534640042,0.091059060376539228,-0.0010629421121211013,0.0010676811986014556,-0.0012041714422787414,0.0016847151162225256,-0.0038044052403434854,0.00025453940410974916,0.0094902270027734277,0.20008053426432074
17.699999999999999,9.890117,0.00017209409816963466,0.091059948662052762,-0.0010427997613607909,0.0010506338998472753,-0.0011792408620564824,0.0016606421105010674,-0.0038279889917961457,0.0002543151905583398,0.0095234398449834494,0.20008053426432074
17.719999999999999,11.727898,0.00016859942230879215,0.091060781213606806,-0.0010208944786164187,0.0010311932934372603,-0.0011547528534506795,0.0016367469406949884,-0.0038510829979565347,0.00025409487150581864,0.0095561747837973488,0.20008053426432074
17.740000000000002,6.6389300000000002,0.0001651912698584051,0.09106157498933784,-0.0010136677994840859,0.0010341252076684349,-0.0011309274865320912,0.0016131505958739036,-0.0038737005114370029,0.00025387836312641161,0.0095884377957148274,0.20008053426432074
17.760000000000002,12.627136,0.00016189265655462511,0.091062310670045193,-0.00099303513747495131,0.0010167683765447411,-0.0011081968623016267,0.0015900081410453418,-0.00389586342645347,0.0002536654964570361,0.0096202379585357337,0.20008053426432074
17.780000000000001,12.044366,0.00015866975595034964,0.091063010516502355,-0.00097998015431211005,0.0010130309116309633,-0.0010864195284008046,0.0015677834391349,-0.0039175908082792728,0.00025345612675526855,0.0096515936273184316,0.20008053426432074
17.800000000000001,12.23898,0.00015552855282948978,0.09106365876204188,-0.00096123676831239013,0.00099778740654432596,-0.001065576266973306,0.0015463286109645804,-0.0039389013378242745,0.00025325011023571054,0.0096825201995377232,0.20008053426432074
17.82,13.142115,0.00015248036819314438,0.091064269543863777,-0.00095120868003584214,0.00099215348581571661,-0.0010459371146710659,0.0015256324836467857,-0.0039598190964542914,0.00025304724812757058,0.0097130328492106583,0.20008053426432074
17.84,14.541245999999999,0.00014946698213546753,0.091064834405162678,-0.00093187868329691614,0.00097436889409330263,-0.0010266146601215125,0.0015064677634170727,-0.0039803504181185508,0.00025284751112726351,0.0097431622044789994,0.20008053426432074
17.859999999999999,12.002523,0.00014653045111466932,0.091065365941276177,-0.0009189706439123313,0.00097093143856352704,-0.0010074325284002801,0.0014872781881462933,-0.0040004981094245023,0.00025265090301027375,0.0097729077682419258,0.20008053426432074
17.879999999999999,8.3981510000000004,0.00014370207103617532,0.091065849118829395,-0.0009145563012986635,0.00097547317362756125,-0.00098958080827983054,0.0014678904823994708,-0.0040202887776103957,0.00025245719394447396,0.0098022655778899157,0.20008053426432074
17.900000000000002,10.587949,0.00014102072668144665,0.091066271277886995,-0.00089647139691939604,0.00095856926542303711,-0.00097182635056679897,0.0014499518341949504,-0.0040397243680911129,0.00025226639318909398,0.0098312646145738147,0.20008053426432074
17.920000000000002,8.0611639999999998,0.00013840023067277621,0.091066664526671462,-0.00088960185827668958,0.00096246936510935299,-0.00095478103766854529,0.0014318876247150895,-0.0040588190633300512,0.00025207838869807729,0.0098599023670681157,0.20008053426432074
17.940000000000001,7.4565080000000004,0.00013589656409400861,0.091067001128626049,-0.00088757513090231832,0.00096850076099030957,-0.00093790712122956174,0.0014147009017889114,-0.0040775762913321627,0.00025189317288326721,0.0098881963851038934,0.20008053426432074
17.960000000000001,9.0469460000000002,0.00013341379427941373,0.091067330497936957,-0.00086690412154710739,0.00094565879560781774,-0.00092190237524103534,0.0013974951283824242,-0.0040960134348914596,0.00025171059916145026,0.0099161462876715418,0.20008053426432074
17.98,9.2764150000000001,0.00013102936183572843,0.091067606250022359,-0.00085851272305348392,0.00096543249661440456,-0.00090591657314601306,0.0013809736079602097,-0.0041141308730915007,0.00025153068788349645,0.0099437657598307454,0.20008053426432074
18,10.617749,0.00012877873881965871,0.091067856733822408,-0.00084663004452845136,0.00092696987646889717,-0.0008904746402669466,0.0013642050133219339,-0.0041319394829987931,0.00025135335443121339,0.0099710498600971836,0.20008053426432074
18.02,12.440151999999999,0.00012646237918431297,0.091068073521235152,-0.00082654385453517776,0.00091942817323498183,-0.0008762188264713922,0.0013482533036606368,-0.004149462986025157,0.00025117838463326872,0.0099980149261703968,0.20008053426432074
18.039999999999999,10.611492999999999,0.00012412556829534253,0.091068256171972742,-0.00083020463977090397,0.00096853895550075286,-0.00086190874501261582,0.0013336494208648112,-0.0041667002970659913,0.00025100581008930602,0.010024687914587693,0.20008053426432074
18.059999999999999,8.5936229999999991,0.00012169599093625224,0.091068437306581776,-0.00080713726138670339,0.00091779954211745896,-0.00084846988841932348,0.0013187406691014464,-0.0041836688399322823,0.00025083547625070628,0.010051062727969722,0.20008053426432074
18.080000000000002,10.031566,0.00011992569353781817,0.091068485382642617,-0.00080025278147344281,0.00092321285054519642,-0.00083621218495038738,0.0013050664370051839,-0.0042003922366694009,0.00025066716440703474,0.010077164056709826,0.20008053426432074
18.100000000000001,9.1119889999999995,0.00011803397569358194,0.09106853875110249,-0.00078960153500307051,0.00091077729657795814,-0.00082348772707375084,0.0012927038107479038,-0.0042168611528256425,0.00025050098590320599,0.010103018132924784,0.20008053426432074
18.120000000000001,9.7654160000000001,0.0001161662407718604,0.091068553794194873,-0.00078560606132327404,0.00090814708936681754,-0.00081135066958872872,0.0012794597217056188,-0.0042330873359720574,0.00025033683927411037,0.010128607327358896,0.20008053426432074
18.140000000000001,10.365534,0.00011432095962784526,0.091068552593976101,-0.00078086429723978057,0.0008990943661391082,-0.0007994557113291821,0.0012685038743364811,-0.0042490756279989789,0.00025017469177146214,0.010153977404845626,0.20008053426432074
18.16,10.851012000000001,0.00011253179718015569,0.091068537720538495,-0.00078046504279494222,0.00089656142483263146,-0.00078710560446522664,0.0012554356956222493,-0.0042648169265557829,0.00025001465184585253,0.01017908611875807,0.20008053426432074
18.18,9.5720360000000007,0.00011071815231963331,0.091068520910148387,-0.00076327480977866902,0.00088607767777992841,-0.00077629406436062205,0.0012426488516090863,-0.0042803420015371683,0.000249856422370143,0.010203939095790251,0.20008053426432074
18.199999999999999,10.121689,0.00010892374202293745,0.0910684593504823,-0.00075568716270268954,0.00087300419253777406,-0.00076467418774605646,0.00123426453575668,-0.0042956346871901325,0.00024970018254918665,0.010228624386505385,0.20008053426432074
18.219999999999999,8.5688700000000004,0.00010725242481721692,0.091068360906936846,-0.000744035075206817,0.00086604639374820991,-0.00075365458319541175,0.0012227071415666852,-0.0043107069884654138,0.00024954582395453855,0.010253078529336719,0.20008053426432074
18.240000000000002,9.3644890000000007,0.00010548249620573772,0.091068249633048576,-0.00073606131735537428,0.00085778992218377148,-0.0007428660594823481,0.0012122813685700865,-0.004325563526871589,0.00024939331323959495,0.010277324156708121,0.20008053426432074
18.260000000000002,14.017515,0.00010383983708278292,0.091068110793514401,-0.00072297817213573534,0.00084378521012773433,-0.00073283145354290005,0.0012016110775705782,-0.004340219380096798,0.00024924250885689992,0.010301356378259532,0.20008053426432074
18.280000000000001,9.6139240000000008,0.00010222224703313035,0.091067957987657946,-0.00071843084942135871,0.00083843717450560185,-0.00072341395370964859,0.001191428235262062,-0.0043546868897290361,0.00024909329622397827,0.010325184942964773,0.20008053426432074
18.300000000000001,9.1562269999999994,0.00010066186408411821,0.091067778452721043,-0.00072066541323090316,0.00084693205148345108,-0.00071490792466573393,0.0011812325566290267,-0.0043689842843249241,0.00024894549883083242,0.010348809594097353,0.20008053426432074
18.32,8.9270359999999993,9.920356154771686e-05,0.091067560507473999,-0.0007041268105459908,0.00083488301208101134,-0.00070584453352425186,0.0011715012039188973,-0.0043831004173453458,0.00024879924305423881,0.010372239618175731,0.20008053426432074
18.34,9.5805720000000001,9.7801839719372237e-05,0.091067315361581733,-0.00070563446101423732,0.00083139406963517182,-0.00069706741015659391,0.0011616237058062534,-0.0043970410139460431,0.00024865448070558965,0.010395472092291856,0.20008053426432074
18.359999999999999,9.1588890000000003,9.6428905156847904e-05,0.091067051454108996,-0.00069464283707054708,0.00082157299290663843,-0.00068821442659378366,0.0011514201606206106,-0.0044108045571115079,0.00024851123852917518,0.010418500495504269,0.20008053426432074
18.379999999999999,8.7834719999999997,9.5107765422095859e-05,0.091066772331472423,-0.00068815062346117006,0.00081673653603941965,-0.00067959494021874991,0.0011413581559259064,-0.0044243957166380894,0.000248369478762712,0.010441327658622787,0.20008053426432074
18.400000000000002,14.183548999999999,9.3831495329242958e-05,0.091066473334069031,-0.00067602447219006212,0.0008031235838681372,-0.00067076639185399765,0.0011313337937757407,-0.0044378103116178846,0.00024822925571042049,0.010463954334498302,0.20008053426432074
18.420000000000002,14.459175999999999,9.2576744186216234e-05,0.091066165060151222,-0.00066644595363052339,0.00079415815557282166,-0.00066244997803395381,0.0011209247018872108,-0.0044510585842851289,0.00024809047281084941,0.010486372828536046,0.20008053426432074
18.440000000000001,11.744498999999999,9.1323813068797314e-05,0.091065847237921563,-0.00066581735034054734,0.00079695600150908597,-0.00065515070223079463,0.0011107878538520117,-0.0044641608763792921,0.00024795292669994114,0.010508588585613087,0.20008053426432074
18.460000000000001,13.87599,9.0098699973532956e-05,0.091065506053716536,-0.00065555985118437299,0.00078591474582800913,-0.00064722652847419549,0.0011019172929954933,-0.0044771046907206057,0.00024781675782722078,0.010530626931472997,0.20008053426432074
18.48,9.845364,8.8890234867404033e-05,0.091065154984238977,-0.00066441629161628768,0.00080238524548414958,-0.00064022053343218974,0.0010927313984024608,-0.0044899083899548296,0.00024768178193746029,0.010552481559441046,0.20008053426432074
18.5,8.8076699999999999,8.776141406065637e-05,0.091064772913231187,-0.00066194381508621891,0.00080430181593960093,-0.00063301528122392209,0.0010838756674373905,-0.0045025679892437753,0.00024754804956094107,0.010574159072789795,0.20008053426432074
18.52,9.7887939999999993,8.6683919608017892e-05,0.091064367884064218,-0.00065457898019383176,0.00079405610175897756,-0.00062599985862071459,0.0010748664363527663,-0.0045150872850507947,0.00024741552902064019,0.010595656401516849,0.20008053426432074
18.539999999999999,14.289941000000001,8.558772637785445e-05,0.091063956716467179,-0.00064357978185047848,0.0007807199163496481,-0.00061869305323747304,0.0010660776654426276,-0.0045274604501297274,0.00024728429038609349,0.010616977954825703,0.20008053426432074
18.559999999999999,9.9880809999999993,8.4513292444024382e-05,0.09106353934805024,-0.00064857023451247997,0.00079817419146133162,-0.00061133307470487611,0.0010568540896828721,-0.0045396864211617446,0.00024715435341855936,0.01063811503661936,0.20008053426432074
18.580000000000002,10.857604,8.3475440470104099e-05,0.091063088586473037,-0.00063900645911185716,0.00078779790215510737,-0.00060465945978969233,0.0010475629575951101,-0.0045517789247256409,0.00024702558043064485,0.010659066295771263,0.20008053426432074
18.600000000000001,10.141389999999999,8.2445230660117892e-05,0.091062633108761976,-0.00064043322544604653,0.0007965924945270153,-0.00059781348625252326,0.0010390680137821343,-0.0045637345139223429,0.00024689801594551954,0.010679847656046905,0.20008053426432074
18.620000000000001,9.1573989999999998,8.1457842693917498e-05,0.091062156202173491,-0.00063855639711796197,0.00079506773297488564,-0.00059238044552351727,0.0010303074424499797,-0.0045755814458708997,0.0002467713656327551,0.010700453804895906,0.20008053426432074
18.640000000000001,9.711786,8.0520515833757593e-05,0.091061655588440274,-0.00062855860072652536,0.00078547100517800672,-0.00058728930652694094,0.0010233082105597603,-0.0045873265582765544,0.00024664556260063051,0.010720919969107101,0.20008053426432074
18.66,10.133556,7.964048990214102e-05,0.091061143545568615,-0.00062120312696023472,0.00078306359305790885,-0.00058210444511197176,0.0010168948032810079,-0.0045989679768554635,0.00024652063270721493,0.010741257865172721,0.20008053426432074
18.68,8.8020160000000001,7.8833098048623402e-05,0.091060617358348708,-0.00062386614573783916,0.00080163578743430719,-0.00057653711346242447,0.0010101413140338284,-0.004610498052701929,0.00024639666394265874,0.010761460691453397,0.20008053426432074
18.699999999999999,10.130971000000001,7.8035420653757494e-05,0.091060072524620658,-0.00062113850810441296,0.00079150208669798161,-0.00057193736862799619,0.0010028436091363737,-0.0046219361364906991,0.00024627345398230686,0.010781517563636125,0.20008053426432074
18.719999999999999,10.968833999999999,7.725123995855568e-05,0.091059517249579905,-0.00061491519029932551,0.00078523232970639789,-0.00056701424300432859,0.00099728594640030306,-0.0046332757610335817,0.00024615107778212217,0.010801463282564131,0.20008053426432074
18.740000000000002,10.213013,7.6456214944224476e-05,0.091058961363644761,-0.00060850335987805426,0.00078059322371593076,-0.00056270176770165917,0.00099132415734672985,-0.0046445291386752081,0.00024602940853876183,0.010821289765711065,0.20008053426432074
18.760000000000002,10.312531999999999,7.5682218046432565e-05,0.091058392568092741,-0.00060307482179988714,0.00077549571095936187,-0.00055866770720625644,0.00098638463398267786,-0.0046557018374309292,0.0002459083905898784,0.010841017458390719,0.20008053426432074
18.780000000000001,9.4159590000000009,7.4928148266264309e-05,0.091057811448090803,-0.00060493136502925982,0.00077981257110582014,-0.00055421794403209151,0.00098164831896654513,-0.004666785543778456,0.00024578811841250109,0.01086065042477005,0.20008053426432074
18.800000000000001,9.5921920000000007,7.4230534948745538e-05,0.091057206749936642,-0.00059603557490672809,0.00077069927555428741,-0.00054961092033213078,0.00097651251999221955,-0.0046777771127386155,0.00024566863078386518,0.010880180675169895,0.20008053426432074
18.82,9.3238420000000009,7.3516725374417859e-05,0.091056602475169238,-0.00058937285355198377,0.0007635142621083002,-0.00054568426958999611,0.00097152794288798906,-0.0046886901510107418,0.00024554978423449854,0.010899611234027655,0.20008053426432074
18.84,7.6400980000000001,7.2809056307976768e-05,0.091055992202650038,-0.00058496753617232056,0.00075632925843316379,-0.00054192755379408447,0.00096821775629939849,-0.0046995280571304997,0.00024543154564600305,0.010918975589153643,0.20008053426432074
18.859999999999999,7.5230750000000004,7.21234913185484e-05,0.091055371458436327,-0.00059311876849088563,0.00076916032530549572,-0.00053803696700950056,0.00096437802032889775,-0.004710288153874133,0.00024531394796252829,0.010938263149560222,0.20008053426432074
18.879999999999999,11.022983999999999,7.1457460188274901e-05,0.091054729423184655,-0.00058616308275116769,0.00075814729055823094,-0.00053401046688244603,0.00096032476850095518,-0.0047209677231757714,0.00024519702479329069,0.01095746964493024,0.20008053426432074
18.900000000000002,9.2695419999999995,7.0810668893364289e-05,0.091054079578856945,-0.000581125261490123,0.00075215369670011967,-0.00052994234474423244,0.00095619073784704257,-0.0047315659326847498,0.00024508078923506283,0.01097659345968718,0.20008053426432074
18.920000000000002,7.3448440000000002,7.0188754321281002e-05,0.09105342046556586,-0.00057568803272955993,0.00074935393904840275,-0.00052643440471108484,0.00095194758149713535,-0.0047420939854070556,0.00024496512220536229,0.010995632411317123,0.20008053426432074
18.940000000000001,12.171087,6.9605723572682899e-05,0.091052750676078029,-0.00056660859108892403,0.00073653038835108653,-0.0005225484147457904,0.00094829007758338,-0.0047525443208365804,0.00024485011041574861,0.011014598212868791,0.20008053426432074
18.960000000000001,8.0610029999999995,6.902615788929635e-05,0.091052081129698648,-0.00058006325324877483,0.00075984638287174278,-0.00051850546873377797,0.00094419969800336263,-0.0047629138000807279,0.00024473579222855912,0.011033482206828859,0.20008053426432074
18.98,8.7148070000000004,6.8452350609899581e-05,0.091051394045570541,-0.00057455537610140439,0.00075347132719483234,-0.00051450648943575296,0.00093984489667814635,-0.0047732033024597831,0.00024462216186284908,0.011052279104762421,0.20008053426432074
19,10.094963,6.7943026332809532e-05,0.091050689076056179,-0.00056718787363962964,0.0007556654053342271,-0.00051157714404472248,0.00093524251595193068,-0.0047834342193828422,0.00024450898661356575,0.01107098395508146,0.20008053426432074
19.02,10.681908999999999,6.7420129570311133e-05,0.091049987190732318,-0.00056207257266527311,0.00074153074968918986,-0.00050837089356983093,0.00093187072771588398,-0.0047936010131178833,0.000244396330851472,0.011089621369635778,0.20008053426432074
19.039999999999999,9.3196089999999998,6.6894875897881908e-05,0.091049282487553423,-0.00056887760195434289,0.00074609120783053484,-0.00050507283308969507,0.00092790906823748791,-0.0048037018476091075,0.00024428421809129106,0.011108179551000527,0.20008053426432074
19.059999999999999,11.071968,6.6408473683623946e-05,0.091048558457340389,-0.00056388814123620179,0.00073307587677162722,-0.00050165940236182398,0.00092376183536776069,-0.0048137344156269366,0.00024417267725194937,0.011126654787707883,0.20008053426432074
19.080000000000002,8.6433599999999995,6.5897266867208544e-05,0.091047844109857903,-0.00057488581743159184,0.00075670696591867426,-0.00049784338011179977,0.00091967419498419686,-0.0048236906658739699,0.00024406180134423184,0.011145048271607567,0.20008053426432074
19.100000000000001,8.0343680000000006,6.5393690453893945e-05,0.091047130807208596,-0.00056196280779730046,0.00074375021076211745,-0.00049551371439311806,0.00091490999872419546,-0.0048336003236692914,0.00024395126248098772,0.011163346471582051,0.20008053426432074
19.120000000000001,12.237297,6.4967048693597782e-05,0.091046397950066985,-0.00055468630777688599,0.00073251133255936018,-0.00049296578895722013,0.00091215274529773494,-0.0048434590241150169,0.00024384111188256003,0.011181589526488005,0.20008053426432074
19.140000000000001,12.975889,6.4551785926788546e-05,0.091045656531643607,-0.00056203511468055911,0.00073884750515817998,-0.00049006893291052755,0.00090910533693210895,-0.0048532597890597806,0.0002437314300740537,0.011199771633226647,0.20008053426432074
19.16,12.267935,6.4044630130268126e-05,0.091044914948662667,-0.00055387398354944661,0.0007316675996249522,-0.00048704289010874466,0.00090641232754217101,-0.0048630000349574208,0.00024362224868507707,0.01121789987977749,0.20008053426432074
19.18,11.547471,6.3533346729638209e-05,0.091044175569616567,-0.00055352124543617265,0.00073441488848957626,-0.00048487849636893283,0.00090285814379497645,-0.0048726969937313422,0.00024351337704838974,0.011235957042653389,0.20008053426432074
19.199999999999999,11.01783,6.3122116586929872e-05,0.091043400908708799,-0.00054808686463381218,0.00073360227942798062,-0.00048252180054817937,0.00089986352785200027,-0.0048823468196046074,0.00024340486061017383,0.01125395431321043,0.20008053426432074
19.219999999999999,12.154064,6.270335564123437e-05,0.09104262521923405,-0.00054993901598554551,0.00073841332488688849,-0.0004813035866878033,0.00089610872703715461,-0.0048919722807955115,0.00024329644527077142,0.011271876487751173,0.20008053426432074
19.240000000000002,12.535227000000001,6.229823137618883e-05,0.091041832966281336,-0.00054802931360597995,0.00073324407968433647,-0.00047914737627022708,0.00089431959960168382,-0.0049015546185793195,0.00024318834406050326,0.011289762879743207,0.20008053426432074
19.260000000000002,11.377701,6.1950367732279199e-05,0.091041030656503125,-0.00054741478993947101,0.00073942630376944152,-0.00047661042622884414,0.00089169778659310694,-0.0049110862186687058,0.00024308064497956266,0.011307596835475069,0.20008053426432074
19.280000000000001,14.701648,6.1635245133410846e-05,0.09104022599653333,-0.00053964534595329905,0.00073115994237893389,-0.0004749306962550627,0.00088842183424293062,-0.0049205842243910183,0.00024297315638928995,0.011325365272159927,0.20008053426432074
19.300000000000001,11.976791,6.1310503294941958e-05,0.091039423770805941,-0.00054476235231226688,0.00073181861250937175,-0.00047274988282763056,0.00088581746475793191,-0.0049300386147377263,0.0002428659936276332,0.011343081621455085,0.20008053426432074
19.32,12.645163999999999,6.098291692401294e-05,0.091038612267682437,-0.00053628828737739553,0.00073377625865811424,-0.00047075878671810439,0.00088285439931166021,-0.0049394531838312236,0.00024275911569402554,0.011360738709441319,0.20008053426432074
19.34,12.521894,6.0470323045672551e-05,0.09103782413683395,-0.00054059187302635259,0.0007387154895388548,-0.00046852151426746017,0.00088028077921979404,-0.0049488230084818539,0.00024265258049313484,0.011378344325025715,0.20008053426432074
19.359999999999999,11.638589,6.0175814910684592e-05,0.091036993721962264,-0.00053831040642204897,0.0007389712758272271,-0.00046666049777338889,0.00087781170853235978,-0.0049581556133412577,0.00024254630438537157,0.011395900559196362,0.20008053426432074
19.379999999999999,12.183927000000001,5.9929878326927176e-05,0.091036154002260519,-0.00053387468460064369,0.00073558575883136967,-0.0004648294094837556,0.00087585140056856961,-0.0049674515969513108,0.00024244028226487582,0.011413417587207732,0.20008053426432074
19.400000000000002,15.350903000000001,5.9688990392763611e-05,0.091035313555239153,-0.00052649878770461012,0.00072757566810444096,-0.0004631314985851064,0.00087363827662519837,-0.004976713622702288,0.00024233448537968287,0.011430890352740237,0.20008053426432074
19.420000000000002,14.951931999999999,5.9419529199901702e-05,0.091034476062508085,-0.00052738182935030409,0.00072431282295348787,-0.00046096645912002904,0.00087201779385593346,-0.0049859323486489433,0.00024222902214475278,0.011448330708617355,0.20008053426432074
19.440000000000001,14.579977,5.9118506487227855e-05,0.09103363931402278,-0.00052239313091384521,0.0007182766857818379,-0.00045943826542384192,0.00086989657108083691,-0.0049951205108891361,0.00024212374849107694,0.011465728640038973,0.20008053426432074
19.460000000000001,12.530654999999999,5.8774769475931937e-05,0.091032807070564548,-0.00052271045495766444,0.00071696627141148994,-0.00045736812334746743,0.00086795857726266806,-0.0050042672711824721,0.0002420187902231471,0.011483087811584226,0.20008053426432074
19.48,12.182864,5.8452580989313796e-05,0.091031966627320493,-0.00052217961273937075,0.0007169273665947884,-0.0004558585834813062,0.00086628704718864501,-0.005013383840850357,0.00024191402026542237,0.011500413552528,0.20008053426432074
19.5,12.769793999999999,5.8154017846501504e-05,0.091031118634810865,-0.00052809548371601789,0.00072510170597817059,-0.00045431323419328567,0.00086508284805045309,-0.0050224695037640842,0.00024180944816880684,0.011517715209489009,0.20008053426432074
19.52,15.040311000000001,5.7930363154789629e-05,0.091030249231853044,-0.00052150767335013004,0.00071500711234739889,-0.00045255894170047285,0.00086397403524573503,-0.0050315200813491577,0.00024170512337893133,0.011534994690193924,0.20008053426432074
19.539999999999999,8.8655729999999995,5.7694982015328233e-05,0.09102938511031021,-0.00052634634123027713,0.00072009913325232766,-0.0004503754582096378,0.00086268849452834841,-0.0050405269903713015,0.00024160114641108644,0.011552248460084491,0.20008053426432074
19.559999999999999,10.969087,5.750194881711532e-05,0.091028507770448228,-0.0005197784485001522,0.00071344720302124465,-0.00044848333682452867,0.00086089960407831909,-0.0050494960577011274,0.00024149745168241223,0.011569466452166057,0.20008053426432074
19.580000000000002,10.125768000000001,5.7245852438940058e-05,0.091027642562538286,-0.00051873226132026495,0.00071020854277326073,-0.00044637167714144013,0.0008589862640100797,-0.0050584228928832117,0.00024139409166340178,0.011586646177446258,0.20008053426432074
19.600000000000001,9.6680770000000003,5.7004104823027169e-05,0.091026773806571593,-0.00052368993630491634,0.00071745620446628244,-0.00044449776972597406,0.0008567537800909464,-0.005067312250661705,0.00024129101304052217,0.011603781253048078,0.20008053426432074
19.620000000000001,9.4256290000000007,5.6835837355641078e-05,0.091025886078769117,-0.00051825459201626511,0.00071591617320465595,-0.00044276819766097668,0.00085456774745326463,-0.0050761670175658241,0.00024118818397026213,0.011620872607997143,0.20008053426432074
19.640000000000001,8.4868950000000005,5.6563512188953007e-05,0.091025014923920247,-0.00051631460332801637,0.00071096944095128123,-0.00044169734503091482,0.00085251810583008582,-0.0050850003671089076,0.00024108545280335402,0.011637922970113745,0.20008053426432074
19.66,10.834569,5.633785075384667e-05,0.09102413604903907,-0.00051185260917807618,0.00070440950875783059,-0.00044019342851053138,0.00085119623963272146,-0.0050938036386099367,0.0002409829214388163,0.011654946894906398,0.20008053426432074
19.68,8.2884989999999998,5.6108594170652707e-05,0.091023258930909262,-0.00050883760447639759,0.00070103753572947625,-0.0004392372383416828,0.00084922104056707546,-0.0051025877858636012,0.00024088046342620264,0.01167193131571774,0.20008053426432074
19.699999999999999,7.3854090000000001,5.5900701644118305e-05,0.091022378207629331,-0.00051925235624616928,0.00071847093369914461,-0.00043783812186049562,0.00084774367687473571,-0.005111343950956521,0.00024077818318734,0.011688886189255236,0.20008053426432074
19.719999999999999,8.9815670000000001,5.5726822061072746e-05,0.091021480526356155,-0.00051622974954623757,0.00071002787797191935,-0.00043649346065031562,0.00084587441026214819,-0.0051200732229315952,0.00024067606922464235,0.011705803677460479,0.20008053426432074
19.740000000000002,9.5192949999999996,5.5541408280579357e-05,0.091020583623329959,-0.00051232218717400801,0.00069710746764584108,-0.00043569032116751887,0.00084388758035827455,-0.0051287864314923676,0.00024057399591715013,0.011722681429067645,0.20008053426432074
19.760000000000002,11.406578,5.5373342548642283e-05,0.091019683329465556,-0.00050661526877604501,0.00069783418211888382,-0.00043452181861177661,0.00084255682084821465,-0.0051374762698874381,0.00024047204981653651,0.011739532565484609,0.20008053426432074
19.780000000000001,9.5881059999999998,5.5215640652383146e-05,0.091018785485654938,-0.00051387016791948348,0.00070966070811673276,-0.00043331132643579184,0.00084119830357260329,-0.0051461418983918669,0.00024037024180969507,0.011756356531556062,0.20008053426432074
19.800000000000001,8.9393150000000006,5.5106084543604157e-05,0.091017874989245823,-0.00050953713861578986,0.00069639091880846493,-0.00043185616214189008,0.0008395648979986739,-0.005154778423912103,0.00024026863053922058,0.011773147829516035,0.20008053426432074
19.82,7.8821019999999997,5.4939673086174352e-05,0.09101697524769635,-0.00050516949202650263,0.00069730922776334303,-0.00043029956085545326,0.00083755624968088484,-0.0051633838178618552,0.00024016724119796872,0.011789898954509654,0.20008053426432074
19.84,14.849474000000001,5.4792874222972612e-05,0.091016075622336018,-0.00049775483090930273,0.00068815175959757724,-0.00042975340177023666,0.00083542917558978181,-0.005171978287692708,0.00024006583676121864,0.011806607538021449,0.20008053426432074
19.859999999999999,9.8929980000000004,5.463532658847389e-05,0.091015181254314709,-0.00050095371862379778,0.00069106156826070908,-0.0004290140427823409,0.00083471128895387387,-0.0051805579696810903,0.00023996446349055793,0.011823301763800526,0.20008053426432074
19.879999999999999,8.9925029999999992,5.4468817297531188e-05,0.091014278515920324,-0.00050548223851121232,0.00069867599672979175,-0.00042802825736996719,0.00083342226434118274,-0.0051891179356489516,0.00023986318036299807,0.01183997020908735,0.20008053426432074
19.900000000000002,9.8775860000000009,5.4321884039905581e-05,0.091013363854645063,-0.0005042068327015814,0.0006993577137062168,-0.00042667314289416923,0.00083127135685983082,-0.0051976507995423688,0.00023976207584632577,0.011856595636224546,0.20008053426432074
19.920000000000002,8.5468930000000007,5.4182499096914375e-05,0.091012448366980372,-0.00051045592145748664,0.00070455133593538832,-0.000426049050792961,0.0008293105404405868,-0.0052061711807922214,0.00023966097772666652,0.011873181847033358,0.20008053426432074
19.940000000000001,10.302303,5.4034716474035053e-05,0.091011526070155599,-0.00050649081896081416,0.00069738662648055616,-0.00042513207216147747,0.0008283386759877627,-0.0052146732220868979,0.00023955995626485596,0.011889748620553114,0.20008053426432074
19.960000000000001,12.168164000000001,5.3890488155216723e-05,0.091010605194074487,-0.00050745961933706951,0.000706739438488313,-0.0004239487327566821,0.00082645920187234326,-0.0052231515965957603,0.00023945907569257409,0.011906277804590561,0.20008053426432074
19.98,13.143725999999999,5.3776719945057036e-05,0.091009675972493306,-0.00050122084177450787,0.00070016840015085791,-0.00042227577705870629,0.0008247665287716507,-0.0052315965126985735,0.00023935845376323831,0.011922773135165994,0.20008053426432074
20,11.946777000000001,5.3633985843620239e-05,0.091008757175945407,-0.00050772099998119824,0.0007101783765881553,-0.00042103297681320552,0.00082251260808722767,-0.0052400165729068957,0.00023925798927249077,0.011939223387327738,0.20008053426432074
20.02,9.7031829999999992,5.3570890316629567e-05,0.091007820747235901,-0.00050801037530989746,0.00071358413762601103,-0.00042028627974435791,0.00082061483962398579,-0.0052484216985877758,0.00023915756484740403,0.011955635684120218,0.20008053426432074
20.039999999999999,8.4212659999999993,5.3354096652786209e-05,0.091006901960459186,-0.00049292765754138657,0.00067461116371614338,-0.00041950982071082692,0.00081939426553589816,-0.0052568112945512429,0.00023905718836154407,0.011972023569430936,0.20008053426432074
20.059999999999999,10.693956,5.3532661914504525e-05,0.091005931655716937,-0.00050595526427565929,0.00068720461790650056,-0.00041932385495387065,0.00081830123985007948,-0.0052651971698214894,0.00023895671903675941,0.011988389594227938,0.20008053426432074
20.080000000000002,11.962540000000001,5.3354891069786077e-05,0.091005003772207563,-0.00050557199118994589,0.0006854649135559221,-0.00041883125779575419,0.000817657285021301,-0.0052735731922127398,0.00023885623070919995,0.012004742739928364,0.20008053426432074
20.100000000000001,10.472455,5.3159235041526495e-05,0.091004088378833656,-0.00050204115400809268,0.00069025237930619987,-0.00041846752519018957,0.0008165308811513138,-0.0052819419388334884,0.00023875569288931225,0.01202107335755139,0.20008053426432074
20.120000000000001,12.012592,5.2952193932853734e-05,0.09100317150133104,-0.00049605090316884315,0.00068052037828625345,-0.00041762846383342227,0.00081615955047693791,-0.0052902939037986433,0.00023865522029416827,0.012037396548560928,0.20008053426432074
20.140000000000001,9.9489490000000007,5.2763843334612806e-05,0.091002256094839321,-0.00050461939526602606,0.00069948748491133195,-0.00041740676888829558,0.00081533178116892228,-0.0052986414335462473,0.00023855466484491201,0.012053703184184307,0.20008053426432074
20.16,8.1372260000000001,5.2664199337034532e-05,0.091001311522276335,-0.00049798747125207043,0.00069495236396632798,-0.00041723104054703161,0.00081528807771426585,-0.0053069854473418998,0.00023845401567036261,0.012070008945738593,0.20008053426432074
20.18,16.653638000000001,5.2571512903717601e-05,0.091000371675264563,-0.0004913684920346828,0.00068288210851075171,-0.0004158356218161599,0.00081549598764779011,-0.0053153015531560953,0.00023835356749670654,0.012086318865491549,0.20008053426432074
20.199999999999999,8.9239359999999994,5.2465251076150302e-05,0.09099944009235611,-0.00049350574150164306,0.00068774527552850628,-0.00041564883001404037,0.0008128432336238445,-0.0053236139217707366,0.00023825302909042173,0.012102575730164026,0.20008053426432074
20.219999999999999,8.7556469999999997,5.2353819207876128e-05,0.090998504533595675,-0.00050246201388814971,0.0007036814269250069,-0.00041544932468228212,0.0008112795355470565,-0.0053319222989373881,0.00023815240400283628,0.012118801320874967,0.20008053426432074
20.240000000000002,12.493206000000001,5.2282397656286052e-05,0.090997552400310863,-0.00049539479975413414,0.00069386663532511328,-0.00041498017037877333,0.00080968832769493339,-0.0053402212920757152,0.0002380517580240809,0.012134995087428865,0.20008053426432074
20.260000000000002,7.4319689999999996,5.2194940444538842e-05,0.090996608480374969,-0.00050389782462056942,0.0007023752027579544,-0.00041406664505115294,0.00080854824669185962,-0.0053485020144247303,0.0002379511996027772,0.012151166052362702,0.20008053426432074
20.280000000000001,9.6643109999999997,5.2136028448169537e-05,0.090995654156996578,-0.00049680617510994285,0.00070287361337939558,-0.00041394762767365986,0.00080676974604175337,-0.0053567803549767383,0.00023785053636397768,0.012167301447283537,0.20008053426432074
20.300000000000001,8.0615269999999999,5.2016378185671261e-05,0.090994712361312888,-0.00049930587506841206,0.00070857470739427164,-0.00041329649401166638,0.00080649028636790648,-0.0053650456721956946,0.00023774989812593199,0.012183431253010895,0.20008053426432074
20.32,9.8550229999999992,5.1954553590650545e-05,0.090993754871116328,-0.00049501986431343958,0.00070391438937900119,-0.00041216765738492375,0.00080589728364629718,-0.0053732884127361599,0.00023764940185614766,0.012199549198683822,0.20008053426432074
20.34,8.4713910000000006,5.1893204320434459e-05,0.090992802304334527,-0.00049825937026104494,0.00070357966901668512,-0.00041132732998767668,0.00080446018035899836,-0.0053815143463615475,0.00023754897801120349,0.012215638402291002,0.20008053426432074
20.359999999999999,10.169324,5.1803466559438888e-05,0.090991861743707228,-0.00049329182167301422,0.00070133785313197805,-0.00041130598304206642,0.00080346991948967766,-0.0053897398514641103,0.0002374484271176413,0.012231707800680796,0.20008053426432074
20.379999999999999,12.270562,5.17357246997156e-05,0.090990894778926731,-0.0004903869341076339,0.00069907503653565684,-0.0004107070181291546,0.00080370704882710248,-0.0053979533765486278,0.00023734789064556202,0.012247781941657338,0.20008053426432074
20.400000000000002,11.785098,5.1664127478914888e-05,0.090989938522828634,-0.00049458013278902424,0.00070160851504907917,-0.00041086565190388591,0.00080321199201784565,-0.005406170072453767,0.0002372471833060497,0.012263846181497695,0.20008053426432074
20.420000000000002,14.378447,5.1586980382280895e-05,0.090988989601347686,-0.00048759829882005779,0.00069002644376658928,-0.00041042661781150218,0.00080337011472841023,-0.0054143779867192252,0.0002371464517113525,0.012279913583792264,0.20008053426432074
20.440000000000001,12.257363,5.1494295447734568e-05,0.090988048643154754,-0.00048413838900440709,0.00068478595555188093,-0.00041023666510420264,0.00080355458083812515,-0.0054225821005976097,0.00023704563490307628,0.012295984675409027,0.20008053426432074
20.460000000000001,10.301182000000001,5.1383612219605455e-05,0.090987109528741922,-0.00048158498067119027,0.00067998413506575872,-0.00040971415505820308,0.00080414382802908985,-0.0054307757634441964,0.00023694481477370562,0.012312067551969608,0.20008053426432074
20.48,9.7051250000000007,5.1269015608529212e-05,0.090986170092322349,-0.00049512492512682194,0.00069922977116321228,-0.00040950978583555934,0.00080435505515152883,-0.0054389653375937781,0.00023684391320512928,0.012328154653072639,0.20008053426432074
20.5,8.9092350000000007,5.1223622966122902e-05,0.090985199060665031,-0.00049340187071422736,0.00069939796652418451,-0.00040891839481824025,0.00080452837357922983,-0.0054471430831985425,0.00023674302578252047,0.012344245220544224,0.20008053426432074
20.52,8.2328580000000002,5.1190849111713649e-05,0.090984238531848838,-0.00049529672981951656,0.00069415325392241378,-0.00040814799605060677,0.00080452686265436012,-0.0054553054203790143,0.00023664219709442839,0.012360335757797311,0.20008053426432074
20.539999999999999,9.6330279999999995,5.1134402019784747e-05,0.090983280844616543,-0.00048890184814409654,0.00069368668946245826,-0.00040779882818584137,0.00080436012331900405,-0.0054634607731130535,0.0002365413234541788,0.012376422960263691,0.20008053426432074
20.559999999999999,9.6876069999999999,5.1090607072994807e-05,0.090982323681855215,-0.0004812008768472209,0.00068438930509895357,-0.00040691191470547286,0.00080438910359105975,-0.0054715983873139121,0.00023644053828816465,0.012392510742335513,0.20008053426432074
20.580000000000002,7.8836500000000003,5.1025119022222132e-05,0.090981364838817538,-0.00049795418790654633,0.00070152395369471598,-0.00040583009214342975,0.00080357003520708343,-0.0054797143651054295,0.00023633989056959448,0.012408582143039654,0.20008053426432074
20.600000000000001,8.3720569999999999,5.095565543851402e-05,0.090980406016932386,-0.00047599923861874061,0.00069755708951002582,-0.00040464726736953998,0.0008024202575473942,-0.0054878066866075924,0.00023623940623506616,0.012424630548190603,0.20008053426432074
20.620000000000001,9.6908159999999999,5.1021772668869233e-05,0.090979403233780176,-0.00048340158906090558,0.00068162734269194836,-0.00040469378386698952,0.00080099288394495558,-0.0054958999367555848,0.00023613878058104454,0.012440650405869502,0.20008053426432074
20.640000000000001,10.932181,5.0805965658672354e-05,0.090978425141176322,-0.00048252952031291318,0.00065947782698083657,-0.00040459428588457202,0.00080106253699296448,-0.0055039911954850012,0.0002360380500403764,0.012456671656609361,0.20008053426432074
20.66,9.6500959999999996,5.1106017787723295e-05,0.090977412839524832,-0.00048348152795796295,0.0006418333726185832,-0.000404660208429021,0.00080114004227353048,-0.0055120837709479393,0.00023593717342771826,0.012472694457454832,0.20008053426432074
20.68,11.018053,5.1095438363685037e-05,0.090976437200742374,-0.00047963841469900181,0.00063781592801648301,-0.0004041949178669943,0.00080082942479566986,-0.0055201670397073497,0.00023583628331453379,0.012488711045950746,0.20008053426432074
20.699999999999999,7.9285899999999998,5.0859289516556415e-05,0.090975495454068731,-0.00048822984288521276,0.00065417124284894435,-0.00040314453009466725,0.00080050450338831926,-0.0055282293007350375,0.00023573552628235962,0.012504721136018512,0.20008053426432074
20.719999999999999,9.4128469999999993,5.0530169229394372e-05,0.090974560587881642,-0.00048673583435032697,0.00063230295260963132,-0.00040357381334465915,0.0007995209966605815,-0.0055363001451424424,0.00023563453282477858,0.012520711555951724,0.20008053426432074
20.740000000000002,10.303459,5.0429958002486945e-05,0.090973596797324877,-0.00048837029943316068,0.00064936572770757373,-0.00040215898324528652,0.00079985201388702726,-0.0055443426935523751,0.00023553376479495104,0.012536708596229464,0.20008053426432074
20.760000000000002,7.9331389999999997,5.0054388417404867e-05,0.090972671136003047,-0.00049850862875044921,0.00065073544448490672,-0.00040149325892169832,0.00079987212304370367,-0.0055523719269104316,0.00023543303512850336,0.012552706038690338,0.20008053426432074
20.780000000000001,11.488916,4.9904625988239104e-05,0.090971742577311485,-0.00049074262038306671,0.00063277477302570162,-0.00040082274180971072,0.00079872710111972278,-0.0055603877493728259,0.00023533234554557324,0.012568680580712732,0.20008053426432074
20.800000000000001,10.186377999999999,4.9695193526279553e-05,0.090970823651466026,-0.00049542479182196342,0.00065845612998738368,-0.00040029755038808296,0.00079603673271101639,-0.0055683930672307015,0.00023523166022861462,0.012584601315366952,0.20008053426432074
20.82,8.6083610000000004,4.9605210972411413e-05,0.09096986652075216,-0.00048678716048922155,0.00064206467538907575,-0.0003995097466090717,0.00079222859077750143,-0.0055763826286620542,0.0002351310461694911,0.012600445887182503,0.20008053426432074
20.84,8.2834970000000006,4.9566786691392618e-05,0.090968904765816039,-0.00050098468851789146,0.00065923193291173021,-0.00039950572716318148,0.00078836947788178755,-0.0055843721081195773,0.00023503030684106959,0.012616213276740139,0.20008053426432074
20.859999999999999,9.3065519999999999,4.9588617582934588e-05,0.090967952008887867,-0.0005016047056572992,0.00064999651008057491,-0.00039937954986332067,0.00078595110367511603,-0.0055923590626452352,0.0002349294735892233,0.012631932298813641,0.20008053426432074
20.879999999999999,9.1300699999999999,4.9739114202810558e-05,0.090967004918274585,-0.00047313652198588407,0.00064644135005575976,-0.00039940010662972697,0.00078208903246377215,-0.0056003464266912925,0.0002348285099022261,0.012647574079462915,0.20008053426432074
20.900000000000002,8.8367140000000006,4.957222444387474e-05,0.090966023138285279,-0.000484634483930102,0.00065171349697412673,-0.00040025029924371032,0.00077971957643095983,-0.0056083507916501584,0.00023472720628358223,0.012663168470991535,0.20008053426432074
20.920000000000002,9.6856869999999997,4.9602177426496086e-05,0.090965040211820253,-0.00048137641434431444,0.00065371771243194488,-0.00040037816549375673,0.00077760110999707595,-0.0056163577121501424,0.00023462574560846331,0.012678720493191476,0.20008053426432074
20.940000000000001,9.7942830000000001,4.9495900748944548e-05,0.090964076339364777,-0.00048146697144046957,0.00066798837047898907,-0.00040087731304159048,0.00077430534100636061,-0.0056243746132221949,0.00023452403402849468,0.012694206600011604,0.20008053426432074
20.960000000000001,7.7165470000000003,4.9426938366657825e-05,0.090963106631625157,-0.00047598391669745332,0.00063453011927960823,-0.0004006178274271746,0.00077309580412444488,-0.0056323863234257598,0.00023442226431254814,0.012709668516094093,0.20008053426432074
20.98,9.6013809999999999,4.9590969503338726e-05,0.090962109203088407,-0.00047297732875639653,0.00064849575792136349,-0.00040154905145176414,0.00077076572211539642,-0.0056404166550316145,0.00023432013405876227,0.012725083830536402,0.20008053426432074
21,11.573119,4.9525999837652874e-05,0.090961128303073777,-0.00046775032374646308,0.00064152705090081419,-0.00040243777152749625,0.00076983831299869848,-0.0056484647580238015,0.00023421765377790751,0.012740480596796376,0.20008053426432074
21.02,9.2204770000000007,4.9481409299545607e-05,0.090960151297388908,-0.00048534647663733832,0.00068356026195393049,-0.00040090200130482638,0.00076829521939122633,-0.0056564821465301326,0.00023411544126088766,0.012755846501184201,0.20008053426432074
21.039999999999999,10.551152,4.9455452919009575e-05,0.090959167268373539,-0.00047938226646138116,0.0006639790143818658,-0.0004004634457536614,0.00076659066385182273,-0.0056644907630700797,0.00023401321763326027,0.012771178314461238,0.20008053426432074
21.059999999999999,11.77886,4.9513623842504529e-05,0.090958180152914597,-0.0004827919821360771,0.00068100470725451778,-0.00039980158550675043,0.00076537986604220947,-0.0056724861419189063,0.00023391104046741542,0.012786485911782082,0.20008053426432074
21.080000000000002,12.982975,4.9521393113782767e-05,0.090957193208995368,-0.00048660146635570722,0.00067663823698937975,-0.00039921351397242483,0.00076439261760799157,-0.0056804697587356321,0.00023380889146364298,0.012801773764134243,0.20008053426432074
21.100000000000001,12.732398,4.9543077074560292e-05,0.090956212289458813,-0.00048147297702383351,0.0006763765032022917,-0.0003982346021576005,0.0007645108841649016,-0.0056884337973595574,0.00023370687117705676,0.012817063981817541,0.20008053426432074
21.120000000000001,10.235346,4.9517906396099039e-05,0.09095523541918564,-0.00047857439776544108,0.00066775924124762298,-0.00039710719347766597,0.00076217710995412692,-0.0056963752881056774,0.00023360501846977485,0.012832307524016623,0.20008053426432074
21.140000000000001,12.346907,4.9460682881286746e-05,0.09095426475566025,-0.0004736334231840722,0.00065703356446267236,-0.00039566402491109364,0.00076101232890657747,-0.0057042879163073596,0.00023350341539168427,0.012847527770594754,0.20008053426432074
21.16,9.7240160000000007,4.9406429959724739e-05,0.090953299473451349,-0.00047470320911124908,0.00066854086941336988,-0.0003958090510673969,0.00075941259166056093,-0.0057122034432467968,0.00023340165472248299,0.012862716022427965,0.20008053426432074
21.18,9.5477369999999997,4.9444502540389866e-05,0.090952319625257488,-0.00047233004074953566,0.00068395960686995494,-0.00039545026307591852,0.0007609857524013521,-0.0057201117934726287,0.00023329986605757076,0.012877935737475992,0.20008053426432074
21.199999999999999,9.6211830000000003,4.9492509300407911e-05,0.09095132166704227,-0.00048887778465056542,0.00067860556300969321,-0.00039540716383846202,0.00076102808071440463,-0.0057280192802351181,0.00023319796813332271,0.01289315629909028,0.20008053426432074
21.219999999999999,8.8586770000000001,4.9557068397832693e-05,0.090950340342755689,-0.00048087140689334618,0.00067641617329305959,-0.00039568089653679595,0.00076231163472149064,-0.0057359322396428377,0.00023309587912585599,0.012908402531784709,0.20008053426432074
21.240000000000002,16.858045000000001,4.9564780567593616e-05,0.090949356359726952,-0.00047411341966285825,0.00066176292614605892,-0.00039550646891043419,0.00076319441559937894,-0.0057438417092307188,0.00023299371446273856,0.012923666420096697,0.20008053426432074
21.260000000000002,8.6068370000000005,4.9533070697289211e-05,0.090948384203993191,-0.00047948853684953718,0.00067705883383117893,-0.0003951117451761124,0.00076400184748068355,-0.0057517432834427781,0.00023289153108953532,0.01293894645704631,0.20008053426432074
21.280000000000001,13.923256,4.9501810112789384e-05,0.090947402861585161,-0.00047349187211287447,0.00066054152662120558,-0.00039435126509317254,0.00076412826257537842,-0.0057596296477654156,0.00023278942387695086,0.012954229022297818,0.20008053426432074
21.300000000000001,11.841077,4.9470930578534477e-05,0.09094642876354643,-0.00046787797827918531,0.00064841038187712918,-0.00039375479255809891,0.00076346299258303282,-0.0057675040820787697,0.00023268735081655021,0.012969498282149479,0.20008053426432074
21.32,10.744762,4.948218194197603e-05,0.090945455738013534,-0.00046686400116668914,0.00064480123886090368,-0.00039302344129572598,0.00076368083546931567,-0.0057753638890387779,0.00023258534731377878,0.012984771898858865,0.20008053426432074
21.34,12.478088,4.9602932559838044e-05,0.090944470015512355,-0.00046564704737095397,0.00064245106478399983,-0.00039372290992315125,0.00076501131864115373,-0.0057832376826303889,0.00023248304190804855,0.013000072125231688,0.20008053426432074
21.359999999999999,13.252926,4.979688136985251e-05,0.090943475774632784,-0.00048223710886952098,0.00068146690554926614,-0.00039369544549354039,0.00076586588610564731,-0.005791110925412785,0.00023238062310901574,0.013015389442953801,0.20008053426432074
21.379999999999999,11.693611000000001,4.9746967590334476e-05,0.090942492908023018,-0.00047708420345227154,0.00065417793844035899,-0.00039311634385276445,0.000766506064227906,-0.0057989725855741459,0.00023227823449181208,0.013030719564238359,0.20008053426432074
21.400000000000002,12.023104999999999,4.9819838745816343e-05,0.090941502012350198,-0.00047674662819841007,0.00065401428240252635,-0.000393036251733024,0.00076603488055549903,-0.0058068326424591957,0.00023217574627629748,0.013046040261849469,0.20008053426432074
21.420000000000002,13.593301,4.9814168926491869e-05,0.090940523523424577,-0.00050337856922799684,0.00067843298397041174,-0.00039247225401591756,0.00076671124873777972,-0.0058146814187791307,0.00023207328482711872,0.013061374486824226,0.20008053426432074
21.440000000000001,13.263883,4.9674727044975411e-05,0.090939595967538714,-0.00048676463440022744,0.00064032555192961027,-0.00039150426894043599,0.00076613775917985284,-0.0058225108354793467,0.00023197095607349304,0.013076697242007823,0.20008053426432074
21.460000000000001,10.90343,4.9687030400550926e-05,0.090938637815473553,-0.00047580718759099305,0.00065452507105145941,-0.00039055015510401842,0.00076471447755861808,-0.0058303211699688344,0.00023186875713503496,0.013091991531558995,0.20008053426432074
21.48,9.7987300000000008,4.9353883516796636e-05,0.090937682901417877,-0.00048222514658968763,0.00065233103295136985,-0.0003895918705655746,0.00076311815882870856,-0.0058381123388496076,0.00023176668992388723,0.01310725389473557,0.20008053426432074
21.5,15.696465,4.9252210874235732e-05,0.090936714358583748,-0.00047513622443773329,0.00063891717633812739,-0.00039009063037127921,0.0007614518062091936,-0.0058459134805116499,0.00023166437311129649,0.013122482930859753,0.20008053426432074
21.52,8.3343679999999996,4.9090171881594047e-05,0.090935759637194996,-0.00048203476592756367,0.00067184033873890492,-0.00039011666506440614,0.00076274214103717896,-0.0058537151412622586,0.00023156193055761718,0.013137737773680496,0.20008053426432074
21.539999999999999,13.195176,4.895610840213089e-05,0.090934794839288263,-0.00047525173170392954,0.0006594619131794488,-0.00039011239649467181,0.00076195652016340036,-0.0058615167150860015,0.00023145937017433793,0.013152976904083765,0.20008053426432074
21.559999999999999,11.007189,4.8755652674232412e-05,0.090933844259068169,-0.00046925412197906802,0.00065148063712716642,-0.0003922933047638404,0.00076120898034737433,-0.0058693619017347555,0.00023135611693601293,0.013168201083690712,0.20008053426432074
21.580000000000002,9.21753,4.8642267716117036e-05,0.090932885307719688,-0.00048293336005855725,0.00068200399151030489,-0.00039289262673406411,0.0007622931186269437,-0.0058772190722085164,0.00023125258624946999,0.01318344694606325,0.20008053426432074
21.600000000000001,9.3190790000000003,4.8746749151021867e-05,0.090931885588093425,-0.00047754329614813074,0.00063993354584379603,-0.0003925329659362294,0.0007605240216839134,-0.0058850690485146408,0.0002311490307959357,0.013198657426496929,0.20008053426432074
21.620000000000001,15.022453000000001,4.9108159916606045e-05,0.090930857835777423,-0.000471140202628062,0.00062773282667083485,-0.00039273586236985159,0.00075990503995285597,-0.0058929230808201869,0.00023104530240060318,0.013213855527295986,0.20008053426432074
21.640000000000001,9.2761469999999999,4.9395627395472038e-05,0.090929845897220377,-0.0004818625255839093,0.000676784751123094,-0.00039233687678302473,0.00075916518300610746,-0.0059007691325348261,0.00023094156019728005,0.013229038830956108,0.20008053426432074
21.66,8.7323769999999996,4.9213102249807333e-05,0.09092888444492371,-0.0004775217319381575,0.00066945380563621093,-0.00039254381577659609,0.00075749241353889986,-0.0059086193210924525,0.00023083764421439866,0.013244188679226885,0.20008053426432074
21.68,17.133127999999999,4.9203257583880539e-05,0.090927905824862473,-0.0004712933611328296,0.00065568629858359095,-0.00039217356092028705,0.00075833160035265344,-0.00591646210362706,0.00023073370736427257,0.013259355311233938,0.20008053426432074
21.699999999999999,11.347156999999999,4.9157421814990113e-05,0.09092693884919803,-0.00048008917698150189,0.00068050729444624203,-0.00039134841543262588,0.00075821295179630288,-0.0059242883831270949,0.00023062987051151575,0.013274519570269865,0.20008053426432074
21.719999999999999,10.406138,4.9142575366480993e-05,0.090925951218796625,-0.00047487537526802459,0.00066602681840555178,-0.00039172817627911911,0.00075751873669809868,-0.0059321222555993305,0.00023052581415594758,0.013289669945003826,0.20008053426432074
21.740000000000002,9.2996339999999993,4.9159144381558129e-05,0.090924966326576886,-0.00048861264913735436,0.00067757795148160049,-0.00039162768788989513,0.00075909881806232528,-0.0059399541169024217,0.00023042166571412534,0.013304851921365072,0.20008053426432074
21.760000000000002,10.645707,4.9147108191027808e-05,0.090923988219861543,-0.00048766926735821503,0.00066881463309886868,-0.00039101199753926351,0.00075750453295358598,-0.0059477736639091958,0.00023031756241585882,0.013320002012024145,0.20008053426432074
21.780000000000001,11.739890000000001,4.9200321731996645e-05,0.090923003655885348,-0.00048079468609740772,0.00065828635380071887,-0.00039133764273013003,0.00075512038939451335,-0.0059555997216657859,0.00023021325403868481,0.013335104419812034,0.20008053426432074
21.800000000000001,13.253004000000001,4.9202656030733962e-05,0.090922031035815684,-0.00047443418919279612,0.00064286464559848433,-0.0003912745412556571,0.00075647190179388554,-0.0059634245159276107,0.00023010884420177926,0.013350233857847912,0.20008053426432074
21.82,9.2324809999999999,4.9289233004185433e-05,0.090921054787718641,-0.00048323298108354784,0.0006845979949745562,-0.00039070682267024068,0.00075720172380131065,-0.0059712379552493778,0.0002300044675880214,0.013365377892323938,0.20008053426432074
21.84,14.315847,4.9190707813349702e-05,0.090920081113492687,-0.00047654782301120857,0.00067260666312485284,-0.00039091758901413685,0.00075687918783746196,-0.0059790556079398604,0.0002298999163028208,0.013380515476080688,0.20008053426432074
21.859999999999999,19.041549,4.9076672423139335e-05,0.090919115828303254,-0.00047011587221279516,0.00065844948057725006,-0.00039067950961410699,0.00075839065269592612,-0.0059868684978839409,0.00022979531030580772,0.013395683289134607,0.20008053426432074
21.879999999999999,18.656995999999999,4.9002611524546119e-05,0.090918151918408005,-0.00046286700891007282,0.00064588105928153894,-0.00039159223670095952,0.00075874788440582423,-0.0059946996391421732,0.00022969034111320252,0.013410858246822723,0.20008053426432074
21.900000000000002,14.429957999999999,4.9052587460278371e-05,0.090917177604903351,-0.00045564253790109088,0.00063249026667078212,-0.0003923360611030243,0.00075992630565058293,-0.0060025456539541311,0.00022958505337755604,0.013426056772935735,0.20008053426432074
21.920000000000002,7.8734950000000001,4.9249987693042461e-05,0.090916190490895207,-0.00048058228623970578,0.00066349483476857429,-0.00039244135204273534,0.00076038940984787763,-0.0060103937727932618,0.00022947961806972126,0.013441264561132692,0.20008053426432074
21.940000000000001,8.5642530000000008,4.9460166998136346e-05,0.09091517792214672,-0.00047927298884409275,0.00066883762176095374,-0.00039201430344745677,0.00076005380659841068,-0.0060182333498288955,0.00022937417829862447,0.01345646563726466,0.20008053426432074
21.960000000000001,16.50675,4.9326047836019781e-05,0.090914206273173911,-0.00047227148365747151,0.00065680748369878472,-0.00039235187997332553,0.00075861284644534272,-0.0060260796761809118,0.00022926852857028775,0.013471637894193566,0.20008053426432074
21.98,14.913292,4.9173032695908371e-05,0.090913243190715462,-0.00046725919257672999,0.00064579583966306586,-0.00039210719384389638,0.00076031276307342852,-0.0060339211076492569,0.00022916282562377165,0.013486844149455035,0.20008053426432074
22,11.736089,4.912526628330306e-05,0.090912271847902182,-0.00047466263972106848,0.00067609355729869591,-0.00039135939609796967,0.00076102830409077336,-0.0060417475829153949,0.00022905720519867748,0.01350206471553685,0.20008053426432074
